"Index","Entry Date","Entry Time","Exit Date","Exit Time","Type","Strike","B/S","Qty","Entry Price","Exit Price","Vix","P/L"
"1","2024-01-01"," 9:45:00 AM","2024-01-01"," 3:15:00 PM","","","","","","","14.56","-512.00"
"1.1","2024-01-01"," 9:45:00 AM","2024-01-01"," 2:03:00 PM","CE","73200","Sell","20","118.70","178.05","","-1187.00"
"1.2","2024-01-01"," 9:45:00 AM","2024-01-01"," 3:15:00 PM","PE","71200","Sell","20","134.75","101.00","","675.00"
"2","2024-01-01"," 9:45:00 AM","2024-01-01"," 3:15:00 PM","","","","","","","14.56","-3.25"
"2.1","2024-01-01"," 9:45:00 AM","2024-01-01"," 2:03:00 PM","CE","22000","Sell","65","28.65","42.95","","-929.50"
"2.2","2024-01-01"," 9:45:00 AM","2024-01-01"," 3:15:00 PM","PE","21500","Sell","65","39.10","24.85","","926.25"
"3","2024-01-02"," 9:45:00 AM","2024-01-02"," 3:15:00 PM","","","","","","","14.61","71.00"
"3.1","2024-01-02"," 9:45:00 AM","2024-01-02"," 3:15:00 PM","CE","73100","Sell","20","114.35","49.40","","1299.00"
"3.2","2024-01-02"," 9:45:00 AM","2024-01-02"," 9:58:00 AM","PE","71400","Sell","20","122.85","184.25","","-1228.00"
"4","2024-01-02"," 9:45:00 AM","2024-01-02"," 3:15:00 PM","","","","","","","14.61","399.75"
"4.1","2024-01-02"," 9:45:00 AM","2024-01-02"," 3:15:00 PM","CE","21950","Sell","65","30.85","10.50","","1322.75"
"4.2","2024-01-02"," 9:45:00 AM","2024-01-02"," 9:57:00 AM","PE","21550","Sell","65","28.40","42.60","","-923.00"
"5","2024-01-03"," 9:45:00 AM","2024-01-03"," 3:15:00 PM","","","","","","","14.67","1968.00"
"5.1","2024-01-03"," 9:45:00 AM","2024-01-03"," 3:15:00 PM","CE","72300","Sell","20","106.80","30.45","","1527.00"
"5.2","2024-01-03"," 9:45:00 AM","2024-01-03"," 3:15:00 PM","PE","70800","Sell","20","119.00","96.95","","441.00"
"6","2024-01-03"," 9:45:00 AM","2024-01-03"," 3:15:00 PM","","","","","","","14.67","1420.25"
"6.1","2024-01-03"," 9:45:00 AM","2024-01-03"," 3:15:00 PM","CE","21750","Sell","65","20.30","4.25","","1043.25"
"6.2","2024-01-03"," 9:45:00 AM","2024-01-03"," 3:15:00 PM","PE","21400","Sell","65","28.40","22.60","","377.00"
"7","2024-01-04"," 9:45:00 AM","2024-01-04"," 3:15:00 PM","","","","","","","13.88","1524.00"
"7.1","2024-01-04"," 9:45:00 AM","2024-01-04"," 3:15:00 PM","CE","72200","Sell","20","70.10","48.15","","439.00"
"7.2","2024-01-04"," 9:45:00 AM","2024-01-04"," 3:15:00 PM","PE","71200","Sell","20","62.25","8.00","","1085.00"
"8","2024-01-04"," 9:45:00 AM","2024-01-04"," 3:15:00 PM","","","","","","","13.88","542.75"
"8.1","2024-01-04"," 9:45:00 AM","2024-01-04"," 10:22:00 AM","CE","21700","Sell","65","7.10","10.65","","-230.75"
"8.2","2024-01-04"," 9:45:00 AM","2024-01-04"," 3:15:00 PM","PE","21550","Sell","65","12.00","0.10","","773.50"
"9","2024-01-05"," 9:45:00 AM","2024-01-05"," 3:15:00 PM","","","","","","","13.13","338.00"
"9.1","2024-01-05"," 9:45:00 AM","2024-01-05"," 3:15:00 PM","CE","72300","Sell","20","36.35","0.30","","721.00"
"9.2","2024-01-05"," 9:45:00 AM","2024-01-05"," 10:44:00 AM","PE","71900","Sell","20","38.35","57.50","","-383.00"
"10","2024-01-05"," 9:45:00 AM","2024-01-05"," 3:15:00 PM","","","","","","","13.13","-721.50"
"10.1","2024-01-05"," 9:45:00 AM","2024-01-05"," 3:15:00 PM","CE","22000","Sell","65","29.95","23.60","","412.75"
"10.2","2024-01-05"," 9:45:00 AM","2024-01-05"," 10:55:00 AM","PE","21500","Sell","65","34.90","52.35","","-1134.25"
"11","2024-01-08"," 9:45:00 AM","2024-01-08"," 3:15:00 PM","","","","","","","13.15","-261.00"
"11.1","2024-01-08"," 9:45:00 AM","2024-01-08"," 3:15:00 PM","CE","72800","Sell","20","102.55","53.85","","974.00"
"11.2","2024-01-08"," 9:45:00 AM","2024-01-08"," 11:55:00 AM","PE","71000","Sell","20","123.50","185.25","","-1235.00"
"12","2024-01-08"," 9:45:00 AM","2024-01-08"," 3:15:00 PM","","","","","","","13.15","-94.25"
"12.1","2024-01-08"," 9:45:00 AM","2024-01-08"," 3:15:00 PM","CE","21900","Sell","65","26.05","11.05","","975.00"
"12.2","2024-01-08"," 9:45:00 AM","2024-01-08"," 11:09:00 AM","PE","21450","Sell","65","32.90","49.35","","-1069.25"
"13","2024-01-09"," 9:45:00 AM","2024-01-09"," 2:22:00 PM","","","","","","","13.10","-1058.00"
"13.1","2024-01-09"," 9:45:00 AM","2024-01-09"," 10:44:00 AM","CE","72500","Sell","20","105.00","157.50","","-1050.00"
"13.2","2024-01-09"," 9:45:00 AM","2024-01-09"," 2:22:00 PM","PE","70900","Sell","20","120.95","121.35","","-8.00"
"14","2024-01-09"," 9:45:00 AM","2024-01-09"," 2:22:00 PM","","","","","","","13.10","-936.00"
"14.1","2024-01-09"," 9:45:00 AM","2024-01-09"," 10:22:00 AM","CE","21800","Sell","65","28.80","43.20","","-936.00"
"14.2","2024-01-09"," 9:45:00 AM","2024-01-09"," 2:22:00 PM","PE","21450","Sell","65","31.60","31.60","","0.00"
"15","2024-01-10"," 9:45:00 AM","2024-01-10"," 2:59:00 PM","","","","","","","13.43","-1067.00"
"15.1","2024-01-10"," 9:45:00 AM","2024-01-10"," 2:59:00 PM","CE","72200","Sell","20","93.50","93.50","","0.00"
"15.2","2024-01-10"," 9:45:00 AM","2024-01-10"," 12:46:00 PM","PE","70700","Sell","20","106.65","160.00","","-1067.00"
"16","2024-01-10"," 9:45:00 AM","2024-01-10"," 2:59:00 PM","","","","","","","13.43","-952.25"
"16.1","2024-01-10"," 9:45:00 AM","2024-01-10"," 2:59:00 PM","CE","21750","Sell","65","20.10","20.10","","0.00"
"16.2","2024-01-10"," 9:45:00 AM","2024-01-10"," 12:46:00 PM","PE","21400","Sell","65","29.30","43.95","","-952.25"
"17","2024-01-11"," 9:45:00 AM","2024-01-11"," 3:15:00 PM","","","","","","","13.04","254.00"
"17.1","2024-01-11"," 9:45:00 AM","2024-01-11"," 3:15:00 PM","CE","72400","Sell","20","67.00","20.30","","934.00"
"17.2","2024-01-11"," 9:45:00 AM","2024-01-11"," 2:11:00 PM","PE","71300","Sell","20","68.05","102.05","","-680.00"
"18","2024-01-11"," 9:45:00 AM","2024-01-11"," 3:15:00 PM","","","","","","","13.04","325.00"
"18.1","2024-01-11"," 9:45:00 AM","2024-01-11"," 3:15:00 PM","CE","21750","Sell","65","12.15","0.10","","783.25"
"18.2","2024-01-11"," 9:45:00 AM","2024-01-11"," 2:15:00 PM","PE","21600","Sell","65","14.05","21.10","","-458.25"
"19","2024-01-12"," 9:45:00 AM","2024-01-12"," 3:15:00 PM","","","","","","","12.50","587.00"
"19.1","2024-01-12"," 9:45:00 AM","2024-01-12"," 10:04:00 AM","CE","72300","Sell","20","29.55","44.30","","-295.00"
"19.2","2024-01-12"," 9:45:00 AM","2024-01-12"," 3:15:00 PM","PE","71800","Sell","20","44.50","0.40","","882.00"
"20","2024-01-12"," 9:45:00 AM","2024-01-12"," 3:15:00 PM","","","","","","","12.50","-380.25"
"20.1","2024-01-12"," 9:45:00 AM","2024-01-12"," 10:07:00 AM","CE","22000","Sell","65","36.50","54.75","","-1186.25"
"20.2","2024-01-12"," 9:45:00 AM","2024-01-12"," 3:15:00 PM","PE","21450","Sell","65","36.05","23.65","","806.00"
"21","2024-01-15"," 9:45:00 AM","2024-01-15"," 3:15:00 PM","","","","","","","13.68","688.00"
"21.1","2024-01-15"," 9:45:00 AM","2024-01-15"," 3:15:00 PM","CE","74200","Sell","20","133.30","131.70","","32.00"
"21.2","2024-01-15"," 9:45:00 AM","2024-01-15"," 3:15:00 PM","PE","72100","Sell","20","163.05","130.25","","656.00"
"22","2024-01-15"," 9:45:00 AM","2024-01-15"," 3:15:00 PM","","","","","","","13.68","520.00"
"22.1","2024-01-15"," 9:45:00 AM","2024-01-15"," 3:15:00 PM","CE","22300","Sell","65","31.65","33.70","","-133.25"
"22.2","2024-01-15"," 9:45:00 AM","2024-01-15"," 3:15:00 PM","PE","21750","Sell","65","37.05","27.00","","653.25"
"23","2024-01-16"," 9:45:00 AM","2024-01-16"," 3:15:00 PM","","","","","","","13.88","1274.00"
"23.1","2024-01-16"," 9:45:00 AM","2024-01-16"," 3:15:00 PM","CE","74100","Sell","20","108.00","71.00","","740.00"
"23.2","2024-01-16"," 9:45:00 AM","2024-01-16"," 3:15:00 PM","PE","72200","Sell","20","146.25","119.55","","534.00"
"24","2024-01-16"," 9:45:00 AM","2024-01-16"," 3:15:00 PM","","","","","","","13.88","1244.75"
"24.1","2024-01-16"," 9:45:00 AM","2024-01-16"," 3:15:00 PM","CE","22250","Sell","65","31.75","19.35","","806.00"
"24.2","2024-01-16"," 9:45:00 AM","2024-01-16"," 3:15:00 PM","PE","21800","Sell","65","31.65","24.90","","438.75"
"25","2024-01-17"," 9:45:00 AM","2024-01-17"," 3:15:00 PM","","","","","","","13.87","106.00"
"25.1","2024-01-17"," 9:45:00 AM","2024-01-17"," 3:15:00 PM","CE","73200","Sell","20","109.05","39.60","","1389.00"
"25.2","2024-01-17"," 9:45:00 AM","2024-01-17"," 11:35:00 AM","PE","71500","Sell","20","128.30","192.45","","-1283.00"
"26","2024-01-17"," 9:45:00 AM","2024-01-17"," 3:15:00 PM","","","","","","","13.87","464.75"
"26.1","2024-01-17"," 9:45:00 AM","2024-01-17"," 3:15:00 PM","CE","22000","Sell","65","24.20","4.50","","1280.50"
"26.2","2024-01-17"," 9:45:00 AM","2024-01-17"," 11:37:00 AM","PE","21600","Sell","65","25.05","37.60","","-815.75"
"27","2024-01-18"," 9:45:00 AM","2024-01-18"," 10:10:00 AM","","","","","","","15.17","-1195.00"
"27.1","2024-01-18"," 9:45:00 AM","2024-01-18"," 10:10:00 AM","CE","71700","Sell","20","100.00","100.00","","0.00"
"27.2","2024-01-18"," 9:45:00 AM","2024-01-18"," 9:53:00 AM","PE","70100","Sell","20","119.45","179.20","","-1195.00"
"28","2024-01-18"," 9:45:00 AM","2024-01-18"," 10:10:00 AM","","","","","","","15.17","-614.25"
"28.1","2024-01-18"," 9:45:00 AM","2024-01-18"," 10:10:00 AM","CE","21500","Sell","65","12.65","12.65","","0.00"
"28.2","2024-01-18"," 9:45:00 AM","2024-01-18"," 9:52:00 AM","PE","21250","Sell","65","18.90","28.35","","-614.25"
"29","2024-01-19"," 9:45:00 AM","2024-01-19"," 9:58:00 AM","","","","","","","13.86","-560.00"
"29.1","2024-01-19"," 9:45:00 AM","2024-01-19"," 9:58:00 AM","CE","72200","Sell","20","43.60","43.60","","0.00"
"29.2","2024-01-19"," 9:45:00 AM","2024-01-19"," 9:51:00 AM","PE","71500","Sell","20","55.95","83.95","","-560.00"
"30","2024-01-19"," 9:45:00 AM","2024-01-19"," 3:15:00 PM","","","","","","","13.86","822.25"
"30.1","2024-01-19"," 9:45:00 AM","2024-01-19"," 3:15:00 PM","CE","22000","Sell","65","41.20","37.65","","230.75"
"30.2","2024-01-19"," 9:45:00 AM","2024-01-19"," 3:15:00 PM","PE","21300","Sell","65","46.10","37.00","","591.50"
"31","2024-01-23"," 9:45:00 AM","2024-01-23"," 3:15:00 PM","","","","","","","13.40","603.00"
"31.1","2024-01-23"," 9:45:00 AM","2024-01-23"," 3:15:00 PM","CE","72800","Sell","20","105.70","24.60","","1622.00"
"31.2","2024-01-23"," 9:45:00 AM","2024-01-23"," 10:00:00 AM","PE","71200","Sell","20","101.95","152.90","","-1019.00"
"32","2024-01-23"," 9:45:00 AM","2024-01-23"," 3:15:00 PM","","","","","","","13.40","58.50"
"32.1","2024-01-23"," 9:45:00 AM","2024-01-23"," 3:15:00 PM","CE","22000","Sell","65","24.35","5.80","","1205.75"
"32.2","2024-01-23"," 9:45:00 AM","2024-01-23"," 10:01:00 AM","PE","21550","Sell","65","35.25","52.90","","-1147.25"
"33","2024-01-24"," 9:45:00 AM","2024-01-24"," 11:31:00 AM","","","","","","","15.18","-1010.75"
"33.1","2024-01-24"," 9:45:00 AM","2024-01-24"," 9:57:00 AM","CE","21550","Sell","65","31.15","46.70","","-1010.75"
"33.2","2024-01-24"," 9:45:00 AM","2024-01-24"," 11:31:00 AM","PE","21050","Sell","65","38.00","38.00","","0.00"
"34","2024-01-24"," 9:45:00 AM","2024-01-24"," 11:33:00 AM","","","","","","","15.18","-1113.00"
"34.1","2024-01-24"," 9:45:00 AM","2024-01-24"," 9:58:00 AM","CE","71300","Sell","20","111.35","167.00","","-1113.00"
"34.2","2024-01-24"," 9:45:00 AM","2024-01-24"," 11:33:00 AM","PE","69600","Sell","20","109.10","109.10","","0.00"
"35","2024-01-25"," 9:45:00 AM","2024-01-25"," 11:41:00 AM","","","","","","","14.86","-738.00"
"35.1","2024-01-25"," 9:45:00 AM","2024-01-25"," 11:41:00 AM","CE","71200","Sell","20","61.90","61.90","","0.00"
"35.2","2024-01-25"," 9:45:00 AM","2024-01-25"," 10:20:00 AM","PE","70300","Sell","20","73.80","110.70","","-738.00"
"36","2024-01-25"," 9:45:00 AM","2024-01-25"," 3:15:00 PM","","","","","","","14.86","679.25"
"36.1","2024-01-25"," 9:45:00 AM","2024-01-25"," 3:15:00 PM","CE","21500","Sell","65","19.55","0.25","","1254.50"
"36.2","2024-01-25"," 9:45:00 AM","2024-01-25"," 10:21:00 AM","PE","21200","Sell","65","17.75","26.60","","-575.25"
"37","2024-01-29"," 9:45:00 AM","2024-01-29"," 3:15:00 PM","","","","","","","15.29","-153.00"
"37.1","2024-01-29"," 9:45:00 AM","2024-01-29"," 12:24:00 PM","CE","73000","Sell","20","196.25","294.40","","-1963.00"
"37.2","2024-01-29"," 9:45:00 AM","2024-01-29"," 3:15:00 PM","PE","69800","Sell","20","218.40","127.90","","1810.00"
"38","2024-01-29"," 9:45:00 AM","2024-01-29"," 3:15:00 PM","","","","","","","15.29","276.25"
"38.1","2024-01-29"," 9:45:00 AM","2024-01-29"," 1:00:00 PM","CE","22000","Sell","65","51.95","77.95","","-1690.00"
"38.2","2024-01-29"," 9:45:00 AM","2024-01-29"," 3:15:00 PM","PE","21200","Sell","65","59.70","29.45","","1966.25"
"39","2024-01-30"," 9:45:00 AM","2024-01-30"," 3:15:00 PM","","","","","","","16.49","615.00"
"39.1","2024-01-30"," 9:45:00 AM","2024-01-30"," 3:15:00 PM","CE","73600","Sell","20","205.65","68.20","","2749.00"
"39.2","2024-01-30"," 9:45:00 AM","2024-01-30"," 2:32:00 PM","PE","70500","Sell","20","213.40","320.10","","-2134.00"
"40","2024-01-30"," 9:45:00 AM","2024-01-30"," 3:15:00 PM","","","","","","","16.49","299.00"
"40.1","2024-01-30"," 9:45:00 AM","2024-01-30"," 3:15:00 PM","CE","22200","Sell","65","41.55","8.00","","2180.75"
"40.2","2024-01-30"," 9:45:00 AM","2024-01-30"," 2:30:00 PM","PE","21450","Sell","65","57.85","86.80","","-1881.75"
"41","2024-01-31"," 9:45:00 AM","2024-01-31"," 3:15:00 PM","","","","","","","16.06","-360.00"
"41.1","2024-01-31"," 9:45:00 AM","2024-01-31"," 11:55:00 AM","CE","72800","Sell","20","183.90","275.85","","-1839.00"
"41.2","2024-01-31"," 9:45:00 AM","2024-01-31"," 3:15:00 PM","PE","70100","Sell","20","195.95","122.00","","1479.00"
"42","2024-01-31"," 9:45:00 AM","2024-01-31"," 3:15:00 PM","","","","","","","16.06","305.50"
"42.1","2024-01-31"," 9:45:00 AM","2024-01-31"," 11:32:00 AM","CE","21950","Sell","65","36.15","54.20","","-1173.25"
"42.2","2024-01-31"," 9:45:00 AM","2024-01-31"," 3:15:00 PM","PE","21300","Sell","65","41.40","18.65","","1478.75"
"43","2024-02-01"," 9:45:00 AM","2024-02-01"," 11:17:00 AM","","","","","","","15.78","-991.25"
"43.1","2024-02-01"," 9:45:00 AM","2024-02-01"," 10:09:00 AM","CE","21950","Sell","65","30.45","45.70","","-991.25"
"43.2","2024-02-01"," 9:45:00 AM","2024-02-01"," 11:17:00 AM","PE","21500","Sell","65","28.80","28.80","","0.00"
"44","2024-02-01"," 9:45:00 AM","2024-02-01"," 3:15:00 PM","","","","","","","15.78","720.00"
"44.1","2024-02-01"," 9:45:00 AM","2024-02-01"," 10:48:00 AM","CE","72900","Sell","20","141.85","212.80","","-1419.00"
"44.2","2024-02-01"," 9:45:00 AM","2024-02-01"," 3:15:00 PM","PE","70700","Sell","20","142.95","36.00","","2139.00"
"45","2024-02-02"," 9:45:00 AM","2024-02-02"," 10:02:00 AM","","","","","","","14.26","-580.00"
"45.1","2024-02-02"," 9:45:00 AM","2024-02-02"," 10:02:00 AM","CE","72800","Sell","20","45.80","45.80","","0.00"
"45.2","2024-02-02"," 9:45:00 AM","2024-02-02"," 9:46:00 AM","PE","72100","Sell","20","58.05","87.05","","-580.00"
"46","2024-02-02"," 9:45:00 AM","2024-02-02"," 12:31:00 PM","","","","","","","14.26","-1504.75"
"46.1","2024-02-02"," 9:45:00 AM","2024-02-02"," 11:18:00 AM","CE","22300","Sell","65","46.35","69.50","","-1504.75"
"46.2","2024-02-02"," 9:45:00 AM","2024-02-02"," 12:31:00 PM","PE","21650","Sell","65","51.90","51.90","","0.00"
"47","2024-02-05"," 9:45:00 AM","2024-02-05"," 3:15:00 PM","","","","","","","15.88","3910.80"
"47.1","2024-02-05"," 9:45:00 AM","2024-02-05"," 3:15:00 PM","CE","73600","Sell","20","178.45","86.85","","1832.00"
"47.2","2024-02-05"," 9:45:00 AM","2024-02-05"," 3:15:00 PM","PE","70100","Sell","20","264.89","160.95","","2078.80"
"48","2024-02-05"," 9:45:00 AM","2024-02-05"," 3:15:00 PM","","","","","","","15.88","243.75"
"48.1","2024-02-05"," 9:45:00 AM","2024-02-05"," 3:15:00 PM","CE","22200","Sell","65","48.30","21.35","","1751.75"
"48.2","2024-02-05"," 9:45:00 AM","2024-02-05"," 2:44:00 PM","PE","21550","Sell","65","46.40","69.60","","-1508.00"
"49","2024-02-06"," 9:45:00 AM","2024-02-06"," 3:15:00 PM","","","","","","","15.83","2179.00"
"49.1","2024-02-06"," 9:45:00 AM","2024-02-06"," 3:15:00 PM","CE","73200","Sell","20","170.00","136.35","","673.00"
"49.2","2024-02-06"," 9:45:00 AM","2024-02-06"," 3:15:00 PM","PE","70600","Sell","20","186.40","111.10","","1506.00"
"50","2024-02-06"," 9:45:00 AM","2024-02-06"," 3:15:00 PM","","","","","","","15.83","1212.25"
"50.1","2024-02-06"," 9:45:00 AM","2024-02-06"," 3:15:00 PM","CE","22100","Sell","65","42.00","44.40","","-156.00"
"50.2","2024-02-06"," 9:45:00 AM","2024-02-06"," 3:15:00 PM","PE","21500","Sell","65","38.10","17.05","","1368.25"
"51","2024-02-07"," 9:45:00 AM","2024-02-07"," 3:15:00 PM","","","","","","","15.89","2282.00"
"51.1","2024-02-07"," 9:45:00 AM","2024-02-07"," 3:15:00 PM","CE","73300","Sell","20","147.55","81.00","","1331.00"
"51.2","2024-02-07"," 9:45:00 AM","2024-02-07"," 3:15:00 PM","PE","71200","Sell","20","152.70","105.15","","951.00"
"52","2024-02-07"," 9:45:00 AM","2024-02-07"," 3:15:00 PM","","","","","","","15.89","260.00"
"52.1","2024-02-07"," 9:45:00 AM","2024-02-07"," 3:15:00 PM","CE","22200","Sell","65","30.75","9.50","","1381.25"
"52.2","2024-02-07"," 9:45:00 AM","2024-02-07"," 11:39:00 AM","PE","21750","Sell","65","34.45","51.70","","-1121.25"
"53","2024-02-08"," 9:45:00 AM","2024-02-08"," 3:15:00 PM","","","","","","","15.51","590.00"
"53.1","2024-02-08"," 9:45:00 AM","2024-02-08"," 3:15:00 PM","CE","73200","Sell","20","96.40","7.75","","1773.00"
"53.2","2024-02-08"," 9:45:00 AM","2024-02-08"," 10:58:00 AM","PE","71500","Sell","20","118.35","177.50","","-1183.00"
"54","2024-02-08"," 9:45:00 AM","2024-02-08"," 3:15:00 PM","","","","","","","15.51","585.00"
"54.1","2024-02-08"," 9:45:00 AM","2024-02-08"," 3:15:00 PM","CE","22100","Sell","65","17.65","0.10","","1140.75"
"54.2","2024-02-08"," 9:45:00 AM","2024-02-08"," 10:10:00 AM","PE","21850","Sell","65","17.10","25.65","","-555.75"
"55","2024-02-09"," 9:45:00 AM","2024-02-09"," 10:15:00 AM","","","","","","","16.02","-839.00"
"55.1","2024-02-09"," 9:45:00 AM","2024-02-09"," 10:15:00 AM","CE","72100","Sell","20","64.20","64.20","","0.00"
"55.2","2024-02-09"," 9:45:00 AM","2024-02-09"," 10:02:00 AM","PE","71000","Sell","20","83.85","125.80","","-839.00"
"56","2024-02-09"," 9:45:00 AM","2024-02-09"," 3:15:00 PM","","","","","","","16.02","-1212.25"
"56.1","2024-02-09"," 9:45:00 AM","2024-02-09"," 3:15:00 PM","CE","22150","Sell","65","42.65","33.65","","585.00"
"56.2","2024-02-09"," 9:45:00 AM","2024-02-09"," 10:02:00 AM","PE","21400","Sell","65","55.30","82.95","","-1797.25"
"57","2024-02-12"," 9:45:00 AM","2024-02-12"," 3:15:00 PM","","","","","","","16.32","-593.00"
"57.1","2024-02-12"," 9:45:00 AM","2024-02-12"," 3:15:00 PM","CE","72800","Sell","20","155.25","88.55","","1334.00"
"57.2","2024-02-12"," 9:45:00 AM","2024-02-12"," 1:01:00 PM","PE","70300","Sell","20","192.65","289.00","","-1927.00"
"58","2024-02-12"," 9:45:00 AM","2024-02-12"," 3:15:00 PM","","","","","","","16.32","-227.50"
"58.1","2024-02-12"," 9:45:00 AM","2024-02-12"," 3:15:00 PM","CE","22050","Sell","65","39.45","18.80","","1342.25"
"58.2","2024-02-12"," 9:45:00 AM","2024-02-12"," 12:09:00 PM","PE","21450","Sell","65","48.35","72.50","","-1569.75"
"59","2024-02-13"," 9:45:00 AM","2024-02-13"," 3:15:00 PM","","","","","","","16.13","1237.00"
"59.1","2024-02-13"," 9:45:00 AM","2024-02-13"," 3:15:00 PM","CE","72400","Sell","20","137.95","175.35","","-748.00"
"59.2","2024-02-13"," 9:45:00 AM","2024-02-13"," 3:15:00 PM","PE","70100","Sell","20","181.45","82.20","","1985.00"
"60","2024-02-13"," 9:45:00 AM","2024-02-13"," 3:15:00 PM","","","","","","","16.13","676.00"
"60.1","2024-02-13"," 9:45:00 AM","2024-02-13"," 10:52:00 AM","CE","21900","Sell","65","36.45","54.70","","-1186.25"
"60.2","2024-02-13"," 9:45:00 AM","2024-02-13"," 3:15:00 PM","PE","21350","Sell","65","43.10","14.45","","1862.25"
"61","2024-02-14"," 9:45:00 AM","2024-02-14"," 3:15:00 PM","","","","","","","15.99","686.00"
"61.1","2024-02-14"," 9:45:00 AM","2024-02-14"," 12:32:00 PM","CE","71900","Sell","20","130.20","195.30","","-1302.00"
"61.2","2024-02-14"," 9:45:00 AM","2024-02-14"," 3:15:00 PM","PE","70000","Sell","20","133.10","33.70","","1988.00"
"62","2024-02-14"," 9:45:00 AM","2024-02-14"," 3:15:00 PM","","","","","","","15.99","799.50"
"62.1","2024-02-14"," 9:45:00 AM","2024-02-14"," 10:58:00 AM","CE","21750","Sell","65","26.60","39.90","","-864.50"
"62.2","2024-02-14"," 9:45:00 AM","2024-02-14"," 3:15:00 PM","PE","21350","Sell","65","29.35","3.75","","1664.00"
"63","2024-02-15"," 9:45:00 AM","2024-02-15"," 9:56:00 AM","","","","","","","15.53","-555.75"
"63.1","2024-02-15"," 9:45:00 AM","2024-02-15"," 9:49:00 AM","CE","21950","Sell","65","17.10","25.65","","-555.75"
"63.2","2024-02-15"," 9:45:00 AM","2024-02-15"," 9:56:00 AM","PE","21700","Sell","65","21.50","21.50","","0.00"
"64","2024-02-15"," 9:45:00 AM","2024-02-15"," 3:15:00 PM","","","","","","","15.53","628.00"
"64.1","2024-02-15"," 9:45:00 AM","2024-02-15"," 10:17:00 AM","CE","72500","Sell","20","111.10","166.65","","-1111.00"
"64.2","2024-02-15"," 9:45:00 AM","2024-02-15"," 3:15:00 PM","PE","70900","Sell","20","116.00","29.05","","1739.00"
"65","2024-02-16"," 9:45:00 AM","2024-02-16"," 3:15:00 PM","","","","","","","15.28","933.00"
"65.1","2024-02-16"," 9:45:00 AM","2024-02-16"," 10:15:00 AM","CE","72800","Sell","20","57.25","85.90","","-573.00"
"65.2","2024-02-16"," 9:45:00 AM","2024-02-16"," 3:15:00 PM","PE","71800","Sell","20","75.60","0.30","","1506.00"
"66","2024-02-16"," 9:45:00 AM","2024-02-16"," 3:15:00 PM","","","","","","","15.28","555.75"
"66.1","2024-02-16"," 9:45:00 AM","2024-02-16"," 3:15:00 PM","CE","22350","Sell","65","42.55","40.55","","130.00"
"66.2","2024-02-16"," 9:45:00 AM","2024-02-16"," 3:15:00 PM","PE","21650","Sell","65","45.00","38.45","","425.75"
"67","2024-02-19"," 9:45:00 AM","2024-02-19"," 3:15:00 PM","","","","","","","15.97","-478.00"
"67.1","2024-02-19"," 9:45:00 AM","2024-02-19"," 11:59:00 AM","CE","73600","Sell","20","144.40","218.20","","-1476.00"
"67.2","2024-02-19"," 9:45:00 AM","2024-02-19"," 3:15:00 PM","PE","71200","Sell","20","172.65","122.75","","998.00"
"68","2024-02-19"," 9:45:00 AM","2024-02-19"," 3:15:00 PM","","","","","","","15.97","-214.50"
"68.1","2024-02-19"," 9:45:00 AM","2024-02-19"," 11:15:00 AM","CE","22350","Sell","65","35.55","53.30","","-1153.75"
"68.2","2024-02-19"," 9:45:00 AM","2024-02-19"," 3:15:00 PM","PE","21700","Sell","65","40.30","25.85","","939.25"
"69","2024-02-20"," 9:45:00 AM","2024-02-20"," 3:15:00 PM","","","","","","","16.24","441.00"
"69.1","2024-02-20"," 9:45:00 AM","2024-02-20"," 3:15:00 PM","CE","73700","Sell","20","148.70","189.95","","-825.00"
"69.2","2024-02-20"," 9:45:00 AM","2024-02-20"," 3:15:00 PM","PE","71500","Sell","20","161.75","98.45","","1266.00"
"70","2024-02-20"," 9:45:00 AM","2024-02-20"," 3:15:00 PM","","","","","","","16.24","627.25"
"70.1","2024-02-20"," 9:45:00 AM","2024-02-20"," 3:15:00 PM","CE","22350","Sell","65","35.15","42.85","","-500.50"
"70.2","2024-02-20"," 9:45:00 AM","2024-02-20"," 3:15:00 PM","PE","21800","Sell","65","36.50","19.15","","1127.75"
"71","2024-02-21"," 9:45:00 AM","2024-02-21"," 3:15:00 PM","","","","","","","16.25","190.00"
"71.1","2024-02-21"," 9:45:00 AM","2024-02-21"," 3:15:00 PM","CE","74000","Sell","20","113.75","31.70","","1641.00"
"71.2","2024-02-21"," 9:45:00 AM","2024-02-21"," 2:24:00 PM","PE","72200","Sell","20","145.10","217.65","","-1451.00"
"72","2024-02-21"," 9:45:00 AM","2024-02-21"," 3:15:00 PM","","","","","","","16.25","611.00"
"72.1","2024-02-21"," 9:45:00 AM","2024-02-21"," 3:15:00 PM","CE","22400","Sell","65","29.35","4.10","","1641.25"
"72.2","2024-02-21"," 9:45:00 AM","2024-02-21"," 2:04:00 PM","PE","22000","Sell","65","31.70","47.55","","-1030.25"
"73","2024-02-22"," 9:45:00 AM","2024-02-22"," 2:01:00 PM","","","","","","","15.69","-979.00"
"73.1","2024-02-22"," 9:45:00 AM","2024-02-22"," 2:01:00 PM","CE","73300","Sell","20","95.90","95.90","","0.00"
"73.2","2024-02-22"," 9:45:00 AM","2024-02-22"," 10:00:00 AM","PE","71800","Sell","20","97.95","146.90","","-979.00"
"74","2024-02-22"," 9:45:00 AM","2024-02-22"," 2:50:00 PM","","","","","","","15.69","-672.75"
"74.1","2024-02-22"," 9:45:00 AM","2024-02-22"," 2:50:00 PM","CE","22150","Sell","65","21.05","21.05","","0.00"
"74.2","2024-02-22"," 9:45:00 AM","2024-02-22"," 9:54:00 AM","PE","21900","Sell","65","20.75","31.10","","-672.75"
"75","2024-02-23"," 9:45:00 AM","2024-02-23"," 10:16:00 AM","","","","","","","15.37","-553.00"
"75.1","2024-02-23"," 9:45:00 AM","2024-02-23"," 10:16:00 AM","CE","73800","Sell","20","51.95","51.95","","0.00"
"75.2","2024-02-23"," 9:45:00 AM","2024-02-23"," 9:55:00 AM","PE","72900","Sell","20","55.30","82.95","","-553.00"
"76","2024-02-23"," 9:45:00 AM","2024-02-23"," 3:15:00 PM","","","","","","","15.37","1326.00"
"76.1","2024-02-23"," 9:45:00 AM","2024-02-23"," 3:15:00 PM","CE","22600","Sell","65","44.50","25.70","","1222.00"
"76.2","2024-02-23"," 9:45:00 AM","2024-02-23"," 3:15:00 PM","PE","21900","Sell","65","46.70","45.10","","104.00"
"77","2024-02-26"," 9:45:00 AM","2024-02-26"," 3:15:00 PM","","","","","","","15.61","-706.00"
"77.1","2024-02-26"," 9:45:00 AM","2024-02-26"," 3:15:00 PM","CE","74400","Sell","20","154.00","97.75","","1125.00"
"77.2","2024-02-26"," 9:45:00 AM","2024-02-26"," 11:56:00 AM","PE","72000","Sell","20","183.05","274.60","","-1831.00"
"78","2024-02-26"," 9:45:00 AM","2024-02-26"," 3:15:00 PM","","","","","","","15.61","-211.25"
"78.1","2024-02-26"," 9:45:00 AM","2024-02-26"," 3:15:00 PM","CE","22500","Sell","65","38.95","21.95","","1105.00"
"78.2","2024-02-26"," 9:45:00 AM","2024-02-26"," 9:59:00 AM","PE","21900","Sell","65","40.45","60.70","","-1316.25"
"79","2024-02-27"," 9:45:00 AM","2024-02-27"," 3:15:00 PM","","","","","","","15.95","1275.00"
"79.1","2024-02-27"," 9:45:00 AM","2024-02-27"," 3:15:00 PM","CE","74000","Sell","20","154.90","152.60","","46.00"
"79.2","2024-02-27"," 9:45:00 AM","2024-02-27"," 3:15:00 PM","PE","71700","Sell","20","161.75","100.30","","1229.00"
"80","2024-02-27"," 9:45:00 AM","2024-02-27"," 3:15:00 PM","","","","","","","15.95","1628.25"
"80.1","2024-02-27"," 9:45:00 AM","2024-02-27"," 3:15:00 PM","CE","22400","Sell","65","34.95","32.30","","172.25"
"80.2","2024-02-27"," 9:45:00 AM","2024-02-27"," 3:15:00 PM","PE","21850","Sell","65","38.00","15.60","","1456.00"
"81","2024-02-28"," 9:45:00 AM","2024-02-28"," 3:15:00 PM","","","","","","","15.72","292.00"
"81.1","2024-02-28"," 9:45:00 AM","2024-02-28"," 3:15:00 PM","CE","74000","Sell","20","124.20","39.15","","1701.00"
"81.2","2024-02-28"," 9:45:00 AM","2024-02-28"," 10:58:00 AM","PE","72200","Sell","20","140.85","211.30","","-1409.00"
"82","2024-02-28"," 9:45:00 AM","2024-02-28"," 3:15:00 PM","","","","","","","15.72","347.75"
"82.1","2024-02-28"," 9:45:00 AM","2024-02-28"," 3:15:00 PM","CE","22400","Sell","65","24.95","4.15","","1352.00"
"82.2","2024-02-28"," 9:45:00 AM","2024-02-28"," 10:52:00 AM","PE","22000","Sell","65","30.85","46.30","","-1004.25"
"83","2024-02-29"," 9:45:00 AM","2024-02-29"," 10:08:00 AM","","","","","","","16.16","-1087.00"
"83.1","2024-02-29"," 9:45:00 AM","2024-02-29"," 10:00:00 AM","CE","73200","Sell","20","108.75","163.10","","-1087.00"
"83.2","2024-02-29"," 9:45:00 AM","2024-02-29"," 10:08:00 AM","PE","71500","Sell","20","116.15","116.15","","0.00"
"84","2024-02-29"," 9:45:00 AM","2024-02-29"," 10:09:00 AM","","","","","","","16.16","-679.25"
"84.1","2024-02-29"," 9:45:00 AM","2024-02-29"," 9:56:00 AM","CE","22100","Sell","65","20.95","31.40","","-679.25"
"84.2","2024-02-29"," 9:45:00 AM","2024-02-29"," 10:09:00 AM","PE","21800","Sell","65","23.55","23.55","","0.00"
"85","2024-03-01"," 9:45:00 AM","2024-03-01"," 3:15:00 PM","","","","","","","15.23","992.00"
"85.1","2024-03-01"," 9:45:00 AM","2024-03-01"," 10:10:00 AM","CE","73600","Sell","20","78.70","118.05","","-787.00"
"85.2","2024-03-01"," 9:45:00 AM","2024-03-01"," 3:15:00 PM","PE","72400","Sell","20","89.30","0.35","","1779.00"
"86","2024-03-01"," 9:45:00 AM","2024-03-01"," 3:15:00 PM","","","","","","","15.23","-312.00"
"86.1","2024-03-01"," 9:45:00 AM","2024-03-01"," 11:23:00 AM","CE","22500","Sell","65","47.40","71.10","","-1540.50"
"86.2","2024-03-01"," 9:45:00 AM","2024-03-01"," 3:15:00 PM","PE","21800","Sell","65","47.35","28.45","","1228.50"
"87","2024-03-04"," 9:45:00 AM","2024-03-04"," 3:15:00 PM","","","","","","","15.18","1940.00"
"87.1","2024-03-04"," 9:45:00 AM","2024-03-04"," 3:15:00 PM","CE","74900","Sell","20","145.65","86.60","","1181.00"
"87.2","2024-03-04"," 9:45:00 AM","2024-03-04"," 3:15:00 PM","PE","72800","Sell","20","170.55","132.60","","759.00"
"88","2024-03-04"," 9:45:00 AM","2024-03-04"," 3:15:00 PM","","","","","","","15.18","1410.50"
"88.1","2024-03-04"," 9:45:00 AM","2024-03-04"," 3:15:00 PM","CE","22650","Sell","65","40.95","28.50","","809.25"
"88.2","2024-03-04"," 9:45:00 AM","2024-03-04"," 3:15:00 PM","PE","22100","Sell","65","47.55","38.30","","601.25"
"89","2024-03-05"," 9:45:00 AM","2024-03-05"," 1:00:00 PM","","","","","","","14.88","-1193.00"
"89.1","2024-03-05"," 9:45:00 AM","2024-03-05"," 1:00:00 PM","CE","74500","Sell","20","109.15","109.15","","0.00"
"89.2","2024-03-05"," 9:45:00 AM","2024-03-05"," 10:22:00 AM","PE","72800","Sell","20","119.25","178.90","","-1193.00"
"90","2024-03-05"," 9:45:00 AM","2024-03-05"," 1:00:00 PM","","","","","","","14.88","-1170.00"
"90.1","2024-03-05"," 9:45:00 AM","2024-03-05"," 1:00:00 PM","CE","22600","Sell","65","25.60","25.60","","0.00"
"90.2","2024-03-05"," 9:45:00 AM","2024-03-05"," 10:22:00 AM","PE","22100","Sell","65","36.00","54.00","","-1170.00"
"91","2024-03-06"," 9:45:00 AM","2024-03-06"," 10:18:00 AM","","","","","","","14.34","-902.00"
"91.1","2024-03-06"," 9:45:00 AM","2024-03-06"," 10:18:00 AM","CE","74400","Sell","20","74.30","74.30","","0.00"
"91.2","2024-03-06"," 9:45:00 AM","2024-03-06"," 10:00:00 AM","PE","73000","Sell","20","90.15","135.25","","-902.00"
"92","2024-03-06"," 9:45:00 AM","2024-03-06"," 1:52:00 PM","","","","","","","14.34","-910.00"
"92.1","2024-03-06"," 9:45:00 AM","2024-03-06"," 1:52:00 PM","CE","22550","Sell","65","21.60","21.60","","0.00"
"92.2","2024-03-06"," 9:45:00 AM","2024-03-06"," 10:00:00 AM","PE","22150","Sell","65","28.00","42.00","","-910.00"
"93","2024-03-07"," 9:45:00 AM","2024-03-07"," 10:45:00 AM","","","","","","","14.21","-315.25"
"93.1","2024-03-07"," 9:45:00 AM","2024-03-07"," 10:05:00 AM","CE","22600","Sell","65","9.75","14.60","","-315.25"
"93.2","2024-03-07"," 9:45:00 AM","2024-03-07"," 10:45:00 AM","PE","22350","Sell","65","12.30","12.30","","0.00"
"94","2024-03-07"," 9:45:00 AM","2024-03-07"," 3:15:00 PM","","","","","","","14.21","521.00"
"94.1","2024-03-07"," 9:45:00 AM","2024-03-07"," 11:05:00 AM","CE","74400","Sell","20","47.20","70.80","","-472.00"
"94.2","2024-03-07"," 9:45:00 AM","2024-03-07"," 3:15:00 PM","PE","73700","Sell","20","50.00","0.35","","993.00"
"95","2024-03-11"," 9:45:00 AM","2024-03-11"," 3:15:00 PM","","","","","","","14.24","-347.00"
"95.1","2024-03-11"," 9:45:00 AM","2024-03-11"," 3:15:00 PM","CE","75100","Sell","20","123.00","59.70","","1266.00"
"95.2","2024-03-11"," 9:45:00 AM","2024-03-11"," 3:14:00 PM","PE","73000","Sell","20","161.30","241.95","","-1613.00"
"96","2024-03-11"," 9:45:00 AM","2024-03-11"," 3:15:00 PM","","","","","","","14.24","-48.75"
"96.1","2024-03-11"," 9:45:00 AM","2024-03-11"," 3:15:00 PM","CE","22750","Sell","65","28.80","11.10","","1150.50"
"96.2","2024-03-11"," 9:45:00 AM","2024-03-11"," 12:13:00 PM","PE","22200","Sell","65","36.90","55.35","","-1199.25"
"97","2024-03-12"," 9:45:00 AM","2024-03-12"," 3:15:00 PM","","","","","","","13.90","-474.00"
"97.1","2024-03-12"," 9:45:00 AM","2024-03-12"," 3:15:00 PM","CE","74900","Sell","20","113.60","70.35","","865.00"
"97.2","2024-03-12"," 9:45:00 AM","2024-03-12"," 10:47:00 AM","PE","73000","Sell","20","133.90","200.85","","-1339.00"
"98","2024-03-12"," 9:45:00 AM","2024-03-12"," 3:15:00 PM","","","","","","","13.90","273.00"
"98.1","2024-03-12"," 9:45:00 AM","2024-03-12"," 3:15:00 PM","CE","22650","Sell","65","34.40","14.80","","1274.00"
"98.2","2024-03-12"," 9:45:00 AM","2024-03-12"," 10:47:00 AM","PE","22200","Sell","65","30.80","46.20","","-1001.00"
"99","2024-03-13"," 9:45:00 AM","2024-03-13"," 1:58:00 PM","","","","","","","13.73","-1242.00"
"99.1","2024-03-13"," 9:45:00 AM","2024-03-13"," 1:58:00 PM","CE","74700","Sell","20","100.85","100.85","","0.00"
"99.2","2024-03-13"," 9:45:00 AM","2024-03-13"," 11:24:00 AM","PE","72900","Sell","20","124.20","186.30","","-1242.00"
"100","2024-03-13"," 9:45:00 AM","2024-03-13"," 3:15:00 PM","","","","","","","13.73","789.75"
"100.1","2024-03-13"," 9:45:00 AM","2024-03-13"," 3:15:00 PM","CE","22550","Sell","65","28.00","3.05","","1621.75"
"100.2","2024-03-13"," 9:45:00 AM","2024-03-13"," 9:56:00 AM","PE","22150","Sell","65","25.60","38.40","","-832.00"
"101","2024-03-14"," 9:45:00 AM","2024-03-14"," 3:15:00 PM","","","","","","","14.24","917.00"
"101.1","2024-03-14"," 9:45:00 AM","2024-03-14"," 11:34:00 AM","CE","73500","Sell","20","107.85","161.75","","-1078.00"
"101.2","2024-03-14"," 9:45:00 AM","2024-03-14"," 3:15:00 PM","PE","72000","Sell","20","112.60","12.85","","1995.00"
"102","2024-03-14"," 9:45:00 AM","2024-03-14"," 3:15:00 PM","","","","","","","14.24","435.50"
"102.1","2024-03-14"," 9:45:00 AM","2024-03-14"," 11:33:00 AM","CE","22150","Sell","65","21.75","32.60","","-705.25"
"102.2","2024-03-14"," 9:45:00 AM","2024-03-14"," 3:15:00 PM","PE","21850","Sell","65","17.60","0.05","","1140.75"
"103","2024-03-15"," 9:45:00 AM","2024-03-15"," 3:15:00 PM","","","","","","","14.14","356.00"
"103.1","2024-03-15"," 9:45:00 AM","2024-03-15"," 3:15:00 PM","CE","73200","Sell","20","50.30","0.25","","1001.00"
"103.2","2024-03-15"," 9:45:00 AM","2024-03-15"," 11:09:00 AM","PE","72400","Sell","20","64.45","96.70","","-645.00"
"104","2024-03-15"," 9:45:00 AM","2024-03-15"," 3:15:00 PM","","","","","","","14.14","1790.75"
"104.1","2024-03-15"," 9:45:00 AM","2024-03-15"," 3:15:00 PM","CE","22350","Sell","65","47.80","37.70","","656.50"
"104.2","2024-03-15"," 9:45:00 AM","2024-03-15"," 3:15:00 PM","PE","21700","Sell","65","53.05","35.60","","1134.25"
"105","2024-03-18"," 9:45:00 AM","2024-03-18"," 3:15:00 PM","","","","","","","14.54","170.00"
"105.1","2024-03-18"," 9:45:00 AM","2024-03-18"," 12:25:00 PM","CE","73700","Sell","20","157.45","236.20","","-1575.00"
"105.2","2024-03-18"," 9:45:00 AM","2024-03-18"," 3:15:00 PM","PE","71400","Sell","20","174.85","87.60","","1745.00"
"106","2024-03-18"," 9:45:00 AM","2024-03-18"," 3:15:00 PM","","","","","","","14.54","312.00"
"106.1","2024-03-18"," 9:45:00 AM","2024-03-18"," 12:25:00 PM","CE","22250","Sell","65","44.00","66.00","","-1430.00"
"106.2","2024-03-18"," 9:45:00 AM","2024-03-18"," 3:15:00 PM","PE","21650","Sell","65","43.55","16.75","","1742.00"
"107","2024-03-19"," 9:45:00 AM","2024-03-19"," 3:15:00 PM","","","","","","","14.08","249.00"
"107.1","2024-03-19"," 9:45:00 AM","2024-03-19"," 3:15:00 PM","CE","73500","Sell","20","134.40","48.90","","1710.00"
"107.2","2024-03-19"," 9:45:00 AM","2024-03-19"," 10:09:00 AM","PE","71600","Sell","20","138.45","211.50","","-1461.00"
"108","2024-03-19"," 9:45:00 AM","2024-03-19"," 3:15:00 PM","","","","","","","14.08","334.75"
"108.1","2024-03-19"," 9:45:00 AM","2024-03-19"," 3:15:00 PM","CE","22250","Sell","65","30.00","8.35","","1407.25"
"108.2","2024-03-19"," 9:45:00 AM","2024-03-19"," 10:00:00 AM","PE","21700","Sell","65","33.00","49.50","","-1072.50"
"109","2024-03-20"," 9:45:00 AM","2024-03-20"," 1:13:00 PM","","","","","","","13.91","-1169.00"
"109.1","2024-03-20"," 9:45:00 AM","2024-03-20"," 1:13:00 PM","CE","73100","Sell","20","115.25","115.25","","0.00"
"109.2","2024-03-20"," 9:45:00 AM","2024-03-20"," 10:03:00 AM","PE","71500","Sell","20","116.90","175.35","","-1169.00"
"110","2024-03-20"," 9:45:00 AM","2024-03-20"," 3:15:00 PM","","","","","","","13.91","227.50"
"110.1","2024-03-20"," 9:45:00 AM","2024-03-20"," 3:15:00 PM","CE","22100","Sell","65","22.85","7.60","","991.25"
"110.2","2024-03-20"," 9:45:00 AM","2024-03-20"," 10:02:00 AM","PE","21650","Sell","65","23.45","35.20","","-763.75"
"111","2024-03-21"," 9:45:00 AM","2024-03-21"," 12:10:00 PM","","","","","","","12.93","-552.50"
"111.1","2024-03-21"," 9:45:00 AM","2024-03-21"," 10:06:00 AM","CE","22100","Sell","65","13.65","22.15","","-552.50"
"111.2","2024-03-21"," 9:45:00 AM","2024-03-21"," 12:10:00 PM","PE","21900","Sell","65","15.50","15.50","","0.00"
"112","2024-03-21"," 9:45:00 AM","2024-03-21"," 3:15:00 PM","","","","","","","12.93","-161.00"
"112.1","2024-03-21"," 9:45:00 AM","2024-03-21"," 3:15:00 PM","CE","73300","Sell","20","67.65","33.50","","683.00"
"112.2","2024-03-21"," 9:45:00 AM","2024-03-21"," 12:11:00 PM","PE","72100","Sell","20","84.40","126.60","","-844.00"
"113","2024-03-22"," 9:45:00 AM","2024-03-22"," 9:48:00 AM","","","","","","","12.54","-653.00"
"113.1","2024-03-22"," 9:45:00 AM","2024-03-22"," 9:48:00 AM","CE","72900","Sell","20","54.70","54.70","","0.00"
"113.2","2024-03-22"," 9:45:00 AM","2024-03-22"," 9:46:00 AM","PE","72000","Sell","20","65.30","97.95","","-653.00"
"114","2024-03-22"," 9:45:00 AM","2024-03-22"," 3:15:00 PM","","","","","","","12.54","22.75"
"114.1","2024-03-22"," 9:45:00 AM","2024-03-22"," 10:13:00 AM","CE","22250","Sell","65","39.95","59.90","","-1296.75"
"114.2","2024-03-22"," 9:45:00 AM","2024-03-22"," 3:15:00 PM","PE","21700","Sell","65","39.60","19.30","","1319.50"
"115","2024-03-26"," 9:45:00 AM","2024-03-26"," 3:15:00 PM","","","","","","","13.05","1633.00"
"115.1","2024-03-26"," 9:45:00 AM","2024-03-26"," 3:15:00 PM","CE","73500","Sell","20","94.00","64.55","","589.00"
"115.2","2024-03-26"," 9:45:00 AM","2024-03-26"," 3:15:00 PM","PE","71800","Sell","20","122.80","70.60","","1044.00"
"116","2024-03-26"," 9:45:00 AM","2024-03-26"," 3:15:00 PM","","","","","","","13.05","1417.00"
"116.1","2024-03-26"," 9:45:00 AM","2024-03-26"," 3:15:00 PM","CE","22300","Sell","65","27.55","16.80","","698.75"
"116.2","2024-03-26"," 9:45:00 AM","2024-03-26"," 3:15:00 PM","PE","21800","Sell","65","33.10","22.05","","718.25"
"117","2024-03-27"," 9:45:00 AM","2024-03-27"," 3:15:00 PM","","","","","","","12.93","269.00"
"117.1","2024-03-27"," 9:45:00 AM","2024-03-27"," 10:09:00 AM","CE","73400","Sell","20","81.55","122.30","","-815.00"
"117.2","2024-03-27"," 9:45:00 AM","2024-03-27"," 3:15:00 PM","PE","72300","Sell","20","84.40","30.20","","1084.00"
"118","2024-03-27"," 9:45:00 AM","2024-03-27"," 3:15:00 PM","","","","","","","12.93","211.25"
"118.1","2024-03-27"," 9:45:00 AM","2024-03-27"," 10:10:00 AM","CE","22300","Sell","65","25.80","38.70","","-838.50"
"118.2","2024-03-27"," 9:45:00 AM","2024-03-27"," 3:15:00 PM","PE","21950","Sell","65","25.65","9.50","","1049.75"
"119","2024-03-28"," 9:45:00 AM","2024-03-28"," 9:51:00 AM","","","","","","","12.66","-380.00"
"119.1","2024-03-28"," 9:45:00 AM","2024-03-28"," 9:50:00 AM","CE","73800","Sell","20","38.00","57.00","","-380.00"
"119.2","2024-03-28"," 9:45:00 AM","2024-03-28"," 9:51:00 AM","PE","73100","Sell","20","43.55","43.55","","0.00"
"120","2024-03-28"," 9:45:00 AM","2024-03-28"," 3:01:00 PM","","","","","","","12.66","-334.75"
"120.1","2024-03-28"," 9:45:00 AM","2024-03-28"," 9:49:00 AM","CE","22400","Sell","65","10.25","15.40","","-334.75"
"120.2","2024-03-28"," 9:45:00 AM","2024-03-28"," 3:01:00 PM","PE","22150","Sell","65","12.60","12.60","","0.00"
"121","2024-04-01"," 9:45:00 AM","2024-04-01"," 3:15:00 PM","","","","","","","12.56","2049.00"
"121.1","2024-04-01"," 9:45:00 AM","2024-04-01"," 3:15:00 PM","CE","75200","Sell","20","149.45","77.50","","1439.00"
"121.2","2024-04-01"," 9:45:00 AM","2024-04-01"," 3:15:00 PM","PE","73100","Sell","20","150.30","119.80","","610.00"
"122","2024-04-01"," 9:45:00 AM","2024-04-01"," 3:15:00 PM","","","","","","","12.56","1855.75"
"122.1","2024-04-01"," 9:45:00 AM","2024-04-01"," 3:15:00 PM","CE","22750","Sell","65","37.40","20.95","","1069.25"
"122.2","2024-04-01"," 9:45:00 AM","2024-04-01"," 3:15:00 PM","PE","22250","Sell","65","42.35","30.25","","786.50"
"123","2024-04-02"," 9:45:00 AM","2024-04-02"," 3:15:00 PM","","","","","","","12.09","1135.00"
"123.1","2024-04-02"," 9:45:00 AM","2024-04-02"," 3:15:00 PM","CE","74900","Sell","20","121.60","85.20","","728.00"
"123.2","2024-04-02"," 9:45:00 AM","2024-04-02"," 3:15:00 PM","PE","73200","Sell","20","125.90","105.55","","407.00"
"124","2024-04-02"," 9:45:00 AM","2024-04-02"," 3:15:00 PM","","","","","","","12.09","-208.00"
"124.1","2024-04-02"," 9:45:00 AM","2024-04-02"," 3:15:00 PM","CE","22700","Sell","65","26.25","14.30","","776.75"
"124.2","2024-04-02"," 9:45:00 AM","2024-04-02"," 11:02:00 AM","PE","22250","Sell","65","30.30","45.45","","-984.75"
"125","2024-04-03"," 9:45:00 AM","2024-04-03"," 3:15:00 PM","","","","","","","11.63","117.00"
"125.1","2024-04-03"," 9:45:00 AM","2024-04-03"," 10:04:00 AM","CE","74300","Sell","20","93.00","139.50","","-930.00"
"125.2","2024-04-03"," 9:45:00 AM","2024-04-03"," 3:15:00 PM","PE","72900","Sell","20","95.20","42.85","","1047.00"
"126","2024-04-03"," 9:45:00 AM","2024-04-03"," 3:15:00 PM","","","","","","","11.63","156.00"
"126.1","2024-04-03"," 9:45:00 AM","2024-04-03"," 10:04:00 AM","CE","22500","Sell","65","22.45","33.70","","-731.25"
"126.2","2024-04-03"," 9:45:00 AM","2024-04-03"," 3:15:00 PM","PE","22150","Sell","65","17.95","4.30","","887.25"
"127","2024-04-04"," 9:45:00 AM","2024-04-04"," 12:48:00 PM","","","","","","","11.52","-910.00"
"127.1","2024-04-04"," 9:45:00 AM","2024-04-04"," 12:48:00 PM","CE","74700","Sell","20","87.30","88.35","","-21.00"
"127.2","2024-04-04"," 9:45:00 AM","2024-04-04"," 9:55:00 AM","PE","73300","Sell","20","88.95","133.40","","-889.00"
"128","2024-04-04"," 9:45:00 AM","2024-04-04"," 1:23:00 PM","","","","","","","11.52","-581.75"
"128.1","2024-04-04"," 9:45:00 AM","2024-04-04"," 1:23:00 PM","CE","22550","Sell","65","21.05","21.05","","0.00"
"128.2","2024-04-04"," 9:45:00 AM","2024-04-04"," 9:54:00 AM","PE","22300","Sell","65","17.85","26.80","","-581.75"
"129","2024-04-05"," 9:45:00 AM","2024-04-05"," 3:15:00 PM","","","","","","","11.59","2602.00"
"129.1","2024-04-05"," 9:45:00 AM","2024-04-05"," 3:15:00 PM","CE","74600","Sell","20","65.75","0.20","","1311.00"
"129.2","2024-04-05"," 9:45:00 AM","2024-04-05"," 3:15:00 PM","PE","73600","Sell","20","64.65","0.10","","1291.00"
"130","2024-04-05"," 9:45:00 AM","2024-04-05"," 3:15:00 PM","","","","","","","11.59","1283.75"
"130.1","2024-04-05"," 9:45:00 AM","2024-04-05"," 3:15:00 PM","CE","22750","Sell","65","34.90","32.95","","126.75"
"130.2","2024-04-05"," 9:45:00 AM","2024-04-05"," 3:15:00 PM","PE","22200","Sell","65","43.85","26.05","","1157.00"
"131","2024-04-08"," 9:45:00 AM","2024-04-08"," 3:15:00 PM","","","","","","","11.62","935.00"
"131.1","2024-04-08"," 9:45:00 AM","2024-04-08"," 3:15:00 PM","CE","75500","Sell","20","120.80","117.30","","70.00"
"131.2","2024-04-08"," 9:45:00 AM","2024-04-08"," 3:15:00 PM","PE","73500","Sell","20","138.45","95.20","","865.00"
"132","2024-04-08"," 9:45:00 AM","2024-04-08"," 3:15:00 PM","","","","","","","11.62","-107.25"
"132.1","2024-04-08"," 9:45:00 AM","2024-04-08"," 1:05:00 PM","CE","22800","Sell","65","32.65","48.95","","-1059.50"
"132.2","2024-04-08"," 9:45:00 AM","2024-04-08"," 3:15:00 PM","PE","22400","Sell","65","35.10","20.45","","952.25"
"133","2024-04-09"," 9:45:00 AM","2024-04-09"," 3:15:00 PM","","","","","","","11.45","971.00"
"133.1","2024-04-09"," 9:45:00 AM","2024-04-09"," 3:15:00 PM","CE","75700","Sell","20","91.05","36.60","","1089.00"
"133.2","2024-04-09"," 9:45:00 AM","2024-04-09"," 3:15:00 PM","PE","74100","Sell","20","113.00","118.90","","-118.00"
"134","2024-04-09"," 9:45:00 AM","2024-04-09"," 3:15:00 PM","","","","","","","11.45","133.25"
"134.1","2024-04-09"," 9:45:00 AM","2024-04-09"," 3:15:00 PM","CE","22900","Sell","65","17.00","3.60","","871.00"
"134.2","2024-04-09"," 9:45:00 AM","2024-04-09"," 1:22:00 PM","PE","22550","Sell","65","22.70","34.05","","-737.75"
"135","2024-04-10"," 9:45:00 AM","2024-04-10"," 3:15:00 PM","","","","","","","11.24","1199.00"
"135.1","2024-04-10"," 9:45:00 AM","2024-04-10"," 3:15:00 PM","CE","75500","Sell","20","75.25","57.75","","350.00"
"135.2","2024-04-10"," 9:45:00 AM","2024-04-10"," 3:15:00 PM","PE","74200","Sell","20","83.20","40.75","","849.00"
"136","2024-04-10"," 9:45:00 AM","2024-04-10"," 3:15:00 PM","","","","","","","11.24","630.50"
"136.1","2024-04-10"," 9:45:00 AM","2024-04-10"," 3:15:00 PM","CE","22800","Sell","65","17.05","0.15","","1098.50"
"136.2","2024-04-10"," 9:45:00 AM","2024-04-10"," 9:54:00 AM","PE","22600","Sell","65","14.40","21.60","","-468.00"
"137","2024-04-12"," 9:45:00 AM","2024-04-12"," 3:15:00 PM","","","","","","","11.42","659.00"
"137.1","2024-04-12"," 9:45:00 AM","2024-04-12"," 3:15:00 PM","CE","75000","Sell","20","67.85","0.25","","1352.00"
"137.2","2024-04-12"," 9:45:00 AM","2024-04-12"," 12:17:00 PM","PE","74100","Sell","20","69.35","104.00","","-693.00"
"138","2024-04-12"," 9:45:00 AM","2024-04-12"," 3:15:00 PM","","","","","","","11.42","-156.00"
"138.1","2024-04-12"," 9:45:00 AM","2024-04-12"," 3:15:00 PM","CE","22900","Sell","65","35.15","17.45","","1150.50"
"138.2","2024-04-12"," 9:45:00 AM","2024-04-12"," 2:15:00 PM","PE","22400","Sell","65","40.20","60.30","","-1306.50"
"139","2024-04-15"," 9:45:00 AM","2024-04-15"," 3:15:00 PM","","","","","","","12.55","2246.00"
"139.1","2024-04-15"," 9:45:00 AM","2024-04-15"," 3:15:00 PM","CE","74600","Sell","20","144.05","85.70","","1167.00"
"139.2","2024-04-15"," 9:45:00 AM","2024-04-15"," 3:15:00 PM","PE","72300","Sell","20","189.80","135.85","","1079.00"
"140","2024-04-15"," 9:45:00 AM","2024-04-15"," 3:15:00 PM","","","","","","","12.55","-354.25"
"140.1","2024-04-15"," 9:45:00 AM","2024-04-15"," 10:06:00 AM","CE","22600","Sell","65","31.65","47.45","","-1027.00"
"140.2","2024-04-15"," 9:45:00 AM","2024-04-15"," 3:15:00 PM","PE","22050","Sell","65","39.30","28.95","","672.75"
"141","2024-04-16"," 9:45:00 AM","2024-04-16"," 3:15:00 PM","","","","","","","12.53","-375.00"
"141.1","2024-04-16"," 9:45:00 AM","2024-04-16"," 3:15:00 PM","CE","73900","Sell","20","114.45","63.75","","1014.00"
"141.2","2024-04-16"," 9:45:00 AM","2024-04-16"," 1:19:00 PM","PE","72200","Sell","20","138.95","208.40","","-1389.00"
"142","2024-04-16"," 9:45:00 AM","2024-04-16"," 3:15:00 PM","","","","","","","12.53","-318.50"
"142.1","2024-04-16"," 9:45:00 AM","2024-04-16"," 3:15:00 PM","CE","22400","Sell","65","23.00","11.10","","773.50"
"142.2","2024-04-16"," 9:45:00 AM","2024-04-16"," 1:16:00 PM","PE","22000","Sell","65","33.60","50.40","","-1092.00"
"143","2024-04-18"," 9:45:00 AM","2024-04-18"," 9:57:00 AM","","","","","","","12.39","-510.25"
"143.1","2024-04-18"," 9:45:00 AM","2024-04-18"," 9:57:00 AM","CE","22300","Sell","65","13.95","13.95","","0.00"
"143.2","2024-04-18"," 9:45:00 AM","2024-04-18"," 9:48:00 AM","PE","22050","Sell","65","15.65","23.50","","-510.25"
"144","2024-04-18"," 9:45:00 AM","2024-04-18"," 1:27:00 PM","","","","","","","12.39","-809.00"
"144.1","2024-04-18"," 9:45:00 AM","2024-04-18"," 11:59:00 AM","CE","73700","Sell","20","80.90","121.35","","-809.00"
"144.2","2024-04-18"," 9:45:00 AM","2024-04-18"," 1:27:00 PM","PE","72400","Sell","20","92.45","92.45","","0.00"
"145","2024-04-19"," 9:45:00 AM","2024-04-19"," 10:12:00 AM","","","","","","","13.71","-725.00"
"145.1","2024-04-19"," 9:45:00 AM","2024-04-19"," 9:59:00 AM","CE","72600","Sell","20","72.55","108.80","","-725.00"
"145.2","2024-04-19"," 9:45:00 AM","2024-04-19"," 10:12:00 AM","PE","71400","Sell","20","86.50","86.50","","0.00"
"146","2024-04-19"," 9:45:00 AM","2024-04-19"," 3:15:00 PM","","","","","","","13.71","737.75"
"146.1","2024-04-19"," 9:45:00 AM","2024-04-19"," 12:24:00 PM","CE","22200","Sell","65","47.15","70.70","","-1530.75"
"146.2","2024-04-19"," 9:45:00 AM","2024-04-19"," 3:15:00 PM","PE","21450","Sell","65","59.90","25.00","","2268.50"
"147","2024-04-22"," 9:45:00 AM","2024-04-22"," 3:15:00 PM","","","","","","","13.23","680.00"
"147.1","2024-04-22"," 9:45:00 AM","2024-04-22"," 3:15:00 PM","CE","74300","Sell","20","144.95","192.80","","-957.00"
"147.2","2024-04-22"," 9:45:00 AM","2024-04-22"," 3:15:00 PM","PE","72100","Sell","20","180.65","98.80","","1637.00"
"148","2024-04-22"," 9:45:00 AM","2024-04-22"," 3:15:00 PM","","","","","","","13.23","373.75"
"148.1","2024-04-22"," 9:45:00 AM","2024-04-22"," 11:51:00 AM","CE","22450","Sell","65","39.75","59.60","","-1290.25"
"148.2","2024-04-22"," 9:45:00 AM","2024-04-22"," 3:15:00 PM","PE","21900","Sell","65","43.00","17.40","","1664.00"
"149","2024-04-23"," 9:45:00 AM","2024-04-23"," 3:15:00 PM","","","","","","","10.38","618.00"
"149.1","2024-04-23"," 9:45:00 AM","2024-04-23"," 3:15:00 PM","CE","74700","Sell","20","98.65","84.45","","284.00"
"149.2","2024-04-23"," 9:45:00 AM","2024-04-23"," 3:15:00 PM","PE","72900","Sell","20","128.30","111.60","","334.00"
"150","2024-04-23"," 9:45:00 AM","2024-04-23"," 3:15:00 PM","","","","","","","10.38","1235.00"
"150.1","2024-04-23"," 9:45:00 AM","2024-04-23"," 3:15:00 PM","CE","22600","Sell","65","22.60","15.15","","484.25"
"150.2","2024-04-23"," 9:45:00 AM","2024-04-23"," 3:15:00 PM","PE","22150","Sell","65","34.60","23.05","","750.75"
"151","2024-04-24"," 9:45:00 AM","2024-04-24"," 2:35:00 PM","","","","","","","10.18","-776.75"
"151.1","2024-04-24"," 9:45:00 AM","2024-04-24"," 10:29:00 AM","CE","22550","Sell","65","23.85","35.80","","-776.75"
"151.2","2024-04-24"," 9:45:00 AM","2024-04-24"," 2:35:00 PM","PE","22250","Sell","65","23.45","23.45","","0.00"
"152","2024-04-24"," 9:45:00 AM","2024-04-24"," 3:15:00 PM","","","","","","","10.18","-435.00"
"152.1","2024-04-24"," 9:45:00 AM","2024-04-24"," 10:28:00 AM","CE","74600","Sell","20","81.65","122.50","","-817.00"
"152.2","2024-04-24"," 9:45:00 AM","2024-04-24"," 3:15:00 PM","PE","73100","Sell","20","94.70","75.60","","382.00"
"153","2024-04-25"," 9:45:00 AM","2024-04-25"," 10:52:00 AM","","","","","","","10.44","-827.00"
"153.1","2024-04-25"," 9:45:00 AM","2024-04-25"," 10:15:00 AM","CE","74500","Sell","20","82.65","124.00","","-827.00"
"153.2","2024-04-25"," 9:45:00 AM","2024-04-25"," 10:52:00 AM","PE","73300","Sell","20","97.05","97.05","","0.00"
"154","2024-04-25"," 9:45:00 AM","2024-04-25"," 10:52:00 AM","","","","","","","10.44","-445.25"
"154.1","2024-04-25"," 9:45:00 AM","2024-04-25"," 10:13:00 AM","CE","22550","Sell","65","13.70","20.55","","-445.25"
"154.2","2024-04-25"," 9:45:00 AM","2024-04-25"," 10:52:00 AM","PE","22250","Sell","65","14.20","14.20","","0.00"
"155","2024-04-26"," 9:45:00 AM","2024-04-26"," 3:15:00 PM","","","","","","","10.87","496.00"
"155.1","2024-04-26"," 9:45:00 AM","2024-04-26"," 3:15:00 PM","CE","74800","Sell","20","62.55","0.15","","1248.00"
"155.2","2024-04-26"," 9:45:00 AM","2024-04-26"," 9:51:00 AM","PE","73900","Sell","20","75.20","112.80","","-752.00"
"156","2024-04-26"," 9:45:00 AM","2024-04-26"," 3:15:00 PM","","","","","","","10.87","-58.50"
"156.1","2024-04-26"," 9:45:00 AM","2024-04-26"," 3:15:00 PM","CE","22850","Sell","65","38.45","18.00","","1329.25"
"156.2","2024-04-26"," 9:45:00 AM","2024-04-26"," 10:28:00 AM","PE","22300","Sell","65","42.75","64.10","","-1387.75"
"157","2024-04-29"," 9:45:00 AM","2024-04-29"," 3:15:00 PM","","","","","","","12.01","-385.00"
"157.1","2024-04-29"," 9:45:00 AM","2024-04-29"," 1:25:00 PM","CE","75200","Sell","20","124.55","186.80","","-1245.00"
"157.2","2024-04-29"," 9:45:00 AM","2024-04-29"," 3:15:00 PM","PE","73300","Sell","20","138.95","95.95","","860.00"
"158","2024-04-29"," 9:45:00 AM","2024-04-29"," 3:15:00 PM","","","","","","","12.01","110.50"
"158.1","2024-04-29"," 9:45:00 AM","2024-04-29"," 1:25:00 PM","CE","22750","Sell","65","35.00","52.50","","-1137.50"
"158.2","2024-04-29"," 9:45:00 AM","2024-04-29"," 3:15:00 PM","PE","22300","Sell","65","38.30","19.10","","1248.00"
"159","2024-04-30"," 9:45:00 AM","2024-04-30"," 2:52:00 PM","","","","","","","12.60","-1002.00"
"159.1","2024-04-30"," 9:45:00 AM","2024-04-30"," 9:54:00 AM","CE","75700","Sell","20","100.20","150.30","","-1002.00"
"159.2","2024-04-30"," 9:45:00 AM","2024-04-30"," 2:52:00 PM","PE","74000","Sell","20","138.25","138.25","","0.00"
"160","2024-04-30"," 9:45:00 AM","2024-04-30"," 3:15:00 PM","","","","","","","12.60","744.25"
"160.1","2024-04-30"," 9:45:00 AM","2024-04-30"," 3:15:00 PM","CE","22900","Sell","65","22.80","6.55","","1056.25"
"160.2","2024-04-30"," 9:45:00 AM","2024-04-30"," 3:15:00 PM","PE","22500","Sell","65","29.45","34.25","","-312.00"
"161","2024-05-02"," 9:45:00 AM","2024-05-02"," 3:15:00 PM","","","","","","","13.80","2197.00"
"161.1","2024-05-02"," 9:45:00 AM","2024-05-02"," 3:15:00 PM","CE","75300","Sell","20","97.10","37.50","","1192.00"
"161.2","2024-05-02"," 9:45:00 AM","2024-05-02"," 3:15:00 PM","PE","74000","Sell","20","99.05","48.80","","1005.00"
"162","2024-05-02"," 9:45:00 AM","2024-05-02"," 3:15:00 PM","","","","","","","13.80","2190.50"
"162.1","2024-05-02"," 9:45:00 AM","2024-05-02"," 3:15:00 PM","CE","22800","Sell","65","14.25","0.10","","919.75"
"162.2","2024-05-02"," 9:45:00 AM","2024-05-02"," 3:15:00 PM","PE","22550","Sell","65","19.70","0.15","","1270.75"
"163","2024-05-03"," 9:45:00 AM","2024-05-03"," 3:15:00 PM","","","","","","","13.73","539.00"
"163.1","2024-05-03"," 9:45:00 AM","2024-05-03"," 3:15:00 PM","CE","75400","Sell","20","66.75","0.20","","1331.00"
"163.2","2024-05-03"," 9:45:00 AM","2024-05-03"," 9:58:00 AM","PE","74400","Sell","20","79.20","118.80","","-792.00"
"164","2024-05-03"," 9:45:00 AM","2024-05-03"," 3:15:00 PM","","","","","","","13.73","396.50"
"164.1","2024-05-03"," 9:45:00 AM","2024-05-03"," 3:15:00 PM","CE","23050","Sell","65","40.80","13.05","","1803.75"
"164.2","2024-05-03"," 9:45:00 AM","2024-05-03"," 10:16:00 AM","PE","22500","Sell","65","43.25","64.90","","-1407.25"
"165","2024-05-06"," 9:45:00 AM","2024-05-06"," 3:15:00 PM","","","","","","","16.62","1086.00"
"165.1","2024-05-06"," 9:45:00 AM","2024-05-06"," 3:15:00 PM","CE","75400","Sell","20","145.50","80.70","","1296.00"
"165.2","2024-05-06"," 9:45:00 AM","2024-05-06"," 3:15:00 PM","PE","73100","Sell","20","161.50","172.00","","-210.00"
"166","2024-05-06"," 9:45:00 AM","2024-05-06"," 3:15:00 PM","","","","","","","16.62","1170.00"
"166.1","2024-05-06"," 9:45:00 AM","2024-05-06"," 3:15:00 PM","CE","22800","Sell","65","41.95","24.10","","1160.25"
"166.2","2024-05-06"," 9:45:00 AM","2024-05-06"," 3:15:00 PM","PE","22200","Sell","65","37.90","37.75","","9.75"
"167","2024-05-07"," 9:45:00 AM","2024-05-07"," 3:15:00 PM","","","","","","","16.89","-41.00"
"167.1","2024-05-07"," 9:45:00 AM","2024-05-07"," 3:15:00 PM","CE","74900","Sell","20","138.30","76.00","","1246.00"
"167.2","2024-05-07"," 9:45:00 AM","2024-05-07"," 10:01:00 AM","PE","73000","Sell","20","128.70","193.05","","-1287.00"
"168","2024-05-07"," 9:45:00 AM","2024-05-07"," 3:15:00 PM","","","","","","","16.89","204.75"
"168.1","2024-05-07"," 9:45:00 AM","2024-05-07"," 3:15:00 PM","CE","22750","Sell","65","29.45","10.40","","1238.25"
"168.2","2024-05-07"," 9:45:00 AM","2024-05-07"," 10:01:00 AM","PE","22200","Sell","65","31.80","47.70","","-1033.50"
"169","2024-05-08"," 9:45:00 AM","2024-05-08"," 11:20:00 AM","","","","","","","17.37","-906.75"
"169.1","2024-05-08"," 9:45:00 AM","2024-05-08"," 11:20:00 AM","CE","22500","Sell","65","25.35","25.35","","0.00"
"169.2","2024-05-08"," 9:45:00 AM","2024-05-08"," 10:33:00 AM","PE","22050","Sell","65","27.85","41.80","","-906.75"
"170","2024-05-08"," 9:45:00 AM","2024-05-08"," 3:15:00 PM","","","","","","","17.37","158.00"
"170.1","2024-05-08"," 9:45:00 AM","2024-05-08"," 12:21:00 PM","CE","74300","Sell","20","124.50","186.75","","-1245.00"
"170.2","2024-05-08"," 9:45:00 AM","2024-05-08"," 3:15:00 PM","PE","72500","Sell","20","128.00","57.85","","1403.00"
"171","2024-05-09"," 9:45:00 AM","2024-05-09"," 3:15:00 PM","","","","","","","17.55","795.00"
"171.1","2024-05-09"," 9:45:00 AM","2024-05-09"," 3:15:00 PM","CE","74000","Sell","20","99.70","9.45","","1805.00"
"171.2","2024-05-09"," 9:45:00 AM","2024-05-09"," 10:22:00 AM","PE","72600","Sell","20","101.00","151.50","","-1010.00"
"172","2024-05-09"," 9:45:00 AM","2024-05-09"," 3:15:00 PM","","","","","","","17.55","672.75"
"172.1","2024-05-09"," 9:45:00 AM","2024-05-09"," 3:15:00 PM","CE","22350","Sell","65","22.10","0.10","","1430.00"
"172.2","2024-05-09"," 9:45:00 AM","2024-05-09"," 10:13:00 AM","PE","22100","Sell","65","23.30","34.95","","-757.25"
"173","2024-05-10"," 9:45:00 AM","2024-05-10"," 10:21:00 AM","","","","","","","18.21","-535.00"
"173.1","2024-05-10"," 9:45:00 AM","2024-05-10"," 10:07:00 AM","CE","73300","Sell","20","53.55","80.30","","-535.00"
"173.2","2024-05-10"," 9:45:00 AM","2024-05-10"," 10:21:00 AM","PE","72400","Sell","20","60.80","60.80","","0.00"
"174","2024-05-10"," 9:45:00 AM","2024-05-10"," 3:15:00 PM","","","","","","","18.21","1582.75"
"174.1","2024-05-10"," 9:45:00 AM","2024-05-10"," 3:15:00 PM","CE","22450","Sell","65","40.15","24.15","","1040.00"
"174.2","2024-05-10"," 9:45:00 AM","2024-05-10"," 3:15:00 PM","PE","21750","Sell","65","55.30","46.95","","542.75"
"175","2024-05-13"," 9:45:00 AM","2024-05-13"," 3:15:00 PM","","","","","","","21.01","552.00"
"175.1","2024-05-13"," 9:45:00 AM","2024-05-13"," 12:26:00 PM","CE","73300","Sell","20","148.95","223.40","","-1489.00"
"175.2","2024-05-13"," 9:45:00 AM","2024-05-13"," 3:15:00 PM","PE","70800","Sell","20","161.40","59.35","","2041.00"
"176","2024-05-13"," 9:45:00 AM","2024-05-13"," 3:15:00 PM","","","","","","","21.01","1196.00"
"176.1","2024-05-13"," 9:45:00 AM","2024-05-13"," 12:26:00 PM","CE","22200","Sell","65","37.75","56.60","","-1225.25"
"176.2","2024-05-13"," 9:45:00 AM","2024-05-13"," 3:15:00 PM","PE","21550","Sell","65","47.45","10.20","","2421.25"
"177","2024-05-14"," 9:45:00 AM","2024-05-14"," 3:15:00 PM","","","","","","","20.90","56.00"
"177.1","2024-05-14"," 9:45:00 AM","2024-05-14"," 2:06:00 PM","CE","73900","Sell","20","123.25","185.00","","-1235.00"
"177.2","2024-05-14"," 9:45:00 AM","2024-05-14"," 3:15:00 PM","PE","71900","Sell","20","145.50","80.95","","1291.00"
"178","2024-05-14"," 9:45:00 AM","2024-05-14"," 3:15:00 PM","","","","","","","20.90","646.75"
"178.1","2024-05-14"," 9:45:00 AM","2024-05-14"," 2:00:00 PM","CE","22400","Sell","65","28.45","42.70","","-926.25"
"178.2","2024-05-14"," 9:45:00 AM","2024-05-14"," 3:15:00 PM","PE","21900","Sell","65","40.65","16.45","","1573.00"
"179","2024-05-15"," 9:45:00 AM","2024-05-15"," 3:15:00 PM","","","","","","","19.90","-260.00"
"179.1","2024-05-15"," 9:45:00 AM","2024-05-15"," 3:15:00 PM","CE","74100","Sell","20","104.70","56.80","","958.00"
"179.2","2024-05-15"," 9:45:00 AM","2024-05-15"," 10:02:00 AM","PE","72500","Sell","20","121.80","182.70","","-1218.00"
"180","2024-05-15"," 9:45:00 AM","2024-05-15"," 3:15:00 PM","","","","","","","19.90","237.25"
"180.1","2024-05-15"," 9:45:00 AM","2024-05-15"," 3:15:00 PM","CE","22450","Sell","65","25.55","7.25","","1189.50"
"180.2","2024-05-15"," 9:45:00 AM","2024-05-15"," 10:01:00 AM","PE","22100","Sell","65","29.25","43.90","","-952.25"
"181","2024-05-16"," 9:45:00 AM","2024-05-16"," 9:53:00 AM","","","","","","","20.38","-542.75"
"181.1","2024-05-16"," 9:45:00 AM","2024-05-16"," 9:53:00 AM","CE","22350","Sell","65","20.25","20.30","","-3.25"
"181.2","2024-05-16"," 9:45:00 AM","2024-05-16"," 9:52:00 AM","PE","22050","Sell","65","16.60","24.90","","-539.50"
"182","2024-05-16"," 9:45:00 AM","2024-05-16"," 12:15:00 PM","","","","","","","20.38","-1077.00"
"182.1","2024-05-16"," 9:45:00 AM","2024-05-16"," 12:15:00 PM","CE","73900","Sell","20","86.25","86.25","","0.00"
"182.2","2024-05-16"," 9:45:00 AM","2024-05-16"," 11:10:00 AM","PE","72400","Sell","20","107.65","161.50","","-1077.00"
"183","2024-05-17"," 9:45:00 AM","2024-05-17"," 3:15:00 PM","","","","","","","20.10","631.00"
"183.1","2024-05-17"," 9:45:00 AM","2024-05-17"," 9:48:00 AM","CE","73900","Sell","20","64.85","97.25","","-648.00"
"183.2","2024-05-17"," 9:45:00 AM","2024-05-17"," 3:15:00 PM","PE","72900","Sell","20","64.15","0.20","","1279.00"
"184","2024-05-17"," 9:45:00 AM","2024-05-17"," 3:15:00 PM","","","","","","","20.10","22.75"
"184.1","2024-05-17"," 9:45:00 AM","2024-05-17"," 10:38:00 AM","CE","22650","Sell","65","44.75","67.10","","-1452.75"
"184.2","2024-05-17"," 9:45:00 AM","2024-05-17"," 3:15:00 PM","PE","22050","Sell","65","48.90","26.20","","1475.50"
"185","2024-05-21"," 9:45:00 AM","2024-05-21"," 3:15:00 PM","","","","","","","22.06","1669.00"
"185.1","2024-05-21"," 9:45:00 AM","2024-05-21"," 3:15:00 PM","CE","75000","Sell","20","141.75","105.90","","717.00"
"185.2","2024-05-21"," 9:45:00 AM","2024-05-21"," 3:15:00 PM","PE","72900","Sell","20","146.00","98.40","","952.00"
"186","2024-05-21"," 9:45:00 AM","2024-05-21"," 3:15:00 PM","","","","","","","22.06","-143.00"
"186.1","2024-05-21"," 9:45:00 AM","2024-05-21"," 1:00:00 PM","CE","22700","Sell","65","35.60","53.40","","-1157.00"
"186.2","2024-05-21"," 9:45:00 AM","2024-05-21"," 3:15:00 PM","PE","22200","Sell","65","34.75","19.15","","1014.00"
"187","2024-05-22"," 9:45:00 AM","2024-05-22"," 3:15:00 PM","","","","","","","21.91","1661.00"
"187.1","2024-05-22"," 9:45:00 AM","2024-05-22"," 3:15:00 PM","CE","74800","Sell","20","121.40","119.10","","46.00"
"187.2","2024-05-22"," 9:45:00 AM","2024-05-22"," 3:15:00 PM","PE","73100","Sell","20","134.05","53.30","","1615.00"
"188","2024-05-22"," 9:45:00 AM","2024-05-22"," 3:15:00 PM","","","","","","","21.91","526.50"
"188.1","2024-05-22"," 9:45:00 AM","2024-05-22"," 10:54:00 AM","CE","22700","Sell","65","24.05","36.10","","-783.25"
"188.2","2024-05-22"," 9:45:00 AM","2024-05-22"," 3:15:00 PM","PE","22250","Sell","65","26.55","6.40","","1309.75"
"189","2024-05-23"," 9:45:00 AM","2024-05-23"," 10:43:00 AM","","","","","","","21.32","-963.00"
"189.1","2024-05-23"," 9:45:00 AM","2024-05-23"," 10:22:00 AM","CE","75200","Sell","20","96.35","144.50","","-963.00"
"189.2","2024-05-23"," 9:45:00 AM","2024-05-23"," 10:43:00 AM","PE","73800","Sell","20","109.45","109.45","","0.00"
"190","2024-05-23"," 9:45:00 AM","2024-05-23"," 10:43:00 AM","","","","","","","21.32","-611.00"
"190.1","2024-05-23"," 9:45:00 AM","2024-05-23"," 10:21:00 AM","CE","22850","Sell","65","18.80","28.20","","-611.00"
"190.2","2024-05-23"," 9:45:00 AM","2024-05-23"," 10:43:00 AM","PE","22550","Sell","65","27.10","27.10","","0.00"
"191","2024-05-24"," 9:45:00 AM","2024-05-24"," 3:15:00 PM","","","","","","","21.53","2548.00"
"191.1","2024-05-24"," 9:45:00 AM","2024-05-24"," 3:15:00 PM","CE","75900","Sell","20","55.55","0.35","","1104.00"
"191.2","2024-05-24"," 9:45:00 AM","2024-05-24"," 3:15:00 PM","PE","75000","Sell","20","72.40","0.20","","1444.00"
"192","2024-05-24"," 9:45:00 AM","2024-05-24"," 3:15:00 PM","","","","","","","21.53","1716.00"
"192.1","2024-05-24"," 9:45:00 AM","2024-05-24"," 3:15:00 PM","CE","23350","Sell","65","49.50","37.10","","806.00"
"192.2","2024-05-24"," 9:45:00 AM","2024-05-24"," 3:15:00 PM","PE","22600","Sell","65","51.05","37.05","","910.00"
"193","2024-05-27"," 9:45:00 AM","2024-05-27"," 2:54:00 PM","","","","","","","22.80","-1183.00"
"193.1","2024-05-27"," 9:45:00 AM","2024-05-27"," 11:58:00 AM","CE","23350","Sell","65","36.40","54.60","","-1183.00"
"193.2","2024-05-27"," 9:45:00 AM","2024-05-27"," 2:54:00 PM","PE","22750","Sell","65","48.10","48.10","","0.00"
"194","2024-05-27"," 9:45:00 AM","2024-05-27"," 2:55:00 PM","","","","","","","22.80","-1577.00"
"194.1","2024-05-27"," 9:45:00 AM","2024-05-27"," 11:58:00 AM","CE","76700","Sell","20","157.65","236.50","","-1577.00"
"194.2","2024-05-27"," 9:45:00 AM","2024-05-27"," 2:55:00 PM","PE","74500","Sell","20","155.10","155.10","","0.00"
"195","2024-05-28"," 9:45:00 AM","2024-05-28"," 3:15:00 PM","","","","","","","23.64","1458.00"
"195.1","2024-05-28"," 9:45:00 AM","2024-05-28"," 3:15:00 PM","CE","76600","Sell","20","143.15","85.70","","1149.00"
"195.2","2024-05-28"," 9:45:00 AM","2024-05-28"," 3:15:00 PM","PE","74500","Sell","20","150.75","135.30","","309.00"
"196","2024-05-28"," 9:45:00 AM","2024-05-28"," 3:15:00 PM","","","","","","","23.64","1605.50"
"196.1","2024-05-28"," 9:45:00 AM","2024-05-28"," 3:15:00 PM","CE","23250","Sell","65","36.70","19.45","","1121.25"
"196.2","2024-05-28"," 9:45:00 AM","2024-05-28"," 3:15:00 PM","PE","22700","Sell","65","41.00","33.55","","484.25"
"197","2024-05-29"," 9:45:00 AM","2024-05-29"," 3:15:00 PM","","","","","","","23.98","-295.00"
"197.1","2024-05-29"," 9:45:00 AM","2024-05-29"," 3:15:00 PM","CE","75900","Sell","20","120.55","72.55","","960.00"
"197.2","2024-05-29"," 9:45:00 AM","2024-05-29"," 10:23:00 AM","PE","74200","Sell","20","125.55","188.30","","-1255.00"
"198","2024-05-29"," 9:45:00 AM","2024-05-29"," 3:15:00 PM","","","","","","","23.98","321.75"
"198.1","2024-05-29"," 9:45:00 AM","2024-05-29"," 3:15:00 PM","CE","23050","Sell","65","28.10","7.80","","1319.50"
"198.2","2024-05-29"," 9:45:00 AM","2024-05-29"," 10:23:00 AM","PE","22600","Sell","65","30.70","46.05","","-997.75"
"199","2024-05-30"," 9:45:00 AM","2024-05-30"," 3:15:00 PM","","","","","","","24.29","1632.00"
"199.1","2024-05-30"," 9:45:00 AM","2024-05-30"," 3:15:00 PM","CE","75100","Sell","20","116.35","33.80","","1651.00"
"199.2","2024-05-30"," 9:45:00 AM","2024-05-30"," 3:15:00 PM","PE","73400","Sell","20","138.95","139.90","","-19.00"
"200","2024-05-30"," 9:45:00 AM","2024-05-30"," 3:15:00 PM","","","","","","","24.29","2915.25"
"200.1","2024-05-30"," 9:45:00 AM","2024-05-30"," 3:15:00 PM","CE","22750","Sell","65","24.70","0.15","","1595.75"
"200.2","2024-05-30"," 9:45:00 AM","2024-05-30"," 3:15:00 PM","PE","22400","Sell","65","20.40","0.10","","1319.50"
"201","2024-05-31"," 9:45:00 AM","2024-05-31"," 2:32:00 PM","","","","","","","22.68","-2983.50"
"201.1","2024-05-31"," 9:45:00 AM","2024-05-31"," 2:32:00 PM","CE","23450","Sell","65","105.80","103.00","","182.00"
"201.2","2024-05-31"," 9:45:00 AM","2024-05-31"," 2:32:00 PM","PE","21800","Sell","65","123.90","172.60","","-3165.50"
"202","2024-05-31"," 9:45:00 AM","2024-05-31"," 3:15:00 PM","","","","","","","22.68","767.00"
"202.1","2024-05-31"," 9:45:00 AM","2024-05-31"," 3:15:00 PM","CE","75000","Sell","20","72.70","0.15","","1451.00"
"202.2","2024-05-31"," 9:45:00 AM","2024-05-31"," 10:00:00 AM","PE","74000","Sell","20","68.40","102.60","","-684.00"
"203","2024-06-03"," 9:45:00 AM","2024-06-03"," 3:15:00 PM","","","","","","","19.38","922.00"
"203.1","2024-06-03"," 9:45:00 AM","2024-06-03"," 2:11:00 PM","CE","78500","Sell","20","283.85","425.80","","-2839.00"
"203.2","2024-06-03"," 9:45:00 AM","2024-06-03"," 3:15:00 PM","PE","73000","Sell","20","395.15","207.10","","3761.00"
"204","2024-06-03"," 9:45:00 AM","2024-06-03"," 3:15:00 PM","","","","","","","19.38","-1397.50"
"204.1","2024-06-03"," 9:45:00 AM","2024-06-03"," 1:13:00 PM","CE","23750","Sell","65","80.65","121.00","","-2622.75"
"204.2","2024-06-03"," 9:45:00 AM","2024-06-03"," 3:15:00 PM","PE","22450","Sell","65","98.70","79.85","","1225.25"
"205","2024-06-04"," 9:45:00 AM","2024-06-04"," 9:48:00 AM","","","","","","","25.36","-2901.00"
"205.1","2024-06-04"," 9:45:00 AM","2024-06-04"," 9:48:00 AM","CE","77800","Sell","20","425.00","422.60","","48.00"
"205.2","2024-06-04"," 9:45:00 AM","2024-06-04"," 9:48:00 AM","PE","72700","Sell","20","288.75","436.20","","-2949.00"
"206","2024-06-04"," 9:45:00 AM","2024-06-04"," 3:15:00 PM","","","","","","","25.36","1465.75"
"206.1","2024-06-04"," 9:45:00 AM","2024-06-04"," 3:15:00 PM","CE","23700","Sell","65","136.50","42.00","","6142.50"
"206.2","2024-06-04"," 9:45:00 AM","2024-06-04"," 11:03:00 AM","PE","21600","Sell","65","143.95","215.90","","-4676.75"
"207","2024-06-05"," 9:45:00 AM","2024-06-05"," 3:15:00 PM","","","","","","","21.36","2966.00"
"207.1","2024-06-05"," 9:45:00 AM","2024-06-05"," 10:59:00 AM","CE","73900","Sell","20","219.65","329.50","","-2197.00"
"207.2","2024-06-05"," 9:45:00 AM","2024-06-05"," 3:15:00 PM","PE","70500","Sell","20","304.00","45.85","","5163.00"
"208","2024-06-05"," 9:45:00 AM","2024-06-05"," 3:15:00 PM","","","","","","","21.36","2379.00"
"208.1","2024-06-05"," 9:45:00 AM","2024-06-05"," 10:13:00 AM","CE","22300","Sell","65","49.95","74.95","","-1625.00"
"208.2","2024-06-05"," 9:45:00 AM","2024-06-05"," 3:15:00 PM","PE","21450","Sell","65","67.40","5.80","","4004.00"
"209","2024-06-06"," 9:45:00 AM","2024-06-06"," 9:53:00 AM","","","","","","","17.72","-942.50"
"209.1","2024-06-06"," 9:45:00 AM","2024-06-06"," 9:53:00 AM","CE","22950","Sell","65","36.80","36.80","","0.00"
"209.2","2024-06-06"," 9:45:00 AM","2024-06-06"," 9:50:00 AM","PE","22450","Sell","65","29.00","43.50","","-942.50"
"210","2024-06-06"," 9:45:00 AM","2024-06-06"," 11:48:00 AM","","","","","","","17.72","-1653.00"
"210.1","2024-06-06"," 9:45:00 AM","2024-06-06"," 11:02:00 AM","CE","76000","Sell","20","165.30","247.95","","-1653.00"
"210.2","2024-06-06"," 9:45:00 AM","2024-06-06"," 11:48:00 AM","PE","73700","Sell","20","163.55","163.55","","0.00"
"211","2024-06-07"," 9:45:00 AM","2024-06-07"," 10:17:00 AM","","","","","","","16.93","-1034.00"
"211.1","2024-06-07"," 9:45:00 AM","2024-06-07"," 10:00:00 AM","CE","76200","Sell","20","103.40","155.10","","-1034.00"
"211.2","2024-06-07"," 9:45:00 AM","2024-06-07"," 10:17:00 AM","PE","74800","Sell","20","89.55","89.55","","0.00"
"212","2024-06-07"," 9:45:00 AM","2024-06-07"," 3:15:00 PM","","","","","","","16.93","997.75"
"212.1","2024-06-07"," 9:45:00 AM","2024-06-07"," 11:37:00 AM","CE","23400","Sell","65","62.60","93.90","","-2034.50"
"212.2","2024-06-07"," 9:45:00 AM","2024-06-07"," 3:15:00 PM","PE","22450","Sell","65","77.35","30.70","","3032.25"
"213","2024-06-10"," 9:45:00 AM","2024-06-10"," 3:15:00 PM","","","","","","","17.01","2636.00"
"213.1","2024-06-10"," 9:45:00 AM","2024-06-10"," 3:15:00 PM","CE","78500","Sell","20","221.00","109.10","","2238.00"
"213.2","2024-06-10"," 9:45:00 AM","2024-06-10"," 3:15:00 PM","PE","75100","Sell","20","215.90","196.00","","398.00"
"214","2024-06-10"," 9:45:00 AM","2024-06-10"," 3:15:00 PM","","","","","","","17.01","2336.75"
"214.1","2024-06-10"," 9:45:00 AM","2024-06-10"," 3:15:00 PM","CE","23750","Sell","65","52.05","23.35","","1865.50"
"214.2","2024-06-10"," 9:45:00 AM","2024-06-10"," 3:15:00 PM","PE","22900","Sell","65","65.90","58.65","","471.25"
"215","2024-06-11"," 9:45:00 AM","2024-06-11"," 3:15:00 PM","","","","","","","15.87","2789.00"
"215.1","2024-06-11"," 9:45:00 AM","2024-06-11"," 3:15:00 PM","CE","77700","Sell","20","163.55","104.00","","1191.00"
"215.2","2024-06-11"," 9:45:00 AM","2024-06-11"," 3:15:00 PM","PE","75200","Sell","20","178.80","98.90","","1598.00"
"216","2024-06-11"," 9:45:00 AM","2024-06-11"," 3:15:00 PM","","","","","","","15.87","19.50"
"216.1","2024-06-11"," 9:45:00 AM","2024-06-11"," 10:40:00 AM","CE","23550","Sell","65","37.50","56.25","","-1218.75"
"216.2","2024-06-11"," 9:45:00 AM","2024-06-11"," 3:15:00 PM","PE","22900","Sell","65","41.25","22.20","","1238.25"
"217","2024-06-12"," 9:45:00 AM","2024-06-12"," 11:29:00 AM","","","","","","","14.41","-1087.00"
"217.1","2024-06-12"," 9:45:00 AM","2024-06-12"," 10:45:00 AM","CE","77700","Sell","20","108.75","163.10","","-1087.00"
"217.2","2024-06-12"," 9:45:00 AM","2024-06-12"," 11:29:00 AM","PE","75900","Sell","20","126.40","126.40","","0.00"
"218","2024-06-12"," 9:45:00 AM","2024-06-12"," 1:52:00 PM","","","","","","","14.41","-994.50"
"218.1","2024-06-12"," 9:45:00 AM","2024-06-12"," 10:04:00 AM","CE","23550","Sell","65","30.65","45.95","","-994.50"
"218.2","2024-06-12"," 9:45:00 AM","2024-06-12"," 1:52:00 PM","PE","23150","Sell","65","32.60","32.60","","0.00"
"219","2024-06-13"," 9:45:00 AM","2024-06-13"," 3:15:00 PM","","","","","","","14.19","2026.00"
"219.1","2024-06-13"," 9:45:00 AM","2024-06-13"," 3:15:00 PM","CE","77500","Sell","20","83.25","34.85","","968.00"
"219.2","2024-06-13"," 9:45:00 AM","2024-06-13"," 3:15:00 PM","PE","76100","Sell","20","101.65","48.75","","1058.00"
"220","2024-06-13"," 9:45:00 AM","2024-06-13"," 3:15:00 PM","","","","","","","14.19","2330.25"
"220.1","2024-06-13"," 9:45:00 AM","2024-06-13"," 3:15:00 PM","CE","23500","Sell","65","15.20","0.05","","984.75"
"220.2","2024-06-13"," 9:45:00 AM","2024-06-13"," 3:15:00 PM","PE","23250","Sell","65","20.80","0.10","","1345.50"
"221","2024-06-14"," 9:45:00 AM","2024-06-14"," 3:15:00 PM","","","","","","","13.12","632.00"
"221.1","2024-06-14"," 9:45:00 AM","2024-06-14"," 9:48:00 AM","CE","76900","Sell","20","46.15","69.20","","-461.00"
"221.2","2024-06-14"," 9:45:00 AM","2024-06-14"," 3:15:00 PM","PE","76200","Sell","20","54.75","0.10","","1093.00"
"222","2024-06-14"," 9:45:00 AM","2024-06-14"," 3:15:00 PM","","","","","","","13.12","-29.25"
"222.1","2024-06-14"," 9:45:00 AM","2024-06-14"," 10:08:00 AM","CE","23600","Sell","65","38.75","58.10","","-1257.75"
"222.2","2024-06-14"," 9:45:00 AM","2024-06-14"," 3:15:00 PM","PE","23050","Sell","65","39.05","20.15","","1228.50"
"223","2024-06-18"," 9:45:00 AM","2024-06-18"," 3:15:00 PM","","","","","","","13.31","1127.00"
"223.1","2024-06-18"," 9:45:00 AM","2024-06-18"," 3:15:00 PM","CE","78100","Sell","20","122.10","80.55","","831.00"
"223.2","2024-06-18"," 9:45:00 AM","2024-06-18"," 3:15:00 PM","PE","76400","Sell","20","118.00","103.20","","296.00"
"224","2024-06-18"," 9:45:00 AM","2024-06-18"," 3:15:00 PM","","","","","","","13.31","1114.75"
"224.1","2024-06-18"," 9:45:00 AM","2024-06-18"," 3:15:00 PM","CE","23750","Sell","65","28.50","16.35","","789.75"
"224.2","2024-06-18"," 9:45:00 AM","2024-06-18"," 3:15:00 PM","PE","23350","Sell","65","30.65","25.65","","325.00"
"225","2024-06-19"," 9:45:00 AM","2024-06-19"," 11:48:00 AM","","","","","","","13.26","-1070.00"
"225.1","2024-06-19"," 9:45:00 AM","2024-06-19"," 11:48:00 AM","CE","78100","Sell","20","107.65","107.85","","-4.00"
"225.2","2024-06-19"," 9:45:00 AM","2024-06-19"," 10:16:00 AM","PE","76600","Sell","20","106.60","159.90","","-1066.00"
"226","2024-06-19"," 9:45:00 AM","2024-06-19"," 2:32:00 PM","","","","","","","13.26","-997.75"
"226.1","2024-06-19"," 9:45:00 AM","2024-06-19"," 2:32:00 PM","CE","23750","Sell","65","21.20","21.20","","0.00"
"226.2","2024-06-19"," 9:45:00 AM","2024-06-19"," 10:15:00 AM","PE","23400","Sell","65","29.60","44.95","","-997.75"
"227","2024-06-20"," 9:45:00 AM","2024-06-20"," 10:00:00 AM","","","","","","","13.87","-588.25"
"227.1","2024-06-20"," 9:45:00 AM","2024-06-20"," 10:00:00 AM","CE","23650","Sell","65","19.70","19.70","","0.00"
"227.2","2024-06-20"," 9:45:00 AM","2024-06-20"," 9:50:00 AM","PE","23300","Sell","65","18.05","27.10","","-588.25"
"228","2024-06-20"," 9:45:00 AM","2024-06-20"," 3:15:00 PM","","","","","","","13.87","1813.00"
"228.1","2024-06-20"," 9:45:00 AM","2024-06-20"," 3:15:00 PM","CE","78000","Sell","20","100.70","73.85","","537.00"
"228.2","2024-06-20"," 9:45:00 AM","2024-06-20"," 3:15:00 PM","PE","76500","Sell","20","91.15","27.35","","1276.00"
"229","2024-06-21"," 9:45:00 AM","2024-06-21"," 3:15:00 PM","","","","","","","13.41","457.00"
"229.1","2024-06-21"," 9:45:00 AM","2024-06-21"," 3:15:00 PM","CE","77900","Sell","20","55.10","0.25","","1097.00"
"229.2","2024-06-21"," 9:45:00 AM","2024-06-21"," 10:46:00 AM","PE","76900","Sell","20","63.95","95.95","","-640.00"
"230","2024-06-21"," 9:45:00 AM","2024-06-21"," 3:15:00 PM","","","","","","","13.41","-227.50"
"230.1","2024-06-21"," 9:45:00 AM","2024-06-21"," 3:15:00 PM","CE","23850","Sell","65","39.45","20.45","","1235.00"
"230.2","2024-06-21"," 9:45:00 AM","2024-06-21"," 12:42:00 PM","PE","23300","Sell","65","44.95","67.45","","-1462.50"
"231","2024-06-24"," 9:45:00 AM","2024-06-24"," 3:15:00 PM","","","","","","","13.57","-8.00"
"231.1","2024-06-24"," 9:45:00 AM","2024-06-24"," 10:49:00 AM","CE","77900","Sell","20","141.30","211.95","","-1413.00"
"231.2","2024-06-24"," 9:45:00 AM","2024-06-24"," 3:15:00 PM","PE","75800","Sell","20","149.05","78.80","","1405.00"
"232","2024-06-24"," 9:45:00 AM","2024-06-24"," 3:15:00 PM","","","","","","","13.57","347.75"
"232.1","2024-06-24"," 9:45:00 AM","2024-06-24"," 10:16:00 AM","CE","23650","Sell","65","32.00","48.00","","-1040.00"
"232.2","2024-06-24"," 9:45:00 AM","2024-06-24"," 3:15:00 PM","PE","23100","Sell","65","38.10","16.75","","1387.75"
"233","2024-06-25"," 9:45:00 AM","2024-06-25"," 3:15:00 PM","","","","","","","14.07","-81.00"
"233.1","2024-06-25"," 9:45:00 AM","2024-06-25"," 1:01:00 PM","CE","78400","Sell","20","114.70","172.05","","-1147.00"
"233.2","2024-06-25"," 9:45:00 AM","2024-06-25"," 3:15:00 PM","PE","76500","Sell","20","131.60","78.30","","1066.00"
"234","2024-06-25"," 9:45:00 AM","2024-06-25"," 3:15:00 PM","","","","","","","14.07","-126.75"
"234.1","2024-06-25"," 9:45:00 AM","2024-06-25"," 12:39:00 PM","CE","23800","Sell","65","29.55","44.30","","-958.75"
"234.2","2024-06-25"," 9:45:00 AM","2024-06-25"," 3:15:00 PM","PE","23350","Sell","65","32.95","20.15","","832.00"
"235","2024-06-26"," 9:45:00 AM","2024-06-26"," 3:15:00 PM","","","","","","","14.30","327.00"
"235.1","2024-06-26"," 9:45:00 AM","2024-06-26"," 10:57:00 AM","CE","78700","Sell","20","121.70","182.55","","-1217.00"
"235.2","2024-06-26"," 9:45:00 AM","2024-06-26"," 3:15:00 PM","PE","77000","Sell","20","126.35","49.15","","1544.00"
"236","2024-06-26"," 9:45:00 AM","2024-06-26"," 3:15:00 PM","","","","","","","14.30","1072.50"
"236.1","2024-06-26"," 9:45:00 AM","2024-06-26"," 10:21:00 AM","CE","23900","Sell","65","20.35","30.50","","-659.75"
"236.2","2024-06-26"," 9:45:00 AM","2024-06-26"," 3:15:00 PM","PE","23500","Sell","65","32.60","5.95","","1732.25"
"237","2024-06-27"," 9:45:00 AM","2024-06-27"," 10:44:00 AM","","","","","","","14.16","-1009.00"
"237.1","2024-06-27"," 9:45:00 AM","2024-06-27"," 10:03:00 AM","CE","79400","Sell","20","100.90","151.35","","-1009.00"
"237.2","2024-06-27"," 9:45:00 AM","2024-06-27"," 10:44:00 AM","PE","77800","Sell","20","101.40","101.40","","0.00"
"238","2024-06-27"," 9:45:00 AM","2024-06-27"," 3:15:00 PM","","","","","","","14.16","458.25"
"238.1","2024-06-27"," 9:45:00 AM","2024-06-27"," 9:58:00 AM","CE","24000","Sell","65","21.00","31.50","","-682.50"
"238.2","2024-06-27"," 9:45:00 AM","2024-06-27"," 3:15:00 PM","PE","23700","Sell","65","17.65","0.10","","1140.75"
"239","2024-06-28"," 9:45:00 AM","2024-06-28"," 3:15:00 PM","","","","","","","14.15","413.00"
"239.1","2024-06-28"," 9:45:00 AM","2024-06-28"," 3:15:00 PM","CE","80100","Sell","20","59.00","0.30","","1174.00"
"239.2","2024-06-28"," 9:45:00 AM","2024-06-28"," 12:18:00 PM","PE","79100","Sell","20","76.05","114.10","","-761.00"
"240","2024-06-28"," 9:45:00 AM","2024-06-28"," 3:15:00 PM","","","","","","","14.15","1316.25"
"240.1","2024-06-28"," 9:45:00 AM","2024-06-28"," 3:15:00 PM","CE","24500","Sell","65","43.45","17.75","","1670.50"
"240.2","2024-06-28"," 9:45:00 AM","2024-06-28"," 3:15:00 PM","PE","23800","Sell","65","57.85","63.30","","-354.25"
"241","2024-07-01"," 9:45:00 AM","2024-07-01"," 3:15:00 PM","","","","","","","14.13","1037.00"
"241.1","2024-07-01"," 9:45:00 AM","2024-07-01"," 3:15:00 PM","CE","80400","Sell","20","162.85","149.00","","277.00"
"241.2","2024-07-01"," 9:45:00 AM","2024-07-01"," 3:15:00 PM","PE","78100","Sell","20","155.75","117.75","","760.00"
"242","2024-07-01"," 9:45:00 AM","2024-07-01"," 3:15:00 PM","","","","","","","14.13","981.50"
"242.1","2024-07-01"," 9:45:00 AM","2024-07-01"," 3:15:00 PM","CE","24400","Sell","65","35.90","31.35","","295.75"
"242.2","2024-07-01"," 9:45:00 AM","2024-07-01"," 3:15:00 PM","PE","23800","Sell","65","41.65","31.10","","685.75"
"243","2024-07-02"," 9:45:00 AM","2024-07-02"," 3:15:00 PM","","","","","","","13.93","1271.00"
"243.1","2024-07-02"," 9:45:00 AM","2024-07-02"," 3:15:00 PM","CE","80300","Sell","20","141.70","132.70","","180.00"
"243.2","2024-07-02"," 9:45:00 AM","2024-07-02"," 3:15:00 PM","PE","78300","Sell","20","154.20","99.65","","1091.00"
"244","2024-07-02"," 9:45:00 AM","2024-07-02"," 3:15:00 PM","","","","","","","13.93","1602.25"
"244.1","2024-07-02"," 9:45:00 AM","2024-07-02"," 3:15:00 PM","CE","24350","Sell","65","35.10","26.80","","539.50"
"244.2","2024-07-02"," 9:45:00 AM","2024-07-02"," 3:15:00 PM","PE","23850","Sell","65","40.10","23.75","","1062.75"
"245","2024-07-03"," 9:45:00 AM","2024-07-03"," 3:15:00 PM","","","","","","","13.51","732.00"
"245.1","2024-07-03"," 9:45:00 AM","2024-07-03"," 3:15:00 PM","CE","80700","Sell","20","109.20","96.05","","263.00"
"245.2","2024-07-03"," 9:45:00 AM","2024-07-03"," 3:15:00 PM","PE","79000","Sell","20","116.45","93.00","","469.00"
"246","2024-07-03"," 9:45:00 AM","2024-07-03"," 3:15:00 PM","","","","","","","13.51","1436.50"
"246.1","2024-07-03"," 9:45:00 AM","2024-07-03"," 3:15:00 PM","CE","24450","Sell","65","30.35","20.25","","656.50"
"246.2","2024-07-03"," 9:45:00 AM","2024-07-03"," 3:15:00 PM","PE","24050","Sell","65","24.75","12.75","","780.00"
"247","2024-07-04"," 9:45:00 AM","2024-07-04"," 3:15:00 PM","","","","","","","13.03","342.00"
"247.1","2024-07-04"," 9:45:00 AM","2024-07-04"," 3:15:00 PM","CE","80900","Sell","20","86.00","25.90","","1202.00"
"247.2","2024-07-04"," 9:45:00 AM","2024-07-04"," 10:28:00 AM","PE","79600","Sell","20","86.00","129.00","","-860.00"
"248","2024-07-04"," 9:45:00 AM","2024-07-04"," 3:15:00 PM","","","","","","","13.03","422.50"
"248.1","2024-07-04"," 9:45:00 AM","2024-07-04"," 3:15:00 PM","CE","24500","Sell","65","14.15","0.10","","913.25"
"248.2","2024-07-04"," 9:45:00 AM","2024-07-04"," 10:19:00 AM","PE","24300","Sell","65","15.10","22.65","","-490.75"
"249","2024-07-05"," 9:45:00 AM","2024-07-05"," 11:32:00 AM","","","","","","","12.90","-526.00"
"249.1","2024-07-05"," 9:45:00 AM","2024-07-05"," 11:32:00 AM","CE","80000","Sell","20","47.50","47.50","","0.00"
"249.2","2024-07-05"," 9:45:00 AM","2024-07-05"," 9:57:00 AM","PE","79300","Sell","20","52.60","78.90","","-526.00"
"250","2024-07-05"," 9:45:00 AM","2024-07-05"," 3:15:00 PM","","","","","","","12.90","169.00"
"250.1","2024-07-05"," 9:45:00 AM","2024-07-05"," 3:12:00 PM","CE","24500","Sell","65","40.10","60.15","","-1303.25"
"250.2","2024-07-05"," 9:45:00 AM","2024-07-05"," 3:15:00 PM","PE","23950","Sell","65","40.80","18.15","","1472.25"
"251","2024-07-08"," 9:45:00 AM","2024-07-08"," 3:15:00 PM","","","","","","","13.49","631.00"
"251.1","2024-07-08"," 9:45:00 AM","2024-07-08"," 3:15:00 PM","CE","80800","Sell","20","132.00","139.85","","-157.00"
"251.2","2024-07-08"," 9:45:00 AM","2024-07-08"," 3:15:00 PM","PE","78900","Sell","20","136.50","97.10","","788.00"
"252","2024-07-08"," 9:45:00 AM","2024-07-08"," 3:15:00 PM","","","","","","","13.49","767.00"
"252.1","2024-07-08"," 9:45:00 AM","2024-07-08"," 3:15:00 PM","CE","24500","Sell","65","34.55","37.75","","-208.00"
"252.2","2024-07-08"," 9:45:00 AM","2024-07-08"," 3:15:00 PM","PE","24050","Sell","65","38.30","23.30","","975.00"
"253","2024-07-09"," 9:45:00 AM","2024-07-09"," 3:15:00 PM","","","","","","","13.92","423.00"
"253.1","2024-07-09"," 9:45:00 AM","2024-07-09"," 3:15:00 PM","CE","81000","Sell","20","108.15","121.35","","-264.00"
"253.2","2024-07-09"," 9:45:00 AM","2024-07-09"," 3:15:00 PM","PE","79300","Sell","20","115.95","81.60","","687.00"
"254","2024-07-09"," 9:45:00 AM","2024-07-09"," 3:15:00 PM","","","","","","","13.92","156.00"
"254.1","2024-07-09"," 9:45:00 AM","2024-07-09"," 1:12:00 PM","CE","24600","Sell","65","20.10","30.15","","-653.25"
"254.2","2024-07-09"," 9:45:00 AM","2024-07-09"," 3:15:00 PM","PE","24150","Sell","65","26.25","13.80","","809.25"
"255","2024-07-10"," 9:45:00 AM","2024-07-10"," 3:15:00 PM","","","","","","","14.41","-91.00"
"255.1","2024-07-10"," 9:45:00 AM","2024-07-10"," 3:15:00 PM","CE","80900","Sell","20","103.20","53.50","","994.00"
"255.2","2024-07-10"," 9:45:00 AM","2024-07-10"," 10:21:00 AM","PE","79500","Sell","20","108.45","162.70","","-1085.00"
"256","2024-07-10"," 9:45:00 AM","2024-07-10"," 3:15:00 PM","","","","","","","14.41","110.50"
"256.1","2024-07-10"," 9:45:00 AM","2024-07-10"," 3:15:00 PM","CE","24550","Sell","65","23.30","8.65","","952.25"
"256.2","2024-07-10"," 9:45:00 AM","2024-07-10"," 10:11:00 AM","PE","24250","Sell","65","25.90","38.85","","-841.75"
"257","2024-07-11"," 9:45:00 AM","2024-07-11"," 10:14:00 AM","","","","","","","14.28","-546.00"
"257.1","2024-07-11"," 9:45:00 AM","2024-07-11"," 10:14:00 AM","CE","24400","Sell","65","16.50","17.25","","-48.75"
"257.2","2024-07-11"," 9:45:00 AM","2024-07-11"," 10:13:00 AM","PE","24250","Sell","65","15.25","22.90","","-497.25"
"258","2024-07-11"," 9:45:00 AM","2024-07-11"," 3:15:00 PM","","","","","","","14.28","-364.00"
"258.1","2024-07-11"," 9:45:00 AM","2024-07-11"," 3:15:00 PM","CE","80500","Sell","20","83.05","61.00","","441.00"
"258.2","2024-07-11"," 9:45:00 AM","2024-07-11"," 10:14:00 AM","PE","79300","Sell","20","80.50","120.75","","-805.00"
"259","2024-07-12"," 9:45:00 AM","2024-07-12"," 10:54:00 AM","","","","","","","13.83","-597.00"
"259.1","2024-07-12"," 9:45:00 AM","2024-07-12"," 10:54:00 AM","CE","80700","Sell","20","46.45","46.45","","0.00"
"259.2","2024-07-12"," 9:45:00 AM","2024-07-12"," 9:52:00 AM","PE","79800","Sell","20","59.65","89.50","","-597.00"
"260","2024-07-12"," 9:45:00 AM","2024-07-12"," 3:15:00 PM","","","","","","","13.83","-377.00"
"260.1","2024-07-12"," 9:45:00 AM","2024-07-12"," 10:59:00 AM","CE","24700","Sell","65","31.65","47.45","","-1027.00"
"260.2","2024-07-12"," 9:45:00 AM","2024-07-12"," 3:15:00 PM","PE","24200","Sell","65","40.80","30.80","","650.00"
"261","2024-07-15"," 9:45:00 AM","2024-07-15"," 3:15:00 PM","","","","","","","14.20","985.00"
"261.1","2024-07-15"," 9:45:00 AM","2024-07-15"," 3:15:00 PM","CE","81600","Sell","20","141.15","122.75","","368.00"
"261.2","2024-07-15"," 9:45:00 AM","2024-07-15"," 3:15:00 PM","PE","79600","Sell","20","145.75","114.90","","617.00"
"262","2024-07-15"," 9:45:00 AM","2024-07-15"," 3:15:00 PM","","","","","","","14.20","-240.50"
"262.1","2024-07-15"," 9:45:00 AM","2024-07-15"," 11:52:00 AM","CE","24750","Sell","65","33.30","49.95","","-1082.25"
"262.2","2024-07-15"," 9:45:00 AM","2024-07-15"," 3:15:00 PM","PE","24300","Sell","65","33.90","20.95","","841.75"
"263","2024-07-16"," 9:45:00 AM","2024-07-16"," 3:15:00 PM","","","","","","","14.36","1693.00"
"263.1","2024-07-16"," 9:45:00 AM","2024-07-16"," 3:15:00 PM","CE","81700","Sell","20","109.20","57.10","","1042.00"
"263.2","2024-07-16"," 9:45:00 AM","2024-07-16"," 3:15:00 PM","PE","79900","Sell","20","137.65","105.10","","651.00"
"264","2024-07-16"," 9:45:00 AM","2024-07-16"," 3:15:00 PM","","","","","","","14.36","1706.25"
"264.1","2024-07-16"," 9:45:00 AM","2024-07-16"," 3:15:00 PM","CE","24800","Sell","65","25.40","10.10","","994.50"
"264.2","2024-07-16"," 9:45:00 AM","2024-07-16"," 3:15:00 PM","PE","24450","Sell","65","30.75","19.80","","711.75"
"265","2024-07-18"," 9:45:00 AM","2024-07-18"," 11:02:00 AM","","","","","","","14.50","-458.25"
"265.1","2024-07-18"," 9:45:00 AM","2024-07-18"," 9:48:00 AM","CE","24700","Sell","65","14.05","21.10","","-458.25"
"265.2","2024-07-18"," 9:45:00 AM","2024-07-18"," 11:02:00 AM","PE","24500","Sell","65","18.35","18.35","","0.00"
"266","2024-07-18"," 9:45:00 AM","2024-07-18"," 11:14:00 AM","","","","","","","14.50","-889.00"
"266.1","2024-07-18"," 9:45:00 AM","2024-07-18"," 9:50:00 AM","CE","81300","Sell","20","88.95","133.40","","-889.00"
"266.2","2024-07-18"," 9:45:00 AM","2024-07-18"," 11:14:00 AM","PE","80000","Sell","20","98.90","98.90","","0.00"
"267","2024-07-19"," 9:45:00 AM","2024-07-19"," 3:15:00 PM","","","","","","","14.42","572.00"
"267.1","2024-07-19"," 9:45:00 AM","2024-07-19"," 3:15:00 PM","CE","81800","Sell","20","63.80","0.20","","1272.00"
"267.2","2024-07-19"," 9:45:00 AM","2024-07-19"," 9:48:00 AM","PE","80800","Sell","20","70.00","105.00","","-700.00"
"268","2024-07-19"," 9:45:00 AM","2024-07-19"," 3:15:00 PM","","","","","","","14.42","-588.25"
"268.1","2024-07-19"," 9:45:00 AM","2024-07-19"," 3:15:00 PM","CE","25200","Sell","65","61.00","37.10","","1553.50"
"268.2","2024-07-19"," 9:45:00 AM","2024-07-19"," 11:46:00 AM","PE","24250","Sell","65","65.90","98.85","","-2141.75"
"269","2024-07-22"," 9:45:00 AM","2024-07-22"," 3:15:00 PM","","","","","","","15.40","307.00"
"269.1","2024-07-22"," 9:45:00 AM","2024-07-22"," 3:15:00 PM","CE","82300","Sell","20","250.00","238.80","","224.00"
"269.2","2024-07-22"," 9:45:00 AM","2024-07-22"," 3:15:00 PM","PE","79000","Sell","20","281.35","277.20","","83.00"
"270","2024-07-22"," 9:45:00 AM","2024-07-22"," 3:15:00 PM","","","","","","","15.40","669.50"
"270.1","2024-07-22"," 9:45:00 AM","2024-07-22"," 3:15:00 PM","CE","25000","Sell","65","63.80","59.50","","279.50"
"270.2","2024-07-22"," 9:45:00 AM","2024-07-22"," 3:15:00 PM","PE","24000","Sell","65","69.25","63.25","","390.00"
"271","2024-07-23"," 9:45:00 AM","2024-07-23"," 3:15:00 PM","","","","","","","15.35","894.00"
"271.1","2024-07-23"," 9:45:00 AM","2024-07-23"," 3:15:00 PM","CE","82300","Sell","20","218.40","48.70","","3394.00"
"271.2","2024-07-23"," 9:45:00 AM","2024-07-23"," 12:21:00 PM","PE","78800","Sell","20","250.00","375.00","","-2500.00"
"272","2024-07-23"," 9:45:00 AM","2024-07-23"," 3:15:00 PM","","","","","","","15.35","1215.50"
"272.1","2024-07-23"," 9:45:00 AM","2024-07-23"," 3:15:00 PM","CE","24950","Sell","65","65.05","11.25","","3497.00"
"272.2","2024-07-23"," 9:45:00 AM","2024-07-23"," 12:21:00 PM","PE","23950","Sell","65","70.20","105.30","","-2281.50"
"273","2024-07-24"," 9:45:00 AM","2024-07-24"," 11:30:00 AM","","","","","","","12.63","-1140.75"
"273.1","2024-07-24"," 9:45:00 AM","2024-07-24"," 10:55:00 AM","CE","24600","Sell","65","35.10","52.65","","-1140.75"
"273.2","2024-07-24"," 9:45:00 AM","2024-07-24"," 11:30:00 AM","PE","24150","Sell","65","31.10","31.10","","0.00"
"274","2024-07-24"," 9:45:00 AM","2024-07-24"," 3:15:00 PM","","","","","","","12.63","-50.00"
"274.1","2024-07-24"," 9:45:00 AM","2024-07-24"," 3:15:00 PM","CE","81100","Sell","20","128.60","67.45","","1223.00"
"274.2","2024-07-24"," 9:45:00 AM","2024-07-24"," 12:08:00 PM","PE","79400","Sell","20","127.35","191.00","","-1273.00"
"275","2024-07-25"," 9:45:00 AM","2024-07-25"," 10:05:00 AM","","","","","","","12.38","-607.75"
"275.1","2024-07-25"," 9:45:00 AM","2024-07-25"," 10:05:00 AM","CE","24400","Sell","65","19.20","19.20","","0.00"
"275.2","2024-07-25"," 9:45:00 AM","2024-07-25"," 9:47:00 AM","PE","24150","Sell","65","18.65","28.00","","-607.75"
"276","2024-07-25"," 9:45:00 AM","2024-07-25"," 3:15:00 PM","","","","","","","12.38","520.00"
"276.1","2024-07-25"," 9:45:00 AM","2024-07-25"," 12:19:00 PM","CE","80400","Sell","20","90.15","135.25","","-902.00"
"276.2","2024-07-25"," 9:45:00 AM","2024-07-25"," 3:15:00 PM","PE","79000","Sell","20","99.65","28.55","","1422.00"
"277","2024-07-26"," 9:45:00 AM","2024-07-26"," 10:01:00 AM","","","","","","","12.29","-747.00"
"277.1","2024-07-26"," 9:45:00 AM","2024-07-26"," 10:00:00 AM","CE","80800","Sell","20","63.00","94.50","","-630.00"
"277.2","2024-07-26"," 9:45:00 AM","2024-07-26"," 10:01:00 AM","PE","80000","Sell","20","64.80","70.65","","-117.00"
"278","2024-07-26"," 9:45:00 AM","2024-07-26"," 3:15:00 PM","","","","","","","12.29","734.50"
"278.1","2024-07-26"," 9:45:00 AM","2024-07-26"," 10:18:00 AM","CE","24800","Sell","65","42.35","63.50","","-1374.75"
"278.2","2024-07-26"," 9:45:00 AM","2024-07-26"," 3:15:00 PM","PE","24200","Sell","65","44.65","12.20","","2109.25"
"279","2024-07-29"," 9:45:00 AM","2024-07-29"," 12:17:00 PM","","","","","","","12.72","-1225.25"
"279.1","2024-07-29"," 9:45:00 AM","2024-07-29"," 11:39:00 AM","CE","25150","Sell","65","37.70","56.55","","-1225.25"
"279.2","2024-07-29"," 9:45:00 AM","2024-07-29"," 12:17:00 PM","PE","24650","Sell","65","36.15","36.15","","0.00"
"280","2024-07-29"," 9:45:00 AM","2024-07-29"," 12:23:00 PM","","","","","","","12.72","-1356.00"
"280.1","2024-07-29"," 9:45:00 AM","2024-07-29"," 12:23:00 PM","CE","82700","Sell","20","135.00","135.00","","0.00"
"280.2","2024-07-29"," 9:45:00 AM","2024-07-29"," 12:20:00 PM","PE","80600","Sell","20","135.55","203.35","","-1356.00"
"281","2024-07-30"," 9:45:00 AM","2024-07-30"," 3:15:00 PM","","","","","","","12.94","1519.00"
"281.1","2024-07-30"," 9:45:00 AM","2024-07-30"," 3:15:00 PM","CE","82500","Sell","20","122.70","86.00","","734.00"
"281.2","2024-07-30"," 9:45:00 AM","2024-07-30"," 3:15:00 PM","PE","80600","Sell","20","134.25","95.00","","785.00"
"282","2024-07-30"," 9:45:00 AM","2024-07-30"," 3:15:00 PM","","","","","","","12.94","1205.75"
"282.1","2024-07-30"," 9:45:00 AM","2024-07-30"," 3:15:00 PM","CE","25150","Sell","65","25.35","12.25","","851.50"
"282.2","2024-07-30"," 9:45:00 AM","2024-07-30"," 3:15:00 PM","PE","24650","Sell","65","33.10","27.65","","354.25"
"283","2024-07-31"," 9:45:00 AM","2024-07-31"," 11:11:00 AM","","","","","","","13.21","-760.50"
"283.1","2024-07-31"," 9:45:00 AM","2024-07-31"," 10:10:00 AM","CE","25100","Sell","65","23.35","35.05","","-760.50"
"283.2","2024-07-31"," 9:45:00 AM","2024-07-31"," 11:11:00 AM","PE","24700","Sell","65","33.00","33.00","","0.00"
"284","2024-07-31"," 9:45:00 AM","2024-07-31"," 3:15:00 PM","","","","","","","13.21","363.00"
"284.1","2024-07-31"," 9:45:00 AM","2024-07-31"," 3:15:00 PM","CE","82400","Sell","20","116.45","129.40","","-259.00"
"284.2","2024-07-31"," 9:45:00 AM","2024-07-31"," 3:15:00 PM","PE","80700","Sell","20","112.25","81.15","","622.00"
"285","2024-08-01"," 9:45:00 AM","2024-08-01"," 3:15:00 PM","","","","","","","13.03","230.00"
"285.1","2024-08-01"," 9:45:00 AM","2024-08-01"," 3:15:00 PM","CE","82700","Sell","20","88.75","31.70","","1141.00"
"285.2","2024-08-01"," 9:45:00 AM","2024-08-01"," 12:38:00 PM","PE","81300","Sell","20","91.05","136.60","","-911.00"
"286","2024-08-01"," 9:45:00 AM","2024-08-01"," 3:15:00 PM","","","","","","","13.03","1751.75"
"286.1","2024-08-01"," 9:45:00 AM","2024-08-01"," 3:15:00 PM","CE","25150","Sell","65","12.40","0.05","","802.75"
"286.2","2024-08-01"," 9:45:00 AM","2024-08-01"," 3:15:00 PM","PE","24900","Sell","65","14.70","0.10","","949.00"
"287","2024-08-02"," 9:45:00 AM","2024-08-02"," 3:15:00 PM","","","","","","","13.91","2610.00"
"287.1","2024-08-02"," 9:45:00 AM","2024-08-02"," 3:15:00 PM","CE","81500","Sell","20","71.65","0.35","","1426.00"
"287.2","2024-08-02"," 9:45:00 AM","2024-08-02"," 3:15:00 PM","PE","80600","Sell","20","59.40","0.20","","1184.00"
"288","2024-08-02"," 9:45:00 AM","2024-08-02"," 3:15:00 PM","","","","","","","13.91","1134.25"
"288.1","2024-08-02"," 9:45:00 AM","2024-08-02"," 3:15:00 PM","CE","25050","Sell","65","48.60","32.90","","1020.50"
"288.2","2024-08-02"," 9:45:00 AM","2024-08-02"," 3:15:00 PM","PE","24350","Sell","65","45.65","43.90","","113.75"
"289","2024-08-05"," 9:45:00 AM","2024-08-05"," 3:15:00 PM","","","","","","","16.61","-819.00"
"289.1","2024-08-05"," 9:45:00 AM","2024-08-05"," 3:15:00 PM","CE","81000","Sell","20","194.85","132.45","","1248.00"
"289.2","2024-08-05"," 9:45:00 AM","2024-08-05"," 10:49:00 AM","PE","78000","Sell","20","206.75","310.10","","-2067.00"
"290","2024-08-05"," 9:45:00 AM","2024-08-05"," 3:15:00 PM","","","","","","","16.61","-273.00"
"290.1","2024-08-05"," 9:45:00 AM","2024-08-05"," 3:15:00 PM","CE","24600","Sell","65","48.75","24.75","","1560.00"
"290.2","2024-08-05"," 9:45:00 AM","2024-08-05"," 10:43:00 AM","PE","23900","Sell","65","56.40","84.60","","-1833.00"
"291","2024-08-06"," 9:45:00 AM","2024-08-06"," 3:15:00 PM","","","","","","","17.83","125.00"
"291.1","2024-08-06"," 9:45:00 AM","2024-08-06"," 3:15:00 PM","CE","80800","Sell","20","177.95","71.00","","2139.00"
"291.2","2024-08-06"," 9:45:00 AM","2024-08-06"," 10:37:00 AM","PE","78100","Sell","20","201.45","302.15","","-2014.00"
"292","2024-08-06"," 9:45:00 AM","2024-08-06"," 3:15:00 PM","","","","","","","17.83","464.75"
"292.1","2024-08-06"," 9:45:00 AM","2024-08-06"," 3:15:00 PM","CE","24550","Sell","65","43.95","11.00","","2141.75"
"292.2","2024-08-06"," 9:45:00 AM","2024-08-06"," 10:37:00 AM","PE","23950","Sell","65","51.60","77.40","","-1677.00"
"293","2024-08-07"," 9:45:00 AM","2024-08-07"," 12:00:00 PM","","","","","","","17.21","-1082.25"
"293.1","2024-08-07"," 9:45:00 AM","2024-08-07"," 10:31:00 AM","CE","24450","Sell","65","33.25","49.90","","-1082.25"
"293.2","2024-08-07"," 9:45:00 AM","2024-08-07"," 12:00:00 PM","PE","24000","Sell","65","40.35","40.35","","0.00"
"294","2024-08-07"," 9:45:00 AM","2024-08-07"," 3:15:00 PM","","","","","","","17.21","1495.00"
"294.1","2024-08-07"," 9:45:00 AM","2024-08-07"," 3:15:00 PM","CE","80400","Sell","20","142.90","146.00","","-62.00"
"294.2","2024-08-07"," 9:45:00 AM","2024-08-07"," 3:15:00 PM","PE","78200","Sell","20","162.60","84.75","","1557.00"
"295","2024-08-08"," 9:45:00 AM","2024-08-08"," 10:29:00 AM","","","","","","","16.66","-1372.00"
"295.1","2024-08-08"," 9:45:00 AM","2024-08-08"," 10:29:00 AM","CE","80200","Sell","20","133.70","133.70","","0.00"
"295.2","2024-08-08"," 9:45:00 AM","2024-08-08"," 10:10:00 AM","PE","78300","Sell","20","137.20","205.80","","-1372.00"
"296","2024-08-08"," 9:45:00 AM","2024-08-08"," 10:29:00 AM","","","","","","","16.66","-932.75"
"296.1","2024-08-08"," 9:45:00 AM","2024-08-08"," 10:29:00 AM","CE","24450","Sell","65","27.35","27.35","","0.00"
"296.2","2024-08-08"," 9:45:00 AM","2024-08-08"," 10:07:00 AM","PE","24000","Sell","65","28.70","43.05","","-932.75"
"297","2024-08-09"," 9:45:00 AM","2024-08-09"," 3:15:00 PM","","","","","","","15.62","530.00"
"297.1","2024-08-09"," 9:45:00 AM","2024-08-09"," 3:15:00 PM","CE","80300","Sell","20","60.00","0.10","","1198.00"
"297.2","2024-08-09"," 9:45:00 AM","2024-08-09"," 9:59:00 AM","PE","79400","Sell","20","66.85","100.25","","-668.00"
"298","2024-08-09"," 9:45:00 AM","2024-08-09"," 3:15:00 PM","","","","","","","15.62","-734.50"
"298.1","2024-08-09"," 9:45:00 AM","2024-08-09"," 3:15:00 PM","CE","24750","Sell","65","39.25","24.05","","988.00"
"298.2","2024-08-09"," 9:45:00 AM","2024-08-09"," 10:34:00 AM","PE","24050","Sell","65","52.95","79.45","","-1722.50"
"299","2024-08-12"," 9:45:00 AM","2024-08-12"," 3:15:00 PM","","","","","","","16.18","-155.00"
"299.1","2024-08-12"," 9:45:00 AM","2024-08-12"," 10:57:00 AM","CE","80600","Sell","20","137.00","207.40","","-1408.00"
"299.2","2024-08-12"," 9:45:00 AM","2024-08-12"," 3:15:00 PM","PE","78200","Sell","20","194.00","131.35","","1253.00"
"300","2024-08-12"," 9:45:00 AM","2024-08-12"," 3:15:00 PM","","","","","","","16.18","94.25"
"300.1","2024-08-12"," 9:45:00 AM","2024-08-12"," 10:45:00 AM","CE","24550","Sell","65","36.15","54.20","","-1173.25"
"300.2","2024-08-12"," 9:45:00 AM","2024-08-12"," 3:15:00 PM","PE","23950","Sell","65","42.35","22.85","","1267.50"
"301","2024-08-13"," 9:45:00 AM","2024-08-13"," 3:15:00 PM","","","","","","","15.75","90.00"
"301.1","2024-08-13"," 9:45:00 AM","2024-08-13"," 3:15:00 PM","CE","80600","Sell","20","119.10","45.20","","1478.00"
"301.2","2024-08-13"," 9:45:00 AM","2024-08-13"," 12:48:00 PM","PE","78700","Sell","20","138.80","208.20","","-1388.00"
"302","2024-08-13"," 9:45:00 AM","2024-08-13"," 3:15:00 PM","","","","","","","15.75","432.25"
"302.1","2024-08-13"," 9:45:00 AM","2024-08-13"," 3:15:00 PM","CE","24550","Sell","65","30.50","5.85","","1602.25"
"302.2","2024-08-13"," 9:45:00 AM","2024-08-13"," 12:34:00 PM","PE","24150","Sell","65","36.00","54.00","","-1170.00"
"303","2024-08-14"," 9:45:00 AM","2024-08-14"," 9:53:00 AM","","","","","","","15.86","-533.00"
"303.1","2024-08-14"," 9:45:00 AM","2024-08-14"," 9:46:00 AM","CE","24250","Sell","65","16.40","24.60","","-533.00"
"303.2","2024-08-14"," 9:45:00 AM","2024-08-14"," 9:53:00 AM","PE","24050","Sell","65","18.65","18.65","","0.00"
"304","2024-08-14"," 9:45:00 AM","2024-08-14"," 3:15:00 PM","","","","","","","15.86","1448.00"
"304.1","2024-08-14"," 9:45:00 AM","2024-08-14"," 3:15:00 PM","CE","79800","Sell","20","104.55","72.65","","638.00"
"304.2","2024-08-14"," 9:45:00 AM","2024-08-14"," 3:15:00 PM","PE","78200","Sell","20","100.00","59.50","","810.00"
"305","2024-08-16"," 9:45:00 AM","2024-08-16"," 11:28:00 AM","","","","","","","14.88","-521.00"
"305.1","2024-08-16"," 9:45:00 AM","2024-08-16"," 11:28:00 AM","CE","80100","Sell","20","67.90","67.90","","0.00"
"305.2","2024-08-16"," 9:45:00 AM","2024-08-16"," 9:52:00 AM","PE","79200","Sell","20","52.10","78.15","","-521.00"
"306","2024-08-16"," 9:45:00 AM","2024-08-16"," 11:46:00 AM","","","","","","","14.88","-1420.25"
"306.1","2024-08-16"," 9:45:00 AM","2024-08-16"," 11:46:00 AM","CE","24650","Sell","65","36.50","36.50","","0.00"
"306.2","2024-08-16"," 9:45:00 AM","2024-08-16"," 10:27:00 AM","PE","24000","Sell","65","43.65","65.50","","-1420.25"
"307","2024-08-19"," 9:45:00 AM","2024-08-19"," 3:15:00 PM","","","","","","","14.64","1268.00"
"307.1","2024-08-19"," 9:45:00 AM","2024-08-19"," 3:15:00 PM","CE","81300","Sell","20","182.25","136.35","","918.00"
"307.2","2024-08-19"," 9:45:00 AM","2024-08-19"," 3:15:00 PM","PE","79500","Sell","20","155.05","137.55","","350.00"
"308","2024-08-19"," 9:45:00 AM","2024-08-19"," 3:15:00 PM","","","","","","","14.64","-390.00"
"308.1","2024-08-19"," 9:45:00 AM","2024-08-19"," 3:15:00 PM","CE","24850","Sell","65","29.60","16.05","","880.75"
"308.2","2024-08-19"," 9:45:00 AM","2024-08-19"," 10:27:00 AM","PE","24350","Sell","65","39.10","58.65","","-1270.75"
"309","2024-08-20"," 9:45:00 AM","2024-08-20"," 11:02:00 AM","","","","","","","14.01","-919.75"
"309.1","2024-08-20"," 9:45:00 AM","2024-08-20"," 10:02:00 AM","CE","24850","Sell","65","28.25","42.40","","-919.75"
"309.2","2024-08-20"," 9:45:00 AM","2024-08-20"," 11:02:00 AM","PE","24450","Sell","65","28.35","28.35","","0.00"
"310","2024-08-20"," 9:45:00 AM","2024-08-20"," 3:15:00 PM","","","","","","","14.01","706.00"
"310.1","2024-08-20"," 9:45:00 AM","2024-08-20"," 3:15:00 PM","CE","81500","Sell","20","117.55","97.45","","402.00"
"310.2","2024-08-20"," 9:45:00 AM","2024-08-20"," 3:15:00 PM","PE","79900","Sell","20","125.90","110.70","","304.00"
"311","2024-08-21"," 9:45:00 AM","2024-08-21"," 11:11:00 AM","","","","","","","13.89","-734.50"
"311.1","2024-08-21"," 9:45:00 AM","2024-08-21"," 10:24:00 AM","CE","24850","Sell","65","22.60","33.90","","-734.50"
"311.2","2024-08-21"," 9:45:00 AM","2024-08-21"," 11:11:00 AM","PE","24500","Sell","65","22.00","22.00","","0.00"
"312","2024-08-21"," 9:45:00 AM","2024-08-21"," 3:15:00 PM","","","","","","","13.89","-73.00"
"312.1","2024-08-21"," 9:45:00 AM","2024-08-21"," 10:26:00 AM","CE","81400","Sell","20","101.95","152.90","","-1019.00"
"312.2","2024-08-21"," 9:45:00 AM","2024-08-21"," 3:15:00 PM","PE","79900","Sell","20","102.35","55.05","","946.00"
"313","2024-08-22"," 9:45:00 AM","2024-08-22"," 10:01:00 AM","","","","","","","13.23","-308.75"
"313.1","2024-08-22"," 9:45:00 AM","2024-08-22"," 10:01:00 AM","CE","24900","Sell","65","13.25","13.25","","0.00"
"313.2","2024-08-22"," 9:45:00 AM","2024-08-22"," 9:50:00 AM","PE","24700","Sell","65","9.45","14.20","","-308.75"
"314","2024-08-22"," 9:45:00 AM","2024-08-22"," 3:15:00 PM","","","","","","","13.23","1004.00"
"314.1","2024-08-22"," 9:45:00 AM","2024-08-22"," 3:15:00 PM","CE","81700","Sell","20","75.40","48.65","","535.00"
"314.2","2024-08-22"," 9:45:00 AM","2024-08-22"," 3:15:00 PM","PE","80500","Sell","20","77.45","54.00","","469.00"
"315","2024-08-23"," 9:45:00 AM","2024-08-23"," 3:15:00 PM","","","","","","","13.08","517.00"
"315.1","2024-08-23"," 9:45:00 AM","2024-08-23"," 9:56:00 AM","CE","81300","Sell","20","48.05","72.05","","-480.00"
"315.2","2024-08-23"," 9:45:00 AM","2024-08-23"," 3:15:00 PM","PE","80500","Sell","20","49.95","0.10","","997.00"
"316","2024-08-23"," 9:45:00 AM","2024-08-23"," 3:15:00 PM","","","","","","","13.08","471.25"
"316.1","2024-08-23"," 9:45:00 AM","2024-08-23"," 3:15:00 PM","CE","25100","Sell","65","33.05","38.35","","-344.50"
"316.2","2024-08-23"," 9:45:00 AM","2024-08-23"," 3:15:00 PM","PE","24500","Sell","65","41.55","29.00","","815.75"
"317","2024-08-26"," 9:45:00 AM","2024-08-26"," 10:52:00 AM","","","","","","","13.79","-893.75"
"317.1","2024-08-26"," 9:45:00 AM","2024-08-26"," 10:19:00 AM","CE","25250","Sell","65","27.45","41.20","","-893.75"
"317.2","2024-08-26"," 9:45:00 AM","2024-08-26"," 10:52:00 AM","PE","24750","Sell","65","30.90","30.90","","0.00"
"318","2024-08-26"," 9:45:00 AM","2024-08-26"," 3:15:00 PM","","","","","","","13.79","796.00"
"318.1","2024-08-26"," 9:45:00 AM","2024-08-26"," 3:15:00 PM","CE","82600","Sell","20","115.25","100.55","","294.00"
"318.2","2024-08-26"," 9:45:00 AM","2024-08-26"," 3:15:00 PM","PE","80700","Sell","20","137.20","112.10","","502.00"
"319","2024-08-27"," 9:45:00 AM","2024-08-27"," 3:15:00 PM","","","","","","","13.84","695.00"
"319.1","2024-08-27"," 9:45:00 AM","2024-08-27"," 3:15:00 PM","CE","82400","Sell","20","105.45","100.60","","97.00"
"319.2","2024-08-27"," 9:45:00 AM","2024-08-27"," 3:15:00 PM","PE","80900","Sell","20","123.80","93.90","","598.00"
"320","2024-08-27"," 9:45:00 AM","2024-08-27"," 3:15:00 PM","","","","","","","13.84","-97.50"
"320.1","2024-08-27"," 9:45:00 AM","2024-08-27"," 11:20:00 AM","CE","25200","Sell","65","23.50","35.25","","-763.75"
"320.2","2024-08-27"," 9:45:00 AM","2024-08-27"," 3:15:00 PM","PE","24800","Sell","65","29.20","18.95","","666.25"
"321","2024-08-28"," 9:45:00 AM","2024-08-28"," 3:15:00 PM","","","","","","","13.74","-460.00"
"321.1","2024-08-28"," 9:45:00 AM","2024-08-28"," 11:20:00 AM","CE","82400","Sell","20","75.50","113.25","","-755.00"
"321.2","2024-08-28"," 9:45:00 AM","2024-08-28"," 3:15:00 PM","PE","81000","Sell","20","90.65","75.90","","295.00"
"322","2024-08-28"," 9:45:00 AM","2024-08-28"," 3:15:00 PM","","","","","","","13.74","182.00"
"322.1","2024-08-28"," 9:45:00 AM","2024-08-28"," 11:18:00 AM","CE","25150","Sell","65","21.30","31.95","","-692.25"
"322.2","2024-08-28"," 9:45:00 AM","2024-08-28"," 3:15:00 PM","PE","24850","Sell","65","23.10","9.65","","874.25"
"323","2024-08-29"," 9:45:00 AM","2024-08-29"," 2:03:00 PM","","","","","","","14.00","-591.50"
"323.1","2024-08-29"," 9:45:00 AM","2024-08-29"," 9:50:00 AM","CE","25150","Sell","65","18.20","27.30","","-591.50"
"323.2","2024-08-29"," 9:45:00 AM","2024-08-29"," 2:03:00 PM","PE","24950","Sell","65","15.80","15.80","","0.00"
"324","2024-08-29"," 9:45:00 AM","2024-08-29"," 2:05:00 PM","","","","","","","14.00","-789.00"
"324.1","2024-08-29"," 9:45:00 AM","2024-08-29"," 9:54:00 AM","CE","82400","Sell","20","78.90","118.35","","-789.00"
"324.2","2024-08-29"," 9:45:00 AM","2024-08-29"," 2:05:00 PM","PE","81200","Sell","20","79.90","79.90","","0.00"
"325","2024-08-30"," 9:45:00 AM","2024-08-30"," 3:15:00 PM","","","","","","","13.69","601.00"
"325.1","2024-08-30"," 9:45:00 AM","2024-08-30"," 3:15:00 PM","CE","82800","Sell","20","63.20","0.30","","1258.00"
"325.2","2024-08-30"," 9:45:00 AM","2024-08-30"," 10:03:00 AM","PE","81900","Sell","20","65.75","98.60","","-657.00"
"326","2024-08-30"," 9:45:00 AM","2024-08-30"," 3:15:00 PM","","","","","","","13.69","1027.00"
"326.1","2024-08-30"," 9:45:00 AM","2024-08-30"," 3:15:00 PM","CE","25500","Sell","65","40.55","39.75","","52.00"
"326.2","2024-08-30"," 9:45:00 AM","2024-08-30"," 3:15:00 PM","PE","24950","Sell","65","41.35","26.35","","975.00"
"327","2024-09-02"," 9:45:00 AM","2024-09-02"," 3:15:00 PM","","","","","","","13.59","912.00"
"327.1","2024-09-02"," 9:45:00 AM","2024-09-02"," 3:15:00 PM","CE","83500","Sell","20","115.25","77.05","","764.00"
"327.2","2024-09-02"," 9:45:00 AM","2024-09-02"," 3:15:00 PM","PE","81700","Sell","20","144.85","137.45","","148.00"
"328","2024-09-02"," 9:45:00 AM","2024-09-02"," 3:15:00 PM","","","","","","","13.59","-253.50"
"328.1","2024-09-02"," 9:45:00 AM","2024-09-02"," 3:15:00 PM","CE","25550","Sell","65","27.85","14.75","","851.50"
"328.2","2024-09-02"," 9:45:00 AM","2024-09-02"," 12:59:00 PM","PE","25050","Sell","65","34.00","51.00","","-1105.00"
"329","2024-09-03"," 9:45:00 AM","2024-09-03"," 3:15:00 PM","","","","","","","13.93","552.00"
"329.1","2024-09-03"," 9:45:00 AM","2024-09-03"," 3:15:00 PM","CE","83300","Sell","20","99.70","89.40","","206.00"
"329.2","2024-09-03"," 9:45:00 AM","2024-09-03"," 3:15:00 PM","PE","81700","Sell","20","103.85","86.55","","346.00"
"330","2024-09-03"," 9:45:00 AM","2024-09-03"," 3:15:00 PM","","","","","","","13.93","897.00"
"330.1","2024-09-03"," 9:45:00 AM","2024-09-03"," 3:15:00 PM","CE","25450","Sell","65","29.85","22.40","","484.25"
"330.2","2024-09-03"," 9:45:00 AM","2024-09-03"," 3:15:00 PM","PE","25050","Sell","65","26.35","20.00","","412.75"
"331","2024-09-04"," 9:45:00 AM","2024-09-04"," 3:15:00 PM","","","","","","","14.32","192.00"
"331.1","2024-09-04"," 9:45:00 AM","2024-09-04"," 1:21:00 PM","CE","82800","Sell","20","87.75","131.60","","-877.00"
"331.2","2024-09-04"," 9:45:00 AM","2024-09-04"," 3:15:00 PM","PE","81300","Sell","20","113.45","60.00","","1069.00"
"332","2024-09-04"," 9:45:00 AM","2024-09-04"," 3:15:00 PM","","","","","","","14.32","152.75"
"332.1","2024-09-04"," 9:45:00 AM","2024-09-04"," 1:16:00 PM","CE","25250","Sell","65","27.15","40.70","","-880.75"
"332.2","2024-09-04"," 9:45:00 AM","2024-09-04"," 3:15:00 PM","PE","24900","Sell","65","23.00","7.10","","1033.50"
"333","2024-09-05"," 9:45:00 AM","2024-09-05"," 3:15:00 PM","","","","","","","14.09","1531.00"
"333.1","2024-09-05"," 9:45:00 AM","2024-09-05"," 3:15:00 PM","CE","82900","Sell","20","86.05","28.40","","1153.00"
"333.2","2024-09-05"," 9:45:00 AM","2024-09-05"," 3:15:00 PM","PE","81800","Sell","20","88.55","69.65","","378.00"
"334","2024-09-05"," 9:45:00 AM","2024-09-05"," 3:15:00 PM","","","","","","","14.09","676.00"
"334.1","2024-09-05"," 9:45:00 AM","2024-09-05"," 3:15:00 PM","CE","25300","Sell","65","18.40","0.15","","1186.25"
"334.2","2024-09-05"," 9:45:00 AM","2024-09-05"," 10:30:00 AM","PE","25100","Sell","65","15.70","23.55","","-510.25"
"335","2024-09-06"," 9:45:00 AM","2024-09-06"," 3:15:00 PM","","","","","","","14.37","711.00"
"335.1","2024-09-06"," 9:45:00 AM","2024-09-06"," 3:15:00 PM","CE","82400","Sell","20","76.00","0.20","","1516.00"
"335.2","2024-09-06"," 9:45:00 AM","2024-09-06"," 9:46:00 AM","PE","81400","Sell","20","80.55","120.80","","-805.00"
"336","2024-09-06"," 9:45:00 AM","2024-09-06"," 3:15:00 PM","","","","","","","14.37","-360.75"
"336.1","2024-09-06"," 9:45:00 AM","2024-09-06"," 3:15:00 PM","CE","25350","Sell","65","36.65","19.55","","1111.50"
"336.2","2024-09-06"," 9:45:00 AM","2024-09-06"," 9:53:00 AM","PE","24750","Sell","65","45.35","68.00","","-1472.25"
"337","2024-09-09"," 9:45:00 AM","2024-09-09"," 3:15:00 PM","","","","","","","14.87","892.00"
"337.1","2024-09-09"," 9:45:00 AM","2024-09-09"," 3:15:00 PM","CE","82200","Sell","20","130.45","163.85","","-668.00"
"337.2","2024-09-09"," 9:45:00 AM","2024-09-09"," 3:15:00 PM","PE","80200","Sell","20","152.80","74.80","","1560.00"
"338","2024-09-09"," 9:45:00 AM","2024-09-09"," 3:15:00 PM","","","","","","","14.87","146.25"
"338.1","2024-09-09"," 9:45:00 AM","2024-09-09"," 10:48:00 AM","CE","25100","Sell","65","38.60","57.90","","-1254.50"
"338.2","2024-09-09"," 9:45:00 AM","2024-09-09"," 3:15:00 PM","PE","24550","Sell","65","35.90","14.35","","1400.75"
"339","2024-09-10"," 9:45:00 AM","2024-09-10"," 9:56:00 AM","","","","","","","13.98","-1055.00"
"339.1","2024-09-10"," 9:45:00 AM","2024-09-10"," 9:56:00 AM","CE","82400","Sell","20","93.70","93.70","","0.00"
"339.2","2024-09-10"," 9:45:00 AM","2024-09-10"," 9:55:00 AM","PE","80800","Sell","20","105.55","158.30","","-1055.00"
"340","2024-09-10"," 9:45:00 AM","2024-09-10"," 11:15:00 AM","","","","","","","13.98","-1082.25"
"340.1","2024-09-10"," 9:45:00 AM","2024-09-10"," 11:15:00 AM","CE","25150","Sell","65","25.15","25.15","","0.00"
"340.2","2024-09-10"," 9:45:00 AM","2024-09-10"," 9:55:00 AM","PE","24750","Sell","65","33.30","49.95","","-1082.25"
"341","2024-09-11"," 9:45:00 AM","2024-09-11"," 10:18:00 AM","","","","","","","13.33","-692.25"
"341.1","2024-09-11"," 9:45:00 AM","2024-09-11"," 10:18:00 AM","CE","25200","Sell","65","23.85","23.85","","0.00"
"341.2","2024-09-11"," 9:45:00 AM","2024-09-11"," 10:05:00 AM","PE","24850","Sell","65","21.25","31.90","","-692.25"
"342","2024-09-11"," 9:45:00 AM","2024-09-11"," 3:15:00 PM","","","","","","","13.33","81.00"
"342.1","2024-09-11"," 9:45:00 AM","2024-09-11"," 3:15:00 PM","CE","82600","Sell","20","95.05","43.65","","1028.00"
"342.2","2024-09-11"," 9:45:00 AM","2024-09-11"," 2:05:00 PM","PE","81200","Sell","20","94.65","142.00","","-947.00"
"343","2024-09-12"," 9:45:00 AM","2024-09-12"," 10:06:00 AM","","","","","","","12.98","-386.75"
"343.1","2024-09-12"," 9:45:00 AM","2024-09-12"," 10:06:00 AM","CE","25150","Sell","65","19.60","19.60","","0.00"
"343.2","2024-09-12"," 9:45:00 AM","2024-09-12"," 9:54:00 AM","PE","24900","Sell","65","11.95","17.90","","-386.75"
"344","2024-09-12"," 9:45:00 AM","2024-09-12"," 2:03:00 PM","","","","","","","12.98","-779.00"
"344.1","2024-09-12"," 9:45:00 AM","2024-09-12"," 2:03:00 PM","CE","82500","Sell","20","82.70","82.70","","0.00"
"344.2","2024-09-12"," 9:45:00 AM","2024-09-12"," 10:00:00 AM","PE","81300","Sell","20","77.95","116.90","","-779.00"
"345","2024-09-13"," 9:45:00 AM","2024-09-13"," 3:15:00 PM","","","","","","","12.88","1962.00"
"345.1","2024-09-13"," 9:45:00 AM","2024-09-13"," 3:15:00 PM","CE","83200","Sell","20","52.00","0.50","","1030.00"
"345.2","2024-09-13"," 9:45:00 AM","2024-09-13"," 3:15:00 PM","PE","82400","Sell","20","47.15","0.55","","932.00"
"346","2024-09-13"," 9:45:00 AM","2024-09-13"," 3:15:00 PM","","","","","","","12.88","1170.00"
"346.1","2024-09-13"," 9:45:00 AM","2024-09-13"," 3:15:00 PM","CE","25600","Sell","65","42.30","34.75","","490.75"
"346.2","2024-09-13"," 9:45:00 AM","2024-09-13"," 3:15:00 PM","PE","25000","Sell","65","44.30","33.85","","679.25"
"347","2024-09-16"," 9:45:00 AM","2024-09-16"," 3:15:00 PM","","","","","","","12.74","-849.00"
"347.1","2024-09-16"," 9:45:00 AM","2024-09-16"," 3:15:00 PM","CE","84100","Sell","20","114.75","87.75","","540.00"
"347.2","2024-09-16"," 9:45:00 AM","2024-09-16"," 11:46:00 AM","PE","82200","Sell","20","138.85","208.30","","-1389.00"
"348","2024-09-16"," 9:45:00 AM","2024-09-16"," 3:15:00 PM","","","","","","","12.74","-380.25"
"348.1","2024-09-16"," 9:45:00 AM","2024-09-16"," 3:15:00 PM","CE","25700","Sell","65","28.55","15.75","","832.00"
"348.2","2024-09-16"," 9:45:00 AM","2024-09-16"," 11:11:00 AM","PE","25200","Sell","65","37.30","55.95","","-1212.25"
"349","2024-09-17"," 9:45:00 AM","2024-09-17"," 3:15:00 PM","","","","","","","12.58","376.00"
"349.1","2024-09-17"," 9:45:00 AM","2024-09-17"," 3:15:00 PM","CE","83900","Sell","20","113.30","108.70","","92.00"
"349.2","2024-09-17"," 9:45:00 AM","2024-09-17"," 3:15:00 PM","PE","82100","Sell","20","126.15","111.95","","284.00"
"350","2024-09-17"," 9:45:00 AM","2024-09-17"," 3:15:00 PM","","","","","","","12.58","507.00"
"350.1","2024-09-17"," 9:45:00 AM","2024-09-17"," 3:15:00 PM","CE","25600","Sell","65","28.25","27.15","","71.50"
"350.2","2024-09-17"," 9:45:00 AM","2024-09-17"," 3:15:00 PM","PE","25150","Sell","65","33.40","26.70","","435.50"
"351","2024-09-18"," 9:45:00 AM","2024-09-18"," 10:47:00 AM","","","","","","","12.66","-828.75"
"351.1","2024-09-18"," 9:45:00 AM","2024-09-18"," 10:46:00 AM","CE","25650","Sell","65","25.45","38.20","","-828.75"
"351.2","2024-09-18"," 9:45:00 AM","2024-09-18"," 10:47:00 AM","PE","25200","Sell","65","29.65","29.65","","0.00"
"352","2024-09-18"," 9:45:00 AM","2024-09-18"," 1:06:00 PM","","","","","","","12.66","-1196.00"
"352.1","2024-09-18"," 9:45:00 AM","2024-09-18"," 1:06:00 PM","CE","84000","Sell","20","113.80","113.80","","0.00"
"352.2","2024-09-18"," 9:45:00 AM","2024-09-18"," 1:05:00 PM","PE","82200","Sell","20","119.60","179.40","","-1196.00"
"353","2024-09-19"," 9:45:00 AM","2024-09-19"," 3:15:00 PM","","","","","","","12.19","577.00"
"353.1","2024-09-19"," 9:45:00 AM","2024-09-19"," 3:15:00 PM","CE","84400","Sell","20","95.55","19.95","","1512.00"
"353.2","2024-09-19"," 9:45:00 AM","2024-09-19"," 10:07:00 AM","PE","83100","Sell","20","93.55","140.30","","-935.00"
"354","2024-09-19"," 9:45:00 AM","2024-09-19"," 3:15:00 PM","","","","","","","12.19","299.00"
"354.1","2024-09-19"," 9:45:00 AM","2024-09-19"," 3:15:00 PM","CE","25750","Sell","65","11.50","0.10","","741.00"
"354.2","2024-09-19"," 9:45:00 AM","2024-09-19"," 9:51:00 AM","PE","25500","Sell","65","13.55","20.35","","-442.00"
"355","2024-09-20"," 9:45:00 AM","2024-09-20"," 1:38:00 PM","","","","","","","12.49","-859.00"
"355.1","2024-09-20"," 9:45:00 AM","2024-09-20"," 9:50:00 AM","CE","83800","Sell","20","64.65","107.60","","-859.00"
"355.2","2024-09-20"," 9:45:00 AM","2024-09-20"," 1:38:00 PM","PE","82800","Sell","20","63.00","63.00","","0.00"
"356","2024-09-20"," 9:45:00 AM","2024-09-20"," 3:15:00 PM","","","","","","","12.49","481.00"
"356.1","2024-09-20"," 9:45:00 AM","2024-09-20"," 9:56:00 AM","CE","25800","Sell","65","34.65","52.00","","-1127.75"
"356.2","2024-09-20"," 9:45:00 AM","2024-09-20"," 3:15:00 PM","PE","25100","Sell","65","52.15","27.40","","1608.75"
"357","2024-09-23"," 9:45:00 AM","2024-09-23"," 3:15:00 PM","","","","","","","13.69","1492.00"
"357.1","2024-09-23"," 9:45:00 AM","2024-09-23"," 3:15:00 PM","CE","85900","Sell","20","156.00","116.70","","786.00"
"357.2","2024-09-23"," 9:45:00 AM","2024-09-23"," 3:15:00 PM","PE","83400","Sell","20","173.00","137.70","","706.00"
"358","2024-09-23"," 9:45:00 AM","2024-09-23"," 3:15:00 PM","","","","","","","13.69","1589.25"
"358.1","2024-09-23"," 9:45:00 AM","2024-09-23"," 3:15:00 PM","CE","26200","Sell","65","33.40","25.85","","490.75"
"358.2","2024-09-23"," 9:45:00 AM","2024-09-23"," 3:15:00 PM","PE","25550","Sell","65","46.95","30.05","","1098.50"
"359","2024-09-24"," 9:45:00 AM","2024-09-24"," 3:15:00 PM","","","","","","","13.84","1076.00"
"359.1","2024-09-24"," 9:45:00 AM","2024-09-24"," 3:15:00 PM","CE","85900","Sell","20","127.05","101.95","","502.00"
"359.2","2024-09-24"," 9:45:00 AM","2024-09-24"," 3:15:00 PM","PE","83900","Sell","20","152.75","124.05","","574.00"
"360","2024-09-24"," 9:45:00 AM","2024-09-24"," 3:15:00 PM","","","","","","","13.84","1475.50"
"360.1","2024-09-24"," 9:45:00 AM","2024-09-24"," 3:15:00 PM","CE","26200","Sell","65","30.50","15.95","","945.75"
"360.2","2024-09-24"," 9:45:00 AM","2024-09-24"," 3:15:00 PM","PE","25700","Sell","65","36.25","28.10","","529.75"
"361","2024-09-25"," 9:45:00 AM","2024-09-25"," 3:15:00 PM","","","","","","","13.31","670.00"
"361.1","2024-09-25"," 9:45:00 AM","2024-09-25"," 3:15:00 PM","CE","85700","Sell","20","117.10","130.35","","-265.00"
"361.2","2024-09-25"," 9:45:00 AM","2024-09-25"," 3:15:00 PM","PE","84000","Sell","20","119.90","73.15","","935.00"
"362","2024-09-25"," 9:45:00 AM","2024-09-25"," 3:15:00 PM","","","","","","","13.31","692.25"
"362.1","2024-09-25"," 9:45:00 AM","2024-09-25"," 3:15:00 PM","CE","26100","Sell","65","26.30","33.15","","-445.25"
"362.2","2024-09-25"," 9:45:00 AM","2024-09-25"," 3:15:00 PM","PE","25750","Sell","65","27.45","9.95","","1137.50"
"363","2024-09-26"," 9:45:00 AM","2024-09-26"," 10:21:00 AM","","","","","","","12.35","-744.25"
"363.1","2024-09-26"," 9:45:00 AM","2024-09-26"," 10:10:00 AM","CE","26150","Sell","65","22.85","34.30","","-744.25"
"363.2","2024-09-26"," 9:45:00 AM","2024-09-26"," 10:21:00 AM","PE","25900","Sell","65","23.50","23.50","","0.00"
"364","2024-09-26"," 9:45:00 AM","2024-09-26"," 1:51:00 PM","","","","","","","12.35","-943.00"
"364.1","2024-09-26"," 9:45:00 AM","2024-09-26"," 10:43:00 AM","CE","86000","Sell","20","94.35","141.50","","-943.00"
"364.2","2024-09-26"," 9:45:00 AM","2024-09-26"," 1:51:00 PM","PE","84600","Sell","20","106.20","106.20","","0.00"
"365","2024-09-27"," 9:45:00 AM","2024-09-27"," 10:59:00 AM","","","","","","","11.71","-440.00"
"365.1","2024-09-27"," 9:45:00 AM","2024-09-27"," 9:51:00 AM","CE","86300","Sell","20","44.05","66.05","","-440.00"
"365.2","2024-09-27"," 9:45:00 AM","2024-09-27"," 10:59:00 AM","PE","85500","Sell","20","50.85","50.85","","0.00"
"366","2024-09-27"," 9:45:00 AM","2024-09-27"," 3:15:00 PM","","","","","","","11.71","1267.50"
"366.1","2024-09-27"," 9:45:00 AM","2024-09-27"," 3:15:00 PM","CE","26550","Sell","65","39.15","25.40","","893.75"
"366.2","2024-09-27"," 9:45:00 AM","2024-09-27"," 3:15:00 PM","PE","25950","Sell","65","45.70","39.95","","373.75"
"367","2024-09-30"," 9:45:00 AM","2024-09-30"," 10:07:00 AM","","","","","","","12.82","-1371.50"
"367.1","2024-09-30"," 9:45:00 AM","2024-09-30"," 10:07:00 AM","CE","26300","Sell","65","33.55","33.55","","0.00"
"367.2","2024-09-30"," 9:45:00 AM","2024-09-30"," 9:55:00 AM","PE","25800","Sell","65","42.20","63.30","","-1371.50"
"368","2024-09-30"," 9:45:00 AM","2024-09-30"," 3:15:00 PM","","","","","","","12.82","-405.00"
"368.1","2024-09-30"," 9:45:00 AM","2024-09-30"," 3:15:00 PM","CE","86100","Sell","20","135.10","81.35","","1075.00"
"368.2","2024-09-30"," 9:45:00 AM","2024-09-30"," 11:25:00 AM","PE","84100","Sell","20","148.00","222.00","","-1480.00"
"369","2024-10-01"," 9:45:00 AM","2024-10-01"," 3:15:00 PM","","","","","","","12.35","18.00"
"369.1","2024-10-01"," 9:45:00 AM","2024-10-01"," 3:15:00 PM","CE","85600","Sell","20","114.80","50.00","","1296.00"
"369.2","2024-10-01"," 9:45:00 AM","2024-10-01"," 10:32:00 AM","PE","83700","Sell","20","127.80","191.70","","-1278.00"
"370","2024-10-01"," 9:45:00 AM","2024-10-01"," 3:15:00 PM","","","","","","","12.35","412.75"
"370.1","2024-10-01"," 9:45:00 AM","2024-10-01"," 3:15:00 PM","CE","26100","Sell","65","28.30","7.75","","1335.75"
"370.2","2024-10-01"," 9:45:00 AM","2024-10-01"," 10:20:00 AM","PE","25650","Sell","65","28.40","42.60","","-923.00"
"371","2024-10-03"," 9:45:00 AM","2024-10-03"," 3:15:00 PM","","","","","","","12.51","618.00"
"371.1","2024-10-03"," 9:45:00 AM","2024-10-03"," 3:15:00 PM","CE","84600","Sell","20","108.30","9.05","","1985.00"
"371.2","2024-10-03"," 9:45:00 AM","2024-10-03"," 10:19:00 AM","PE","82800","Sell","20","136.70","205.05","","-1367.00"
"372","2024-10-03"," 9:45:00 AM","2024-10-03"," 3:15:00 PM","","","","","","","12.51","624.00"
"372.1","2024-10-03"," 9:45:00 AM","2024-10-03"," 3:15:00 PM","CE","25800","Sell","65","22.00","0.10","","1423.50"
"372.2","2024-10-03"," 9:45:00 AM","2024-10-03"," 10:11:00 AM","PE","25450","Sell","65","24.65","36.95","","-799.50"
"373","2024-10-04"," 9:45:00 AM","2024-10-04"," 9:52:00 AM","","","","","","","13.63","-689.00"
"373.1","2024-10-04"," 9:45:00 AM","2024-10-04"," 9:51:00 AM","CE","82800","Sell","20","68.85","103.30","","-689.00"
"373.2","2024-10-04"," 9:45:00 AM","2024-10-04"," 9:52:00 AM","PE","81800","Sell","20","63.50","63.50","","0.00"
"374","2024-10-04"," 9:45:00 AM","2024-10-04"," 12:45:00 PM","","","","","","","13.63","-1699.75"
"374.1","2024-10-04"," 9:45:00 AM","2024-10-04"," 10:52:00 AM","CE","25600","Sell","65","52.25","78.40","","-1699.75"
"374.2","2024-10-04"," 9:45:00 AM","2024-10-04"," 12:45:00 PM","PE","24800","Sell","65","72.60","72.60","","0.00"
"375","2024-10-07"," 9:45:00 AM","2024-10-07"," 3:15:00 PM","","","","","","","14.22","-437.00"
"375.1","2024-10-07"," 9:45:00 AM","2024-10-07"," 3:15:00 PM","CE","83400","Sell","20","178.70","96.85","","1637.00"
"375.2","2024-10-07"," 9:45:00 AM","2024-10-07"," 10:46:00 AM","PE","80600","Sell","20","207.40","311.10","","-2074.00"
"376","2024-10-07"," 9:45:00 AM","2024-10-07"," 3:15:00 PM","","","","","","","14.22","152.75"
"376.1","2024-10-07"," 9:45:00 AM","2024-10-07"," 3:15:00 PM","CE","25450","Sell","65","45.50","16.90","","1859.00"
"376.2","2024-10-07"," 9:45:00 AM","2024-10-07"," 10:41:00 AM","PE","24700","Sell","65","52.50","78.75","","-1706.25"
"377","2024-10-08"," 9:45:00 AM","2024-10-08"," 10:08:00 AM","","","","","","","15.35","-1621.75"
"377.1","2024-10-08"," 9:45:00 AM","2024-10-08"," 9:58:00 AM","CE","25150","Sell","65","49.90","74.85","","-1621.75"
"377.2","2024-10-08"," 9:45:00 AM","2024-10-08"," 10:08:00 AM","PE","24400","Sell","65","55.35","55.35","","0.00"
"378","2024-10-08"," 9:45:00 AM","2024-10-08"," 3:15:00 PM","","","","","","","15.35","2300.00"
"378.1","2024-10-08"," 9:45:00 AM","2024-10-08"," 3:15:00 PM","CE","82600","Sell","20","178.30","177.75","","11.00"
"378.2","2024-10-08"," 9:45:00 AM","2024-10-08"," 3:15:00 PM","PE","79600","Sell","20","212.90","98.45","","2289.00"
"379","2024-10-09"," 9:45:00 AM","2024-10-09"," 3:15:00 PM","","","","","","","14.41","1652.00"
"379.1","2024-10-09"," 9:45:00 AM","2024-10-09"," 3:15:00 PM","CE","83000","Sell","20","145.30","50.65","","1893.00"
"379.2","2024-10-09"," 9:45:00 AM","2024-10-09"," 3:15:00 PM","PE","80600","Sell","20","160.95","173.00","","-241.00"
"380","2024-10-09"," 9:45:00 AM","2024-10-09"," 3:15:00 PM","","","","","","","14.41","-468.00"
"380.1","2024-10-09"," 9:45:00 AM","2024-10-09"," 10:10:00 AM","CE","25300","Sell","65","41.60","62.40","","-1352.00"
"380.2","2024-10-09"," 9:45:00 AM","2024-10-09"," 3:15:00 PM","PE","24750","Sell","65","37.20","23.60","","884.00"
"381","2024-10-10"," 9:45:00 AM","2024-10-10"," 3:15:00 PM","","","","","","","13.89","185.00"
"381.1","2024-10-10"," 9:45:00 AM","2024-10-10"," 10:06:00 AM","CE","82500","Sell","20","108.25","162.40","","-1083.00"
"381.2","2024-10-10"," 9:45:00 AM","2024-10-10"," 3:15:00 PM","PE","80800","Sell","20","119.35","55.95","","1268.00"
"382","2024-10-10"," 9:45:00 AM","2024-10-10"," 3:15:00 PM","","","","","","","13.89","705.25"
"382.1","2024-10-10"," 9:45:00 AM","2024-10-10"," 9:58:00 AM","CE","25150","Sell","65","19.40","29.10","","-630.50"
"382.2","2024-10-10"," 9:45:00 AM","2024-10-10"," 3:15:00 PM","PE","24900","Sell","65","20.70","0.15","","1335.75"
"383","2024-10-11"," 9:45:00 AM","2024-10-11"," 10:36:00 AM","","","","","","","13.35","-544.00"
"383.1","2024-10-11"," 9:45:00 AM","2024-10-11"," 9:46:00 AM","CE","81800","Sell","20","54.40","81.60","","-544.00"
"383.2","2024-10-11"," 9:45:00 AM","2024-10-11"," 10:36:00 AM","PE","81100","Sell","20","40.90","40.90","","0.00"
"384","2024-10-11"," 9:45:00 AM","2024-10-11"," 3:15:00 PM","","","","","","","13.35","1316.25"
"384.1","2024-10-11"," 9:45:00 AM","2024-10-11"," 3:15:00 PM","CE","25300","Sell","65","45.65","29.10","","1075.75"
"384.2","2024-10-11"," 9:45:00 AM","2024-10-11"," 3:15:00 PM","PE","24650","Sell","65","50.35","46.65","","240.50"
"385","2024-10-14"," 9:45:00 AM","2024-10-14"," 3:15:00 PM","","","","","","","13.34","617.00"
"385.1","2024-10-14"," 9:45:00 AM","2024-10-14"," 3:15:00 PM","CE","82800","Sell","20","134.40","134.25","","3.00"
"385.2","2024-10-14"," 9:45:00 AM","2024-10-14"," 3:15:00 PM","PE","80900","Sell","20","147.30","116.60","","614.00"
"386","2024-10-14"," 9:45:00 AM","2024-10-14"," 3:15:00 PM","","","","","","","13.34","1046.50"
"386.1","2024-10-14"," 9:45:00 AM","2024-10-14"," 3:15:00 PM","CE","25350","Sell","65","35.60","31.00","","299.00"
"386.2","2024-10-14"," 9:45:00 AM","2024-10-14"," 3:15:00 PM","PE","24850","Sell","65","42.10","30.60","","747.50"
"387","2024-10-15"," 9:45:00 AM","2024-10-15"," 3:15:00 PM","","","","","","","12.61","-361.00"
"387.1","2024-10-15"," 9:45:00 AM","2024-10-15"," 3:15:00 PM","CE","83000","Sell","20","101.00","62.50","","770.00"
"387.2","2024-10-15"," 9:45:00 AM","2024-10-15"," 9:47:00 AM","PE","81300","Sell","20","113.10","169.65","","-1131.00"
"388","2024-10-15"," 9:45:00 AM","2024-10-15"," 3:15:00 PM","","","","","","","12.61","-9.75"
"388.1","2024-10-15"," 9:45:00 AM","2024-10-15"," 3:15:00 PM","CE","25400","Sell","65","22.90","8.30","","949.00"
"388.2","2024-10-15"," 9:45:00 AM","2024-10-15"," 9:50:00 AM","PE","24950","Sell","65","29.45","44.20","","-958.75"
"389","2024-10-16"," 9:45:00 AM","2024-10-16"," 3:15:00 PM","","","","","","","13.05","72.00"
"389.1","2024-10-16"," 9:45:00 AM","2024-10-16"," 3:15:00 PM","CE","82800","Sell","20","97.75","38.40","","1187.00"
"389.2","2024-10-16"," 9:45:00 AM","2024-10-16"," 11:16:00 AM","PE","81200","Sell","20","111.45","167.20","","-1115.00"
"390","2024-10-16"," 9:45:00 AM","2024-10-16"," 3:15:00 PM","","","","","","","13.05","633.75"
"390.1","2024-10-16"," 9:45:00 AM","2024-10-16"," 3:15:00 PM","CE","25250","Sell","65","29.50","7.00","","1462.50"
"390.2","2024-10-16"," 9:45:00 AM","2024-10-16"," 10:55:00 AM","PE","24900","Sell","65","25.45","38.20","","-828.75"
"391","2024-10-17"," 9:45:00 AM","2024-10-17"," 3:15:00 PM","","","","","","","13.40","2046.00"
"391.1","2024-10-17"," 9:45:00 AM","2024-10-17"," 3:15:00 PM","CE","82000","Sell","20","93.90","26.95","","1339.00"
"391.2","2024-10-17"," 9:45:00 AM","2024-10-17"," 3:15:00 PM","PE","80500","Sell","20","98.55","63.20","","707.00"
"392","2024-10-17"," 9:45:00 AM","2024-10-17"," 3:15:00 PM","","","","","","","13.40","1667.25"
"392.1","2024-10-17"," 9:45:00 AM","2024-10-17"," 3:15:00 PM","CE","25000","Sell","65","14.25","0.10","","919.75"
"392.2","2024-10-17"," 9:45:00 AM","2024-10-17"," 3:15:00 PM","PE","24700","Sell","65","11.60","0.10","","747.50"
"393","2024-10-18"," 9:45:00 AM","2024-10-18"," 9:55:00 AM","","","","","","","13.63","-552.00"
"393.1","2024-10-18"," 9:45:00 AM","2024-10-18"," 9:49:00 AM","CE","81100","Sell","20","55.20","82.80","","-552.00"
"393.2","2024-10-18"," 9:45:00 AM","2024-10-18"," 9:55:00 AM","PE","80300","Sell","20","61.65","61.65","","0.00"
"394","2024-10-18"," 9:45:00 AM","2024-10-18"," 3:15:00 PM","","","","","","","13.63","789.75"
"394.1","2024-10-18"," 9:45:00 AM","2024-10-18"," 10:34:00 AM","CE","25000","Sell","65","46.10","69.15","","-1498.25"
"394.2","2024-10-18"," 9:45:00 AM","2024-10-18"," 3:15:00 PM","PE","24300","Sell","65","53.15","17.95","","2288.00"
"395","2024-10-21"," 9:45:00 AM","2024-10-21"," 9:55:00 AM","","","","","","","13.90","-1612.00"
"395.1","2024-10-21"," 9:45:00 AM","2024-10-21"," 9:55:00 AM","CE","82200","Sell","20","130.35","131.50","","-23.00"
"395.2","2024-10-21"," 9:45:00 AM","2024-10-21"," 9:52:00 AM","PE","80000","Sell","20","158.85","238.30","","-1589.00"
"396","2024-10-21"," 9:45:00 AM","2024-10-21"," 10:00:00 AM","","","","","","","13.90","-1368.25"
"396.1","2024-10-21"," 9:45:00 AM","2024-10-21"," 10:00:00 AM","CE","25050","Sell","65","33.00","33.00","","0.00"
"396.2","2024-10-21"," 9:45:00 AM","2024-10-21"," 9:51:00 AM","PE","24450","Sell","65","42.05","63.10","","-1368.25"
"397","2024-10-22"," 9:45:00 AM","2024-10-22"," 3:15:00 PM","","","","","","","13.73","466.00"
"397.1","2024-10-22"," 9:45:00 AM","2024-10-22"," 3:15:00 PM","CE","82300","Sell","20","126.20","38.20","","1760.00"
"397.2","2024-10-22"," 9:45:00 AM","2024-10-22"," 10:14:00 AM","PE","80600","Sell","20","129.45","194.15","","-1294.00"
"398","2024-10-22"," 9:45:00 AM","2024-10-22"," 3:15:00 PM","","","","","","","13.73","357.50"
"398.1","2024-10-22"," 9:45:00 AM","2024-10-22"," 3:15:00 PM","CE","25100","Sell","65","26.05","5.40","","1342.25"
"398.2","2024-10-22"," 9:45:00 AM","2024-10-22"," 10:13:00 AM","PE","24600","Sell","65","30.30","45.45","","-984.75"
"399","2024-10-23"," 9:45:00 AM","2024-10-23"," 3:15:00 PM","","","","","","","14.93","72.00"
"399.1","2024-10-23"," 9:45:00 AM","2024-10-23"," 9:54:00 AM","CE","81200","Sell","20","136.95","205.40","","-1369.00"
"399.2","2024-10-23"," 9:45:00 AM","2024-10-23"," 3:15:00 PM","PE","79100","Sell","20","155.20","83.15","","1441.00"
"400","2024-10-23"," 9:45:00 AM","2024-10-23"," 3:15:00 PM","","","","","","","14.93","682.50"
"400.1","2024-10-23"," 9:45:00 AM","2024-10-23"," 9:50:00 AM","CE","24700","Sell","65","29.75","44.60","","-965.25"
"400.2","2024-10-23"," 9:45:00 AM","2024-10-23"," 3:15:00 PM","PE","24150","Sell","65","37.30","11.95","","1647.75"
"401","2024-10-24"," 9:45:00 AM","2024-10-24"," 3:15:00 PM","","","","","","","14.75","390.00"
"401.1","2024-10-24"," 9:45:00 AM","2024-10-24"," 10:09:00 AM","CE","80600","Sell","20","101.70","152.55","","-1017.00"
"401.2","2024-10-24"," 9:45:00 AM","2024-10-24"," 3:15:00 PM","PE","79200","Sell","20","96.30","25.95","","1407.00"
"402","2024-10-24"," 9:45:00 AM","2024-10-24"," 3:15:00 PM","","","","","","","14.75","760.50"
"402.1","2024-10-24"," 9:45:00 AM","2024-10-24"," 10:09:00 AM","CE","24500","Sell","65","14.15","21.20","","-458.25"
"402.2","2024-10-24"," 9:45:00 AM","2024-10-24"," 3:15:00 PM","PE","24250","Sell","65","18.80","0.05","","1218.75"
"403","2024-10-25"," 9:45:00 AM","2024-10-25"," 9:47:00 AM","","","","","","","14.27","-627.00"
"403.1","2024-10-25"," 9:45:00 AM","2024-10-25"," 9:46:00 AM","CE","80500","Sell","20","62.65","94.00","","-627.00"
"403.2","2024-10-25"," 9:45:00 AM","2024-10-25"," 9:47:00 AM","PE","79500","Sell","20","61.60","61.60","","0.00"
"404","2024-10-25"," 9:45:00 AM","2024-10-25"," 3:15:00 PM","","","","","","","14.27","273.00"
"404.1","2024-10-25"," 9:45:00 AM","2024-10-25"," 3:15:00 PM","CE","24650","Sell","65","47.80","18.85","","1881.75"
"404.2","2024-10-25"," 9:45:00 AM","2024-10-25"," 10:31:00 AM","PE","23950","Sell","65","49.45","74.20","","-1608.75"
"405","2024-10-28"," 9:45:00 AM","2024-10-28"," 3:15:00 PM","","","","","","","15.40","882.00"
"405.1","2024-10-28"," 9:45:00 AM","2024-10-28"," 9:57:00 AM","CE","80500","Sell","20","135.60","203.40","","-1356.00"
"405.2","2024-10-28"," 9:45:00 AM","2024-10-28"," 3:15:00 PM","PE","78300","Sell","20","159.05","47.15","","2238.00"
"406","2024-10-28"," 9:45:00 AM","2024-10-28"," 3:15:00 PM","","","","","","","15.40","776.75"
"406.1","2024-10-28"," 9:45:00 AM","2024-10-28"," 9:56:00 AM","CE","24450","Sell","65","40.60","60.90","","-1319.50"
"406.2","2024-10-28"," 9:45:00 AM","2024-10-28"," 3:15:00 PM","PE","23800","Sell","65","43.50","11.25","","2096.25"
"407","2024-10-29"," 9:45:00 AM","2024-10-29"," 3:15:00 PM","","","","","","","14.75","1082.00"
"407.1","2024-10-29"," 9:45:00 AM","2024-10-29"," 12:52:00 PM","CE","80600","Sell","20","106.45","159.70","","-1065.00"
"407.2","2024-10-29"," 9:45:00 AM","2024-10-29"," 3:15:00 PM","PE","78800","Sell","20","137.10","29.75","","2147.00"
"408","2024-10-29"," 9:45:00 AM","2024-10-29"," 3:15:00 PM","","","","","","","14.75","897.00"
"408.1","2024-10-29"," 9:45:00 AM","2024-10-29"," 12:52:00 PM","CE","24500","Sell","65","29.70","44.55","","-965.25"
"408.2","2024-10-29"," 9:45:00 AM","2024-10-29"," 3:15:00 PM","PE","23950","Sell","65","37.25","8.60","","1862.25"
"409","2024-10-30"," 9:45:00 AM","2024-10-30"," 3:15:00 PM","","","","","","","15.25","1602.00"
"409.1","2024-10-30"," 9:45:00 AM","2024-10-30"," 3:15:00 PM","CE","80900","Sell","20","96.55","40.05","","1130.00"
"409.2","2024-10-30"," 9:45:00 AM","2024-10-30"," 3:15:00 PM","PE","79500","Sell","20","111.85","88.25","","472.00"
"410","2024-10-30"," 9:45:00 AM","2024-10-30"," 3:15:00 PM","","","","","","","15.25","2122.25"
"410.1","2024-10-30"," 9:45:00 AM","2024-10-30"," 3:15:00 PM","CE","24600","Sell","65","32.00","7.95","","1563.25"
"410.2","2024-10-30"," 9:45:00 AM","2024-10-30"," 3:15:00 PM","PE","24200","Sell","65","32.25","23.65","","559.00"
"411","2024-10-31"," 9:45:00 AM","2024-10-31"," 3:15:00 PM","","","","","","","15.76","1879.00"
"411.1","2024-10-31"," 9:45:00 AM","2024-10-31"," 3:15:00 PM","CE","80100","Sell","20","47.20","0.20","","940.00"
"411.2","2024-10-31"," 9:45:00 AM","2024-10-31"," 3:15:00 PM","PE","79300","Sell","20","47.15","0.20","","939.00"
"412","2024-10-31"," 9:45:00 AM","2024-10-31"," 3:15:00 PM","","","","","","","15.76","1774.50"
"412.1","2024-10-31"," 9:45:00 AM","2024-10-31"," 3:15:00 PM","CE","24400","Sell","65","13.85","0.15","","890.50"
"412.2","2024-10-31"," 9:45:00 AM","2024-10-31"," 3:15:00 PM","PE","24150","Sell","65","13.70","0.10","","884.00"
"413","2024-11-04"," 9:45:00 AM","2024-11-04"," 3:15:00 PM","","","","","","","16.67","-1663.00"
"413.1","2024-11-04"," 9:45:00 AM","2024-11-04"," 3:15:00 PM","CE","80500","Sell","20","181.10","156.20","","498.00"
"413.2","2024-11-04"," 9:45:00 AM","2024-11-04"," 10:13:00 AM","PE","77500","Sell","20","216.10","324.15","","-2161.00"
"414","2024-11-04"," 9:45:00 AM","2024-11-04"," 3:15:00 PM","","","","","","","16.67","-812.50"
"414.1","2024-11-04"," 9:45:00 AM","2024-11-04"," 3:15:00 PM","CE","24450","Sell","65","57.65","40.00","","1147.25"
"414.2","2024-11-04"," 9:45:00 AM","2024-11-04"," 10:13:00 AM","PE","23600","Sell","65","60.30","90.45","","-1959.75"
"415","2024-11-05"," 9:45:00 AM","2024-11-05"," 3:15:00 PM","","","","","","","16.83","540.00"
"415.1","2024-11-05"," 9:45:00 AM","2024-11-05"," 1:31:00 PM","CE","80100","Sell","20","176.70","265.05","","-1767.00"
"415.2","2024-11-05"," 9:45:00 AM","2024-11-05"," 3:15:00 PM","PE","77200","Sell","20","211.05","95.70","","2307.00"
"416","2024-11-05"," 9:45:00 AM","2024-11-05"," 3:15:00 PM","","","","","","","16.83","1098.50"
"416.1","2024-11-05"," 9:45:00 AM","2024-11-05"," 1:31:00 PM","CE","24350","Sell","65","43.00","64.50","","-1397.50"
"416.2","2024-11-05"," 9:45:00 AM","2024-11-05"," 3:15:00 PM","PE","23550","Sell","65","62.10","23.70","","2496.00"
"417","2024-11-06"," 9:45:00 AM","2024-11-06"," 10:55:00 AM","","","","","","","15.49","-1417.00"
"417.1","2024-11-06"," 9:45:00 AM","2024-11-06"," 10:55:00 AM","CE","81000","Sell","20","140.70","140.70","","0.00"
"417.2","2024-11-06"," 9:45:00 AM","2024-11-06"," 10:32:00 AM","PE","78900","Sell","20","141.65","212.50","","-1417.00"
"418","2024-11-06"," 9:45:00 AM","2024-11-06"," 10:55:00 AM","","","","","","","15.49","-1153.75"
"418.1","2024-11-06"," 9:45:00 AM","2024-11-06"," 10:55:00 AM","CE","24600","Sell","65","29.40","29.40","","0.00"
"418.2","2024-11-06"," 9:45:00 AM","2024-11-06"," 10:32:00 AM","PE","24100","Sell","65","35.50","53.25","","-1153.75"
"419","2024-11-07"," 9:45:00 AM","2024-11-07"," 9:49:00 AM","","","","","","","15.03","-715.00"
"419.1","2024-11-07"," 9:45:00 AM","2024-11-07"," 9:48:00 AM","CE","24500","Sell","65","19.80","29.70","","-643.50"
"419.2","2024-11-07"," 9:45:00 AM","2024-11-07"," 9:49:00 AM","PE","24250","Sell","65","19.50","20.60","","-71.50"
"420","2024-11-07"," 9:45:00 AM","2024-11-07"," 3:15:00 PM","","","","","","","15.03","526.00"
"420.1","2024-11-07"," 9:45:00 AM","2024-11-07"," 3:15:00 PM","CE","80800","Sell","20","102.65","22.75","","1598.00"
"420.2","2024-11-07"," 9:45:00 AM","2024-11-07"," 9:59:00 AM","PE","79300","Sell","20","107.15","160.75","","-1072.00"
"421","2024-11-08"," 9:45:00 AM","2024-11-08"," 9:54:00 AM","","","","","","","15.10","-734.00"
"421.1","2024-11-08"," 9:45:00 AM","2024-11-08"," 9:46:00 AM","CE","80100","Sell","20","73.40","110.10","","-734.00"
"421.2","2024-11-08"," 9:45:00 AM","2024-11-08"," 9:54:00 AM","PE","79000","Sell","20","78.10","78.10","","0.00"
"422","2024-11-08"," 9:45:00 AM","2024-11-08"," 9:54:00 AM","","","","","","","15.10","-1511.25"
"422.1","2024-11-08"," 9:45:00 AM","2024-11-08"," 9:47:00 AM","CE","24550","Sell","65","46.50","69.75","","-1511.25"
"422.2","2024-11-08"," 9:45:00 AM","2024-11-08"," 9:54:00 AM","PE","23800","Sell","65","55.25","55.25","","0.00"
"423","2024-11-11"," 9:45:00 AM","2024-11-11"," 2:18:00 PM","","","","","","","14.80","-1143.00"
"423.1","2024-11-11"," 9:45:00 AM","2024-11-11"," 10:32:00 AM","CE","80500","Sell","20","114.25","171.40","","-1143.00"
"423.2","2024-11-11"," 9:45:00 AM","2024-11-11"," 2:18:00 PM","PE","78500","Sell","20","132.75","132.75","","0.00"
"424","2024-11-11"," 9:45:00 AM","2024-11-11"," 2:18:00 PM","","","","","","","14.80","-1072.50"
"424.1","2024-11-11"," 9:45:00 AM","2024-11-11"," 10:30:00 AM","CE","24450","Sell","65","33.05","49.55","","-1072.50"
"424.2","2024-11-11"," 9:45:00 AM","2024-11-11"," 2:18:00 PM","PE","23850","Sell","65","40.50","40.50","","0.00"
"425","2024-11-12"," 9:45:00 AM","2024-11-12"," 10:04:00 AM","","","","","","","14.35","-1036.75"
"425.1","2024-11-12"," 9:45:00 AM","2024-11-12"," 10:00:00 AM","CE","24400","Sell","65","31.85","47.80","","-1036.75"
"425.2","2024-11-12"," 9:45:00 AM","2024-11-12"," 10:04:00 AM","PE","23900","Sell","65","36.95","36.95","","0.00"
"426","2024-11-12"," 9:45:00 AM","2024-11-12"," 10:38:00 AM","","","","","","","14.35","-1104.00"
"426.1","2024-11-12"," 9:45:00 AM","2024-11-12"," 10:00:00 AM","CE","80300","Sell","20","110.40","165.60","","-1104.00"
"426.2","2024-11-12"," 9:45:00 AM","2024-11-12"," 10:38:00 AM","PE","78700","Sell","20","125.00","125.00","","0.00"
"427","2024-11-13"," 9:45:00 AM","2024-11-13"," 3:15:00 PM","","","","","","","15.03","669.00"
"427.1","2024-11-13"," 9:45:00 AM","2024-11-13"," 3:15:00 PM","CE","79300","Sell","20","108.00","19.90","","1762.00"
"427.2","2024-11-13"," 9:45:00 AM","2024-11-13"," 10:16:00 AM","PE","77600","Sell","20","109.35","164.00","","-1093.00"
"428","2024-11-13"," 9:45:00 AM","2024-11-13"," 3:15:00 PM","","","","","","","15.03","906.75"
"428.1","2024-11-13"," 9:45:00 AM","2024-11-13"," 3:15:00 PM","CE","24000","Sell","65","35.70","5.25","","1979.25"
"428.2","2024-11-13"," 9:45:00 AM","2024-11-13"," 2:30:00 PM","PE","23500","Sell","65","33.00","49.50","","-1072.50"
"429","2024-11-14"," 9:45:00 AM","2024-11-14"," 9:50:00 AM","","","","","","","15.32","-719.00"
"429.1","2024-11-14"," 9:45:00 AM","2024-11-14"," 9:47:00 AM","CE","78300","Sell","20","71.85","107.80","","-719.00"
"429.2","2024-11-14"," 9:45:00 AM","2024-11-14"," 9:50:00 AM","PE","77200","Sell","20","76.20","76.20","","0.00"
"430","2024-11-14"," 9:45:00 AM","2024-11-14"," 3:15:00 PM","","","","","","","15.32","403.00"
"430.1","2024-11-14"," 9:45:00 AM","2024-11-14"," 10:01:00 AM","CE","23700","Sell","65","24.75","37.10","","-802.75"
"430.2","2024-11-14"," 9:45:00 AM","2024-11-14"," 3:15:00 PM","PE","23400","Sell","65","18.65","0.10","","1205.75"
"431","2024-11-18"," 9:45:00 AM","2024-11-18"," 10:50:00 AM","","","","","","","15.83","-1573.00"
"431.1","2024-11-18"," 9:45:00 AM","2024-11-18"," 10:10:00 AM","CE","78100","Sell","20","157.35","236.00","","-1573.00"
"431.2","2024-11-18"," 9:45:00 AM","2024-11-18"," 10:50:00 AM","PE","75800","Sell","20","161.70","161.70","","0.00"
"432","2024-11-18"," 9:45:00 AM","2024-11-18"," 10:50:00 AM","","","","","","","15.83","-1231.75"
"432.1","2024-11-18"," 9:45:00 AM","2024-11-18"," 10:04:00 AM","CE","23650","Sell","65","37.90","56.85","","-1231.75"
"432.2","2024-11-18"," 9:45:00 AM","2024-11-18"," 10:50:00 AM","PE","23050","Sell","65","44.80","44.80","","0.00"
"433","2024-11-19"," 9:45:00 AM","2024-11-19"," 2:29:00 PM","","","","","","","14.43","-1085.00"
"433.1","2024-11-19"," 9:45:00 AM","2024-11-19"," 11:35:00 AM","CE","79000","Sell","20","108.50","162.75","","-1085.00"
"433.2","2024-11-19"," 9:45:00 AM","2024-11-19"," 2:29:00 PM","PE","77300","Sell","20","126.90","126.90","","0.00"
"434","2024-11-19"," 9:45:00 AM","2024-11-19"," 2:51:00 PM","","","","","","","14.43","-906.75"
"434.1","2024-11-19"," 9:45:00 AM","2024-11-19"," 11:35:00 AM","CE","23900","Sell","65","27.85","41.80","","-906.75"
"434.2","2024-11-19"," 9:45:00 AM","2024-11-19"," 2:51:00 PM","PE","23500","Sell","65","36.40","36.40","","0.00"
"435","2024-11-21"," 9:45:00 AM","2024-11-21"," 3:15:00 PM","","","","","","","16.15","1551.00"
"435.1","2024-11-21"," 9:45:00 AM","2024-11-21"," 3:15:00 PM","CE","77700","Sell","20","95.45","81.45","","280.00"
"435.2","2024-11-21"," 9:45:00 AM","2024-11-21"," 3:15:00 PM","PE","76100","Sell","20","106.55","43.00","","1271.00"
"436","2024-11-21"," 9:45:00 AM","2024-11-21"," 3:15:00 PM","","","","","","","16.15","1885.00"
"436.1","2024-11-21"," 9:45:00 AM","2024-11-21"," 3:15:00 PM","CE","23400","Sell","65","17.45","0.25","","1118.00"
"436.2","2024-11-21"," 9:45:00 AM","2024-11-21"," 3:15:00 PM","PE","23150","Sell","65","11.95","0.15","","767.00"
"437","2024-11-22"," 9:45:00 AM","2024-11-22"," 10:23:00 AM","","","","","","","15.70","-965.00"
"437.1","2024-11-22"," 9:45:00 AM","2024-11-22"," 10:03:00 AM","CE","78200","Sell","20","96.50","144.75","","-965.00"
"437.2","2024-11-22"," 9:45:00 AM","2024-11-22"," 10:23:00 AM","PE","76800","Sell","20","108.30","108.30","","0.00"
"438","2024-11-22"," 9:45:00 AM","2024-11-22"," 10:48:00 AM","","","","","","","15.70","-1573.00"
"438.1","2024-11-22"," 9:45:00 AM","2024-11-22"," 10:04:00 AM","CE","23850","Sell","65","48.40","72.60","","-1573.00"
"438.2","2024-11-22"," 9:45:00 AM","2024-11-22"," 10:48:00 AM","PE","23050","Sell","65","57.50","57.50","","0.00"
"439","2024-11-25"," 9:45:00 AM","2024-11-25"," 3:15:00 PM","","","","","","","16.01","-341.00"
"439.1","2024-11-25"," 9:45:00 AM","2024-11-25"," 3:15:00 PM","CE","81700","Sell","20","176.50","99.25","","1545.00"
"439.2","2024-11-25"," 9:45:00 AM","2024-11-25"," 12:58:00 PM","PE","78900","Sell","20","188.55","282.85","","-1886.00"
"440","2024-11-25"," 9:45:00 AM","2024-11-25"," 3:15:00 PM","","","","","","","16.01","-227.50"
"440.1","2024-11-25"," 9:45:00 AM","2024-11-25"," 3:15:00 PM","CE","24650","Sell","65","43.90","21.25","","1472.25"
"440.2","2024-11-25"," 9:45:00 AM","2024-11-25"," 12:57:00 PM","PE","23950","Sell","65","52.25","78.40","","-1699.75"
"441","2024-11-26"," 9:45:00 AM","2024-11-26"," 3:15:00 PM","","","","","","","15.58","1930.00"
"441.1","2024-11-26"," 9:45:00 AM","2024-11-26"," 3:15:00 PM","CE","81200","Sell","20","152.80","105.70","","942.00"
"441.2","2024-11-26"," 9:45:00 AM","2024-11-26"," 3:15:00 PM","PE","79000","Sell","20","170.05","120.65","","988.00"
"442","2024-11-26"," 9:45:00 AM","2024-11-26"," 3:15:00 PM","","","","","","","15.58","1823.25"
"442.1","2024-11-26"," 9:45:00 AM","2024-11-26"," 3:15:00 PM","CE","24550","Sell","65","31.30","15.95","","997.75"
"442.2","2024-11-26"," 9:45:00 AM","2024-11-26"," 3:15:00 PM","PE","23950","Sell","65","40.90","28.20","","825.50"
"443","2024-11-27"," 9:45:00 AM","2024-11-27"," 3:15:00 PM","","","","","","","14.89","219.00"
"443.1","2024-11-27"," 9:45:00 AM","2024-11-27"," 12:22:00 PM","CE","80800","Sell","20","113.85","170.75","","-1138.00"
"443.2","2024-11-27"," 9:45:00 AM","2024-11-27"," 3:15:00 PM","PE","79000","Sell","20","117.75","49.90","","1357.00"
"444","2024-11-27"," 9:45:00 AM","2024-11-27"," 3:15:00 PM","","","","","","","14.89","263.25"
"444.1","2024-11-27"," 9:45:00 AM","2024-11-27"," 9:51:00 AM","CE","24350","Sell","65","29.90","44.85","","-971.75"
"444.2","2024-11-27"," 9:45:00 AM","2024-11-27"," 3:15:00 PM","PE","23950","Sell","65","25.85","6.85","","1235.00"
"445","2024-11-28"," 9:45:00 AM","2024-11-28"," 10:34:00 AM","","","","","","","14.64","-1032.00"
"445.1","2024-11-28"," 9:45:00 AM","2024-11-28"," 10:02:00 AM","CE","81000","Sell","20","103.20","154.80","","-1032.00"
"445.2","2024-11-28"," 9:45:00 AM","2024-11-28"," 10:34:00 AM","PE","79500","Sell","20","100.90","100.90","","0.00"
"446","2024-11-28"," 9:45:00 AM","2024-11-28"," 10:34:00 AM","","","","","","","14.64","-594.75"
"446.1","2024-11-28"," 9:45:00 AM","2024-11-28"," 9:52:00 AM","CE","24450","Sell","65","18.25","27.40","","-594.75"
"446.2","2024-11-28"," 9:45:00 AM","2024-11-28"," 10:34:00 AM","PE","24100","Sell","65","17.05","17.05","","0.00"
"447","2024-11-29"," 9:45:00 AM","2024-11-29"," 3:15:00 PM","","","","","","","15.29","1234.00"
"447.1","2024-11-29"," 9:45:00 AM","2024-11-29"," 10:33:00 AM","CE","80100","Sell","20","108.75","163.10","","-1087.00"
"447.2","2024-11-29"," 9:45:00 AM","2024-11-29"," 3:15:00 PM","PE","78500","Sell","20","116.15","0.10","","2321.00"
"448","2024-11-29"," 9:45:00 AM","2024-11-29"," 3:15:00 PM","","","","","","","15.29","724.75"
"448.1","2024-11-29"," 9:45:00 AM","2024-11-29"," 10:38:00 AM","CE","24450","Sell","65","51.65","77.50","","-1680.25"
"448.2","2024-11-29"," 9:45:00 AM","2024-11-29"," 3:15:00 PM","PE","23600","Sell","65","58.40","21.40","","2405.00"
"449","2024-12-02"," 9:45:00 AM","2024-12-02"," 1:06:00 PM","","","","","","","14.79","-1316.25"
"449.1","2024-12-02"," 9:45:00 AM","2024-12-02"," 12:29:00 PM","CE","24450","Sell","65","40.55","60.80","","-1316.25"
"449.2","2024-12-02"," 9:45:00 AM","2024-12-02"," 1:06:00 PM","PE","23800","Sell","65","46.70","46.70","","0.00"
"450","2024-12-02"," 9:45:00 AM","2024-12-02"," 1:29:00 PM","","","","","","","14.79","-1706.00"
"450.1","2024-12-02"," 9:45:00 AM","2024-12-02"," 12:30:00 PM","CE","81000","Sell","20","170.60","255.90","","-1706.00"
"450.2","2024-12-02"," 9:45:00 AM","2024-12-02"," 1:29:00 PM","PE","78500","Sell","20","196.35","196.35","","0.00"
"451","2024-12-03"," 9:45:00 AM","2024-12-03"," 3:15:00 PM","","","","","","","14.74","61.00"
"451.1","2024-12-03"," 9:45:00 AM","2024-12-03"," 1:42:00 PM","CE","81700","Sell","20","160.00","240.00","","-1600.00"
"451.2","2024-12-03"," 9:45:00 AM","2024-12-03"," 3:15:00 PM","PE","79000","Sell","20","192.55","109.50","","1661.00"
"452","2024-12-03"," 9:45:00 AM","2024-12-03"," 3:15:00 PM","","","","","","","14.74","425.75"
"452.1","2024-12-03"," 9:45:00 AM","2024-12-03"," 1:34:00 PM","CE","24650","Sell","65","35.65","53.50","","-1160.25"
"452.2","2024-12-03"," 9:45:00 AM","2024-12-03"," 3:15:00 PM","PE","23950","Sell","65","45.00","20.60","","1586.00"
"453","2024-12-04"," 9:45:00 AM","2024-12-04"," 3:15:00 PM","","","","","","","14.41","-820.00"
"453.1","2024-12-04"," 9:45:00 AM","2024-12-04"," 3:15:00 PM","CE","82300","Sell","20","137.05","91.30","","915.00"
"453.2","2024-12-04"," 9:45:00 AM","2024-12-04"," 11:57:00 AM","PE","80000","Sell","20","173.50","260.25","","-1735.00"
"454","2024-12-04"," 9:45:00 AM","2024-12-04"," 3:15:00 PM","","","","","","","14.41","-481.00"
"454.1","2024-12-04"," 9:45:00 AM","2024-12-04"," 3:15:00 PM","CE","24800","Sell","65","24.90","11.25","","887.25"
"454.2","2024-12-04"," 9:45:00 AM","2024-12-04"," 11:56:00 AM","PE","24300","Sell","65","42.05","63.10","","-1368.25"
"455","2024-12-05"," 9:45:00 AM","2024-12-05"," 12:05:00 PM","","","","","","","15.06","-1818.00"
"455.1","2024-12-05"," 9:45:00 AM","2024-12-05"," 12:05:00 PM","CE","82200","Sell","20","146.00","146.00","","0.00"
"455.2","2024-12-05"," 9:45:00 AM","2024-12-05"," 10:59:00 AM","PE","79700","Sell","20","181.80","272.70","","-1818.00"
"456","2024-12-05"," 9:45:00 AM","2024-12-05"," 12:06:00 PM","","","","","","","15.06","-1238.25"
"456.1","2024-12-05"," 9:45:00 AM","2024-12-05"," 12:06:00 PM","CE","24750","Sell","65","28.90","28.90","","0.00"
"456.2","2024-12-05"," 9:45:00 AM","2024-12-05"," 9:49:00 AM","PE","24150","Sell","65","38.10","57.15","","-1238.25"
"457","2024-12-06"," 9:45:00 AM","2024-12-06"," 9:54:00 AM","","","","","","","14.82","-891.00"
"457.1","2024-12-06"," 9:45:00 AM","2024-12-06"," 9:54:00 AM","CE","82600","Sell","20","100.25","100.25","","0.00"
"457.2","2024-12-06"," 9:45:00 AM","2024-12-06"," 9:53:00 AM","PE","81300","Sell","20","89.10","133.65","","-891.00"
"458","2024-12-06"," 9:45:00 AM","2024-12-06"," 3:15:00 PM","","","","","","","14.82","4134.00"
"458.1","2024-12-06"," 9:45:00 AM","2024-12-06"," 3:15:00 PM","CE","25200","Sell","65","60.35","28.40","","2076.75"
"458.2","2024-12-06"," 9:45:00 AM","2024-12-06"," 3:15:00 PM","PE","24250","Sell","65","75.90","44.25","","2057.25"
"459","2024-12-09"," 9:45:00 AM","2024-12-09"," 3:15:00 PM","","","","","","","14.59","1567.00"
"459.1","2024-12-09"," 9:45:00 AM","2024-12-09"," 3:15:00 PM","CE","83000","Sell","20","174.30","138.85","","709.00"
"459.2","2024-12-09"," 9:45:00 AM","2024-12-09"," 3:15:00 PM","PE","80200","Sell","20","197.90","155.00","","858.00"
"460","2024-12-09"," 9:45:00 AM","2024-12-09"," 3:15:00 PM","","","","","","","14.59","1683.50"
"460.1","2024-12-09"," 9:45:00 AM","2024-12-09"," 3:15:00 PM","CE","25000","Sell","65","44.95","31.45","","877.50"
"460.2","2024-12-09"," 9:45:00 AM","2024-12-09"," 3:15:00 PM","PE","24250","Sell","65","48.90","36.50","","806.00"
"461","2024-12-10"," 9:45:00 AM","2024-12-10"," 3:15:00 PM","","","","","","","14.04","-550.00"
"461.1","2024-12-10"," 9:45:00 AM","2024-12-10"," 3:15:00 PM","CE","82800","Sell","20","151.45","105.30","","923.00"
"461.2","2024-12-10"," 9:45:00 AM","2024-12-10"," 12:36:00 PM","PE","80500","Sell","20","147.30","220.95","","-1473.00"
"462","2024-12-10"," 9:45:00 AM","2024-12-10"," 3:15:00 PM","","","","","","","14.04","-224.25"
"462.1","2024-12-10"," 9:45:00 AM","2024-12-10"," 3:15:00 PM","CE","24950","Sell","65","35.60","21.80","","897.00"
"462.2","2024-12-10"," 9:45:00 AM","2024-12-10"," 12:16:00 PM","PE","24350","Sell","65","34.55","51.80","","-1121.25"
"463","2024-12-11"," 9:45:00 AM","2024-12-11"," 3:15:00 PM","","","","","","","13.57","1515.00"
"463.1","2024-12-11"," 9:45:00 AM","2024-12-11"," 3:15:00 PM","CE","82500","Sell","20","114.20","85.30","","578.00"
"463.2","2024-12-11"," 9:45:00 AM","2024-12-11"," 3:15:00 PM","PE","80700","Sell","20","121.65","74.80","","937.00"
"464","2024-12-11"," 9:45:00 AM","2024-12-11"," 3:15:00 PM","","","","","","","13.57","1202.50"
"464.1","2024-12-11"," 9:45:00 AM","2024-12-11"," 3:15:00 PM","CE","24850","Sell","65","23.90","15.75","","529.75"
"464.2","2024-12-11"," 9:45:00 AM","2024-12-11"," 3:15:00 PM","PE","24400","Sell","65","22.75","12.40","","672.75"
"465","2024-12-12"," 9:45:00 AM","2024-12-12"," 9:51:00 AM","","","","","","","13.10","-500.50"
"465.1","2024-12-12"," 9:45:00 AM","2024-12-12"," 9:51:00 AM","CE","24750","Sell","65","16.55","16.55","","0.00"
"465.2","2024-12-12"," 9:45:00 AM","2024-12-12"," 9:47:00 AM","PE","24550","Sell","65","15.45","23.15","","-500.50"
"466","2024-12-12"," 9:45:00 AM","2024-12-12"," 3:15:00 PM","","","","","","","13.10","196.00"
"466.1","2024-12-12"," 9:45:00 AM","2024-12-12"," 3:15:00 PM","CE","82300","Sell","20","96.95","47.70","","985.00"
"466.2","2024-12-12"," 9:45:00 AM","2024-12-12"," 9:47:00 AM","PE","81000","Sell","20","78.95","118.40","","-789.00"
"467","2024-12-13"," 9:45:00 AM","2024-12-13"," 11:13:00 AM","","","","","","","13.54","-581.00"
"467.1","2024-12-13"," 9:45:00 AM","2024-12-13"," 11:13:00 AM","CE","81300","Sell","20","59.90","59.90","","0.00"
"467.2","2024-12-13"," 9:45:00 AM","2024-12-13"," 10:16:00 AM","PE","80300","Sell","20","58.15","87.20","","-581.00"
"468","2024-12-13"," 9:45:00 AM","2024-12-13"," 11:47:00 AM","","","","","","","13.54","-1725.75"
"468.1","2024-12-13"," 9:45:00 AM","2024-12-13"," 11:47:00 AM","CE","24750","Sell","65","50.10","50.10","","0.00"
"468.2","2024-12-13"," 9:45:00 AM","2024-12-13"," 10:21:00 AM","PE","24050","Sell","65","53.15","79.70","","-1725.75"
"469","2024-12-16"," 9:45:00 AM","2024-12-16"," 3:15:00 PM","","","","","","","13.91","-1023.00"
"469.1","2024-12-16"," 9:45:00 AM","2024-12-16"," 3:15:00 PM","CE","83500","Sell","20","170.00","126.30","","874.00"
"469.2","2024-12-16"," 9:45:00 AM","2024-12-16"," 10:31:00 AM","PE","80800","Sell","20","189.65","284.50","","-1897.00"
"470","2024-12-16"," 9:45:00 AM","2024-12-16"," 3:15:00 PM","","","","","","","13.91","-497.25"
"470.1","2024-12-16"," 9:45:00 AM","2024-12-16"," 3:15:00 PM","CE","25100","Sell","65","43.40","27.50","","1033.50"
"470.2","2024-12-16"," 9:45:00 AM","2024-12-16"," 10:28:00 AM","PE","24400","Sell","65","47.10","70.65","","-1530.75"
"471","2024-12-17"," 9:45:00 AM","2024-12-17"," 3:15:00 PM","","","","","","","14.35","-142.00"
"471.1","2024-12-17"," 9:45:00 AM","2024-12-17"," 3:15:00 PM","CE","82900","Sell","20","170.70","84.00","","1734.00"
"471.2","2024-12-17"," 9:45:00 AM","2024-12-17"," 10:21:00 AM","PE","80300","Sell","20","187.60","281.40","","-1876.00"
"472","2024-12-17"," 9:45:00 AM","2024-12-17"," 3:15:00 PM","","","","","","","14.35","425.75"
"472.1","2024-12-17"," 9:45:00 AM","2024-12-17"," 3:15:00 PM","CE","24900","Sell","65","44.65","15.25","","1911.00"
"472.2","2024-12-17"," 9:45:00 AM","2024-12-17"," 10:21:00 AM","PE","24250","Sell","65","45.75","68.60","","-1485.25"
"473","2024-12-18"," 9:45:00 AM","2024-12-18"," 3:15:00 PM","","","","","","","14.77","337.00"
"473.1","2024-12-18"," 9:45:00 AM","2024-12-18"," 3:15:00 PM","CE","82300","Sell","20","161.20","72.75","","1769.00"
"473.2","2024-12-18"," 9:45:00 AM","2024-12-18"," 9:58:00 AM","PE","79900","Sell","20","143.20","214.80","","-1432.00"
"474","2024-12-18"," 9:45:00 AM","2024-12-18"," 3:15:00 PM","","","","","","","14.77","773.50"
"474.1","2024-12-18"," 9:45:00 AM","2024-12-18"," 3:15:00 PM","CE","24650","Sell","65","39.80","14.90","","1618.50"
"474.2","2024-12-18"," 9:45:00 AM","2024-12-18"," 9:57:00 AM","PE","24150","Sell","65","26.00","39.00","","-845.00"
"475","2024-12-19"," 9:45:00 AM","2024-12-19"," 9:56:00 AM","","","","","","","14.77","-695.50"
"475.1","2024-12-19"," 9:45:00 AM","2024-12-19"," 9:56:00 AM","CE","24150","Sell","65","20.40","20.40","","0.00"
"475.2","2024-12-19"," 9:45:00 AM","2024-12-19"," 9:49:00 AM","PE","23850","Sell","65","21.40","32.10","","-695.50"
"476","2024-12-19"," 9:45:00 AM","2024-12-19"," 3:15:00 PM","","","","","","","14.77","1767.00"
"476.1","2024-12-19"," 9:45:00 AM","2024-12-19"," 3:15:00 PM","CE","80700","Sell","20","152.30","54.20","","1962.00"
"476.2","2024-12-19"," 9:45:00 AM","2024-12-19"," 3:15:00 PM","PE","78600","Sell","20","133.10","142.85","","-195.00"
"477","2024-12-20"," 9:45:00 AM","2024-12-20"," 3:15:00 PM","","","","","","","14.93","1397.00"
"477.1","2024-12-20"," 9:45:00 AM","2024-12-20"," 3:15:00 PM","CE","80400","Sell","20","130.55","0.30","","2605.00"
"477.2","2024-12-20"," 9:45:00 AM","2024-12-20"," 9:48:00 AM","PE","78700","Sell","20","120.80","181.20","","-1208.00"
"478","2024-12-20"," 9:45:00 AM","2024-12-20"," 3:15:00 PM","","","","","","","14.93","1010.75"
"478.1","2024-12-20"," 9:45:00 AM","2024-12-20"," 3:15:00 PM","CE","24550","Sell","65","60.35","11.90","","3149.25"
"478.2","2024-12-20"," 9:45:00 AM","2024-12-20"," 9:49:00 AM","PE","23650","Sell","65","65.85","98.75","","-2138.50"
"479","2024-12-23"," 9:45:00 AM","2024-12-23"," 1:02:00 PM","","","","","","","14.53","-1166.75"
"479.1","2024-12-23"," 9:45:00 AM","2024-12-23"," 11:01:00 AM","CE","24050","Sell","65","35.95","53.90","","-1166.75"
"479.2","2024-12-23"," 9:45:00 AM","2024-12-23"," 1:02:00 PM","PE","23450","Sell","65","39.05","39.05","","0.00"
"480","2024-12-23"," 9:45:00 AM","2024-12-23"," 3:15:00 PM","","","","","","","14.53","2546.00"
"480.1","2024-12-23"," 9:45:00 AM","2024-12-23"," 3:15:00 PM","CE","80000","Sell","20","168.50","106.00","","1250.00"
"480.2","2024-12-23"," 9:45:00 AM","2024-12-23"," 3:15:00 PM","PE","77400","Sell","20","171.85","107.05","","1296.00"
"481","2024-12-24"," 9:45:00 AM","2024-12-24"," 3:15:00 PM","","","","","","","13.52","-93.00"
"481.1","2024-12-24"," 9:45:00 AM","2024-12-24"," 10:08:00 AM","CE","79500","Sell","20","126.50","189.75","","-1265.00"
"481.2","2024-12-24"," 9:45:00 AM","2024-12-24"," 3:15:00 PM","PE","77600","Sell","20","147.05","88.45","","1172.00"
"482","2024-12-24"," 9:45:00 AM","2024-12-24"," 3:15:00 PM","","","","","","","13.52","-29.25"
"482.1","2024-12-24"," 9:45:00 AM","2024-12-24"," 9:53:00 AM","CE","23950","Sell","65","23.80","35.70","","-773.50"
"482.2","2024-12-24"," 9:45:00 AM","2024-12-24"," 3:15:00 PM","PE","23550","Sell","65","31.00","19.55","","744.25"
"483","2024-12-26"," 9:45:00 AM","2024-12-26"," 3:15:00 PM","","","","","","","13.13","-466.00"
"483.1","2024-12-26"," 9:45:00 AM","2024-12-26"," 3:15:00 PM","CE","79500","Sell","20","97.45","73.35","","482.00"
"483.2","2024-12-26"," 9:45:00 AM","2024-12-26"," 10:02:00 AM","PE","78100","Sell","20","94.80","142.20","","-948.00"
"484","2024-12-26"," 9:45:00 AM","2024-12-26"," 3:15:00 PM","","","","","","","13.13","442.00"
"484.1","2024-12-26"," 9:45:00 AM","2024-12-26"," 3:15:00 PM","CE","23900","Sell","65","14.95","0.10","","965.25"
"484.2","2024-12-26"," 9:45:00 AM","2024-12-26"," 10:02:00 AM","PE","23700","Sell","65","16.15","24.20","","-523.25"
"485","2024-12-27"," 9:45:00 AM","2024-12-27"," 3:15:00 PM","","","","","","","13.69","2580.00"
"485.1","2024-12-27"," 9:45:00 AM","2024-12-27"," 3:15:00 PM","CE","79300","Sell","20","58.95","0.15","","1176.00"
"485.2","2024-12-27"," 9:45:00 AM","2024-12-27"," 3:15:00 PM","PE","78300","Sell","20","70.40","0.20","","1404.00"
"486","2024-12-27"," 9:45:00 AM","2024-12-27"," 3:15:00 PM","","","","","","","13.69","2249.00"
"486.1","2024-12-27"," 9:45:00 AM","2024-12-27"," 3:15:00 PM","CE","24200","Sell","65","47.60","25.05","","1465.75"
"486.2","2024-12-27"," 9:45:00 AM","2024-12-27"," 3:15:00 PM","PE","23550","Sell","65","54.95","42.90","","783.25"
"487","2024-12-30"," 9:45:00 AM","2024-12-30"," 12:29:00 PM","","","","","","","13.61","-1304.00"
"487.1","2024-12-30"," 9:45:00 AM","2024-12-30"," 10:46:00 AM","CE","79600","Sell","20","130.45","195.65","","-1304.00"
"487.2","2024-12-30"," 9:45:00 AM","2024-12-30"," 12:29:00 PM","PE","77500","Sell","20","159.25","159.25","","0.00"
"488","2024-12-30"," 9:45:00 AM","2024-12-30"," 12:31:00 PM","","","","","","","13.61","-1153.75"
"488.1","2024-12-30"," 9:45:00 AM","2024-12-30"," 10:46:00 AM","CE","24000","Sell","65","35.50","53.25","","-1153.75"
"488.2","2024-12-30"," 9:45:00 AM","2024-12-30"," 12:31:00 PM","PE","23500","Sell","65","40.95","40.95","","0.00"
"489","2024-12-31"," 9:45:00 AM","2024-12-31"," 10:54:00 AM","","","","","","","14.41","-1124.50"
"489.1","2024-12-31"," 9:45:00 AM","2024-12-31"," 10:53:00 AM","CE","23850","Sell","65","34.45","51.70","","-1121.25"
"489.2","2024-12-31"," 9:45:00 AM","2024-12-31"," 10:54:00 AM","PE","23300","Sell","65","43.05","43.10","","-3.25"
"490","2024-12-31"," 9:45:00 AM","2024-12-31"," 12:07:00 PM","","","","","","","14.41","-1589.00"
"490.1","2024-12-31"," 9:45:00 AM","2024-12-31"," 10:54:00 AM","CE","79000","Sell","20","158.90","238.35","","-1589.00"
"490.2","2024-12-31"," 9:45:00 AM","2024-12-31"," 12:07:00 PM","PE","76800","Sell","20","162.10","162.10","","0.00"
"491","2025-01-01"," 9:45:00 AM","2025-01-01"," 3:15:00 PM","","","","","","","14.70","-16.00"
"491.1","2025-01-01"," 9:45:00 AM","2025-01-01"," 10:48:00 AM","CE","79200","Sell","20","153.80","230.70","","-1538.00"
"491.2","2025-01-01"," 9:45:00 AM","2025-01-01"," 3:15:00 PM","PE","77000","Sell","20","165.10","89.00","","1522.00"
"492","2025-01-01"," 9:45:00 AM","2025-01-01"," 3:15:00 PM","","","","","","","14.70","542.75"
"492.1","2025-01-01"," 9:45:00 AM","2025-01-01"," 10:13:00 AM","CE","23900","Sell","65","29.05","43.60","","-945.75"
"492.2","2025-01-01"," 9:45:00 AM","2025-01-01"," 3:15:00 PM","PE","23350","Sell","65","36.20","13.30","","1488.50"
"493","2025-01-02"," 9:45:00 AM","2025-01-02"," 3:15:00 PM","","","","","","","14.48","1510.00"
"493.1","2025-01-02"," 9:45:00 AM","2025-01-02"," 11:10:00 AM","CE","79900","Sell","20","138.10","207.15","","-1381.00"
"493.2","2025-01-02"," 9:45:00 AM","2025-01-02"," 3:15:00 PM","PE","77700","Sell","20","157.35","12.80","","2891.00"
"494","2025-01-02"," 9:45:00 AM","2025-01-02"," 3:15:00 PM","","","","","","","14.48","1186.25"
"494.1","2025-01-02"," 9:45:00 AM","2025-01-02"," 10:37:00 AM","CE","24050","Sell","65","25.00","37.50","","-812.50"
"494.2","2025-01-02"," 9:45:00 AM","2025-01-02"," 3:15:00 PM","PE","23600","Sell","65","30.95","0.20","","1998.75"
"495","2025-01-03"," 9:45:00 AM","2025-01-03"," 3:15:00 PM","","","","","","","13.89","3638.00"
"495.1","2025-01-03"," 9:45:00 AM","2025-01-03"," 3:15:00 PM","CE","80200","Sell","20","92.35","0.15","","1844.00"
"495.2","2025-01-03"," 9:45:00 AM","2025-01-03"," 3:15:00 PM","PE","78800","Sell","20","90.10","0.40","","1794.00"
"496","2025-01-03"," 9:45:00 AM","2025-01-03"," 3:15:00 PM","","","","","","","13.89","2307.50"
"496.1","2025-01-03"," 9:45:00 AM","2025-01-03"," 3:15:00 PM","CE","24450","Sell","65","52.45","25.35","","1761.50"
"496.2","2025-01-03"," 9:45:00 AM","2025-01-03"," 3:15:00 PM","PE","23700","Sell","65","59.40","51.00","","546.00"
"497","2025-01-06"," 9:45:00 AM","2025-01-06"," 10:39:00 AM","","","","","","","14.47","-1101.00"
"497.1","2025-01-06"," 9:45:00 AM","2025-01-06"," 10:17:00 AM","CE","79900","Sell","20","110.10","165.15","","-1101.00"
"497.2","2025-01-06"," 9:45:00 AM","2025-01-06"," 10:39:00 AM","PE","78200","Sell","20","115.65","115.65","","0.00"
"498","2025-01-06"," 9:45:00 AM","2025-01-06"," 3:15:00 PM","","","","","","","14.47","-9.75"
"498.1","2025-01-06"," 9:45:00 AM","2025-01-06"," 3:15:00 PM","CE","24300","Sell","65","42.45","16.55","","1683.50"
"498.2","2025-01-06"," 9:45:00 AM","2025-01-06"," 10:57:00 AM","PE","23600","Sell","65","52.15","78.20","","-1693.25"
"499","2025-01-07"," 9:45:00 AM","2025-01-07"," 10:15:00 AM","","","","","","","14.84","-670.00"
"499.1","2025-01-07"," 9:45:00 AM","2025-01-07"," 10:15:00 AM","CE","78900","Sell","20","67.20","67.20","","0.00"
"499.2","2025-01-07"," 9:45:00 AM","2025-01-07"," 9:46:00 AM","PE","77900","Sell","20","67.00","100.50","","-670.00"
"500","2025-01-07"," 9:45:00 AM","2025-01-07"," 3:15:00 PM","","","","","","","14.84","29.25"
"500.1","2025-01-07"," 9:45:00 AM","2025-01-07"," 3:15:00 PM","CE","24100","Sell","65","39.35","15.15","","1573.00"
"500.2","2025-01-07"," 9:45:00 AM","2025-01-07"," 9:50:00 AM","PE","23450","Sell","65","47.55","71.30","","-1543.75"
"501","2025-01-08"," 9:45:00 AM","2025-01-08"," 1:55:00 PM","","","","","","","14.60","-851.50"
"501.1","2025-01-08"," 9:45:00 AM","2025-01-08"," 1:55:00 PM","CE","23850","Sell","65","28.10","28.10","","0.00"
"501.2","2025-01-08"," 9:45:00 AM","2025-01-08"," 10:27:00 AM","PE","23450","Sell","65","26.20","39.30","","-851.50"
"502","2025-01-08"," 9:45:00 AM","2025-01-08"," 3:15:00 PM","","","","","","","14.60","1549.00"
"502.1","2025-01-08"," 9:45:00 AM","2025-01-08"," 3:15:00 PM","CE","79300","Sell","20","166.15","172.90","","-135.00"
"502.2","2025-01-08"," 9:45:00 AM","2025-01-08"," 3:15:00 PM","PE","76700","Sell","20","183.35","99.15","","1684.00"
"503","2025-01-09"," 9:45:00 AM","2025-01-09"," 10:48:00 AM","","","","","","","14.47","-559.00"
"503.1","2025-01-09"," 9:45:00 AM","2025-01-09"," 9:56:00 AM","CE","23700","Sell","65","17.20","25.80","","-559.00"
"503.2","2025-01-09"," 9:45:00 AM","2025-01-09"," 10:48:00 AM","PE","23500","Sell","65","17.30","17.30","","0.00"
"504","2025-01-09"," 9:45:00 AM","2025-01-09"," 3:15:00 PM","","","","","","","14.47","887.00"
"504.1","2025-01-09"," 9:45:00 AM","2025-01-09"," 3:15:00 PM","CE","79000","Sell","20","137.30","82.85","","1089.00"
"504.2","2025-01-09"," 9:45:00 AM","2025-01-09"," 3:15:00 PM","PE","76900","Sell","20","147.40","157.50","","-202.00"
"505","2025-01-10"," 9:45:00 AM","2025-01-10"," 2:26:00 PM","","","","","","","15.09","-1696.50"
"505.1","2025-01-10"," 9:45:00 AM","2025-01-10"," 11:16:00 AM","CE","23850","Sell","65","52.20","78.30","","-1696.50"
"505.2","2025-01-10"," 9:45:00 AM","2025-01-10"," 2:26:00 PM","PE","23050","Sell","65","56.30","56.30","","0.00"
"506","2025-01-10"," 9:45:00 AM","2025-01-10"," 3:15:00 PM","","","","","","","15.09","2674.00"
"506.1","2025-01-10"," 9:45:00 AM","2025-01-10"," 3:15:00 PM","CE","78500","Sell","20","142.25","55.75","","1730.00"
"506.2","2025-01-10"," 9:45:00 AM","2025-01-10"," 3:15:00 PM","PE","76400","Sell","20","146.95","99.75","","944.00"
"507","2025-01-13"," 9:45:00 AM","2025-01-13"," 10:04:00 AM","","","","","","","15.88","-1031.00"
"507.1","2025-01-13"," 9:45:00 AM","2025-01-13"," 10:03:00 AM","CE","77500","Sell","20","99.95","149.90","","-999.00"
"507.2","2025-01-13"," 9:45:00 AM","2025-01-13"," 10:04:00 AM","PE","76000","Sell","20","111.75","113.35","","-32.00"
"508","2025-01-13"," 9:45:00 AM","2025-01-13"," 1:14:00 PM","","","","","","","15.88","-1248.00"
"508.1","2025-01-13"," 9:45:00 AM","2025-01-13"," 10:31:00 AM","CE","23600","Sell","65","38.40","57.60","","-1248.00"
"508.2","2025-01-13"," 9:45:00 AM","2025-01-13"," 1:14:00 PM","PE","22900","Sell","65","51.45","51.45","","0.00"
"509","2025-01-14"," 9:45:00 AM","2025-01-14"," 3:15:00 PM","","","","","","","15.80","1753.00"
"509.1","2025-01-14"," 9:45:00 AM","2025-01-14"," 3:15:00 PM","CE","77000","Sell","20","44.15","0.10","","881.00"
"509.2","2025-01-14"," 9:45:00 AM","2025-01-14"," 3:15:00 PM","PE","76300","Sell","20","43.75","0.15","","872.00"
"510","2025-01-14"," 9:45:00 AM","2025-01-14"," 3:15:00 PM","","","","","","","15.80","1644.50"
"510.1","2025-01-14"," 9:45:00 AM","2025-01-14"," 3:15:00 PM","CE","23400","Sell","65","35.65","27.65","","520.00"
"510.2","2025-01-14"," 9:45:00 AM","2025-01-14"," 3:15:00 PM","PE","22900","Sell","65","33.40","16.10","","1124.50"
"511","2025-01-15"," 9:45:00 AM","2025-01-15"," 3:15:00 PM","","","","","","","15.57","1717.00"
"511.1","2025-01-15"," 9:45:00 AM","2025-01-15"," 3:15:00 PM","CE","77900","Sell","20","147.80","113.15","","693.00"
"511.2","2025-01-15"," 9:45:00 AM","2025-01-15"," 3:15:00 PM","PE","75500","Sell","20","176.00","124.80","","1024.00"
"512","2025-01-15"," 9:45:00 AM","2025-01-15"," 3:15:00 PM","","","","","","","15.57","286.00"
"512.1","2025-01-15"," 9:45:00 AM","2025-01-15"," 10:47:00 AM","CE","23400","Sell","65","19.00","28.50","","-617.50"
"512.2","2025-01-15"," 9:45:00 AM","2025-01-15"," 3:15:00 PM","PE","23000","Sell","65","25.75","11.85","","903.50"
"513","2025-01-16"," 9:45:00 AM","2025-01-16"," 10:01:00 AM","","","","","","","15.09","-442.00"
"513.1","2025-01-16"," 9:45:00 AM","2025-01-16"," 10:01:00 AM","CE","23400","Sell","65","13.95","13.95","","0.00"
"513.2","2025-01-16"," 9:45:00 AM","2025-01-16"," 9:56:00 AM","PE","23250","Sell","65","13.55","20.35","","-442.00"
"514","2025-01-16"," 9:45:00 AM","2025-01-16"," 3:15:00 PM","","","","","","","15.09","-1043.00"
"514.1","2025-01-16"," 9:45:00 AM","2025-01-16"," 3:15:00 PM","CE","78000","Sell","20","135.80","148.65","","-257.00"
"514.2","2025-01-16"," 9:45:00 AM","2025-01-16"," 3:15:00 PM","PE","76200","Sell","20","139.35","178.65","","-786.00"
"515","2025-01-17"," 9:45:00 AM","2025-01-17"," 11:35:00 AM","","","","","","","15.60","-1183.00"
"515.1","2025-01-17"," 9:45:00 AM","2025-01-17"," 11:35:00 AM","CE","77500","Sell","20","126.75","126.75","","0.00"
"515.2","2025-01-17"," 9:45:00 AM","2025-01-17"," 10:51:00 AM","PE","75700","Sell","20","118.35","177.50","","-1183.00"
"516","2025-01-17"," 9:45:00 AM","2025-01-17"," 11:35:00 AM","","","","","","","15.60","-1810.25"
"516.1","2025-01-17"," 9:45:00 AM","2025-01-17"," 11:35:00 AM","CE","23550","Sell","65","47.75","47.75","","0.00"
"516.2","2025-01-17"," 9:45:00 AM","2025-01-17"," 10:57:00 AM","PE","22850","Sell","65","55.70","83.55","","-1810.25"
"517","2025-01-20"," 9:45:00 AM","2025-01-20"," 3:15:00 PM","","","","","","","16.86","662.00"
"517.1","2025-01-20"," 9:45:00 AM","2025-01-20"," 11:33:00 AM","CE","77600","Sell","20","107.25","160.90","","-1073.00"
"517.2","2025-01-20"," 9:45:00 AM","2025-01-20"," 3:15:00 PM","PE","75900","Sell","20","116.65","29.90","","1735.00"
"518","2025-01-20"," 9:45:00 AM","2025-01-20"," 3:15:00 PM","","","","","","","16.86","490.75"
"518.1","2025-01-20"," 9:45:00 AM","2025-01-20"," 11:45:00 AM","CE","23550","Sell","65","50.05","75.05","","-1625.00"
"518.2","2025-01-20"," 9:45:00 AM","2025-01-20"," 3:15:00 PM","PE","22850","Sell","65","51.65","19.10","","2115.75"
"519","2025-01-21"," 9:45:00 AM","2025-01-21"," 9:58:00 AM","","","","","","","16.88","-1069.00"
"519.1","2025-01-21"," 9:45:00 AM","2025-01-21"," 9:54:00 AM","CE","77600","Sell","20","106.95","160.40","","-1069.00"
"519.2","2025-01-21"," 9:45:00 AM","2025-01-21"," 9:58:00 AM","PE","76200","Sell","20","102.15","102.15","","0.00"
"520","2025-01-21"," 9:45:00 AM","2025-01-21"," 11:47:00 AM","","","","","","","16.88","-1550.25"
"520.1","2025-01-21"," 9:45:00 AM","2025-01-21"," 11:47:00 AM","CE","23650","Sell","65","35.90","35.90","","0.00"
"520.2","2025-01-21"," 9:45:00 AM","2025-01-21"," 10:16:00 AM","PE","23050","Sell","65","47.75","71.60","","-1550.25"
"521","2025-01-22"," 9:45:00 AM","2025-01-22"," 3:15:00 PM","","","","","","","17.18","2508.00"
"521.1","2025-01-22"," 9:45:00 AM","2025-01-22"," 3:15:00 PM","CE","77600","Sell","20","178.55","154.50","","481.00"
"521.2","2025-01-22"," 9:45:00 AM","2025-01-22"," 3:15:00 PM","PE","74700","Sell","20","191.25","89.90","","2027.00"
"522","2025-01-22"," 9:45:00 AM","2025-01-22"," 3:15:00 PM","","","","","","","17.18","2154.75"
"522.1","2025-01-22"," 9:45:00 AM","2025-01-22"," 3:15:00 PM","CE","23300","Sell","65","30.85","21.65","","598.00"
"522.2","2025-01-22"," 9:45:00 AM","2025-01-22"," 3:15:00 PM","PE","22850","Sell","65","31.50","7.55","","1556.75"
"523","2025-01-23"," 9:45:00 AM","2025-01-23"," 3:15:00 PM","","","","","","","16.94","1480.00"
"523.1","2025-01-23"," 9:45:00 AM","2025-01-23"," 3:15:00 PM","CE","77800","Sell","20","148.55","102.60","","919.00"
"523.2","2025-01-23"," 9:45:00 AM","2025-01-23"," 3:15:00 PM","PE","75400","Sell","20","171.95","143.90","","561.00"
"524","2025-01-23"," 9:45:00 AM","2025-01-23"," 3:15:00 PM","","","","","","","16.94","2106.00"
"524.1","2025-01-23"," 9:45:00 AM","2025-01-23"," 3:15:00 PM","CE","23350","Sell","65","13.75","0.10","","887.25"
"524.2","2025-01-23"," 9:45:00 AM","2025-01-23"," 3:15:00 PM","PE","23100","Sell","65","18.90","0.15","","1218.75"
"525","2025-01-24"," 9:45:00 AM","2025-01-24"," 3:15:00 PM","","","","","","","17.02","2090.00"
"525.1","2025-01-24"," 9:45:00 AM","2025-01-24"," 3:15:00 PM","CE","77600","Sell","20","147.25","57.80","","1789.00"
"525.2","2025-01-24"," 9:45:00 AM","2025-01-24"," 3:15:00 PM","PE","75500","Sell","20","160.00","144.95","","301.00"
"526","2025-01-24"," 9:45:00 AM","2025-01-24"," 3:15:00 PM","","","","","","","17.02","1300.00"
"526.1","2025-01-24"," 9:45:00 AM","2025-01-24"," 3:15:00 PM","CE","23650","Sell","65","45.20","19.70","","1657.50"
"526.2","2025-01-24"," 9:45:00 AM","2025-01-24"," 3:15:00 PM","PE","22800","Sell","65","57.25","62.75","","-357.50"
"527","2025-01-27"," 9:45:00 AM","2025-01-27"," 3:15:00 PM","","","","","","","17.84","670.00"
"527.1","2025-01-27"," 9:45:00 AM","2025-01-27"," 3:15:00 PM","CE","76800","Sell","20","117.05","24.40","","1853.00"
"527.2","2025-01-27"," 9:45:00 AM","2025-01-27"," 10:28:00 AM","PE","75000","Sell","20","118.30","177.45","","-1183.00"
"528","2025-01-27"," 9:45:00 AM","2025-01-27"," 3:15:00 PM","","","","","","","17.84","341.25"
"528.1","2025-01-27"," 9:45:00 AM","2025-01-27"," 3:15:00 PM","CE","23350","Sell","65","51.80","21.55","","1966.25"
"528.2","2025-01-27"," 9:45:00 AM","2025-01-27"," 10:27:00 AM","PE","22600","Sell","65","50.05","75.05","","-1625.00"
"529","2025-01-28"," 9:45:00 AM","2025-01-28"," 3:15:00 PM","","","","","","","18.47","877.00"
"529.1","2025-01-28"," 9:45:00 AM","2025-01-28"," 10:03:00 AM","CE","76300","Sell","20","88.30","132.45","","-883.00"
"529.2","2025-01-28"," 9:45:00 AM","2025-01-28"," 3:15:00 PM","PE","74900","Sell","20","88.25","0.25","","1760.00"
"530","2025-01-28"," 9:45:00 AM","2025-01-28"," 3:15:00 PM","","","","","","","18.47","295.75"
"530.1","2025-01-28"," 9:45:00 AM","2025-01-28"," 11:02:00 AM","CE","23200","Sell","65","47.55","71.30","","-1543.75"
"530.2","2025-01-28"," 9:45:00 AM","2025-01-28"," 3:15:00 PM","PE","22550","Sell","65","50.15","21.85","","1839.50"
"531","2025-01-29"," 9:45:00 AM","2025-01-29"," 11:24:00 AM","","","","","","","18.60","-1433.25"
"531.1","2025-01-29"," 9:45:00 AM","2025-01-29"," 11:00:00 AM","CE","23350","Sell","65","44.15","66.20","","-1433.25"
"531.2","2025-01-29"," 9:45:00 AM","2025-01-29"," 11:24:00 AM","PE","22750","Sell","65","49.50","49.50","","0.00"
"532","2025-01-29"," 9:45:00 AM","2025-01-29"," 3:15:00 PM","","","","","","","18.60","-84.00"
"532.1","2025-01-29"," 9:45:00 AM","2025-01-29"," 3:15:00 PM","CE","78400","Sell","20","278.10","316.10","","-760.00"
"532.2","2025-01-29"," 9:45:00 AM","2025-01-29"," 3:15:00 PM","PE","74100","Sell","20","293.30","259.50","","676.00"
"533","2025-01-30"," 9:45:00 AM","2025-01-30"," 3:15:00 PM","","","","","","","18.71","2740.00"
"533.1","2025-01-30"," 9:45:00 AM","2025-01-30"," 3:15:00 PM","CE","78800","Sell","20","260.25","242.85","","348.00"
"533.2","2025-01-30"," 9:45:00 AM","2025-01-30"," 3:15:00 PM","PE","74400","Sell","20","308.25","188.65","","2392.00"
"534","2025-01-30"," 9:45:00 AM","2025-01-30"," 3:15:00 PM","","","","","","","18.71","1092.00"
"534.1","2025-01-30"," 9:45:00 AM","2025-01-30"," 10:10:00 AM","CE","23400","Sell","65","34.30","51.45","","-1114.75"
"534.2","2025-01-30"," 9:45:00 AM","2025-01-30"," 3:15:00 PM","PE","22950","Sell","65","34.05","0.10","","2206.75"
"535","2025-01-31"," 9:45:00 AM","2025-01-31"," 3:15:00 PM","","","","","","","17.64","3521.00"
"535.1","2025-01-31"," 9:45:00 AM","2025-01-31"," 3:15:00 PM","CE","79000","Sell","20","239.95","214.65","","506.00"
"535.2","2025-01-31"," 9:45:00 AM","2025-01-31"," 3:15:00 PM","PE","75000","Sell","20","279.60","128.85","","3015.00"
"536","2025-01-31"," 9:45:00 AM","2025-01-31"," 3:15:00 PM","","","","","","","17.64","4819.75"
"536.1","2025-01-31"," 9:45:00 AM","2025-01-31"," 3:15:00 PM","CE","24050","Sell","65","81.10","65.15","","1036.75"
"536.2","2025-01-31"," 9:45:00 AM","2025-01-31"," 3:15:00 PM","PE","22700","Sell","65","100.30","42.10","","3783.00"
"537","2025-02-03"," 9:45:00 AM","2025-02-03"," 3:15:00 PM","","","","","","","14.75","35.00"
"537.1","2025-02-03"," 9:45:00 AM","2025-02-03"," 10:44:00 AM","CE","77500","Sell","20","78.90","118.35","","-789.00"
"537.2","2025-02-03"," 9:45:00 AM","2025-02-03"," 3:15:00 PM","PE","76200","Sell","20","95.70","54.50","","824.00"
"538","2025-02-03"," 9:45:00 AM","2025-02-03"," 3:15:00 PM","","","","","","","14.75","377.00"
"538.1","2025-02-03"," 9:45:00 AM","2025-02-03"," 1:11:00 PM","CE","23550","Sell","65","34.85","52.30","","-1134.25"
"538.2","2025-02-03"," 9:45:00 AM","2025-02-03"," 3:15:00 PM","PE","22950","Sell","65","43.50","20.25","","1511.25"
"539","2025-02-04"," 9:45:00 AM","2025-02-04"," 10:15:00 AM","","","","","","","14.66","-1279.00"
"539.1","2025-02-04"," 9:45:00 AM","2025-02-04"," 10:15:00 AM","CE","78600","Sell","20","95.55","103.00","","-149.00"
"539.2","2025-02-04"," 9:45:00 AM","2025-02-04"," 10:14:00 AM","PE","77100","Sell","20","113.00","169.50","","-1130.00"
"540","2025-02-04"," 9:45:00 AM","2025-02-04"," 11:51:00 AM","","","","","","","14.66","-1290.25"
"540.1","2025-02-04"," 9:45:00 AM","2025-02-04"," 11:51:00 AM","CE","23850","Sell","65","38.60","38.60","","0.00"
"540.2","2025-02-04"," 9:45:00 AM","2025-02-04"," 10:33:00 AM","PE","23250","Sell","65","39.75","59.60","","-1290.25"
"541","2025-02-05"," 9:45:00 AM","2025-02-05"," 3:15:00 PM","","","","","","","14.11","344.00"
"541.1","2025-02-05"," 9:45:00 AM","2025-02-05"," 3:15:00 PM","CE","79900","Sell","20","165.55","113.95","","1032.00"
"541.2","2025-02-05"," 9:45:00 AM","2025-02-05"," 3:15:00 PM","PE","77400","Sell","20","182.75","217.15","","-688.00"
"542","2025-02-05"," 9:45:00 AM","2025-02-05"," 3:15:00 PM","","","","","","","14.11","-211.25"
"542.1","2025-02-05"," 9:45:00 AM","2025-02-05"," 3:15:00 PM","CE","23950","Sell","65","24.10","14.50","","624.00"
"542.2","2025-02-05"," 9:45:00 AM","2025-02-05"," 10:05:00 AM","PE","23600","Sell","65","25.70","38.55","","-835.25"
"543","2025-02-06"," 9:45:00 AM","2025-02-06"," 3:15:00 PM","","","","","","","14.51","1124.00"
"543.1","2025-02-06"," 9:45:00 AM","2025-02-06"," 3:15:00 PM","CE","79500","Sell","20","169.65","115.65","","1080.00"
"543.2","2025-02-06"," 9:45:00 AM","2025-02-06"," 3:15:00 PM","PE","77000","Sell","20","185.35","183.15","","44.00"
"544","2025-02-06"," 9:45:00 AM","2025-02-06"," 3:15:00 PM","","","","","","","14.51","2278.25"
"544.1","2025-02-06"," 9:45:00 AM","2025-02-06"," 3:15:00 PM","CE","23800","Sell","65","21.55","0.10","","1394.25"
"544.2","2025-02-06"," 9:45:00 AM","2025-02-06"," 3:15:00 PM","PE","23500","Sell","65","13.70","0.10","","884.00"
"545","2025-02-07"," 9:45:00 AM","2025-02-07"," 3:15:00 PM","","","","","","","14.28","3177.00"
"545.1","2025-02-07"," 9:45:00 AM","2025-02-07"," 3:15:00 PM","CE","79300","Sell","20","140.80","54.00","","1736.00"
"545.2","2025-02-07"," 9:45:00 AM","2025-02-07"," 3:15:00 PM","PE","77000","Sell","20","164.55","92.50","","1441.00"
"546","2025-02-07"," 9:45:00 AM","2025-02-07"," 3:15:00 PM","","","","","","","14.28","2977.00"
"546.1","2025-02-07"," 9:45:00 AM","2025-02-07"," 3:15:00 PM","CE","24000","Sell","65","53.35","25.40","","1816.75"
"546.2","2025-02-07"," 9:45:00 AM","2025-02-07"," 3:15:00 PM","PE","23250","Sell","65","61.50","43.65","","1160.25"
"547","2025-02-10"," 9:45:00 AM","2025-02-10"," 3:15:00 PM","","","","","","","14.46","-87.00"
"547.1","2025-02-10"," 9:45:00 AM","2025-02-10"," 3:15:00 PM","CE","78300","Sell","20","114.05","71.25","","856.00"
"547.2","2025-02-10"," 9:45:00 AM","2025-02-10"," 10:11:00 AM","PE","76800","Sell","20","94.35","141.50","","-943.00"
"548","2025-02-10"," 9:45:00 AM","2025-02-10"," 3:15:00 PM","","","","","","","14.46","968.50"
"548.1","2025-02-10"," 9:45:00 AM","2025-02-10"," 3:15:00 PM","CE","23750","Sell","65","43.30","32.80","","682.50"
"548.2","2025-02-10"," 9:45:00 AM","2025-02-10"," 3:15:00 PM","PE","23100","Sell","65","40.25","35.85","","286.00"
"549","2025-02-11"," 9:45:00 AM","2025-02-11"," 3:15:00 PM","","","","","","","14.61","723.00"
"549.1","2025-02-11"," 9:45:00 AM","2025-02-11"," 3:15:00 PM","CE","77800","Sell","20","73.15","0.25","","1458.00"
"549.2","2025-02-11"," 9:45:00 AM","2025-02-11"," 12:56:00 PM","PE","76700","Sell","20","73.50","110.25","","-735.00"
"550","2025-02-11"," 9:45:00 AM","2025-02-11"," 3:15:00 PM","","","","","","","14.61","461.50"
"550.1","2025-02-11"," 9:45:00 AM","2025-02-11"," 3:15:00 PM","CE","23650","Sell","65","35.05","6.90","","1829.75"
"550.2","2025-02-11"," 9:45:00 AM","2025-02-11"," 12:56:00 PM","PE","23100","Sell","65","42.10","63.15","","-1368.25"
"551","2025-02-12"," 9:45:00 AM","2025-02-12"," 10:18:00 AM","","","","","","","15.17","-919.75"
"551.1","2025-02-12"," 9:45:00 AM","2025-02-12"," 10:18:00 AM","CE","23150","Sell","65","29.15","29.15","","0.00"
"551.2","2025-02-12"," 9:45:00 AM","2025-02-12"," 9:51:00 AM","PE","22750","Sell","65","28.25","42.40","","-919.75"
"552","2025-02-12"," 9:45:00 AM","2025-02-12"," 10:50:00 AM","","","","","","","15.17","-1819.00"
"552.1","2025-02-12"," 9:45:00 AM","2025-02-12"," 10:50:00 AM","CE","77200","Sell","20","157.15","157.15","","0.00"
"552.2","2025-02-12"," 9:45:00 AM","2025-02-12"," 10:17:00 AM","PE","74700","Sell","20","181.95","272.90","","-1819.00"
"553","2025-02-13"," 9:45:00 AM","2025-02-13"," 3:15:00 PM","","","","","","","15.08","1220.00"
"553.1","2025-02-13"," 9:45:00 AM","2025-02-13"," 3:15:00 PM","CE","77700","Sell","20","143.60","77.50","","1322.00"
"553.2","2025-02-13"," 9:45:00 AM","2025-02-13"," 3:15:00 PM","PE","75300","Sell","20","170.10","175.20","","-102.00"
"554","2025-02-13"," 9:45:00 AM","2025-02-13"," 3:15:00 PM","","","","","","","15.08","923.00"
"554.1","2025-02-13"," 9:45:00 AM","2025-02-13"," 9:59:00 AM","CE","23300","Sell","65","18.30","27.45","","-594.75"
"554.2","2025-02-13"," 9:45:00 AM","2025-02-13"," 3:15:00 PM","PE","22950","Sell","65","23.45","0.10","","1517.75"
"555","2025-02-14"," 9:45:00 AM","2025-02-14"," 3:15:00 PM","","","","","","","14.88","-218.00"
"555.1","2025-02-14"," 9:45:00 AM","2025-02-14"," 3:15:00 PM","CE","77300","Sell","20","126.20","66.10","","1202.00"
"555.2","2025-02-14"," 9:45:00 AM","2025-02-14"," 10:38:00 AM","PE","75300","Sell","20","142.00","213.00","","-1420.00"
"556","2025-02-14"," 9:45:00 AM","2025-02-14"," 3:15:00 PM","","","","","","","14.88","-705.25"
"556.1","2025-02-14"," 9:45:00 AM","2025-02-14"," 3:15:00 PM","CE","23450","Sell","65","42.85","25.45","","1131.00"
"556.2","2025-02-14"," 9:45:00 AM","2025-02-14"," 10:44:00 AM","PE","22700","Sell","65","56.50","84.75","","-1836.25"
"557","2025-02-17"," 9:45:00 AM","2025-02-17"," 3:15:00 PM","","","","","","","16.21","404.00"
"557.1","2025-02-17"," 9:45:00 AM","2025-02-17"," 10:37:00 AM","CE","76400","Sell","20","116.65","175.00","","-1167.00"
"557.2","2025-02-17"," 9:45:00 AM","2025-02-17"," 3:15:00 PM","PE","74700","Sell","20","116.80","38.25","","1571.00"
"558","2025-02-17"," 9:45:00 AM","2025-02-17"," 3:15:00 PM","","","","","","","16.21","578.50"
"558.1","2025-02-17"," 9:45:00 AM","2025-02-17"," 10:37:00 AM","CE","23200","Sell","65","42.15","63.20","","-1368.25"
"558.2","2025-02-17"," 9:45:00 AM","2025-02-17"," 3:15:00 PM","PE","22450","Sell","65","49.30","19.35","","1946.75"
"559","2025-02-18"," 9:45:00 AM","2025-02-18"," 3:15:00 PM","","","","","","","15.99","837.00"
"559.1","2025-02-18"," 9:45:00 AM","2025-02-18"," 3:15:00 PM","CE","76600","Sell","20","80.00","0.20","","1596.00"
"559.2","2025-02-18"," 9:45:00 AM","2025-02-18"," 10:20:00 AM","PE","75300","Sell","20","75.85","113.80","","-759.00"
"560","2025-02-18"," 9:45:00 AM","2025-02-18"," 3:15:00 PM","","","","","","","15.99","-448.50"
"560.1","2025-02-18"," 9:45:00 AM","2025-02-18"," 3:15:00 PM","CE","23250","Sell","65","37.00","24.65","","802.75"
"560.2","2025-02-18"," 9:45:00 AM","2025-02-18"," 10:23:00 AM","PE","22600","Sell","65","38.50","57.75","","-1251.25"
"561","2025-02-19"," 9:45:00 AM","2025-02-19"," 10:56:00 AM","","","","","","","15.53","-799.50"
"561.1","2025-02-19"," 9:45:00 AM","2025-02-19"," 9:49:00 AM","CE","23150","Sell","65","24.65","36.95","","-799.50"
"561.2","2025-02-19"," 9:45:00 AM","2025-02-19"," 10:56:00 AM","PE","22700","Sell","65","27.70","27.70","","0.00"
"562","2025-02-19"," 9:45:00 AM","2025-02-19"," 10:57:00 AM","","","","","","","15.53","-1670.00"
"562.1","2025-02-19"," 9:45:00 AM","2025-02-19"," 9:57:00 AM","CE","77100","Sell","20","165.25","247.90","","-1653.00"
"562.2","2025-02-19"," 9:45:00 AM","2025-02-19"," 10:57:00 AM","PE","74700","Sell","20","168.20","169.05","","-17.00"
"563","2025-02-20"," 9:45:00 AM","2025-02-20"," 10:00:00 AM","","","","","","","15.49","-490.75"
"563.1","2025-02-20"," 9:45:00 AM","2025-02-20"," 10:00:00 AM","CE","23050","Sell","65","14.95","14.95","","0.00"
"563.2","2025-02-20"," 9:45:00 AM","2025-02-20"," 9:47:00 AM","PE","22750","Sell","65","15.05","22.60","","-490.75"
"564","2025-02-20"," 9:45:00 AM","2025-02-20"," 3:15:00 PM","","","","","","","15.49","1578.00"
"564.1","2025-02-20"," 9:45:00 AM","2025-02-20"," 3:15:00 PM","CE","76900","Sell","20","145.90","113.50","","648.00"
"564.2","2025-02-20"," 9:45:00 AM","2025-02-20"," 3:15:00 PM","PE","74700","Sell","20","153.65","107.15","","930.00"
"565","2025-02-21"," 9:45:00 AM","2025-02-21"," 3:15:00 PM","","","","","","","14.58","-53.00"
"565.1","2025-02-21"," 9:45:00 AM","2025-02-21"," 3:15:00 PM","CE","76500","Sell","20","125.50","66.80","","1174.00"
"565.2","2025-02-21"," 9:45:00 AM","2025-02-21"," 10:14:00 AM","PE","74700","Sell","20","122.65","184.00","","-1227.00"
"566","2025-02-21"," 9:45:00 AM","2025-02-21"," 3:15:00 PM","","","","","","","14.58","-650.00"
"566.1","2025-02-21"," 9:45:00 AM","2025-02-21"," 3:15:00 PM","CE","23200","Sell","65","41.65","26.65","","975.00"
"566.2","2025-02-21"," 9:45:00 AM","2025-02-21"," 10:14:00 AM","PE","22550","Sell","65","50.00","75.00","","-1625.00"
"567","2025-02-24"," 9:45:00 AM","2025-02-24"," 3:15:00 PM","","","","","","","15.16","1165.00"
"567.1","2025-02-24"," 9:45:00 AM","2025-02-24"," 3:15:00 PM","CE","75400","Sell","20","82.00","42.55","","789.00"
"567.2","2025-02-24"," 9:45:00 AM","2025-02-24"," 3:15:00 PM","PE","74000","Sell","20","89.40","70.60","","376.00"
"568","2025-02-24"," 9:45:00 AM","2025-02-24"," 3:15:00 PM","","","","","","","15.16","1917.50"
"568.1","2025-02-24"," 9:45:00 AM","2025-02-24"," 3:15:00 PM","CE","22850","Sell","65","40.40","24.50","","1033.50"
"568.2","2025-02-24"," 9:45:00 AM","2025-02-24"," 3:15:00 PM","PE","22350","Sell","65","40.35","26.75","","884.00"
"569","2025-02-25"," 9:45:00 AM","2025-02-25"," 3:15:00 PM","","","","","","","14.05","1840.00"
"569.1","2025-02-25"," 9:45:00 AM","2025-02-25"," 3:15:00 PM","CE","75100","Sell","20","43.70","0.15","","871.00"
"569.2","2025-02-25"," 9:45:00 AM","2025-02-25"," 3:15:00 PM","PE","74400","Sell","20","48.85","0.40","","969.00"
"570","2025-02-25"," 9:45:00 AM","2025-02-25"," 3:15:00 PM","","","","","","","14.05","1212.25"
"570.1","2025-02-25"," 9:45:00 AM","2025-02-25"," 3:15:00 PM","CE","22800","Sell","65","20.70","6.95","","893.75"
"570.2","2025-02-25"," 9:45:00 AM","2025-02-25"," 3:15:00 PM","PE","22450","Sell","65","26.90","22.00","","318.50"
"571","2025-02-27"," 9:45:00 AM","2025-02-27"," 3:15:00 PM","","","","","","","13.42","219.00"
"571.1","2025-02-27"," 9:45:00 AM","2025-02-27"," 3:15:00 PM","CE","75600","Sell","20","91.65","87.05","","92.00"
"571.2","2025-02-27"," 9:45:00 AM","2025-02-27"," 3:15:00 PM","PE","73900","Sell","20","111.35","105.00","","127.00"
"572","2025-02-27"," 9:45:00 AM","2025-02-27"," 3:15:00 PM","","","","","","","13.42","1163.50"
"572.1","2025-02-27"," 9:45:00 AM","2025-02-27"," 3:15:00 PM","CE","22650","Sell","65","5.90","0.10","","377.00"
"572.2","2025-02-27"," 9:45:00 AM","2025-02-27"," 3:15:00 PM","PE","22500","Sell","65","12.25","0.15","","786.50"
"573","2025-02-28"," 9:45:00 AM","2025-02-28"," 3:15:00 PM","","","","","","","13.61","-168.00"
"573.1","2025-02-28"," 9:45:00 AM","2025-02-28"," 3:15:00 PM","CE","74700","Sell","20","97.00","48.00","","980.00"
"573.2","2025-02-28"," 9:45:00 AM","2025-02-28"," 12:45:00 PM","PE","73000","Sell","20","114.85","172.25","","-1148.00"
"574","2025-02-28"," 9:45:00 AM","2025-02-28"," 3:15:00 PM","","","","","","","13.61","-347.75"
"574.1","2025-02-28"," 9:45:00 AM","2025-02-28"," 3:15:00 PM","CE","22600","Sell","65","37.50","21.85","","1017.25"
"574.2","2025-02-28"," 9:45:00 AM","2025-02-28"," 12:53:00 PM","PE","22000","Sell","65","42.00","63.00","","-1365.00"
"575","2025-03-03"," 9:45:00 AM","2025-03-03"," 12:47:00 PM","","","","","","","14.21","-1400.75"
"575.1","2025-03-03"," 9:45:00 AM","2025-03-03"," 12:47:00 PM","CE","22450","Sell","65","32.65","32.65","","0.00"
"575.2","2025-03-03"," 9:45:00 AM","2025-03-03"," 10:02:00 AM","PE","21900","Sell","65","43.15","64.70","","-1400.75"
"576","2025-03-03"," 9:45:00 AM","2025-03-03"," 3:15:00 PM","","","","","","","14.21","119.00"
"576.1","2025-03-03"," 9:45:00 AM","2025-03-03"," 3:15:00 PM","CE","74000","Sell","20","90.75","33.95","","1136.00"
"576.2","2025-03-03"," 9:45:00 AM","2025-03-03"," 9:51:00 AM","PE","72600","Sell","20","101.70","152.55","","-1017.00"
"577","2025-03-04"," 9:45:00 AM","2025-03-04"," 3:15:00 PM","","","","","","","13.82","1830.00"
"577.1","2025-03-04"," 9:45:00 AM","2025-03-04"," 3:15:00 PM","CE","73200","Sell","20","43.90","0.25","","873.00"
"577.2","2025-03-04"," 9:45:00 AM","2025-03-04"," 3:15:00 PM","PE","72500","Sell","20","48.00","0.15","","957.00"
"578","2025-03-04"," 9:45:00 AM","2025-03-04"," 3:15:00 PM","","","","","","","13.82","624.00"
"578.1","2025-03-04"," 9:45:00 AM","2025-03-04"," 3:15:00 PM","CE","22300","Sell","65","26.55","24.50","","133.25"
"578.2","2025-03-04"," 9:45:00 AM","2025-03-04"," 3:15:00 PM","PE","21850","Sell","65","34.60","27.05","","490.75"
"579","2025-03-05"," 9:45:00 AM","2025-03-05"," 3:15:00 PM","","","","","","","13.65","-430.00"
"579.1","2025-03-05"," 9:45:00 AM","2025-03-05"," 11:51:00 AM","CE","74600","Sell","20","126.20","189.30","","-1262.00"
"579.2","2025-03-05"," 9:45:00 AM","2025-03-05"," 3:15:00 PM","PE","72500","Sell","20","149.90","108.30","","832.00"
"580","2025-03-05"," 9:45:00 AM","2025-03-05"," 3:15:00 PM","","","","","","","13.65","156.00"
"580.1","2025-03-05"," 9:45:00 AM","2025-03-05"," 11:37:00 AM","CE","22400","Sell","65","29.15","43.70","","-945.75"
"580.2","2025-03-05"," 9:45:00 AM","2025-03-05"," 3:15:00 PM","PE","22050","Sell","65","29.60","12.65","","1101.75"
"581","2025-03-06"," 9:45:00 AM","2025-03-06"," 9:56:00 AM","","","","","","","13.99","-685.75"
"581.1","2025-03-06"," 9:45:00 AM","2025-03-06"," 9:56:00 AM","CE","22450","Sell","65","14.40","14.40","","0.00"
"581.2","2025-03-06"," 9:45:00 AM","2025-03-06"," 9:48:00 AM","PE","22200","Sell","65","21.10","31.65","","-685.75"
"582","2025-03-06"," 9:45:00 AM","2025-03-06"," 11:29:00 AM","","","","","","","13.99","-1124.00"
"582.1","2025-03-06"," 9:45:00 AM","2025-03-06"," 11:07:00 AM","CE","74700","Sell","20","112.40","168.60","","-1124.00"
"582.2","2025-03-06"," 9:45:00 AM","2025-03-06"," 11:29:00 AM","PE","72700","Sell","20","152.40","152.40","","0.00"
"583","2025-03-07"," 9:45:00 AM","2025-03-07"," 3:15:00 PM","","","","","","","13.75","-44.00"
"583.1","2025-03-07"," 9:45:00 AM","2025-03-07"," 10:15:00 AM","CE","75000","Sell","20","107.20","160.80","","-1072.00"
"583.2","2025-03-07"," 9:45:00 AM","2025-03-07"," 3:15:00 PM","PE","73300","Sell","20","116.40","65.00","","1028.00"
"584","2025-03-07"," 9:45:00 AM","2025-03-07"," 3:15:00 PM","","","","","","","13.75","-260.00"
"584.1","2025-03-07"," 9:45:00 AM","2025-03-07"," 10:15:00 AM","CE","22850","Sell","65","37.15","55.70","","-1205.75"
"584.2","2025-03-07"," 9:45:00 AM","2025-03-07"," 3:15:00 PM","PE","22200","Sell","65","45.90","31.35","","945.75"
"585","2025-03-10"," 9:45:00 AM","2025-03-10"," 3:15:00 PM","","","","","","","13.90","302.00"
"585.1","2025-03-10"," 9:45:00 AM","2025-03-10"," 3:15:00 PM","CE","75100","Sell","20","70.55","12.90","","1153.00"
"585.2","2025-03-10"," 9:45:00 AM","2025-03-10"," 2:27:00 PM","PE","74000","Sell","20","85.05","127.60","","-851.00"
"586","2025-03-10"," 9:45:00 AM","2025-03-10"," 3:15:00 PM","","","","","","","13.90","377.00"
"586.1","2025-03-10"," 9:45:00 AM","2025-03-10"," 3:15:00 PM","CE","22900","Sell","65","33.40","9.35","","1563.25"
"586.2","2025-03-10"," 9:45:00 AM","2025-03-10"," 1:49:00 PM","PE","22350","Sell","65","36.55","54.80","","-1186.25"
"587","2025-03-11"," 9:45:00 AM","2025-03-11"," 3:15:00 PM","","","","","","","14.13","477.00"
"587.1","2025-03-11"," 9:45:00 AM","2025-03-11"," 9:50:00 AM","CE","74100","Sell","20","42.50","63.75","","-425.00"
"587.2","2025-03-11"," 9:45:00 AM","2025-03-11"," 3:15:00 PM","PE","73400","Sell","20","45.25","0.15","","902.00"
"588","2025-03-11"," 9:45:00 AM","2025-03-11"," 3:15:00 PM","","","","","","","14.13","237.25"
"588.1","2025-03-11"," 9:45:00 AM","2025-03-11"," 10:27:00 AM","CE","22600","Sell","65","33.90","50.85","","-1101.75"
"588.2","2025-03-11"," 9:45:00 AM","2025-03-11"," 3:15:00 PM","PE","22150","Sell","65","37.85","17.25","","1339.00"
"589","2025-03-12"," 9:45:00 AM","2025-03-12"," 3:15:00 PM","","","","","","","13.96","-840.00"
"589.1","2025-03-12"," 9:45:00 AM","2025-03-12"," 3:15:00 PM","CE","75100","Sell","20","117.90","90.15","","555.00"
"589.2","2025-03-12"," 9:45:00 AM","2025-03-12"," 11:40:00 AM","PE","73100","Sell","20","139.45","209.20","","-1395.00"
"590","2025-03-12"," 9:45:00 AM","2025-03-12"," 3:15:00 PM","","","","","","","13.96","-471.25"
"590.1","2025-03-12"," 9:45:00 AM","2025-03-12"," 3:15:00 PM","CE","22650","Sell","65","23.05","15.75","","474.50"
"590.2","2025-03-12"," 9:45:00 AM","2025-03-12"," 10:16:00 AM","PE","22300","Sell","65","29.15","43.70","","-945.75"
"591","2025-03-13"," 9:45:00 AM","2025-03-13"," 10:53:00 AM","","","","","","","13.48","-920.00"
"591.1","2025-03-13"," 9:45:00 AM","2025-03-13"," 10:20:00 AM","CE","74900","Sell","20","92.00","138.00","","-920.00"
"591.2","2025-03-13"," 9:45:00 AM","2025-03-13"," 10:53:00 AM","PE","73400","Sell","20","108.30","108.30","","0.00"
"592","2025-03-13"," 9:45:00 AM","2025-03-13"," 10:53:00 AM","","","","","","","13.48","-458.25"
"592.1","2025-03-13"," 9:45:00 AM","2025-03-13"," 9:56:00 AM","CE","22550","Sell","65","14.10","21.15","","-458.25"
"592.2","2025-03-13"," 9:45:00 AM","2025-03-13"," 10:53:00 AM","PE","22400","Sell","65","11.50","11.50","","0.00"
"593","2025-03-17"," 9:45:00 AM","2025-03-17"," 11:40:00 AM","","","","","","","13.55","-728.00"
"593.1","2025-03-17"," 9:45:00 AM","2025-03-17"," 11:40:00 AM","CE","74800","Sell","20","73.10","73.10","","0.00"
"593.2","2025-03-17"," 9:45:00 AM","2025-03-17"," 10:28:00 AM","PE","73800","Sell","20","72.80","109.20","","-728.00"
"594","2025-03-17"," 9:45:00 AM","2025-03-17"," 3:15:00 PM","","","","","","","13.55","-477.75"
"594.1","2025-03-17"," 9:45:00 AM","2025-03-17"," 3:15:00 PM","CE","22800","Sell","65","34.55","21.85","","825.50"
"594.2","2025-03-17"," 9:45:00 AM","2025-03-17"," 10:28:00 AM","PE","22350","Sell","65","40.15","60.20","","-1303.25"
"595","2025-03-18"," 9:45:00 AM","2025-03-18"," 3:15:00 PM","","","","","","","13.42","688.00"
"595.1","2025-03-18"," 9:45:00 AM","2025-03-18"," 10:01:00 AM","CE","75100","Sell","20","54.90","82.35","","-549.00"
"595.2","2025-03-18"," 9:45:00 AM","2025-03-18"," 3:15:00 PM","PE","74300","Sell","20","62.20","0.35","","1237.00"
"596","2025-03-18"," 9:45:00 AM","2025-03-18"," 3:15:00 PM","","","","","","","13.42","409.50"
"596.1","2025-03-18"," 9:45:00 AM","2025-03-18"," 10:07:00 AM","CE","22900","Sell","65","32.40","48.60","","-1053.00"
"596.2","2025-03-18"," 9:45:00 AM","2025-03-18"," 3:15:00 PM","PE","22450","Sell","65","35.65","13.15","","1462.50"
"597","2025-03-19"," 9:45:00 AM","2025-03-19"," 3:15:00 PM","","","","","","","13.38","275.00"
"597.1","2025-03-19"," 9:45:00 AM","2025-03-19"," 3:15:00 PM","CE","76500","Sell","20","126.70","138.65","","-239.00"
"597.2","2025-03-19"," 9:45:00 AM","2025-03-19"," 3:15:00 PM","PE","74500","Sell","20","160.35","134.65","","514.00"
"598","2025-03-19"," 9:45:00 AM","2025-03-19"," 3:15:00 PM","","","","","","","13.38","-162.50"
"598.1","2025-03-19"," 9:45:00 AM","2025-03-19"," 10:25:00 AM","CE","23050","Sell","65","21.35","32.05","","-695.50"
"598.2","2025-03-19"," 9:45:00 AM","2025-03-19"," 3:15:00 PM","PE","22650","Sell","65","24.35","16.15","","533.00"
"599","2025-03-20"," 9:45:00 AM","2025-03-20"," 1:11:00 PM","","","","","","","13.04","-562.25"
"599.1","2025-03-20"," 9:45:00 AM","2025-03-20"," 1:11:00 PM","CE","23150","Sell","65","16.80","16.80","","0.00"
"599.2","2025-03-20"," 9:45:00 AM","2025-03-20"," 9:52:00 AM","PE","22950","Sell","65","17.35","26.00","","-562.25"
"600","2025-03-20"," 9:45:00 AM","2025-03-20"," 3:15:00 PM","","","","","","","13.04","129.00"
"600.1","2025-03-20"," 9:45:00 AM","2025-03-20"," 1:20:00 PM","CE","76900","Sell","20","108.60","162.90","","-1086.00"
"600.2","2025-03-20"," 9:45:00 AM","2025-03-20"," 3:15:00 PM","PE","75200","Sell","20","133.65","72.90","","1215.00"
"601","2025-03-21"," 9:45:00 AM","2025-03-21"," 1:55:00 PM","","","","","","","12.42","-1205.75"
"601.1","2025-03-21"," 9:45:00 AM","2025-03-21"," 10:48:00 AM","CE","23550","Sell","65","37.15","55.70","","-1205.75"
"601.2","2025-03-21"," 9:45:00 AM","2025-03-21"," 1:55:00 PM","PE","23000","Sell","65","39.60","39.60","","0.00"
"602","2025-03-21"," 9:45:00 AM","2025-03-21"," 1:56:00 PM","","","","","","","12.42","-840.00"
"602.1","2025-03-21"," 9:45:00 AM","2025-03-21"," 10:48:00 AM","CE","77400","Sell","20","84.00","126.00","","-840.00"
"602.2","2025-03-21"," 9:45:00 AM","2025-03-21"," 1:56:00 PM","PE","75900","Sell","20","102.90","102.90","","0.00"
"603","2025-03-24"," 9:45:00 AM","2025-03-24"," 3:15:00 PM","","","","","","","13.24","241.00"
"603.1","2025-03-24"," 9:45:00 AM","2025-03-24"," 9:59:00 AM","CE","78000","Sell","20","90.25","135.40","","-903.00"
"603.2","2025-03-24"," 9:45:00 AM","2025-03-24"," 3:15:00 PM","PE","76700","Sell","20","86.30","29.10","","1144.00"
"604","2025-03-24"," 9:45:00 AM","2025-03-24"," 3:15:00 PM","","","","","","","13.24","-42.25"
"604.1","2025-03-24"," 9:45:00 AM","2025-03-24"," 9:59:00 AM","CE","23750","Sell","65","38.55","57.80","","-1251.25"
"604.2","2025-03-24"," 9:45:00 AM","2025-03-24"," 3:15:00 PM","PE","23200","Sell","65","39.30","20.70","","1209.00"
"605","2025-03-25"," 9:45:00 AM","2025-03-25"," 10:10:00 AM","","","","","","","14.04","-573.00"
"605.1","2025-03-25"," 9:45:00 AM","2025-03-25"," 9:51:00 AM","CE","79000","Sell","20","57.30","85.95","","-573.00"
"605.2","2025-03-25"," 9:45:00 AM","2025-03-25"," 10:10:00 AM","PE","78100","Sell","20","69.15","69.15","","0.00"
"606","2025-03-25"," 9:45:00 AM","2025-03-25"," 10:15:00 AM","","","","","","","14.04","-1189.50"
"606.1","2025-03-25"," 9:45:00 AM","2025-03-25"," 9:59:00 AM","CE","24100","Sell","65","36.60","54.90","","-1189.50"
"606.2","2025-03-25"," 9:45:00 AM","2025-03-25"," 10:15:00 AM","PE","23500","Sell","65","39.10","39.10","","0.00"
"607","2025-03-26"," 9:45:00 AM","2025-03-26"," 11:04:00 AM","","","","","","","13.63","-744.25"
"607.1","2025-03-26"," 9:45:00 AM","2025-03-26"," 10:36:00 AM","CE","23900","Sell","65","22.90","34.35","","-744.25"
"607.2","2025-03-26"," 9:45:00 AM","2025-03-26"," 11:04:00 AM","PE","23450","Sell","65","26.60","26.60","","0.00"
"608","2025-03-26"," 9:45:00 AM","2025-03-26"," 3:15:00 PM","","","","","","","13.63","-449.00"
"608.1","2025-03-26"," 9:45:00 AM","2025-03-26"," 3:15:00 PM","CE","79200","Sell","20","139.35","79.00","","1207.00"
"608.2","2025-03-26"," 9:45:00 AM","2025-03-26"," 1:50:00 PM","PE","77000","Sell","20","165.60","248.40","","-1656.00"
"609","2025-03-27"," 9:45:00 AM","2025-03-27"," 3:15:00 PM","","","","","","","13.48","1396.00"
"609.1","2025-03-27"," 9:45:00 AM","2025-03-27"," 3:15:00 PM","CE","78700","Sell","20","125.75","120.80","","99.00"
"609.2","2025-03-27"," 9:45:00 AM","2025-03-27"," 3:15:00 PM","PE","76700","Sell","20","153.00","88.15","","1297.00"
"610","2025-03-27"," 9:45:00 AM","2025-03-27"," 3:15:00 PM","","","","","","","13.48","715.00"
"610.1","2025-03-27"," 9:45:00 AM","2025-03-27"," 10:10:00 AM","CE","23700","Sell","65","14.90","22.35","","-484.25"
"610.2","2025-03-27"," 9:45:00 AM","2025-03-27"," 3:15:00 PM","PE","23400","Sell","65","18.70","0.25","","1199.25"
"611","2025-03-28"," 9:45:00 AM","2025-03-28"," 1:49:00 PM","","","","","","","12.85","-880.00"
"611.1","2025-03-28"," 9:45:00 AM","2025-03-28"," 10:31:00 AM","CE","78200","Sell","20","88.00","132.00","","-880.00"
"611.2","2025-03-28"," 9:45:00 AM","2025-03-28"," 1:49:00 PM","PE","76700","Sell","20","111.05","111.05","","0.00"
"612","2025-03-28"," 9:45:00 AM","2025-03-28"," 1:50:00 PM","","","","","","","12.85","-1446.25"
"612.1","2025-03-28"," 9:45:00 AM","2025-03-28"," 10:33:00 AM","CE","23850","Sell","65","44.55","66.80","","-1446.25"
"612.2","2025-03-28"," 9:45:00 AM","2025-03-28"," 1:50:00 PM","PE","23200","Sell","65","43.20","43.20","","0.00"
"613","2025-04-01"," 9:45:00 AM","2025-04-01"," 3:15:00 PM","","","","","","","13.40","531.00"
"613.1","2025-04-01"," 9:45:00 AM","2025-04-01"," 3:15:00 PM","CE","77900","Sell","20","59.55","0.20","","1187.00"
"613.2","2025-04-01"," 9:45:00 AM","2025-04-01"," 9:52:00 AM","PE","77000","Sell","20","65.60","98.40","","-656.00"
"614","2025-04-01"," 9:45:00 AM","2025-04-01"," 3:15:00 PM","","","","","","","13.40","481.00"
"614.1","2025-04-01"," 9:45:00 AM","2025-04-01"," 3:15:00 PM","CE","23800","Sell","65","28.30","4.40","","1553.50"
"614.2","2025-04-01"," 9:45:00 AM","2025-04-01"," 10:24:00 AM","PE","23300","Sell","65","32.95","49.45","","-1072.50"
"615","2025-04-02"," 9:45:00 AM","2025-04-02"," 3:15:00 PM","","","","","","","13.89","304.00"
"615.1","2025-04-02"," 9:45:00 AM","2025-04-02"," 3:15:00 PM","CE","77600","Sell","20","150.05","169.85","","-396.00"
"615.2","2025-04-02"," 9:45:00 AM","2025-04-02"," 3:15:00 PM","PE","75200","Sell","20","174.80","139.80","","700.00"
"616","2025-04-02"," 9:45:00 AM","2025-04-02"," 3:15:00 PM","","","","","","","13.89","468.00"
"616.1","2025-04-02"," 9:45:00 AM","2025-04-02"," 11:01:00 AM","CE","23450","Sell","65","23.15","34.70","","-750.75"
"616.2","2025-04-02"," 9:45:00 AM","2025-04-02"," 3:15:00 PM","PE","23000","Sell","65","31.50","12.75","","1218.75"
"617","2025-04-03"," 9:45:00 AM","2025-04-03"," 3:15:00 PM","","","","","","","13.77","1218.00"
"617.1","2025-04-03"," 9:45:00 AM","2025-04-03"," 3:15:00 PM","CE","77300","Sell","20","126.15","108.00","","363.00"
"617.2","2025-04-03"," 9:45:00 AM","2025-04-03"," 3:15:00 PM","PE","75100","Sell","20","161.50","118.75","","855.00"
"618","2025-04-03"," 9:45:00 AM","2025-04-03"," 3:15:00 PM","","","","","","","13.77","422.50"
"618.1","2025-04-03"," 9:45:00 AM","2025-04-03"," 10:14:00 AM","CE","23300","Sell","65","13.40","20.10","","-435.50"
"618.2","2025-04-03"," 9:45:00 AM","2025-04-03"," 3:15:00 PM","PE","23100","Sell","65","13.35","0.15","","858.00"
"619","2025-04-04"," 9:45:00 AM","2025-04-04"," 3:15:00 PM","","","","","","","13.88","1368.00"
"619.1","2025-04-04"," 9:45:00 AM","2025-04-04"," 3:15:00 PM","CE","76600","Sell","20","106.50","28.00","","1570.00"
"619.2","2025-04-04"," 9:45:00 AM","2025-04-04"," 3:15:00 PM","PE","74800","Sell","20","137.80","147.90","","-202.00"
"620","2025-04-04"," 9:45:00 AM","2025-04-04"," 3:15:00 PM","","","","","","","13.88","802.75"
"620.1","2025-04-04"," 9:45:00 AM","2025-04-04"," 3:15:00 PM","CE","23350","Sell","65","45.70","11.85","","2200.25"
"620.2","2025-04-04"," 9:45:00 AM","2025-04-04"," 10:25:00 AM","PE","22700","Sell","65","43.05","64.55","","-1397.50"
"621","2025-04-07"," 9:45:00 AM","2025-04-07"," 12:28:00 PM","","","","","","","20.91","-2548.00"
"621.1","2025-04-07"," 9:45:00 AM","2025-04-07"," 12:28:00 PM","CE","22600","Sell","65","66.40","49.90","","1072.50"
"621.2","2025-04-07"," 9:45:00 AM","2025-04-07"," 12:25:00 PM","PE","21350","Sell","65","111.40","167.10","","-3620.50"
"622","2025-04-07"," 9:45:00 AM","2025-04-07"," 2:58:00 PM","","","","","","","20.91","-2653.00"
"622.1","2025-04-07"," 9:45:00 AM","2025-04-07"," 2:58:00 PM","CE","74300","Sell","20","184.80","184.80","","0.00"
"622.2","2025-04-07"," 9:45:00 AM","2025-04-07"," 12:32:00 PM","PE","70900","Sell","20","265.25","397.90","","-2653.00"
"623","2025-04-08"," 9:45:00 AM","2025-04-08"," 9:57:00 AM","","","","","","","19.94","-871.00"
"623.1","2025-04-08"," 9:45:00 AM","2025-04-08"," 9:57:00 AM","CE","74700","Sell","20","74.10","74.10","","0.00"
"623.2","2025-04-08"," 9:45:00 AM","2025-04-08"," 9:52:00 AM","PE","73600","Sell","20","87.10","130.65","","-871.00"
"624","2025-04-08"," 9:45:00 AM","2025-04-08"," 10:55:00 AM","","","","","","","19.94","-2044.25"
"624.1","2025-04-08"," 9:45:00 AM","2025-04-08"," 10:55:00 AM","CE","22800","Sell","65","35.65","35.65","","0.00"
"624.2","2025-04-08"," 9:45:00 AM","2025-04-08"," 10:02:00 AM","PE","22100","Sell","65","62.90","94.35","","-2044.25"
"625","2025-04-09"," 9:45:00 AM","2025-04-09"," 3:15:00 PM","","","","","","","21.10","587.00"
"625.1","2025-04-09"," 9:45:00 AM","2025-04-09"," 3:15:00 PM","CE","75700","Sell","20","222.90","196.30","","532.00"
"625.2","2025-04-09"," 9:45:00 AM","2025-04-09"," 3:15:00 PM","PE","72000","Sell","20","277.20","274.45","","55.00"
"626","2025-04-09"," 9:45:00 AM","2025-04-09"," 3:15:00 PM","","","","","","","21.10","1082.25"
"626.1","2025-04-09"," 9:45:00 AM","2025-04-09"," 3:15:00 PM","CE","22650","Sell","65","29.35","0.15","","1898.00"
"626.2","2025-04-09"," 9:45:00 AM","2025-04-09"," 9:51:00 AM","PE","22300","Sell","65","25.05","37.60","","-815.75"
"627","2025-04-11"," 9:45:00 AM","2025-04-11"," 3:01:00 PM","","","","","","","20.43","-2019.00"
"627.1","2025-04-11"," 9:45:00 AM","2025-04-11"," 3:01:00 PM","CE","76600","Sell","20","175.20","175.20","","0.00"
"627.2","2025-04-11"," 9:45:00 AM","2025-04-11"," 2:14:00 PM","PE","73900","Sell","20","201.90","302.85","","-2019.00"
"628","2025-04-11"," 9:45:00 AM","2025-04-11"," 3:15:00 PM","","","","","","","20.43","-633.75"
"628.1","2025-04-11"," 9:45:00 AM","2025-04-11"," 3:15:00 PM","CE","23400","Sell","65","64.25","61.40","","185.25"
"628.2","2025-04-11"," 9:45:00 AM","2025-04-11"," 3:15:00 PM","PE","22350","Sell","65","81.30","93.90","","-819.00"
"629","2025-04-15"," 9:45:00 AM","2025-04-15"," 3:15:00 PM","","","","","","","17.08","2035.00"
"629.1","2025-04-15"," 9:45:00 AM","2025-04-15"," 3:15:00 PM","CE","77100","Sell","20","46.55","0.15","","928.00"
"629.2","2025-04-15"," 9:45:00 AM","2025-04-15"," 3:15:00 PM","PE","76400","Sell","20","55.50","0.15","","1107.00"
"630","2025-04-15"," 9:45:00 AM","2025-04-15"," 3:15:00 PM","","","","","","","17.08","2411.50"
"630.1","2025-04-15"," 9:45:00 AM","2025-04-15"," 3:15:00 PM","CE","23600","Sell","65","40.10","18.15","","1426.75"
"630.2","2025-04-15"," 9:45:00 AM","2025-04-15"," 3:15:00 PM","PE","23000","Sell","65","39.75","24.60","","984.75"
"631","2025-04-16"," 9:45:00 AM","2025-04-16"," 1:58:00 PM","","","","","","","15.35","-825.50"
"631.1","2025-04-16"," 9:45:00 AM","2025-04-16"," 1:58:00 PM","CE","23500","Sell","65","26.75","26.75","","0.00"
"631.2","2025-04-16"," 9:45:00 AM","2025-04-16"," 10:20:00 AM","PE","23200","Sell","65","25.40","38.10","","-825.50"
"632","2025-04-16"," 9:45:00 AM","2025-04-16"," 1:59:00 PM","","","","","","","15.35","-1777.00"
"632.1","2025-04-16"," 9:45:00 AM","2025-04-16"," 1:59:00 PM","CE","78000","Sell","20","150.00","150.00","","0.00"
"632.2","2025-04-16"," 9:45:00 AM","2025-04-16"," 11:01:00 AM","PE","75700","Sell","20","177.65","266.50","","-1777.00"
"633","2025-04-17"," 9:45:00 AM","2025-04-17"," 10:27:00 AM","","","","","","","15.85","-510.25"
"633.1","2025-04-17"," 9:45:00 AM","2025-04-17"," 10:27:00 AM","CE","23500","Sell","65","22.60","22.60","","0.00"
"633.2","2025-04-17"," 9:45:00 AM","2025-04-17"," 10:21:00 AM","PE","23250","Sell","65","15.70","23.55","","-510.25"
"634","2025-04-17"," 9:45:00 AM","2025-04-17"," 3:15:00 PM","","","","","","","15.85","467.00"
"634.1","2025-04-17"," 9:45:00 AM","2025-04-17"," 11:17:00 AM","CE","78000","Sell","20","150.05","225.10","","-1501.00"
"634.2","2025-04-17"," 9:45:00 AM","2025-04-17"," 3:15:00 PM","PE","75800","Sell","20","168.40","70.00","","1968.00"
"635","2025-04-21"," 9:45:00 AM","2025-04-21"," 3:15:00 PM","","","","","","","15.68","161.00"
"635.1","2025-04-21"," 9:45:00 AM","2025-04-21"," 12:25:00 PM","CE","79900","Sell","20","100.80","151.20","","-1008.00"
"635.2","2025-04-21"," 9:45:00 AM","2025-04-21"," 3:15:00 PM","PE","78300","Sell","20","110.10","51.65","","1169.00"
"636","2025-04-21"," 9:45:00 AM","2025-04-21"," 3:15:00 PM","","","","","","","15.68","1560.00"
"636.1","2025-04-21"," 9:45:00 AM","2025-04-21"," 3:15:00 PM","CE","24350","Sell","65","50.35","47.85","","162.50"
"636.2","2025-04-21"," 9:45:00 AM","2025-04-21"," 3:15:00 PM","PE","23650","Sell","65","48.65","27.15","","1397.50"
"637","2025-04-22"," 9:45:00 AM","2025-04-22"," 3:15:00 PM","","","","","","","15.17","549.00"
"637.1","2025-04-22"," 9:45:00 AM","2025-04-22"," 3:15:00 PM","CE","80000","Sell","20","51.05","0.25","","1016.00"
"637.2","2025-04-22"," 9:45:00 AM","2025-04-22"," 9:55:00 AM","PE","79300","Sell","20","46.65","70.00","","-467.00"
"638","2025-04-22"," 9:45:00 AM","2025-04-22"," 3:15:00 PM","","","","","","","15.17","1075.75"
"638.1","2025-04-22"," 9:45:00 AM","2025-04-22"," 3:15:00 PM","CE","24400","Sell","65","35.30","26.90","","546.00"
"638.2","2025-04-22"," 9:45:00 AM","2025-04-22"," 3:15:00 PM","PE","23950","Sell","65","37.20","29.05","","529.75"
"639","2025-04-23"," 9:45:00 AM","2025-04-23"," 3:03:00 PM","","","","","","","15.26","-1810.00"
"639.1","2025-04-23"," 9:45:00 AM","2025-04-23"," 3:03:00 PM","CE","81500","Sell","20","173.60","173.60","","0.00"
"639.2","2025-04-23"," 9:45:00 AM","2025-04-23"," 10:14:00 AM","PE","78800","Sell","20","181.00","271.50","","-1810.00"
"640","2025-04-23"," 9:45:00 AM","2025-04-23"," 3:15:00 PM","","","","","","","15.26","-614.25"
"640.1","2025-04-23"," 9:45:00 AM","2025-04-23"," 3:15:00 PM","CE","24500","Sell","65","27.95","23.45","","292.50"
"640.2","2025-04-23"," 9:45:00 AM","2025-04-23"," 10:06:00 AM","PE","24150","Sell","65","27.95","41.90","","-906.75"
"641","2025-04-24"," 9:45:00 AM","2025-04-24"," 3:15:00 PM","","","","","","","16.50","238.00"
"641.1","2025-04-24"," 9:45:00 AM","2025-04-24"," 3:15:00 PM","CE","81200","Sell","20","171.55","123.95","","952.00"
"641.2","2025-04-24"," 9:45:00 AM","2025-04-24"," 3:15:00 PM","PE","78700","Sell","20","182.30","218.00","","-714.00"
"642","2025-04-24"," 9:45:00 AM","2025-04-24"," 3:15:00 PM","","","","","","","16.50","383.50"
"642.1","2025-04-24"," 9:45:00 AM","2025-04-24"," 9:55:00 AM","CE","24400","Sell","65","14.55","21.85","","-474.50"
"642.2","2025-04-24"," 9:45:00 AM","2025-04-24"," 3:15:00 PM","PE","24150","Sell","65","13.45","0.25","","858.00"
"643","2025-04-25"," 9:45:00 AM","2025-04-25"," 3:15:00 PM","","","","","","","16.41","-249.00"
"643.1","2025-04-25"," 9:45:00 AM","2025-04-25"," 3:15:00 PM","CE","80800","Sell","20","135.70","64.10","","1432.00"
"643.2","2025-04-25"," 9:45:00 AM","2025-04-25"," 9:58:00 AM","PE","78500","Sell","20","168.15","252.20","","-1681.00"
"644","2025-04-25"," 9:45:00 AM","2025-04-25"," 3:15:00 PM","","","","","","","16.41","-292.50"
"644.1","2025-04-25"," 9:45:00 AM","2025-04-25"," 3:15:00 PM","CE","24600","Sell","65","53.25","26.75","","1722.50"
"644.2","2025-04-25"," 9:45:00 AM","2025-04-25"," 10:01:00 AM","PE","23800","Sell","65","62.00","93.00","","-2015.00"
"645","2025-04-28"," 9:45:00 AM","2025-04-28"," 3:15:00 PM","","","","","","","17.20","379.00"
"645.1","2025-04-28"," 9:45:00 AM","2025-04-28"," 12:16:00 PM","CE","80500","Sell","20","93.80","140.70","","-938.00"
"645.2","2025-04-28"," 9:45:00 AM","2025-04-28"," 3:15:00 PM","PE","79000","Sell","20","119.00","53.15","","1317.00"
"646","2025-04-28"," 9:45:00 AM","2025-04-28"," 3:15:00 PM","","","","","","","17.20","-188.50"
"646.1","2025-04-28"," 9:45:00 AM","2025-04-28"," 12:17:00 PM","CE","24450","Sell","65","40.10","60.15","","-1303.25"
"646.2","2025-04-28"," 9:45:00 AM","2025-04-28"," 3:15:00 PM","PE","23900","Sell","65","45.05","27.90","","1114.75"
"647","2025-04-29"," 9:45:00 AM","2025-04-29"," 3:15:00 PM","","","","","","","17.27","2712.00"
"647.1","2025-04-29"," 9:45:00 AM","2025-04-29"," 3:15:00 PM","CE","80600","Sell","20","70.75","0.25","","1410.00"
"647.2","2025-04-29"," 9:45:00 AM","2025-04-29"," 3:15:00 PM","PE","79600","Sell","20","65.35","0.25","","1302.00"
"648","2025-04-29"," 9:45:00 AM","2025-04-29"," 3:15:00 PM","","","","","","","17.27","1891.50"
"648.1","2025-04-29"," 9:45:00 AM","2025-04-29"," 3:15:00 PM","CE","24550","Sell","65","23.40","8.75","","952.25"
"648.2","2025-04-29"," 9:45:00 AM","2025-04-29"," 3:15:00 PM","PE","24100","Sell","65","30.95","16.50","","939.25"
"649","2025-04-30"," 9:45:00 AM","2025-04-30"," 10:12:00 AM","","","","","","","17.79","-269.75"
"649.1","2025-04-30"," 9:45:00 AM","2025-04-30"," 9:50:00 AM","CE","24450","Sell","65","8.25","12.40","","-269.75"
"649.2","2025-04-30"," 9:45:00 AM","2025-04-30"," 10:12:00 AM","PE","24250","Sell","65","9.80","9.80","","0.00"
"650","2025-04-30"," 9:45:00 AM","2025-04-30"," 3:15:00 PM","","","","","","","17.79","173.00"
"650.1","2025-04-30"," 9:45:00 AM","2025-04-30"," 3:15:00 PM","CE","81700","Sell","20","170.45","144.60","","517.00"
"650.2","2025-04-30"," 9:45:00 AM","2025-04-30"," 3:15:00 PM","PE","78800","Sell","20","222.00","239.20","","-344.00"
"651","2025-05-02"," 9:45:00 AM","2025-05-02"," 3:15:00 PM","","","","","","","17.62","-89.00"
"651.1","2025-05-02"," 9:45:00 AM","2025-05-02"," 3:15:00 PM","CE","82100","Sell","20","126.40","45.90","","1610.00"
"651.2","2025-05-02"," 9:45:00 AM","2025-05-02"," 11:32:00 AM","PE","79800","Sell","20","169.90","254.85","","-1699.00"
"652","2025-05-02"," 9:45:00 AM","2025-05-02"," 3:15:00 PM","","","","","","","17.62","-172.25"
"652.1","2025-05-02"," 9:45:00 AM","2025-05-02"," 3:15:00 PM","CE","24950","Sell","65","46.75","16.25","","1982.50"
"652.2","2025-05-02"," 9:45:00 AM","2025-05-02"," 11:24:00 AM","PE","24150","Sell","65","66.30","99.45","","-2154.75"
"653","2025-05-05"," 9:45:00 AM","2025-05-05"," 3:15:00 PM","","","","","","","18.55","-28.00"
"653.1","2025-05-05"," 9:45:00 AM","2025-05-05"," 10:01:00 AM","CE","81500","Sell","20","83.70","125.55","","-837.00"
"653.2","2025-05-05"," 9:45:00 AM","2025-05-05"," 3:15:00 PM","PE","80000","Sell","20","110.10","69.65","","809.00"
"654","2025-05-05"," 9:45:00 AM","2025-05-05"," 3:15:00 PM","","","","","","","18.55","1748.50"
"654.1","2025-05-05"," 9:45:00 AM","2025-05-05"," 3:15:00 PM","CE","24700","Sell","65","40.55","24.60","","1036.75"
"654.2","2025-05-05"," 9:45:00 AM","2025-05-05"," 3:15:00 PM","PE","24100","Sell","65","45.65","34.70","","711.75"
"655","2025-05-06"," 9:45:00 AM","2025-05-06"," 3:15:00 PM","","","","","","","18.50","218.00"
"655.1","2025-05-06"," 9:45:00 AM","2025-05-06"," 3:15:00 PM","CE","81000","Sell","20","29.20","0.45","","575.00"
"655.2","2025-05-06"," 9:45:00 AM","2025-05-06"," 9:54:00 AM","PE","80500","Sell","20","35.70","53.55","","-357.00"
"656","2025-05-06"," 9:45:00 AM","2025-05-06"," 3:15:00 PM","","","","","","","18.50","-425.75"
"656.1","2025-05-06"," 9:45:00 AM","2025-05-06"," 3:15:00 PM","CE","24650","Sell","65","20.40","11.10","","604.50"
"656.2","2025-05-06"," 9:45:00 AM","2025-05-06"," 3:15:00 PM","PE","24250","Sell","65","31.75","47.60","","-1030.25"
"657","2025-05-07"," 9:45:00 AM","2025-05-07"," 3:15:00 PM","","","","","","","19.48","1074.00"
"657.1","2025-05-07"," 9:45:00 AM","2025-05-07"," 3:15:00 PM","CE","82100","Sell","20","176.20","125.20","","1020.00"
"657.2","2025-05-07"," 9:45:00 AM","2025-05-07"," 3:15:00 PM","PE","78900","Sell","20","247.25","244.55","","54.00"
"658","2025-05-07"," 9:45:00 AM","2025-05-07"," 3:15:00 PM","","","","","","","19.48","1374.75"
"658.1","2025-05-07"," 9:45:00 AM","2025-05-07"," 3:15:00 PM","CE","24600","Sell","65","23.65","10.35","","864.50"
"658.2","2025-05-07"," 9:45:00 AM","2025-05-07"," 3:15:00 PM","PE","24100","Sell","65","37.30","29.45","","510.25"
"659","2025-05-08"," 9:45:00 AM","2025-05-08"," 3:15:00 PM","","","","","","","18.43","-1600.00"
"659.1","2025-05-08"," 9:45:00 AM","2025-05-08"," 3:15:00 PM","CE","81800","Sell","20","135.55","120.75","","296.00"
"659.2","2025-05-08"," 9:45:00 AM","2025-05-08"," 2:10:00 PM","PE","79300","Sell","20","189.60","284.40","","-1896.00"
"660","2025-05-08"," 9:45:00 AM","2025-05-08"," 3:15:00 PM","","","","","","","18.43","367.25"
"660.1","2025-05-08"," 9:45:00 AM","2025-05-08"," 3:15:00 PM","CE","24450","Sell","65","10.00","0.15","","640.25"
"660.2","2025-05-08"," 9:45:00 AM","2025-05-08"," 1:39:00 PM","PE","24300","Sell","65","8.40","12.60","","-273.00"
"661","2025-05-09"," 9:45:00 AM","2025-05-09"," 3:15:00 PM","","","","","","","22.39","2241.00"
"661.1","2025-05-09"," 9:45:00 AM","2025-05-09"," 3:15:00 PM","CE","80900","Sell","20","175.80","69.05","","2135.00"
"661.2","2025-05-09"," 9:45:00 AM","2025-05-09"," 3:15:00 PM","PE","77700","Sell","20","276.40","271.10","","106.00"
"662","2025-05-09"," 9:45:00 AM","2025-05-09"," 3:15:00 PM","","","","","","","22.39","2801.50"
"662.1","2025-05-09"," 9:45:00 AM","2025-05-09"," 3:15:00 PM","CE","24550","Sell","65","63.20","35.60","","1794.00"
"662.2","2025-05-09"," 9:45:00 AM","2025-05-09"," 3:15:00 PM","PE","23300","Sell","65","111.15","95.65","","1007.50"
"663","2025-05-12"," 9:45:00 AM","2025-05-12"," 10:14:00 AM","","","","","","","17.75","-1459.25"
"663.1","2025-05-12"," 9:45:00 AM","2025-05-12"," 9:55:00 AM","CE","24900","Sell","65","44.90","67.35","","-1459.25"
"663.2","2025-05-12"," 9:45:00 AM","2025-05-12"," 10:14:00 AM","PE","24250","Sell","65","47.60","47.60","","0.00"
"664","2025-05-12"," 9:45:00 AM","2025-05-12"," 3:15:00 PM","","","","","","","17.75","164.00"
"664.1","2025-05-12"," 9:45:00 AM","2025-05-12"," 9:53:00 AM","CE","82000","Sell","20","106.50","159.75","","-1065.00"
"664.2","2025-05-12"," 9:45:00 AM","2025-05-12"," 3:15:00 PM","PE","80500","Sell","20","109.50","48.05","","1229.00"
"665","2025-05-13"," 9:45:00 AM","2025-05-13"," 9:51:00 AM","","","","","","","18.53","-1023.00"
"665.1","2025-05-13"," 9:45:00 AM","2025-05-13"," 9:51:00 AM","CE","82400","Sell","20","100.65","100.65","","0.00"
"665.2","2025-05-13"," 9:45:00 AM","2025-05-13"," 9:50:00 AM","PE","81000","Sell","20","102.35","153.50","","-1023.00"
"666","2025-05-13"," 9:45:00 AM","2025-05-13"," 10:34:00 AM","","","","","","","18.53","-1917.50"
"666.1","2025-05-13"," 9:45:00 AM","2025-05-13"," 10:34:00 AM","CE","25150","Sell","65","49.95","49.95","","0.00"
"666.2","2025-05-13"," 9:45:00 AM","2025-05-13"," 10:31:00 AM","PE","24350","Sell","65","58.95","88.45","","-1917.50"
"667","2025-05-14"," 9:45:00 AM","2025-05-14"," 3:15:00 PM","","","","","","","17.60","-456.00"
"667.1","2025-05-14"," 9:45:00 AM","2025-05-14"," 3:15:00 PM","CE","83200","Sell","20","203.35","119.25","","1682.00"
"667.2","2025-05-14"," 9:45:00 AM","2025-05-14"," 12:52:00 PM","PE","80100","Sell","20","213.80","320.70","","-2138.00"
"668","2025-05-14"," 9:45:00 AM","2025-05-14"," 3:15:00 PM","","","","","","","17.60","-39.00"
"668.1","2025-05-14"," 9:45:00 AM","2025-05-14"," 3:15:00 PM","CE","25000","Sell","65","30.60","11.90","","1215.50"
"668.2","2025-05-14"," 9:45:00 AM","2025-05-14"," 11:50:00 AM","PE","24500","Sell","65","38.60","57.90","","-1254.50"
"669","2025-05-15"," 9:45:00 AM","2025-05-15"," 9:47:00 AM","","","","","","","17.33","-760.50"
"669.1","2025-05-15"," 9:45:00 AM","2025-05-15"," 9:47:00 AM","CE","24700","Sell","65","20.85","20.85","","0.00"
"669.2","2025-05-15"," 9:45:00 AM","2025-05-15"," 9:46:00 AM","PE","24400","Sell","65","23.35","35.05","","-760.50"
"670","2025-05-15"," 9:45:00 AM","2025-05-15"," 11:14:00 AM","","","","","","","17.33","-1806.00"
"670.1","2025-05-15"," 9:45:00 AM","2025-05-15"," 10:40:00 AM","CE","82300","Sell","20","180.60","270.90","","-1806.00"
"670.2","2025-05-15"," 9:45:00 AM","2025-05-15"," 11:14:00 AM","PE","79700","Sell","20","174.20","174.20","","0.00"
"671","2025-05-16"," 9:45:00 AM","2025-05-16"," 3:15:00 PM","","","","","","","16.58","1096.00"
"671.1","2025-05-16"," 9:45:00 AM","2025-05-16"," 3:15:00 PM","CE","83400","Sell","20","144.05","124.50","","391.00"
"671.2","2025-05-16"," 9:45:00 AM","2025-05-16"," 3:15:00 PM","PE","81200","Sell","20","157.30","122.05","","705.00"
"672","2025-05-16"," 9:45:00 AM","2025-05-16"," 3:15:00 PM","","","","","","","16.58","575.25"
"672.1","2025-05-16"," 9:45:00 AM","2025-05-16"," 3:15:00 PM","CE","25450","Sell","65","49.85","45.80","","263.25"
"672.2","2025-05-16"," 9:45:00 AM","2025-05-16"," 3:15:00 PM","PE","24600","Sell","65","60.25","55.45","","312.00"
"673","2025-05-19"," 9:45:00 AM","2025-05-19"," 3:15:00 PM","","","","","","","17.14","1839.00"
"673.1","2025-05-19"," 9:45:00 AM","2025-05-19"," 3:15:00 PM","CE","83100","Sell","20","112.35","45.45","","1338.00"
"673.2","2025-05-19"," 9:45:00 AM","2025-05-19"," 3:15:00 PM","PE","81400","Sell","20","122.25","97.20","","501.00"
"674","2025-05-19"," 9:45:00 AM","2025-05-19"," 3:15:00 PM","","","","","","","17.14","581.75"
"674.1","2025-05-19"," 9:45:00 AM","2025-05-19"," 3:15:00 PM","CE","25350","Sell","65","50.80","35.05","","1023.75"
"674.2","2025-05-19"," 9:45:00 AM","2025-05-19"," 3:15:00 PM","PE","24650","Sell","65","53.80","60.60","","-442.00"
"675","2025-05-20"," 9:45:00 AM","2025-05-20"," 9:52:00 AM","","","","","","","17.19","-518.00"
"675.1","2025-05-20"," 9:45:00 AM","2025-05-20"," 9:52:00 AM","CE","82400","Sell","20","46.80","47.35","","-11.00"
"675.2","2025-05-20"," 9:45:00 AM","2025-05-20"," 9:51:00 AM","PE","81600","Sell","20","50.65","76.00","","-507.00"
"676","2025-05-20"," 9:45:00 AM","2025-05-20"," 9:57:00 AM","","","","","","","17.19","-1426.75"
"676.1","2025-05-20"," 9:45:00 AM","2025-05-20"," 9:57:00 AM","CE","25250","Sell","65","36.60","36.60","","0.00"
"676.2","2025-05-20"," 9:45:00 AM","2025-05-20"," 9:55:00 AM","PE","24650","Sell","65","43.90","65.85","","-1426.75"
"677","2025-05-21"," 9:45:00 AM","2025-05-21"," 12:10:00 PM","","","","","","","17.66","-1147.25"
"677.1","2025-05-21"," 9:45:00 AM","2025-05-21"," 10:08:00 AM","CE","25100","Sell","65","35.30","52.95","","-1147.25"
"677.2","2025-05-21"," 9:45:00 AM","2025-05-21"," 12:10:00 PM","PE","24550","Sell","65","37.85","37.85","","0.00"
"678","2025-05-21"," 9:45:00 AM","2025-05-21"," 12:11:00 PM","","","","","","","17.66","-1858.00"
"678.1","2025-05-21"," 9:45:00 AM","2025-05-21"," 10:17:00 AM","CE","83200","Sell","20","185.80","278.70","","-1858.00"
"678.2","2025-05-21"," 9:45:00 AM","2025-05-21"," 12:11:00 PM","PE","80200","Sell","20","209.00","209.00","","0.00"
"679","2025-05-22"," 9:45:00 AM","2025-05-22"," 3:15:00 PM","","","","","","","17.98","1735.00"
"679.1","2025-05-22"," 9:45:00 AM","2025-05-22"," 3:15:00 PM","CE","82300","Sell","20","169.20","136.65","","651.00"
"679.2","2025-05-22"," 9:45:00 AM","2025-05-22"," 3:15:00 PM","PE","79600","Sell","20","173.75","119.55","","1084.00"
"680","2025-05-22"," 9:45:00 AM","2025-05-22"," 3:15:00 PM","","","","","","","17.98","2795.00"
"680.1","2025-05-22"," 9:45:00 AM","2025-05-22"," 3:15:00 PM","CE","24750","Sell","65","27.25","0.20","","1758.25"
"680.2","2025-05-22"," 9:45:00 AM","2025-05-22"," 3:15:00 PM","PE","24450","Sell","65","16.10","0.15","","1036.75"
"681","2025-05-23"," 9:45:00 AM","2025-05-23"," 11:22:00 AM","","","","","","","16.96","-1608.75"
"681.1","2025-05-23"," 9:45:00 AM","2025-05-23"," 10:49:00 AM","CE","25250","Sell","65","49.45","74.20","","-1608.75"
"681.2","2025-05-23"," 9:45:00 AM","2025-05-23"," 11:22:00 AM","PE","24400","Sell","65","62.55","62.55","","0.00"
"682","2025-05-23"," 9:45:00 AM","2025-05-23"," 11:50:00 AM","","","","","","","16.96","-1441.00"
"682.1","2025-05-23"," 9:45:00 AM","2025-05-23"," 10:48:00 AM","CE","82600","Sell","20","144.15","216.20","","-1441.00"
"682.2","2025-05-23"," 9:45:00 AM","2025-05-23"," 11:50:00 AM","PE","80400","Sell","20","146.20","146.20","","0.00"
"683","2025-05-26"," 9:45:00 AM","2025-05-26"," 11:22:00 AM","","","","","","","17.81","-1390.00"
"683.1","2025-05-26"," 9:45:00 AM","2025-05-26"," 11:22:00 AM","CE","83400","Sell","20","135.35","135.35","","0.00"
"683.2","2025-05-26"," 9:45:00 AM","2025-05-26"," 10:27:00 AM","PE","81400","Sell","20","139.00","208.50","","-1390.00"
"684","2025-05-26"," 9:45:00 AM","2025-05-26"," 11:22:00 AM","","","","","","","17.81","-2080.00"
"684.1","2025-05-26"," 9:45:00 AM","2025-05-26"," 11:22:00 AM","CE","25500","Sell","65","50.90","50.90","","0.00"
"684.2","2025-05-26"," 9:45:00 AM","2025-05-26"," 10:28:00 AM","PE","24650","Sell","65","64.00","96.00","","-2080.00"
"685","2025-05-27"," 9:45:00 AM","2025-05-27"," 2:21:00 PM","","","","","","","18.82","-1885.00"
"685.1","2025-05-27"," 9:45:00 AM","2025-05-27"," 11:26:00 AM","CE","25300","Sell","65","58.00","87.00","","-1885.00"
"685.2","2025-05-27"," 9:45:00 AM","2025-05-27"," 2:21:00 PM","PE","24400","Sell","65","61.75","61.75","","0.00"
"686","2025-05-27"," 9:45:00 AM","2025-05-27"," 3:15:00 PM","","","","","","","18.82","944.00"
"686.1","2025-05-27"," 9:45:00 AM","2025-05-27"," 11:06:00 AM","CE","82500","Sell","20","139.80","209.70","","-1398.00"
"686.2","2025-05-27"," 9:45:00 AM","2025-05-27"," 3:15:00 PM","PE","80700","Sell","20","117.45","0.35","","2342.00"
"687","2025-05-28"," 9:45:00 AM","2025-05-28"," 3:15:00 PM","","","","","","","18.58","2636.00"
"687.1","2025-05-28"," 9:45:00 AM","2025-05-28"," 3:15:00 PM","CE","83500","Sell","20","242.15","146.95","","1904.00"
"687.2","2025-05-28"," 9:45:00 AM","2025-05-28"," 3:15:00 PM","PE","79800","Sell","20","248.95","212.35","","732.00"
"688","2025-05-28"," 9:45:00 AM","2025-05-28"," 3:15:00 PM","","","","","","","18.58","3282.50"
"688.1","2025-05-28"," 9:45:00 AM","2025-05-28"," 3:15:00 PM","CE","25200","Sell","65","52.95","14.75","","2483.00"
"688.2","2025-05-28"," 9:45:00 AM","2025-05-28"," 3:15:00 PM","PE","24500","Sell","65","41.35","29.05","","799.50"
"689","2025-05-29"," 9:45:00 AM","2025-05-29"," 9:56:00 AM","","","","","","","17.20","-516.75"
"689.1","2025-05-29"," 9:45:00 AM","2025-05-29"," 9:56:00 AM","CE","24950","Sell","65","20.85","20.85","","0.00"
"689.2","2025-05-29"," 9:45:00 AM","2025-05-29"," 9:48:00 AM","PE","24700","Sell","65","15.95","23.90","","-516.75"
"690","2025-05-29"," 9:45:00 AM","2025-05-29"," 3:15:00 PM","","","","","","","17.20","-1113.00"
"690.1","2025-05-29"," 9:45:00 AM","2025-05-29"," 3:15:00 PM","CE","82900","Sell","20","186.65","152.95","","674.00"
"690.2","2025-05-29"," 9:45:00 AM","2025-05-29"," 12:40:00 PM","PE","80400","Sell","20","178.75","268.10","","-1787.00"
"691","2025-05-30"," 9:45:00 AM","2025-05-30"," 3:15:00 PM","","","","","","","16.15","-607.00"
"691.1","2025-05-30"," 9:45:00 AM","2025-05-30"," 3:15:00 PM","CE","82800","Sell","20","150.90","100.70","","1004.00"
"691.2","2025-05-30"," 9:45:00 AM","2025-05-30"," 10:37:00 AM","PE","80600","Sell","20","161.15","241.70","","-1611.00"
"692","2025-05-30"," 9:45:00 AM","2025-05-30"," 3:15:00 PM","","","","","","","16.15","-1010.75"
"692.1","2025-05-30"," 9:45:00 AM","2025-05-30"," 3:15:00 PM","CE","25300","Sell","65","59.60","44.40","","988.00"
"692.2","2025-05-30"," 9:45:00 AM","2025-05-30"," 10:24:00 AM","PE","24450","Sell","65","61.55","92.30","","-1998.75"
"693","2025-06-02"," 9:45:00 AM","2025-06-02"," 10:33:00 AM","","","","","","","16.69","-1472.00"
"693.1","2025-06-02"," 9:45:00 AM","2025-06-02"," 10:32:00 AM","CE","81700","Sell","20","130.35","195.50","","-1303.00"
"693.2","2025-06-02"," 9:45:00 AM","2025-06-02"," 10:33:00 AM","PE","79900","Sell","20","110.35","118.80","","-169.00"
"694","2025-06-02"," 9:45:00 AM","2025-06-02"," 10:40:00 AM","","","","","","","16.69","-1963.00"
"694.1","2025-06-02"," 9:45:00 AM","2025-06-02"," 10:39:00 AM","CE","25000","Sell","65","53.95","80.95","","-1755.00"
"694.2","2025-06-02"," 9:45:00 AM","2025-06-02"," 10:40:00 AM","PE","24200","Sell","65","53.65","56.85","","-208.00"
"695","2025-06-03"," 9:45:00 AM","2025-06-03"," 10:41:00 AM","","","","","","","17.41","-1411.00"
"695.1","2025-06-03"," 9:45:00 AM","2025-06-03"," 10:22:00 AM","CE","82200","Sell","20","141.05","211.60","","-1411.00"
"695.2","2025-06-03"," 9:45:00 AM","2025-06-03"," 10:41:00 AM","PE","80300","Sell","20","128.30","128.30","","0.00"
"696","2025-06-03"," 9:45:00 AM","2025-06-03"," 3:15:00 PM","","","","","","","17.41","806.00"
"696.1","2025-06-03"," 9:45:00 AM","2025-06-03"," 3:15:00 PM","CE","25150","Sell","65","58.90","15.75","","2804.75"
"696.2","2025-06-03"," 9:45:00 AM","2025-06-03"," 12:53:00 PM","PE","24250","Sell","65","61.45","92.20","","-1998.75"
"697","2025-06-04"," 9:45:00 AM","2025-06-04"," 3:15:00 PM","","","","","","","16.00","921.00"
"697.1","2025-06-04"," 9:45:00 AM","2025-06-04"," 3:15:00 PM","CE","82200","Sell","20","193.65","219.00","","-507.00"
"697.2","2025-06-04"," 9:45:00 AM","2025-06-04"," 3:15:00 PM","PE","79500","Sell","20","191.00","119.60","","1428.00"
"698","2025-06-04"," 9:45:00 AM","2025-06-04"," 3:15:00 PM","","","","","","","16.00","858.00"
"698.1","2025-06-04"," 9:45:00 AM","2025-06-04"," 3:15:00 PM","CE","24800","Sell","65","30.30","32.15","","-120.25"
"698.2","2025-06-04"," 9:45:00 AM","2025-06-04"," 3:15:00 PM","PE","24350","Sell","65","27.65","12.60","","978.25"
"699","2025-06-05"," 9:45:00 AM","2025-06-05"," 1:32:00 PM","","","","","","","15.39","-1599.00"
"699.1","2025-06-05"," 9:45:00 AM","2025-06-05"," 12:08:00 PM","CE","82600","Sell","20","159.85","239.80","","-1599.00"
"699.2","2025-06-05"," 9:45:00 AM","2025-06-05"," 1:32:00 PM","PE","80300","Sell","20","155.20","155.20","","0.00"
"700","2025-06-05"," 9:45:00 AM","2025-06-05"," 1:32:00 PM","","","","","","","15.39","-672.75"
"700.1","2025-06-05"," 9:45:00 AM","2025-06-05"," 12:04:00 PM","CE","24850","Sell","65","20.65","31.00","","-672.75"
"700.2","2025-06-05"," 9:45:00 AM","2025-06-05"," 1:32:00 PM","PE","24600","Sell","65","13.50","13.50","","0.00"
"701","2025-06-06"," 9:45:00 AM","2025-06-06"," 3:15:00 PM","","","","","","","15.08","956.00"
"701.1","2025-06-06"," 9:45:00 AM","2025-06-06"," 10:07:00 AM","CE","82300","Sell","20","141.90","212.85","","-1419.00"
"701.2","2025-06-06"," 9:45:00 AM","2025-06-06"," 3:15:00 PM","PE","80200","Sell","20","149.15","30.40","","2375.00"
"702","2025-06-06"," 9:45:00 AM","2025-06-06"," 3:15:00 PM","","","","","","","15.08","932.75"
"702.1","2025-06-06"," 9:45:00 AM","2025-06-06"," 10:07:00 AM","CE","25100","Sell","65","47.95","71.95","","-1560.00"
"702.2","2025-06-06"," 9:45:00 AM","2025-06-06"," 3:15:00 PM","PE","24300","Sell","65","54.25","15.90","","2492.75"
"703","2025-06-09"," 9:45:00 AM","2025-06-09"," 3:15:00 PM","","","","","","","14.89","1730.00"
"703.1","2025-06-09"," 9:45:00 AM","2025-06-09"," 3:15:00 PM","CE","83300","Sell","20","93.70","39.85","","1077.00"
"703.2","2025-06-09"," 9:45:00 AM","2025-06-09"," 3:15:00 PM","PE","81800","Sell","20","110.00","77.35","","653.00"
"704","2025-06-09"," 9:45:00 AM","2025-06-09"," 3:15:00 PM","","","","","","","14.89","1290.25"
"704.1","2025-06-09"," 9:45:00 AM","2025-06-09"," 3:15:00 PM","CE","25450","Sell","65","40.30","28.45","","770.25"
"704.2","2025-06-09"," 9:45:00 AM","2025-06-09"," 3:15:00 PM","PE","24750","Sell","65","42.30","34.30","","520.00"
"705","2025-06-10"," 9:45:00 AM","2025-06-10"," 3:15:00 PM","","","","","","","14.62","2828.00"
"705.1","2025-06-10"," 9:45:00 AM","2025-06-10"," 3:15:00 PM","CE","82900","Sell","20","64.20","0.30","","1278.00"
"705.2","2025-06-10"," 9:45:00 AM","2025-06-10"," 3:15:00 PM","PE","81900","Sell","20","77.75","0.25","","1550.00"
"706","2025-06-10"," 9:45:00 AM","2025-06-10"," 3:15:00 PM","","","","","","","14.62","1592.50"
"706.1","2025-06-10"," 9:45:00 AM","2025-06-10"," 3:15:00 PM","CE","25350","Sell","65","31.85","18.10","","893.75"
"706.2","2025-06-10"," 9:45:00 AM","2025-06-10"," 3:15:00 PM","PE","24850","Sell","65","37.60","26.85","","698.75"
"707","2025-06-11"," 9:45:00 AM","2025-06-11"," 1:48:00 PM","","","","","","","13.71","-575.25"
"707.1","2025-06-11"," 9:45:00 AM","2025-06-11"," 10:45:00 AM","CE","25300","Sell","65","17.70","26.55","","-575.25"
"707.2","2025-06-11"," 9:45:00 AM","2025-06-11"," 1:48:00 PM","PE","24950","Sell","65","20.75","20.75","","0.00"
"708","2025-06-11"," 9:45:00 AM","2025-06-11"," 1:49:00 PM","","","","","","","13.71","-1323.00"
"708.1","2025-06-11"," 9:45:00 AM","2025-06-11"," 11:17:00 AM","CE","83500","Sell","20","132.35","198.50","","-1323.00"
"708.2","2025-06-11"," 9:45:00 AM","2025-06-11"," 1:49:00 PM","PE","81500","Sell","20","141.75","141.75","","0.00"
"709","2025-06-12"," 9:45:00 AM","2025-06-12"," 3:15:00 PM","","","","","","","13.80","469.00"
"709.1","2025-06-12"," 9:45:00 AM","2025-06-12"," 3:15:00 PM","CE","83400","Sell","20","140.55","46.50","","1881.00"
"709.2","2025-06-12"," 9:45:00 AM","2025-06-12"," 1:28:00 PM","PE","81400","Sell","20","141.20","211.80","","-1412.00"
"710","2025-06-12"," 9:45:00 AM","2025-06-12"," 3:15:00 PM","","","","","","","13.80","507.00"
"710.1","2025-06-12"," 9:45:00 AM","2025-06-12"," 3:15:00 PM","CE","25250","Sell","65","18.10","0.10","","1170.00"
"710.2","2025-06-12"," 9:45:00 AM","2025-06-12"," 12:05:00 PM","PE","24950","Sell","65","20.40","30.60","","-663.00"
"711","2025-06-13"," 9:45:00 AM","2025-06-13"," 3:15:00 PM","","","","","","","15.16","669.00"
"711.1","2025-06-13"," 9:45:00 AM","2025-06-13"," 3:15:00 PM","CE","81800","Sell","20","130.50","137.15","","-133.00"
"711.2","2025-06-13"," 9:45:00 AM","2025-06-13"," 3:15:00 PM","PE","79700","Sell","20","162.10","122.00","","802.00"
"712","2025-06-13"," 9:45:00 AM","2025-06-13"," 3:15:00 PM","","","","","","","15.16","445.25"
"712.1","2025-06-13"," 9:45:00 AM","2025-06-13"," 3:15:00 PM","CE","25000","Sell","65","52.20","57.05","","-315.25"
"712.2","2025-06-13"," 9:45:00 AM","2025-06-13"," 3:15:00 PM","PE","24200","Sell","65","64.40","52.70","","760.50"
"713","2025-06-16"," 9:45:00 AM","2025-06-16"," 10:20:00 AM","","","","","","","14.73","-959.00"
"713.1","2025-06-16"," 9:45:00 AM","2025-06-16"," 10:20:00 AM","CE","81900","Sell","20","85.25","85.25","","0.00"
"713.2","2025-06-16"," 9:45:00 AM","2025-06-16"," 9:51:00 AM","PE","80500","Sell","20","95.90","143.85","","-959.00"
"714","2025-06-16"," 9:45:00 AM","2025-06-16"," 3:15:00 PM","","","","","","","14.73","-354.25"
"714.1","2025-06-16"," 9:45:00 AM","2025-06-16"," 10:29:00 AM","CE","25050","Sell","65","40.35","60.50","","-1309.75"
"714.2","2025-06-16"," 9:45:00 AM","2025-06-16"," 3:15:00 PM","PE","24450","Sell","65","45.95","31.25","","955.50"
"715","2025-06-17"," 9:45:00 AM","2025-06-17"," 3:15:00 PM","","","","","","","14.66","2158.00"
"715.1","2025-06-17"," 9:45:00 AM","2025-06-17"," 3:15:00 PM","CE","82000","Sell","20","48.55","0.25","","966.00"
"715.2","2025-06-17"," 9:45:00 AM","2025-06-17"," 3:15:00 PM","PE","81200","Sell","20","59.85","0.25","","1192.00"
"716","2025-06-17"," 9:45:00 AM","2025-06-17"," 3:15:00 PM","","","","","","","14.66","942.50"
"716.1","2025-06-17"," 9:45:00 AM","2025-06-17"," 3:15:00 PM","CE","25100","Sell","65","35.95","22.75","","858.00"
"716.2","2025-06-17"," 9:45:00 AM","2025-06-17"," 3:15:00 PM","PE","24600","Sell","65","40.80","39.50","","84.50"
"717","2025-06-18"," 9:45:00 AM","2025-06-18"," 3:15:00 PM","","","","","","","14.46","-235.00"
"717.1","2025-06-18"," 9:45:00 AM","2025-06-18"," 3:15:00 PM","CE","83000","Sell","20","154.75","76.50","","1565.00"
"717.2","2025-06-18"," 9:45:00 AM","2025-06-18"," 11:33:00 AM","PE","80600","Sell","20","180.00","270.00","","-1800.00"
"718","2025-06-18"," 9:45:00 AM","2025-06-18"," 3:15:00 PM","","","","","","","14.46","273.00"
"718.1","2025-06-18"," 9:45:00 AM","2025-06-18"," 3:15:00 PM","CE","25150","Sell","65","27.80","7.85","","1296.75"
"718.2","2025-06-18"," 9:45:00 AM","2025-06-18"," 11:19:00 AM","PE","24700","Sell","65","31.45","47.20","","-1023.75"
"719","2025-06-19"," 9:45:00 AM","2025-06-19"," 3:15:00 PM","","","","","","","13.87","-1223.00"
"719.1","2025-06-19"," 9:45:00 AM","2025-06-19"," 3:15:00 PM","CE","82500","Sell","20","132.70","125.30","","148.00"
"719.2","2025-06-19"," 9:45:00 AM","2025-06-19"," 3:15:00 PM","PE","80600","Sell","20","148.55","217.10","","-1371.00"
"720","2025-06-19"," 9:45:00 AM","2025-06-19"," 3:15:00 PM","","","","","","","13.87","1488.50"
"720.1","2025-06-19"," 9:45:00 AM","2025-06-19"," 3:15:00 PM","CE","24950","Sell","65","10.50","0.20","","669.50"
"720.2","2025-06-19"," 9:45:00 AM","2025-06-19"," 3:15:00 PM","PE","24750","Sell","65","12.85","0.25","","819.00"
"721","2025-06-20"," 9:45:00 AM","2025-06-20"," 3:15:00 PM","","","","","","","13.59","46.00"
"721.1","2025-06-20"," 9:45:00 AM","2025-06-20"," 10:16:00 AM","CE","82500","Sell","20","102.00","153.00","","-1020.00"
"721.2","2025-06-20"," 9:45:00 AM","2025-06-20"," 3:15:00 PM","PE","80800","Sell","20","116.05","62.75","","1066.00"
"722","2025-06-20"," 9:45:00 AM","2025-06-20"," 3:15:00 PM","","","","","","","13.59","-656.50"
"722.1","2025-06-20"," 9:45:00 AM","2025-06-20"," 10:17:00 AM","CE","25200","Sell","65","45.60","68.40","","-1482.00"
"722.2","2025-06-20"," 9:45:00 AM","2025-06-20"," 3:15:00 PM","PE","24500","Sell","65","47.95","35.25","","825.50"
"723","2025-06-23"," 9:45:00 AM","2025-06-23"," 3:15:00 PM","","","","","","","14.39","251.00"
"723.1","2025-06-23"," 9:45:00 AM","2025-06-23"," 1:21:00 PM","CE","82300","Sell","20","89.80","134.70","","-898.00"
"723.2","2025-06-23"," 9:45:00 AM","2025-06-23"," 3:15:00 PM","PE","80900","Sell","20","109.45","52.00","","1149.00"
"724","2025-06-23"," 9:45:00 AM","2025-06-23"," 3:15:00 PM","","","","","","","14.39","-208.00"
"724.1","2025-06-23"," 9:45:00 AM","2025-06-23"," 1:20:00 PM","CE","25150","Sell","65","43.10","64.65","","-1400.75"
"724.2","2025-06-23"," 9:45:00 AM","2025-06-23"," 3:15:00 PM","PE","24500","Sell","65","46.70","28.35","","1192.75"
"725","2025-06-24"," 9:45:00 AM","2025-06-24"," 9:48:00 AM","","","","","","","13.63","-752.00"
"725.1","2025-06-24"," 9:45:00 AM","2025-06-24"," 9:48:00 AM","CE","83000","Sell","20","43.00","48.25","","-105.00"
"725.2","2025-06-24"," 9:45:00 AM","2025-06-24"," 9:47:00 AM","PE","82200","Sell","20","64.70","97.05","","-647.00"
"726","2025-06-24"," 9:45:00 AM","2025-06-24"," 9:52:00 AM","","","","","","","13.63","-1361.75"
"726.1","2025-06-24"," 9:45:00 AM","2025-06-24"," 9:52:00 AM","CE","25450","Sell","65","30.90","30.90","","0.00"
"726.2","2025-06-24"," 9:45:00 AM","2025-06-24"," 9:49:00 AM","PE","24950","Sell","65","41.85","62.80","","-1361.75"
"727","2025-06-25"," 9:45:00 AM","2025-06-25"," 3:15:00 PM","","","","","","","13.26","327.00"
"727.1","2025-06-25"," 9:45:00 AM","2025-06-25"," 3:15:00 PM","CE","83700","Sell","20","145.15","152.30","","-143.00"
"727.2","2025-06-25"," 9:45:00 AM","2025-06-25"," 3:15:00 PM","PE","81500","Sell","20","167.95","144.45","","470.00"
"728","2025-06-25"," 9:45:00 AM","2025-06-25"," 3:15:00 PM","","","","","","","13.26","835.25"
"728.1","2025-06-25"," 9:45:00 AM","2025-06-25"," 3:15:00 PM","CE","25400","Sell","65","25.80","20.95","","315.25"
"728.2","2025-06-25"," 9:45:00 AM","2025-06-25"," 3:15:00 PM","PE","25000","Sell","65","25.80","17.80","","520.00"
"729","2025-06-26"," 9:45:00 AM","2025-06-26"," 10:19:00 AM","","","","","","","13.06","-630.50"
"729.1","2025-06-26"," 9:45:00 AM","2025-06-26"," 9:49:00 AM","CE","25500","Sell","65","19.40","29.10","","-630.50"
"729.2","2025-06-26"," 9:45:00 AM","2025-06-26"," 10:19:00 AM","PE","25200","Sell","65","18.50","18.50","","0.00"
"730","2025-06-26"," 9:45:00 AM","2025-06-26"," 10:22:00 AM","","","","","","","13.06","-1505.00"
"730.1","2025-06-26"," 9:45:00 AM","2025-06-26"," 10:02:00 AM","CE","84100","Sell","20","150.45","225.70","","-1505.00"
"730.2","2025-06-26"," 9:45:00 AM","2025-06-26"," 10:22:00 AM","PE","81900","Sell","20","158.10","158.10","","0.00"
"731","2025-06-27"," 9:45:00 AM","2025-06-27"," 3:15:00 PM","","","","","","","12.70","1333.00"
"731.1","2025-06-27"," 9:45:00 AM","2025-06-27"," 3:15:00 PM","CE","84600","Sell","20","114.00","120.60","","-132.00"
"731.2","2025-06-27"," 9:45:00 AM","2025-06-27"," 3:15:00 PM","PE","82800","Sell","20","137.15","63.90","","1465.00"
"732","2025-06-27"," 9:45:00 AM","2025-06-27"," 3:15:00 PM","","","","","","","12.70","1352.00"
"732.1","2025-06-27"," 9:45:00 AM","2025-06-27"," 3:15:00 PM","CE","25900","Sell","65","42.85","45.80","","-191.75"
"732.2","2025-06-27"," 9:45:00 AM","2025-06-27"," 3:15:00 PM","PE","25200","Sell","65","52.75","29.00","","1543.75"
"733","2025-06-30"," 9:45:00 AM","2025-06-30"," 3:15:00 PM","","","","","","","12.77","88.00"
"733.1","2025-06-30"," 9:45:00 AM","2025-06-30"," 3:15:00 PM","CE","84600","Sell","20","84.60","34.20","","1008.00"
"733.2","2025-06-30"," 9:45:00 AM","2025-06-30"," 1:01:00 PM","PE","83200","Sell","20","92.00","138.00","","-920.00"
"734","2025-06-30"," 9:45:00 AM","2025-06-30"," 3:15:00 PM","","","","","","","12.77","-451.75"
"734.1","2025-06-30"," 9:45:00 AM","2025-06-30"," 3:15:00 PM","CE","25900","Sell","65","35.85","23.20","","822.25"
"734.2","2025-06-30"," 9:45:00 AM","2025-06-30"," 1:01:00 PM","PE","25300","Sell","65","39.20","58.80","","-1274.00"
"735","2025-07-01"," 9:45:00 AM","2025-07-01"," 3:15:00 PM","","","","","","","12.67","2119.00"
"735.1","2025-07-01"," 9:45:00 AM","2025-07-01"," 3:15:00 PM","CE","84200","Sell","20","49.70","0.15","","991.00"
"735.2","2025-07-01"," 9:45:00 AM","2025-07-01"," 3:15:00 PM","PE","83400","Sell","20","56.55","0.15","","1128.00"
"736","2025-07-01"," 9:45:00 AM","2025-07-01"," 3:15:00 PM","","","","","","","12.67","1842.75"
"736.1","2025-07-01"," 9:45:00 AM","2025-07-01"," 3:15:00 PM","CE","25800","Sell","65","36.95","19.95","","1105.00"
"736.2","2025-07-01"," 9:45:00 AM","2025-07-01"," 3:15:00 PM","PE","25350","Sell","65","37.75","26.40","","737.75"
"737","2025-07-02"," 9:45:00 AM","2025-07-02"," 3:15:00 PM","","","","","","","12.43","-484.00"
"737.1","2025-07-02"," 9:45:00 AM","2025-07-02"," 3:15:00 PM","CE","84700","Sell","20","135.75","83.40","","1047.00"
"737.2","2025-07-02"," 9:45:00 AM","2025-07-02"," 1:24:00 PM","PE","82800","Sell","20","153.05","229.60","","-1531.00"
"738","2025-07-02"," 9:45:00 AM","2025-07-02"," 3:15:00 PM","","","","","","","12.43","0.00"
"738.1","2025-07-02"," 9:45:00 AM","2025-07-02"," 3:15:00 PM","CE","25700","Sell","65","25.75","12.00","","893.75"
"738.2","2025-07-02"," 9:45:00 AM","2025-07-02"," 10:41:00 AM","PE","25400","Sell","65","27.50","41.25","","-893.75"
"739","2025-07-03"," 9:45:00 AM","2025-07-03"," 9:52:00 AM","","","","","","","12.21","-432.25"
"739.1","2025-07-03"," 9:45:00 AM","2025-07-03"," 9:51:00 AM","CE","25600","Sell","65","13.35","20.00","","-432.25"
"739.2","2025-07-03"," 9:45:00 AM","2025-07-03"," 9:52:00 AM","PE","25400","Sell","65","13.70","13.70","","0.00"
"740","2025-07-03"," 9:45:00 AM","2025-07-03"," 1:51:00 PM","","","","","","","12.21","-1235.00"
"740.1","2025-07-03"," 9:45:00 AM","2025-07-03"," 1:39:00 PM","CE","84400","Sell","20","123.45","185.20","","-1235.00"
"740.2","2025-07-03"," 9:45:00 AM","2025-07-03"," 1:51:00 PM","PE","82700","Sell","20","115.90","115.90","","0.00"
"741","2025-07-04"," 9:45:00 AM","2025-07-04"," 3:15:00 PM","","","","","","","12.42","795.00"
"741.1","2025-07-04"," 9:45:00 AM","2025-07-04"," 3:15:00 PM","CE","84000","Sell","20","102.80","111.95","","-183.00"
"741.2","2025-07-04"," 9:45:00 AM","2025-07-04"," 3:15:00 PM","PE","82500","Sell","20","111.30","62.40","","978.00"
"742","2025-07-04"," 9:45:00 AM","2025-07-04"," 3:15:00 PM","","","","","","","12.42","757.25"
"742.1","2025-07-04"," 9:45:00 AM","2025-07-04"," 3:15:00 PM","CE","25700","Sell","65","44.55","50.80","","-406.25"
"742.2","2025-07-04"," 9:45:00 AM","2025-07-04"," 3:15:00 PM","PE","25100","Sell","65","48.80","30.90","","1163.50"
"743","2025-07-07"," 9:45:00 AM","2025-07-07"," 3:15:00 PM","","","","","","","12.61","590.00"
"743.1","2025-07-07"," 9:45:00 AM","2025-07-07"," 3:15:00 PM","CE","84000","Sell","20","71.80","58.60","","264.00"
"743.2","2025-07-07"," 9:45:00 AM","2025-07-07"," 3:15:00 PM","PE","82800","Sell","20","72.60","56.30","","326.00"
"744","2025-07-07"," 9:45:00 AM","2025-07-07"," 3:15:00 PM","","","","","","","12.61","299.00"
"744.1","2025-07-07"," 9:45:00 AM","2025-07-07"," 3:15:00 PM","CE","25750","Sell","65","30.65","27.85","","182.00"
"744.2","2025-07-07"," 9:45:00 AM","2025-07-07"," 3:15:00 PM","PE","25200","Sell","65","35.25","33.45","","117.00"
"745","2025-07-08"," 9:45:00 AM","2025-07-08"," 3:15:00 PM","","","","","","","12.40","281.00"
"745.1","2025-07-08"," 9:45:00 AM","2025-07-08"," 3:15:00 PM","CE","83800","Sell","20","38.30","3.50","","696.00"
"745.2","2025-07-08"," 9:45:00 AM","2025-07-08"," 10:01:00 AM","PE","83200","Sell","20","41.55","62.30","","-415.00"
"746","2025-07-08"," 9:45:00 AM","2025-07-08"," 3:15:00 PM","","","","","","","12.40","-39.00"
"746.1","2025-07-08"," 9:45:00 AM","2025-07-08"," 3:14:00 PM","CE","25700","Sell","65","25.80","38.70","","-838.50"
"746.2","2025-07-08"," 9:45:00 AM","2025-07-08"," 3:15:00 PM","PE","25250","Sell","65","27.40","15.10","","799.50"
"747","2025-07-09"," 9:45:00 AM","2025-07-09"," 2:28:00 PM","","","","","","","11.79","-646.75"
"747.1","2025-07-09"," 9:45:00 AM","2025-07-09"," 9:59:00 AM","CE","25650","Sell","65","19.90","29.85","","-646.75"
"747.2","2025-07-09"," 9:45:00 AM","2025-07-09"," 2:28:00 PM","PE","25350","Sell","65","22.25","22.25","","0.00"
"748","2025-07-09"," 9:45:00 AM","2025-07-09"," 3:15:00 PM","","","","","","","11.79","-155.00"
"748.1","2025-07-09"," 9:45:00 AM","2025-07-09"," 3:15:00 PM","CE","84500","Sell","20","117.75","127.00","","-185.00"
"748.2","2025-07-09"," 9:45:00 AM","2025-07-09"," 3:15:00 PM","PE","82700","Sell","20","122.95","121.45","","30.00"
"749","2025-07-10"," 9:45:00 AM","2025-07-10"," 10:01:00 AM","","","","","","","11.83","-510.25"
"749.1","2025-07-10"," 9:45:00 AM","2025-07-10"," 10:01:00 AM","CE","25550","Sell","65","15.05","15.05","","0.00"
"749.2","2025-07-10"," 9:45:00 AM","2025-07-10"," 9:54:00 AM","PE","25350","Sell","65","15.65","23.50","","-510.25"
"750","2025-07-10"," 9:45:00 AM","2025-07-10"," 3:15:00 PM","","","","","","","11.83","-379.00"
"750.1","2025-07-10"," 9:45:00 AM","2025-07-10"," 3:15:00 PM","CE","84300","Sell","20","107.25","65.75","","830.00"
"750.2","2025-07-10"," 9:45:00 AM","2025-07-10"," 10:54:00 AM","PE","82700","Sell","20","120.90","181.35","","-1209.00"
"751","2025-07-11"," 9:45:00 AM","2025-07-11"," 3:15:00 PM","","","","","","","11.63","264.00"
"751.1","2025-07-11"," 9:45:00 AM","2025-07-11"," 3:15:00 PM","CE","83700","Sell","20","91.70","37.00","","1094.00"
"751.2","2025-07-11"," 9:45:00 AM","2025-07-11"," 10:22:00 AM","PE","82400","Sell","20","83.00","124.50","","-830.00"
"752","2025-07-11"," 9:45:00 AM","2025-07-11"," 3:15:00 PM","","","","","","","11.63","-71.50"
"752.1","2025-07-11"," 9:45:00 AM","2025-07-11"," 3:15:00 PM","CE","25600","Sell","65","35.95","19.05","","1098.50"
"752.2","2025-07-11"," 9:45:00 AM","2025-07-11"," 10:32:00 AM","PE","25050","Sell","65","36.00","54.00","","-1170.00"
"753","2025-07-14"," 9:45:00 AM","2025-07-14"," 3:00:00 PM","","","","","","","12.17","-806.00"
"753.1","2025-07-14"," 9:45:00 AM","2025-07-14"," 3:00:00 PM","CE","82800","Sell","20","79.25","79.25","","0.00"
"753.2","2025-07-14"," 9:45:00 AM","2025-07-14"," 1:09:00 PM","PE","81800","Sell","20","80.60","120.90","","-806.00"
"754","2025-07-14"," 9:45:00 AM","2025-07-14"," 3:15:00 PM","","","","","","","12.17","523.25"
"754.1","2025-07-14"," 9:45:00 AM","2025-07-14"," 3:15:00 PM","CE","25350","Sell","65","35.35","34.10","","81.25"
"754.2","2025-07-14"," 9:45:00 AM","2025-07-14"," 3:15:00 PM","PE","24850","Sell","65","32.45","25.65","","442.00"
"755","2025-07-15"," 9:45:00 AM","2025-07-15"," 3:15:00 PM","","","","","","","11.92","415.00"
"755.1","2025-07-15"," 9:45:00 AM","2025-07-15"," 10:52:00 AM","CE","82600","Sell","20","45.60","68.40","","-456.00"
"755.2","2025-07-15"," 9:45:00 AM","2025-07-15"," 3:15:00 PM","PE","82000","Sell","20","43.75","0.20","","871.00"
"756","2025-07-15"," 9:45:00 AM","2025-07-15"," 3:15:00 PM","","","","","","","11.92","162.50"
"756.1","2025-07-15"," 9:45:00 AM","2025-07-15"," 10:52:00 AM","CE","25300","Sell","65","30.30","45.45","","-984.75"
"756.2","2025-07-15"," 9:45:00 AM","2025-07-15"," 3:15:00 PM","PE","24900","Sell","65","27.00","9.35","","1147.25"
"757","2025-07-16"," 9:45:00 AM","2025-07-16"," 3:15:00 PM","","","","","","","11.44","362.00"
"757.1","2025-07-16"," 9:45:00 AM","2025-07-16"," 3:15:00 PM","CE","83300","Sell","20","120.30","138.55","","-365.00"
"757.2","2025-07-16"," 9:45:00 AM","2025-07-16"," 3:15:00 PM","PE","81600","Sell","20","117.35","81.00","","727.00"
"758","2025-07-16"," 9:45:00 AM","2025-07-16"," 3:15:00 PM","","","","","","","11.44","-120.25"
"758.1","2025-07-16"," 9:45:00 AM","2025-07-16"," 12:47:00 PM","CE","25300","Sell","65","22.45","33.70","","-731.25"
"758.2","2025-07-16"," 9:45:00 AM","2025-07-16"," 3:15:00 PM","PE","25000","Sell","65","18.70","9.30","","611.00"
"759","2025-07-17"," 9:45:00 AM","2025-07-17"," 11:39:00 AM","","","","","","","11.28","-344.50"
"759.1","2025-07-17"," 9:45:00 AM","2025-07-17"," 11:39:00 AM","CE","25300","Sell","65","11.00","11.00","","0.00"
"759.2","2025-07-17"," 9:45:00 AM","2025-07-17"," 10:09:00 AM","PE","25100","Sell","65","10.60","15.90","","-344.50"
"760","2025-07-17"," 9:45:00 AM","2025-07-17"," 3:15:00 PM","","","","","","","11.28","115.00"
"760.1","2025-07-17"," 9:45:00 AM","2025-07-17"," 3:15:00 PM","CE","83400","Sell","20","89.00","56.60","","648.00"
"760.2","2025-07-17"," 9:45:00 AM","2025-07-17"," 3:15:00 PM","PE","81800","Sell","20","102.15","128.80","","-533.00"
"761","2025-07-18"," 9:45:00 AM","2025-07-18"," 3:15:00 PM","","","","","","","11.24","-257.00"
"761.1","2025-07-18"," 9:45:00 AM","2025-07-18"," 3:15:00 PM","CE","82800","Sell","20","92.70","61.90","","616.00"
"761.2","2025-07-18"," 9:45:00 AM","2025-07-18"," 10:16:00 AM","PE","81400","Sell","20","87.35","131.00","","-873.00"
"762","2025-07-18"," 9:45:00 AM","2025-07-18"," 3:15:00 PM","","","","","","","11.24","-715.00"
"762.1","2025-07-18"," 9:45:00 AM","2025-07-18"," 3:15:00 PM","CE","25350","Sell","65","34.55","27.45","","461.50"
"762.2","2025-07-18"," 9:45:00 AM","2025-07-18"," 10:16:00 AM","PE","24800","Sell","65","36.20","54.30","","-1176.50"
"763","2025-07-21"," 9:45:00 AM","2025-07-21"," 3:15:00 PM","","","","","","","11.54","377.00"
"763.1","2025-07-21"," 9:45:00 AM","2025-07-21"," 9:48:00 AM","CE","82200","Sell","20","80.75","121.10","","-807.00"
"763.2","2025-07-21"," 9:45:00 AM","2025-07-21"," 3:15:00 PM","PE","81200","Sell","20","75.80","16.60","","1184.00"
"764","2025-07-21"," 9:45:00 AM","2025-07-21"," 3:15:00 PM","","","","","","","11.54","-74.75"
"764.1","2025-07-21"," 9:45:00 AM","2025-07-21"," 9:49:00 AM","CE","25200","Sell","65","33.75","50.60","","-1095.25"
"764.2","2025-07-21"," 9:45:00 AM","2025-07-21"," 3:15:00 PM","PE","24700","Sell","65","28.50","12.80","","1020.50"
"765","2025-07-22"," 9:45:00 AM","2025-07-22"," 9:56:00 AM","","","","","","","11.01","-354.00"
"765.1","2025-07-22"," 9:45:00 AM","2025-07-22"," 9:48:00 AM","CE","82600","Sell","20","35.40","53.10","","-354.00"
"765.2","2025-07-22"," 9:45:00 AM","2025-07-22"," 9:56:00 AM","PE","82100","Sell","20","40.20","40.20","","0.00"
"766","2025-07-22"," 9:45:00 AM","2025-07-22"," 3:15:00 PM","","","","","","","11.01","-71.50"
"766.1","2025-07-22"," 9:45:00 AM","2025-07-22"," 3:15:00 PM","CE","25300","Sell","65","25.35","12.60","","828.75"
"766.2","2025-07-22"," 9:45:00 AM","2025-07-22"," 11:08:00 AM","PE","24950","Sell","65","27.70","41.55","","-900.25"
"767","2025-07-23"," 9:45:00 AM","2025-07-23"," 3:15:00 PM","","","","","","","10.59","330.00"
"767.1","2025-07-23"," 9:45:00 AM","2025-07-23"," 12:21:00 PM","CE","83200","Sell","20","92.80","139.20","","-928.00"
"767.2","2025-07-23"," 9:45:00 AM","2025-07-23"," 3:15:00 PM","PE","81600","Sell","20","120.40","57.50","","1258.00"
"768","2025-07-23"," 9:45:00 AM","2025-07-23"," 3:15:00 PM","","","","","","","10.59","214.50"
"768.1","2025-07-23"," 9:45:00 AM","2025-07-23"," 12:06:00 PM","CE","25250","Sell","65","17.75","26.60","","-575.25"
"768.2","2025-07-23"," 9:45:00 AM","2025-07-23"," 3:15:00 PM","PE","24950","Sell","65","17.10","4.95","","789.75"
"769","2025-07-24"," 9:45:00 AM","2025-07-24"," 3:15:00 PM","","","","","","","10.55","-67.00"
"769.1","2025-07-24"," 9:45:00 AM","2025-07-24"," 3:15:00 PM","CE","83300","Sell","20","86.15","42.30","","877.00"
"769.2","2025-07-24"," 9:45:00 AM","2025-07-24"," 11:24:00 AM","PE","81900","Sell","20","94.40","141.60","","-944.00"
"770","2025-07-24"," 9:45:00 AM","2025-07-24"," 3:15:00 PM","","","","","","","10.55","211.25"
"770.1","2025-07-24"," 9:45:00 AM","2025-07-24"," 3:15:00 PM","CE","25300","Sell","65","7.70","0.15","","490.75"
"770.2","2025-07-24"," 9:45:00 AM","2025-07-24"," 11:22:00 AM","PE","25100","Sell","65","8.60","12.90","","-279.50"
"771","2025-07-25"," 9:45:00 AM","2025-07-25"," 3:15:00 PM","","","","","","","11.08","36.00"
"771.1","2025-07-25"," 9:45:00 AM","2025-07-25"," 3:15:00 PM","CE","82500","Sell","20","94.35","46.95","","948.00"
"771.2","2025-07-25"," 9:45:00 AM","2025-07-25"," 10:32:00 AM","PE","81100","Sell","20","91.15","136.75","","-912.00"
"772","2025-07-25"," 9:45:00 AM","2025-07-25"," 3:15:00 PM","","","","","","","11.08","-406.25"
"772.1","2025-07-25"," 9:45:00 AM","2025-07-25"," 3:15:00 PM","CE","25200","Sell","65","39.25","27.15","","786.50"
"772.2","2025-07-25"," 9:45:00 AM","2025-07-25"," 10:34:00 AM","PE","24650","Sell","65","36.75","55.10","","-1192.75"
"773","2025-07-28"," 9:45:00 AM","2025-07-28"," 10:46:00 AM","","","","","","","11.71","-1007.50"
"773.1","2025-07-28"," 9:45:00 AM","2025-07-28"," 10:16:00 AM","CE","25100","Sell","65","31.00","46.50","","-1007.50"
"773.2","2025-07-28"," 9:45:00 AM","2025-07-28"," 10:46:00 AM","PE","24600","Sell","65","38.55","38.55","","0.00"
"774","2025-07-28"," 9:45:00 AM","2025-07-28"," 10:47:00 AM","","","","","","","11.71","-707.00"
"774.1","2025-07-28"," 9:45:00 AM","2025-07-28"," 10:13:00 AM","CE","81900","Sell","20","70.75","106.10","","-707.00"
"774.2","2025-07-28"," 9:45:00 AM","2025-07-28"," 10:47:00 AM","PE","80800","Sell","20","75.20","75.20","","0.00"
"775","2025-07-29"," 9:45:00 AM","2025-07-29"," 1:34:00 PM","","","","","","","12.07","-1023.75"
"775.1","2025-07-29"," 9:45:00 AM","2025-07-29"," 1:34:00 PM","CE","24950","Sell","65","32.50","32.50","","0.00"
"775.2","2025-07-29"," 9:45:00 AM","2025-07-29"," 10:29:00 AM","PE","24500","Sell","65","31.45","47.20","","-1023.75"
"776","2025-07-29"," 9:45:00 AM","2025-07-29"," 1:54:00 PM","","","","","","","12.07","-488.00"
"776.1","2025-07-29"," 9:45:00 AM","2025-07-29"," 1:54:00 PM","CE","81300","Sell","20","48.55","48.55","","0.00"
"776.2","2025-07-29"," 9:45:00 AM","2025-07-29"," 10:22:00 AM","PE","80600","Sell","20","48.80","73.20","","-488.00"
"777","2025-07-30"," 9:45:00 AM","2025-07-30"," 11:20:00 AM","","","","","","","11.47","-620.75"
"777.1","2025-07-30"," 9:45:00 AM","2025-07-30"," 11:20:00 AM","CE","25050","Sell","65","21.60","21.60","","0.00"
"777.2","2025-07-30"," 9:45:00 AM","2025-07-30"," 9:49:00 AM","PE","24700","Sell","65","19.15","28.70","","-620.75"
"778","2025-07-30"," 9:45:00 AM","2025-07-30"," 3:15:00 PM","","","","","","","11.47","602.00"
"778.1","2025-07-30"," 9:45:00 AM","2025-07-30"," 3:15:00 PM","CE","82500","Sell","20","120.55","100.05","","410.00"
"778.2","2025-07-30"," 9:45:00 AM","2025-07-30"," 3:15:00 PM","PE","80600","Sell","20","120.20","110.60","","192.00"
"779","2025-07-31"," 9:45:00 AM","2025-07-31"," 10:49:00 AM","","","","","","","11.92","-640.25"
"779.1","2025-07-31"," 9:45:00 AM","2025-07-31"," 10:49:00 AM","CE","24800","Sell","65","18.05","18.05","","0.00"
"779.2","2025-07-31"," 9:45:00 AM","2025-07-31"," 10:01:00 AM","PE","24600","Sell","65","19.65","29.50","","-640.25"
"780","2025-07-31"," 9:45:00 AM","2025-07-31"," 3:15:00 PM","","","","","","","11.92","-254.00"
"780.1","2025-07-31"," 9:45:00 AM","2025-07-31"," 11:25:00 AM","CE","81900","Sell","20","116.05","174.10","","-1161.00"
"780.2","2025-07-31"," 9:45:00 AM","2025-07-31"," 3:15:00 PM","PE","80000","Sell","20","130.45","85.10","","907.00"
"781","2025-08-01"," 9:45:00 AM","2025-08-01"," 11:19:00 AM","","","","","","","11.71","-989.00"
"781.1","2025-08-01"," 9:45:00 AM","2025-08-01"," 10:22:00 AM","CE","81900","Sell","20","98.90","148.35","","-989.00"
"781.2","2025-08-01"," 9:45:00 AM","2025-08-01"," 11:19:00 AM","PE","80200","Sell","20","111.45","111.45","","0.00"
"782","2025-08-01"," 9:45:00 AM","2025-08-01"," 3:15:00 PM","","","","","","","11.71","-107.25"
"782.1","2025-08-01"," 9:45:00 AM","2025-08-01"," 3:15:00 PM","CE","25050","Sell","65","41.10","19.40","","1410.50"
"782.2","2025-08-01"," 9:45:00 AM","2025-08-01"," 12:44:00 PM","PE","24400","Sell","65","46.70","70.05","","-1517.75"
"783","2025-08-04"," 9:45:00 AM","2025-08-04"," 3:15:00 PM","","","","","","","12.44","331.00"
"783.1","2025-08-04"," 9:45:00 AM","2025-08-04"," 11:07:00 AM","CE","81300","Sell","20","88.55","132.80","","-885.00"
"783.2","2025-08-04"," 9:45:00 AM","2025-08-04"," 3:15:00 PM","PE","80000","Sell","20","83.50","22.70","","1216.00"
"784","2025-08-04"," 9:45:00 AM","2025-08-04"," 3:15:00 PM","","","","","","","12.44","152.75"
"784.1","2025-08-04"," 9:45:00 AM","2025-08-04"," 12:40:00 PM","CE","24900","Sell","65","38.20","57.30","","-1241.50"
"784.2","2025-08-04"," 9:45:00 AM","2025-08-04"," 3:15:00 PM","PE","24300","Sell","65","40.95","19.50","","1394.25"
"785","2025-08-05"," 9:45:00 AM","2025-08-05"," 3:15:00 PM","","","","","","","12.02","2070.00"
"785.1","2025-08-05"," 9:45:00 AM","2025-08-05"," 3:15:00 PM","CE","81100","Sell","20","51.70","0.55","","1023.00"
"785.2","2025-08-05"," 9:45:00 AM","2025-08-05"," 3:15:00 PM","PE","80300","Sell","20","52.75","0.40","","1047.00"
"786","2025-08-05"," 9:45:00 AM","2025-08-05"," 3:15:00 PM","","","","","","","12.02","1605.50"
"786.1","2025-08-05"," 9:45:00 AM","2025-08-05"," 3:15:00 PM","CE","24850","Sell","65","34.55","28.45","","396.50"
"786.2","2025-08-05"," 9:45:00 AM","2025-08-05"," 3:15:00 PM","PE","24400","Sell","65","36.60","18.00","","1209.00"
"787","2025-08-06"," 9:45:00 AM","2025-08-06"," 3:15:00 PM","","","","","","","11.93","947.00"
"787.1","2025-08-06"," 9:45:00 AM","2025-08-06"," 3:15:00 PM","CE","81700","Sell","20","133.05","86.35","","934.00"
"787.2","2025-08-06"," 9:45:00 AM","2025-08-06"," 3:15:00 PM","PE","79700","Sell","20","139.45","138.80","","13.00"
"788","2025-08-06"," 9:45:00 AM","2025-08-06"," 3:15:00 PM","","","","","","","11.93","955.50"
"788.1","2025-08-06"," 9:45:00 AM","2025-08-06"," 3:15:00 PM","CE","24850","Sell","65","21.75","8.00","","893.75"
"788.2","2025-08-06"," 9:45:00 AM","2025-08-06"," 3:15:00 PM","PE","24450","Sell","65","29.05","28.10","","61.75"
"789","2025-08-07"," 9:45:00 AM","2025-08-07"," 2:51:00 PM","","","","","","","11.80","-1093.00"
"789.1","2025-08-07"," 9:45:00 AM","2025-08-07"," 2:51:00 PM","CE","81200","Sell","20","102.00","102.00","","0.00"
"789.2","2025-08-07"," 9:45:00 AM","2025-08-07"," 10:50:00 AM","PE","79500","Sell","20","109.25","163.90","","-1093.00"
"790","2025-08-07"," 9:45:00 AM","2025-08-07"," 3:15:00 PM","","","","","","","11.80","552.50"
"790.1","2025-08-07"," 9:45:00 AM","2025-08-07"," 3:15:00 PM","CE","24600","Sell","65","15.75","1.20","","945.75"
"790.2","2025-08-07"," 9:45:00 AM","2025-08-07"," 10:30:00 AM","PE","24400","Sell","65","12.10","18.15","","-393.25"
"791","2025-08-08"," 9:45:00 AM","2025-08-08"," 12:56:00 PM","","","","","","","11.91","-969.00"
"791.1","2025-08-08"," 9:45:00 AM","2025-08-08"," 12:56:00 PM","CE","81100","Sell","20","86.40","86.40","","0.00"
"791.2","2025-08-08"," 9:45:00 AM","2025-08-08"," 10:53:00 AM","PE","79600","Sell","20","96.90","145.35","","-969.00"
"792","2025-08-08"," 9:45:00 AM","2025-08-08"," 3:15:00 PM","","","","","","","11.91","-373.75"
"792.1","2025-08-08"," 9:45:00 AM","2025-08-08"," 3:15:00 PM","CE","24800","Sell","65","38.55","21.80","","1088.75"
"792.2","2025-08-08"," 9:45:00 AM","2025-08-08"," 12:05:00 PM","PE","24250","Sell","65","45.00","67.50","","-1462.50"
"793","2025-08-11"," 9:45:00 AM","2025-08-11"," 3:15:00 PM","","","","","","","12.64","627.00"
"793.1","2025-08-11"," 9:45:00 AM","2025-08-11"," 1:02:00 PM","CE","80600","Sell","20","80.35","120.50","","-803.00"
"793.2","2025-08-11"," 9:45:00 AM","2025-08-11"," 3:15:00 PM","PE","79400","Sell","20","84.60","13.10","","1430.00"
"794","2025-08-11"," 9:45:00 AM","2025-08-11"," 3:15:00 PM","","","","","","","12.64","611.00"
"794.1","2025-08-11"," 9:45:00 AM","2025-08-11"," 1:02:00 PM","CE","24700","Sell","65","32.80","49.20","","-1066.00"
"794.2","2025-08-11"," 9:45:00 AM","2025-08-11"," 3:15:00 PM","PE","24150","Sell","65","39.55","13.75","","1677.00"
"795","2025-08-12"," 9:45:00 AM","2025-08-12"," 10:15:00 AM","","","","","","","12.15","-375.00"
"795.1","2025-08-12"," 9:45:00 AM","2025-08-12"," 9:55:00 AM","CE","81200","Sell","20","37.50","56.25","","-375.00"
"795.2","2025-08-12"," 9:45:00 AM","2025-08-12"," 10:15:00 AM","PE","80500","Sell","20","52.35","52.35","","0.00"
"796","2025-08-12"," 9:45:00 AM","2025-08-12"," 10:20:00 AM","","","","","","","12.15","-835.25"
"796.1","2025-08-12"," 9:45:00 AM","2025-08-12"," 10:00:00 AM","CE","24850","Sell","65","25.75","38.60","","-835.25"
"796.2","2025-08-12"," 9:45:00 AM","2025-08-12"," 10:20:00 AM","PE","24450","Sell","65","28.95","28.95","","0.00"
"797","2025-08-13"," 9:45:00 AM","2025-08-13"," 3:15:00 PM","","","","","","","12.20","595.00"
"797.1","2025-08-13"," 9:45:00 AM","2025-08-13"," 3:15:00 PM","CE","81500","Sell","20","112.10","105.35","","135.00"
"797.2","2025-08-13"," 9:45:00 AM","2025-08-13"," 3:15:00 PM","PE","79700","Sell","20","126.20","103.20","","460.00"
"798","2025-08-13"," 9:45:00 AM","2025-08-13"," 3:15:00 PM","","","","","","","12.20","230.75"
"798.1","2025-08-13"," 9:45:00 AM","2025-08-13"," 1:54:00 PM","CE","24750","Sell","65","23.00","34.50","","-747.50"
"798.2","2025-08-13"," 9:45:00 AM","2025-08-13"," 3:15:00 PM","PE","24450","Sell","65","27.75","12.70","","978.25"
"799","2025-08-14"," 9:45:00 AM","2025-08-14"," 10:27:00 AM","","","","","","","12.29","-451.75"
"799.1","2025-08-14"," 9:45:00 AM","2025-08-14"," 10:27:00 AM","CE","24750","Sell","65","16.95","16.95","","0.00"
"799.2","2025-08-14"," 9:45:00 AM","2025-08-14"," 10:02:00 AM","PE","24550","Sell","65","13.90","20.85","","-451.75"
"800","2025-08-14"," 9:45:00 AM","2025-08-14"," 3:15:00 PM","","","","","","","12.29","436.00"
"800.1","2025-08-14"," 9:45:00 AM","2025-08-14"," 3:15:00 PM","CE","81600","Sell","20","92.85","65.95","","538.00"
"800.2","2025-08-14"," 9:45:00 AM","2025-08-14"," 3:15:00 PM","PE","80000","Sell","20","120.90","126.00","","-102.00"
"801","2025-08-18"," 9:45:00 AM","2025-08-18"," 3:15:00 PM","","","","","","","12.76","519.00"
"801.1","2025-08-18"," 9:45:00 AM","2025-08-18"," 3:15:00 PM","CE","82400","Sell","20","85.30","14.10","","1424.00"
"801.2","2025-08-18"," 9:45:00 AM","2025-08-18"," 12:10:00 PM","PE","81100","Sell","20","90.55","135.80","","-905.00"
"802","2025-08-18"," 9:45:00 AM","2025-08-18"," 3:15:00 PM","","","","","","","12.76","334.75"
"802.1","2025-08-18"," 9:45:00 AM","2025-08-18"," 3:15:00 PM","CE","25300","Sell","65","38.10","12.95","","1634.75"
"802.2","2025-08-18"," 9:45:00 AM","2025-08-18"," 12:14:00 PM","PE","24750","Sell","65","40.00","60.00","","-1300.00"
"803","2025-08-19"," 9:45:00 AM","2025-08-19"," 3:15:00 PM","","","","","","","12.10","396.00"
"803.1","2025-08-19"," 9:45:00 AM","2025-08-19"," 9:53:00 AM","CE","81600","Sell","20","44.95","67.45","","-450.00"
"803.2","2025-08-19"," 9:45:00 AM","2025-08-19"," 3:15:00 PM","PE","81000","Sell","20","42.55","0.25","","846.00"
"804","2025-08-19"," 9:45:00 AM","2025-08-19"," 3:15:00 PM","","","","","","","12.10","279.50"
"804.1","2025-08-19"," 9:45:00 AM","2025-08-19"," 11:43:00 AM","CE","25100","Sell","65","23.80","35.70","","-773.50"
"804.2","2025-08-19"," 9:45:00 AM","2025-08-19"," 3:15:00 PM","PE","24700","Sell","65","26.25","10.05","","1053.00"
"805","2025-08-20"," 9:45:00 AM","2025-08-20"," 3:15:00 PM","","","","","","","11.84","-62.00"
"805.1","2025-08-20"," 9:45:00 AM","2025-08-20"," 11:14:00 AM","CE","82500","Sell","20","111.35","167.00","","-1113.00"
"805.2","2025-08-20"," 9:45:00 AM","2025-08-20"," 3:15:00 PM","PE","80800","Sell","20","133.90","81.35","","1051.00"
"806","2025-08-20"," 9:45:00 AM","2025-08-20"," 3:15:00 PM","","","","","","","11.84","35.75"
"806.1","2025-08-20"," 9:45:00 AM","2025-08-20"," 10:16:00 AM","CE","25100","Sell","65","21.75","32.60","","-705.25"
"806.2","2025-08-20"," 9:45:00 AM","2025-08-20"," 3:15:00 PM","PE","24800","Sell","65","19.10","7.70","","741.00"
"807","2025-08-21"," 9:45:00 AM","2025-08-21"," 3:15:00 PM","","","","","","","11.74","-159.00"
"807.1","2025-08-21"," 9:45:00 AM","2025-08-21"," 10:05:00 AM","CE","82700","Sell","20","103.20","154.80","","-1032.00"
"807.2","2025-08-21"," 9:45:00 AM","2025-08-21"," 3:15:00 PM","PE","81200","Sell","20","115.45","71.80","","873.00"
"808","2025-08-21"," 9:45:00 AM","2025-08-21"," 3:15:00 PM","","","","","","","11.74","344.50"
"808.1","2025-08-21"," 9:45:00 AM","2025-08-21"," 9:50:00 AM","CE","25150","Sell","65","10.35","15.75","","-351.00"
"808.2","2025-08-21"," 9:45:00 AM","2025-08-21"," 3:15:00 PM","PE","24950","Sell","65","10.80","0.10","","695.50"
"809","2025-08-22"," 9:45:00 AM","2025-08-22"," 3:15:00 PM","","","","","","","11.43","35.00"
"809.1","2025-08-22"," 9:45:00 AM","2025-08-22"," 3:15:00 PM","CE","82400","Sell","20","86.15","38.80","","947.00"
"809.2","2025-08-22"," 9:45:00 AM","2025-08-22"," 2:34:00 PM","PE","81000","Sell","20","91.20","136.80","","-912.00"
"810","2025-08-22"," 9:45:00 AM","2025-08-22"," 3:15:00 PM","","","","","","","11.43","-347.75"
"810.1","2025-08-22"," 9:45:00 AM","2025-08-22"," 3:15:00 PM","CE","25250","Sell","65","33.35","19.05","","929.50"
"810.2","2025-08-22"," 9:45:00 AM","2025-08-22"," 2:34:00 PM","PE","24750","Sell","65","39.30","58.95","","-1277.25"
"811","2025-08-25"," 9:45:00 AM","2025-08-25"," 11:46:00 AM","","","","","","","12.02","-919.75"
"811.1","2025-08-25"," 9:45:00 AM","2025-08-25"," 11:46:00 AM","CE","25200","Sell","65","23.80","23.80","","0.00"
"811.2","2025-08-25"," 9:45:00 AM","2025-08-25"," 10:07:00 AM","PE","24800","Sell","65","28.25","42.40","","-919.75"
"812","2025-08-25"," 9:45:00 AM","2025-08-25"," 12:20:00 PM","","","","","","","12.02","-556.00"
"812.1","2025-08-25"," 9:45:00 AM","2025-08-25"," 12:20:00 PM","CE","82200","Sell","20","54.90","54.90","","0.00"
"812.2","2025-08-25"," 9:45:00 AM","2025-08-25"," 9:59:00 AM","PE","81200","Sell","20","55.60","83.40","","-556.00"
"813","2025-08-26"," 9:45:00 AM","2025-08-26"," 3:15:00 PM","","","","","","","12.43","1975.00"
"813.1","2025-08-26"," 9:45:00 AM","2025-08-26"," 3:15:00 PM","CE","81300","Sell","20","50.50","0.90","","992.00"
"813.2","2025-08-26"," 9:45:00 AM","2025-08-26"," 3:15:00 PM","PE","80700","Sell","20","51.45","2.30","","983.00"
"814","2025-08-26"," 9:45:00 AM","2025-08-26"," 3:15:00 PM","","","","","","","12.43","35.75"
"814.1","2025-08-26"," 9:45:00 AM","2025-08-26"," 3:15:00 PM","CE","24950","Sell","65","21.55","16.95","","299.00"
"814.2","2025-08-26"," 9:45:00 AM","2025-08-26"," 3:15:00 PM","PE","24600","Sell","65","22.75","26.80","","-263.25"
"815","2025-08-28"," 9:45:00 AM","2025-08-28"," 1:07:00 PM","","","","","","","12.83","-1465.00"
"815.1","2025-08-28"," 9:45:00 AM","2025-08-28"," 11:07:00 AM","CE","81500","Sell","20","146.50","219.75","","-1465.00"
"815.2","2025-08-28"," 9:45:00 AM","2025-08-28"," 1:07:00 PM","PE","79300","Sell","20","162.85","162.85","","0.00"
"816","2025-08-28"," 9:45:00 AM","2025-08-28"," 3:15:00 PM","","","","","","","12.83","341.25"
"816.1","2025-08-28"," 9:45:00 AM","2025-08-28"," 10:36:00 AM","CE","24700","Sell","65","13.00","19.50","","-422.50"
"816.2","2025-08-28"," 9:45:00 AM","2025-08-28"," 3:15:00 PM","PE","24450","Sell","65","11.95","0.20","","763.75"
"817","2025-08-29"," 9:45:00 AM","2025-08-29"," 3:15:00 PM","","","","","","","11.96","164.00"
"817.1","2025-08-29"," 9:45:00 AM","2025-08-29"," 3:15:00 PM","CE","81200","Sell","20","136.25","75.25","","1220.00"
"817.2","2025-08-29"," 9:45:00 AM","2025-08-29"," 3:15:00 PM","PE","79300","Sell","20","140.00","192.80","","-1056.00"
"818","2025-08-29"," 9:45:00 AM","2025-08-29"," 3:15:00 PM","","","","","","","11.96","299.00"
"818.1","2025-08-29"," 9:45:00 AM","2025-08-29"," 3:15:00 PM","CE","24750","Sell","65","29.80","13.25","","1075.75"
"818.2","2025-08-29"," 9:45:00 AM","2025-08-29"," 3:15:00 PM","PE","24300","Sell","65","27.45","39.40","","-776.75"
"819","2025-09-01"," 9:45:00 AM","2025-09-01"," 3:15:00 PM","","","","","","","11.65","765.00"
"819.1","2025-09-01"," 9:45:00 AM","2025-09-01"," 3:15:00 PM","CE","81100","Sell","20","95.95","93.45","","50.00"
"819.2","2025-09-01"," 9:45:00 AM","2025-09-01"," 3:15:00 PM","PE","79600","Sell","20","110.95","75.20","","715.00"
"820","2025-09-01"," 9:45:00 AM","2025-09-01"," 3:15:00 PM","","","","","","","11.65","-29.25"
"820.1","2025-09-01"," 9:45:00 AM","2025-09-01"," 2:58:00 PM","CE","24700","Sell","65","19.00","28.50","","-617.50"
"820.2","2025-09-01"," 9:45:00 AM","2025-09-01"," 3:15:00 PM","PE","24400","Sell","65","17.40","8.35","","588.25"
"821","2025-09-02"," 9:45:00 AM","2025-09-02"," 1:25:00 PM","","","","","","","11.14","-763.00"
"821.1","2025-09-02"," 9:45:00 AM","2025-09-02"," 10:03:00 AM","CE","81200","Sell","20","76.30","114.45","","-763.00"
"821.2","2025-09-02"," 9:45:00 AM","2025-09-02"," 1:25:00 PM","PE","80000","Sell","20","75.35","75.35","","0.00"
"822","2025-09-02"," 9:45:00 AM","2025-09-02"," 1:54:00 PM","","","","","","","11.14","-221.00"
"822.1","2025-09-02"," 9:45:00 AM","2025-09-02"," 9:53:00 AM","CE","24800","Sell","65","6.80","10.20","","-221.00"
"822.2","2025-09-02"," 9:45:00 AM","2025-09-02"," 1:54:00 PM","PE","24600","Sell","65","10.70","10.70","","0.00"
"823","2025-09-03"," 9:45:00 AM","2025-09-03"," 3:15:00 PM","","","","","","","11.21","336.00"
"823.1","2025-09-03"," 9:45:00 AM","2025-09-03"," 10:05:00 AM","CE","80600","Sell","20","64.20","96.30","","-642.00"
"823.2","2025-09-03"," 9:45:00 AM","2025-09-03"," 3:15:00 PM","PE","79600","Sell","20","64.90","16.00","","978.00"
"824","2025-09-03"," 9:45:00 AM","2025-09-03"," 3:15:00 PM","","","","","","","11.21","185.25"
"824.1","2025-09-03"," 9:45:00 AM","2025-09-03"," 12:13:00 PM","CE","24850","Sell","65","30.35","45.55","","-988.00"
"824.2","2025-09-03"," 9:45:00 AM","2025-09-03"," 3:15:00 PM","PE","24300","Sell","65","34.30","16.25","","1173.25"
"825","2025-09-04"," 9:45:00 AM","2025-09-04"," 3:15:00 PM","","","","","","","10.93","548.00"
"825.1","2025-09-04"," 9:45:00 AM","2025-09-04"," 3:15:00 PM","CE","81500","Sell","20","51.65","0.20","","1029.00"
"825.2","2025-09-04"," 9:45:00 AM","2025-09-04"," 10:11:00 AM","PE","80800","Sell","20","48.15","72.20","","-481.00"
"826","2025-09-04"," 9:45:00 AM","2025-09-04"," 3:15:00 PM","","","","","","","10.93","104.00"
"826.1","2025-09-04"," 9:45:00 AM","2025-09-04"," 3:15:00 PM","CE","25150","Sell","65","25.45","8.85","","1079.00"
"826.2","2025-09-04"," 9:45:00 AM","2025-09-04"," 10:42:00 AM","PE","24650","Sell","65","30.00","45.00","","-975.00"
"827","2025-09-05"," 9:45:00 AM","2025-09-05"," 1:48:00 PM","","","","","","","10.55","-1045.00"
"827.1","2025-09-05"," 9:45:00 AM","2025-09-05"," 1:48:00 PM","CE","81700","Sell","20","96.65","96.65","","0.00"
"827.2","2025-09-05"," 9:45:00 AM","2025-09-05"," 10:11:00 AM","PE","80100","Sell","20","104.55","156.80","","-1045.00"
"828","2025-09-05"," 9:45:00 AM","2025-09-05"," 1:48:00 PM","","","","","","","10.55","-757.25"
"828.1","2025-09-05"," 9:45:00 AM","2025-09-05"," 1:48:00 PM","CE","25000","Sell","65","20.55","20.55","","0.00"
"828.2","2025-09-05"," 9:45:00 AM","2025-09-05"," 10:11:00 AM","PE","24600","Sell","65","23.25","34.90","","-757.25"
"829","2025-09-08"," 9:45:00 AM","2025-09-08"," 12:36:00 PM","","","","","","","10.88","-650.00"
"829.1","2025-09-08"," 9:45:00 AM","2025-09-08"," 12:36:00 PM","CE","25000","Sell","65","17.00","17.00","","0.00"
"829.2","2025-09-08"," 9:45:00 AM","2025-09-08"," 10:33:00 AM","PE","24700","Sell","65","20.00","30.00","","-650.00"
"830","2025-09-08"," 9:45:00 AM","2025-09-08"," 3:15:00 PM","","","","","","","10.88","409.00"
"830.1","2025-09-08"," 9:45:00 AM","2025-09-08"," 3:15:00 PM","CE","81700","Sell","20","98.55","65.00","","671.00"
"830.2","2025-09-08"," 9:45:00 AM","2025-09-08"," 3:15:00 PM","PE","80300","Sell","20","91.15","104.25","","-262.00"
"831","2025-09-09"," 9:45:00 AM","2025-09-09"," 3:15:00 PM","","","","","","","10.85","699.00"
"831.1","2025-09-09"," 9:45:00 AM","2025-09-09"," 3:15:00 PM","CE","81700","Sell","20","78.85","63.90","","299.00"
"831.2","2025-09-09"," 9:45:00 AM","2025-09-09"," 3:15:00 PM","PE","80500","Sell","20","86.40","66.40","","400.00"
"832","2025-09-09"," 9:45:00 AM","2025-09-09"," 3:15:00 PM","","","","","","","10.85","617.50"
"832.1","2025-09-09"," 9:45:00 AM","2025-09-09"," 3:15:00 PM","CE","24950","Sell","65","15.55","0.10","","1004.25"
"832.2","2025-09-09"," 9:45:00 AM","2025-09-09"," 10:13:00 AM","PE","24750","Sell","65","11.90","17.85","","-386.75"
"833","2025-09-10"," 9:45:00 AM","2025-09-10"," 3:15:00 PM","","","","","","","10.73","1079.00"
"833.1","2025-09-10"," 9:45:00 AM","2025-09-10"," 3:15:00 PM","CE","82100","Sell","20","54.60","22.05","","651.00"
"833.2","2025-09-10"," 9:45:00 AM","2025-09-10"," 3:15:00 PM","PE","81100","Sell","20","76.05","54.65","","428.00"
"834","2025-09-10"," 9:45:00 AM","2025-09-10"," 3:15:00 PM","","","","","","","10.73","923.00"
"834.1","2025-09-10"," 9:45:00 AM","2025-09-10"," 3:15:00 PM","CE","25300","Sell","65","33.15","22.85","","669.50"
"834.2","2025-09-10"," 9:45:00 AM","2025-09-10"," 3:15:00 PM","PE","24750","Sell","65","35.00","31.10","","253.50"
"835","2025-09-11"," 9:45:00 AM","2025-09-11"," 3:15:00 PM","","","","","","","10.61","1547.00"
"835.1","2025-09-11"," 9:45:00 AM","2025-09-11"," 3:15:00 PM","CE","81800","Sell","20","32.95","0.15","","656.00"
"835.2","2025-09-11"," 9:45:00 AM","2025-09-11"," 3:15:00 PM","PE","81200","Sell","20","44.75","0.20","","891.00"
"836","2025-09-11"," 9:45:00 AM","2025-09-11"," 3:15:00 PM","","","","","","","10.61","669.50"
"836.1","2025-09-11"," 9:45:00 AM","2025-09-11"," 3:15:00 PM","CE","25250","Sell","65","24.70","23.30","","91.00"
"836.2","2025-09-11"," 9:45:00 AM","2025-09-11"," 3:15:00 PM","PE","24800","Sell","65","33.25","24.35","","578.50"
"837","2025-09-12"," 9:45:00 AM","2025-09-12"," 3:15:00 PM","","","","","","","10.28","-445.00"
"837.1","2025-09-12"," 9:45:00 AM","2025-09-12"," 11:21:00 AM","CE","82500","Sell","20","102.50","153.75","","-1025.00"
"837.2","2025-09-12"," 9:45:00 AM","2025-09-12"," 3:15:00 PM","PE","81000","Sell","20","106.75","77.75","","580.00"
"838","2025-09-12"," 9:45:00 AM","2025-09-12"," 3:15:00 PM","","","","","","","10.28","-97.50"
"838.1","2025-09-12"," 9:45:00 AM","2025-09-12"," 10:55:00 AM","CE","25250","Sell","65","20.65","31.00","","-672.75"
"838.2","2025-09-12"," 9:45:00 AM","2025-09-12"," 3:15:00 PM","PE","24900","Sell","65","25.45","16.60","","575.25"
"839","2025-09-15"," 9:45:00 AM","2025-09-15"," 3:15:00 PM","","","","","","","10.50","423.00"
"839.1","2025-09-15"," 9:45:00 AM","2025-09-15"," 3:15:00 PM","CE","82600","Sell","20","84.05","73.55","","210.00"
"839.2","2025-09-15"," 9:45:00 AM","2025-09-15"," 3:15:00 PM","PE","81200","Sell","20","91.70","81.05","","213.00"
"840","2025-09-15"," 9:45:00 AM","2025-09-15"," 3:15:00 PM","","","","","","","10.50","575.25"
"840.1","2025-09-15"," 9:45:00 AM","2025-09-15"," 3:15:00 PM","CE","25250","Sell","65","13.00","8.35","","302.25"
"840.2","2025-09-15"," 9:45:00 AM","2025-09-15"," 3:15:00 PM","PE","24950","Sell","65","17.15","12.95","","273.00"
"841","2025-09-16"," 9:45:00 AM","2025-09-16"," 3:15:00 PM","","","","","","","10.37","380.00"
"841.1","2025-09-16"," 9:45:00 AM","2025-09-16"," 10:02:00 AM","CE","82700","Sell","20","69.70","104.55","","-697.00"
"841.2","2025-09-16"," 9:45:00 AM","2025-09-16"," 3:15:00 PM","PE","81500","Sell","20","89.75","35.90","","1077.00"
"842","2025-09-16"," 9:45:00 AM","2025-09-16"," 3:15:00 PM","","","","","","","10.37","429.00"
"842.1","2025-09-16"," 9:45:00 AM","2025-09-16"," 10:00:00 AM","CE","25250","Sell","65","9.50","14.25","","-308.75"
"842.2","2025-09-16"," 9:45:00 AM","2025-09-16"," 3:15:00 PM","PE","25050","Sell","65","11.45","0.10","","737.75"
"843","2025-09-17"," 9:45:00 AM","2025-09-17"," 3:15:00 PM","","","","","","","10.18","192.00"
"843.1","2025-09-17"," 9:45:00 AM","2025-09-17"," 3:15:00 PM","CE","83200","Sell","20","49.50","53.00","","-70.00"
"843.2","2025-09-17"," 9:45:00 AM","2025-09-17"," 3:15:00 PM","PE","82300","Sell","20","72.80","59.70","","262.00"
"844","2025-09-17"," 9:45:00 AM","2025-09-17"," 3:15:00 PM","","","","","","","10.18","136.50"
"844.1","2025-09-17"," 9:45:00 AM","2025-09-17"," 3:15:00 PM","CE","25600","Sell","65","31.10","30.30","","52.00"
"844.2","2025-09-17"," 9:45:00 AM","2025-09-17"," 3:15:00 PM","PE","25150","Sell","65","37.00","35.70","","84.50"
"845","2025-09-18"," 9:45:00 AM","2025-09-18"," 3:15:00 PM","","","","","","","10.01","375.00"
"845.1","2025-09-18"," 9:45:00 AM","2025-09-18"," 3:15:00 PM","CE","83300","Sell","20","34.15","0.25","","678.00"
"845.2","2025-09-18"," 9:45:00 AM","2025-09-18"," 12:38:00 PM","PE","82800","Sell","20","30.30","45.45","","-303.00"
"846","2025-09-18"," 9:45:00 AM","2025-09-18"," 3:15:00 PM","","","","","","","10.01","-546.00"
"846.1","2025-09-18"," 9:45:00 AM","2025-09-18"," 3:15:00 PM","CE","25650","Sell","65","23.70","19.25","","289.25"
"846.2","2025-09-18"," 9:45:00 AM","2025-09-18"," 1:02:00 PM","PE","25250","Sell","65","25.75","38.60","","-835.25"
"847","2025-09-19"," 9:45:00 AM","2025-09-19"," 3:15:00 PM","","","","","","","10.10","503.00"
"847.1","2025-09-19"," 9:45:00 AM","2025-09-19"," 3:15:00 PM","CE","83500","Sell","20","106.70","99.90","","136.00"
"847.2","2025-09-19"," 9:45:00 AM","2025-09-19"," 3:15:00 PM","PE","82000","Sell","20","117.15","98.80","","367.00"
"848","2025-09-19"," 9:45:00 AM","2025-09-19"," 3:15:00 PM","","","","","","","10.10","750.75"
"848.1","2025-09-19"," 9:45:00 AM","2025-09-19"," 3:15:00 PM","CE","25500","Sell","65","27.15","22.80","","282.75"
"848.2","2025-09-19"," 9:45:00 AM","2025-09-19"," 3:15:00 PM","PE","25150","Sell","65","22.50","15.30","","468.00"
"849","2025-09-22"," 9:45:00 AM","2025-09-22"," 3:15:00 PM","","","","","","","10.46","-176.00"
"849.1","2025-09-22"," 9:45:00 AM","2025-09-22"," 3:15:00 PM","CE","83300","Sell","20","91.15","49.40","","835.00"
"849.2","2025-09-22"," 9:45:00 AM","2025-09-22"," 2:38:00 PM","PE","82000","Sell","20","101.05","151.60","","-1011.00"
"850","2025-09-22"," 9:45:00 AM","2025-09-22"," 3:15:00 PM","","","","","","","10.46","172.25"
"850.1","2025-09-22"," 9:45:00 AM","2025-09-22"," 3:15:00 PM","CE","25450","Sell","65","20.00","7.70","","799.50"
"850.2","2025-09-22"," 9:45:00 AM","2025-09-22"," 2:35:00 PM","PE","25200","Sell","65","19.25","28.90","","-627.25"
"851","2025-09-23"," 9:45:00 AM","2025-09-23"," 9:52:00 AM","","","","","","","10.68","-451.75"
"851.1","2025-09-23"," 9:45:00 AM","2025-09-23"," 9:52:00 AM","CE","25250","Sell","65","13.65","13.65","","0.00"
"851.2","2025-09-23"," 9:45:00 AM","2025-09-23"," 9:51:00 AM","PE","25050","Sell","65","13.90","20.85","","-451.75"
"852","2025-09-23"," 9:45:00 AM","2025-09-23"," 3:15:00 PM","","","","","","","10.68","35.00"
"852.1","2025-09-23"," 9:45:00 AM","2025-09-23"," 12:36:00 PM","CE","82700","Sell","20","94.60","141.90","","-946.00"
"852.2","2025-09-23"," 9:45:00 AM","2025-09-23"," 3:15:00 PM","PE","81400","Sell","20","85.45","36.40","","981.00"
"853","2025-09-24"," 9:45:00 AM","2025-09-24"," 12:16:00 PM","","","","","","","10.77","-580.00"
"853.1","2025-09-24"," 9:45:00 AM","2025-09-24"," 12:16:00 PM","CE","82300","Sell","20","57.20","57.20","","0.00"
"853.2","2025-09-24"," 9:45:00 AM","2025-09-24"," 11:09:00 AM","PE","81400","Sell","20","58.00","87.00","","-580.00"
"854","2025-09-24"," 9:45:00 AM","2025-09-24"," 3:15:00 PM","","","","","","","10.77","793.00"
"854.1","2025-09-24"," 9:45:00 AM","2025-09-24"," 3:15:00 PM","CE","25350","Sell","65","33.90","26.85","","458.25"
"854.2","2025-09-24"," 9:45:00 AM","2025-09-24"," 3:15:00 PM","PE","24850","Sell","65","34.15","29.00","","334.75"
"855","2025-09-25"," 9:45:00 AM","2025-09-25"," 3:15:00 PM","","","","","","","10.55","399.00"
"855.1","2025-09-25"," 9:45:00 AM","2025-09-25"," 3:15:00 PM","CE","82000","Sell","20","37.60","0.40","","744.00"
"855.2","2025-09-25"," 9:45:00 AM","2025-09-25"," 10:37:00 AM","PE","81400","Sell","20","34.55","51.80","","-345.00"
"856","2025-09-25"," 9:45:00 AM","2025-09-25"," 3:15:00 PM","","","","","","","10.55","-61.75"
"856.1","2025-09-25"," 9:45:00 AM","2025-09-25"," 3:15:00 PM","CE","25300","Sell","65","26.95","14.35","","819.00"
"856.2","2025-09-25"," 9:45:00 AM","2025-09-25"," 11:52:00 AM","PE","24850","Sell","65","27.05","40.60","","-880.75"
"857","2025-09-26"," 9:45:00 AM","2025-09-26"," 3:15:00 PM","","","","","","","10.99","-503.00"
"857.1","2025-09-26"," 9:45:00 AM","2025-09-26"," 3:15:00 PM","CE","81800","Sell","20","96.10","66.40","","594.00"
"857.2","2025-09-26"," 9:45:00 AM","2025-09-26"," 1:51:00 PM","PE","80100","Sell","20","109.70","164.55","","-1097.00"
"858","2025-09-26"," 9:45:00 AM","2025-09-26"," 3:15:00 PM","","","","","","","10.99","-159.25"
"858.1","2025-09-26"," 9:45:00 AM","2025-09-26"," 3:15:00 PM","CE","25050","Sell","65","23.90","11.90","","780.00"
"858.2","2025-09-26"," 9:45:00 AM","2025-09-26"," 1:32:00 PM","PE","24650","Sell","65","28.85","43.30","","-939.25"
"859","2025-09-29"," 9:45:00 AM","2025-09-29"," 10:39:00 AM","","","","","","","11.32","-523.25"
"859.1","2025-09-29"," 9:45:00 AM","2025-09-29"," 10:22:00 AM","CE","24950","Sell","65","16.15","24.20","","-523.25"
"859.2","2025-09-29"," 9:45:00 AM","2025-09-29"," 10:39:00 AM","PE","24650","Sell","65","23.60","23.60","","0.00"
"860","2025-09-29"," 9:45:00 AM","2025-09-29"," 3:15:00 PM","","","","","","","11.32","-74.00"
"860.1","2025-09-29"," 9:45:00 AM","2025-09-29"," 3:15:00 PM","CE","81500","Sell","20","97.70","55.45","","845.00"
"860.2","2025-09-29"," 9:45:00 AM","2025-09-29"," 11:39:00 AM","PE","80100","Sell","20","91.90","137.85","","-919.00"
"861","2025-09-30"," 9:45:00 AM","2025-09-30"," 10:57:00 AM","","","","","","","11.49","-568.75"
"861.1","2025-09-30"," 9:45:00 AM","2025-09-30"," 10:57:00 AM","CE","24800","Sell","65","12.85","12.85","","0.00"
"861.2","2025-09-30"," 9:45:00 AM","2025-09-30"," 10:37:00 AM","PE","24550","Sell","65","17.50","26.25","","-568.75"
"862","2025-09-30"," 9:45:00 AM","2025-09-30"," 11:01:00 AM","","","","","","","11.49","-939.00"
"862.1","2025-09-30"," 9:45:00 AM","2025-09-30"," 11:01:00 AM","CE","81100","Sell","20","79.00","79.00","","0.00"
"862.2","2025-09-30"," 9:45:00 AM","2025-09-30"," 10:39:00 AM","PE","79900","Sell","20","93.90","140.85","","-939.00"
"863","2025-10-01"," 9:45:00 AM","2025-10-01"," 3:15:00 PM","","","","","","","10.91","783.00"
"863.1","2025-10-01"," 9:45:00 AM","2025-10-01"," 11:45:00 AM","CE","80900","Sell","20","52.70","79.05","","-527.00"
"863.2","2025-10-01"," 9:45:00 AM","2025-10-01"," 3:15:00 PM","PE","80100","Sell","20","65.70","0.20","","1310.00"
"864","2025-10-01"," 9:45:00 AM","2025-10-01"," 3:15:00 PM","","","","","","","10.91","477.75"
"864.1","2025-10-01"," 9:45:00 AM","2025-10-01"," 11:49:00 AM","CE","24950","Sell","65","36.70","55.05","","-1192.75"
"864.2","2025-10-01"," 9:45:00 AM","2025-10-01"," 3:15:00 PM","PE","24450","Sell","65","38.15","12.45","","1670.50"
"865","2025-10-03"," 9:45:00 AM","2025-10-03"," 3:15:00 PM","","","","","","","10.43","-77.00"
"865.1","2025-10-03"," 9:45:00 AM","2025-10-03"," 2:46:00 PM","CE","81800","Sell","20","93.05","139.60","","-931.00"
"865.2","2025-10-03"," 9:45:00 AM","2025-10-03"," 3:15:00 PM","PE","80200","Sell","20","118.10","75.40","","854.00"
"866","2025-10-03"," 9:45:00 AM","2025-10-03"," 3:15:00 PM","","","","","","","10.43","19.50"
"866.1","2025-10-03"," 9:45:00 AM","2025-10-03"," 2:46:00 PM","CE","25000","Sell","65","22.50","33.75","","-731.25"
"866.2","2025-10-03"," 9:45:00 AM","2025-10-03"," 3:15:00 PM","PE","24600","Sell","65","23.55","12.00","","750.75"
"867","2025-10-06"," 9:45:00 AM","2025-10-06"," 3:15:00 PM","","","","","","","10.36","71.00"
"867.1","2025-10-06"," 9:45:00 AM","2025-10-06"," 11:16:00 AM","CE","82000","Sell","20","84.20","126.30","","-842.00"
"867.2","2025-10-06"," 9:45:00 AM","2025-10-06"," 3:15:00 PM","PE","80800","Sell","20","92.70","47.05","","913.00"
"868","2025-10-06"," 9:45:00 AM","2025-10-06"," 3:15:00 PM","","","","","","","10.36","13.00"
"868.1","2025-10-06"," 9:45:00 AM","2025-10-06"," 10:21:00 AM","CE","25050","Sell","65","19.25","28.90","","-627.25"
"868.2","2025-10-06"," 9:45:00 AM","2025-10-06"," 3:15:00 PM","PE","24800","Sell","65","15.20","5.35","","640.25"
"869","2025-10-07"," 9:45:00 AM","2025-10-07"," 11:00:00 AM","","","","","","","10.38","-769.00"
"869.1","2025-10-07"," 9:45:00 AM","2025-10-07"," 9:52:00 AM","CE","82600","Sell","20","76.85","115.30","","-769.00"
"869.2","2025-10-07"," 9:45:00 AM","2025-10-07"," 11:00:00 AM","PE","81500","Sell","20","85.65","85.65","","0.00"
"870","2025-10-07"," 9:45:00 AM","2025-10-07"," 11:22:00 AM","","","","","","","10.38","-318.50"
"870.1","2025-10-07"," 9:45:00 AM","2025-10-07"," 9:49:00 AM","CE","25250","Sell","65","9.80","14.70","","-318.50"
"870.2","2025-10-07"," 9:45:00 AM","2025-10-07"," 11:22:00 AM","PE","25050","Sell","65","11.30","11.30","","0.00"
"871","2025-10-08"," 9:45:00 AM","2025-10-08"," 3:15:00 PM","","","","","","","10.17","331.00"
"871.1","2025-10-08"," 9:45:00 AM","2025-10-08"," 3:15:00 PM","CE","82600","Sell","20","64.55","11.95","","1052.00"
"871.2","2025-10-08"," 9:45:00 AM","2025-10-08"," 10:25:00 AM","PE","81800","Sell","20","72.05","108.10","","-721.00"
"872","2025-10-08"," 9:45:00 AM","2025-10-08"," 3:15:00 PM","","","","","","","10.17","182.00"
"872.1","2025-10-08"," 9:45:00 AM","2025-10-08"," 3:15:00 PM","CE","25450","Sell","65","28.35","10.80","","1140.75"
"872.2","2025-10-08"," 9:45:00 AM","2025-10-08"," 10:58:00 AM","PE","24950","Sell","65","29.55","44.30","","-958.75"
"873","2025-10-09"," 9:45:00 AM","2025-10-09"," 10:25:00 AM","","","","","","","10.41","-437.00"
"873.1","2025-10-09"," 9:45:00 AM","2025-10-09"," 10:25:00 AM","CE","82200","Sell","20","39.95","39.95","","0.00"
"873.2","2025-10-09"," 9:45:00 AM","2025-10-09"," 9:54:00 AM","PE","81500","Sell","20","43.70","65.55","","-437.00"
"874","2025-10-09"," 9:45:00 AM","2025-10-09"," 3:15:00 PM","","","","","","","10.41","71.50"
"874.1","2025-10-09"," 9:45:00 AM","2025-10-09"," 11:09:00 AM","CE","25300","Sell","65","29.35","44.05","","-955.50"
"874.2","2025-10-09"," 9:45:00 AM","2025-10-09"," 3:15:00 PM","PE","24850","Sell","65","26.90","11.10","","1027.00"
"875","2025-10-10"," 9:45:00 AM","2025-10-10"," 3:15:00 PM","","","","","","","10.30","230.00"
"875.1","2025-10-10"," 9:45:00 AM","2025-10-10"," 3:15:00 PM","CE","83400","Sell","20","93.10","96.35","","-65.00"
"875.2","2025-10-10"," 9:45:00 AM","2025-10-10"," 3:15:00 PM","PE","81800","Sell","20","113.85","99.10","","295.00"
"876","2025-10-10"," 9:45:00 AM","2025-10-10"," 3:15:00 PM","","","","","","","10.30","-143.00"
"876.1","2025-10-10"," 9:45:00 AM","2025-10-10"," 11:15:00 AM","CE","25500","Sell","65","19.85","29.80","","-646.75"
"876.2","2025-10-10"," 9:45:00 AM","2025-10-10"," 3:15:00 PM","PE","25100","Sell","65","24.40","16.65","","503.75"
"877","2025-10-13"," 9:45:00 AM","2025-10-13"," 3:15:00 PM","","","","","","","11.13","757.00"
"877.1","2025-10-13"," 9:45:00 AM","2025-10-13"," 3:15:00 PM","CE","83100","Sell","20","91.80","83.35","","169.00"
"877.2","2025-10-13"," 9:45:00 AM","2025-10-13"," 3:15:00 PM","PE","81500","Sell","20","113.55","84.15","","588.00"
"878","2025-10-13"," 9:45:00 AM","2025-10-13"," 3:15:00 PM","","","","","","","11.13","1127.75"
"878.1","2025-10-13"," 9:45:00 AM","2025-10-13"," 3:15:00 PM","CE","25400","Sell","65","16.30","11.65","","302.25"
"878.2","2025-10-13"," 9:45:00 AM","2025-10-13"," 3:15:00 PM","PE","25050","Sell","65","25.50","12.80","","825.50"
"879","2025-10-14"," 9:45:00 AM","2025-10-14"," 3:15:00 PM","","","","","","","11.00","172.00"
"879.1","2025-10-14"," 9:45:00 AM","2025-10-14"," 3:15:00 PM","CE","83200","Sell","20","82.35","25.60","","1135.00"
"879.2","2025-10-14"," 9:45:00 AM","2025-10-14"," 10:03:00 AM","PE","81800","Sell","20","96.30","144.45","","-963.00"
"880","2025-10-14"," 9:45:00 AM","2025-10-14"," 3:15:00 PM","","","","","","","11.00","468.00"
"880.1","2025-10-14"," 9:45:00 AM","2025-10-14"," 3:15:00 PM","CE","25350","Sell","65","17.20","0.05","","1114.75"
"880.2","2025-10-14"," 9:45:00 AM","2025-10-14"," 10:03:00 AM","PE","25150","Sell","65","19.90","29.85","","-646.75"
"881","2025-10-15"," 9:45:00 AM","2025-10-15"," 3:15:00 PM","","","","","","","10.76","473.00"
"881.1","2025-10-15"," 9:45:00 AM","2025-10-15"," 10:24:00 AM","CE","82800","Sell","20","66.35","99.50","","-663.00"
"881.2","2025-10-15"," 9:45:00 AM","2025-10-15"," 3:15:00 PM","PE","81900","Sell","20","78.90","22.10","","1136.00"
"882","2025-10-15"," 9:45:00 AM","2025-10-15"," 3:15:00 PM","","","","","","","10.76","318.50"
"882.1","2025-10-15"," 9:45:00 AM","2025-10-15"," 10:54:00 AM","CE","25550","Sell","65","26.35","39.55","","-858.00"
"882.2","2025-10-15"," 9:45:00 AM","2025-10-15"," 3:15:00 PM","PE","25050","Sell","65","40.80","22.70","","1176.50"
"883","2025-10-16"," 9:45:00 AM","2025-10-16"," 10:14:00 AM","","","","","","","10.46","-307.00"
"883.1","2025-10-16"," 9:45:00 AM","2025-10-16"," 9:56:00 AM","CE","83300","Sell","20","30.70","46.05","","-307.00"
"883.2","2025-10-16"," 9:45:00 AM","2025-10-16"," 10:14:00 AM","PE","82700","Sell","20","46.00","46.00","","0.00"
"884","2025-10-16"," 9:45:00 AM","2025-10-16"," 3:15:00 PM","","","","","","","10.46","87.75"
"884.1","2025-10-16"," 9:45:00 AM","2025-10-16"," 12:27:00 PM","CE","25650","Sell","65","27.05","40.60","","-880.75"
"884.2","2025-10-16"," 9:45:00 AM","2025-10-16"," 3:15:00 PM","PE","25250","Sell","65","31.80","16.90","","968.50"
"885","2025-10-17"," 9:45:00 AM","2025-10-17"," 12:51:00 PM","","","","","","","11.26","-1103.00"
"885.1","2025-10-17"," 9:45:00 AM","2025-10-17"," 10:14:00 AM","CE","84600","Sell","20","110.25","165.40","","-1103.00"
"885.2","2025-10-17"," 9:45:00 AM","2025-10-17"," 12:51:00 PM","PE","82800","Sell","20","139.75","139.75","","0.00"
"886","2025-10-17"," 9:45:00 AM","2025-10-17"," 1:05:00 PM","","","","","","","11.26","-903.50"
"886.1","2025-10-17"," 9:45:00 AM","2025-10-17"," 10:12:00 AM","CE","25800","Sell","65","27.80","41.70","","-903.50"
"886.2","2025-10-17"," 9:45:00 AM","2025-10-17"," 1:05:00 PM","PE","25450","Sell","65","29.30","29.30","","0.00"
"887","2025-10-20"," 9:45:00 AM","2025-10-20"," 9:58:00 AM","","","","","","","11.66","-575.25"
"887.1","2025-10-20"," 9:45:00 AM","2025-10-20"," 9:58:00 AM","CE","26000","Sell","65","16.05","16.05","","0.00"
"887.2","2025-10-20"," 9:45:00 AM","2025-10-20"," 9:47:00 AM","PE","25700","Sell","65","17.70","26.55","","-575.25"
"888","2025-10-20"," 9:45:00 AM","2025-10-20"," 3:15:00 PM","","","","","","","11.66","2725.00"
"888.1","2025-10-20"," 9:45:00 AM","2025-10-20"," 3:15:00 PM","CE","85300","Sell","20","107.20","45.90","","1226.00"
"888.2","2025-10-20"," 9:45:00 AM","2025-10-20"," 3:15:00 PM","PE","83600","Sell","20","113.35","38.40","","1499.00"
"889","2025-10-23"," 9:45:00 AM","2025-10-23"," 3:15:00 PM","","","","","","","12.00","331.00"
"889.1","2025-10-23"," 9:45:00 AM","2025-10-23"," 3:15:00 PM","CE","85600","Sell","20","41.15","0.25","","818.00"
"889.2","2025-10-23"," 9:45:00 AM","2025-10-23"," 2:11:00 PM","PE","84800","Sell","20","48.75","73.10","","-487.00"
"890","2025-10-23"," 9:45:00 AM","2025-10-23"," 3:15:00 PM","","","","","","","12.00","516.75"
"890.1","2025-10-23"," 9:45:00 AM","2025-10-23"," 3:15:00 PM","CE","26400","Sell","65","37.00","8.90","","1826.50"
"890.2","2025-10-23"," 9:45:00 AM","2025-10-23"," 3:09:00 PM","PE","25850","Sell","65","40.35","60.50","","-1309.75"
"891","2025-10-24"," 9:45:00 AM","2025-10-24"," 3:15:00 PM","","","","","","","11.77","-241.00"
"891.1","2025-10-24"," 9:45:00 AM","2025-10-24"," 3:15:00 PM","CE","85800","Sell","20","129.90","68.60","","1226.00"
"891.2","2025-10-24"," 9:45:00 AM","2025-10-24"," 10:32:00 AM","PE","83700","Sell","20","146.70","220.05","","-1467.00"
"892","2025-10-24"," 9:45:00 AM","2025-10-24"," 3:15:00 PM","","","","","","","11.77","3.25"
"892.1","2025-10-24"," 9:45:00 AM","2025-10-24"," 3:15:00 PM","CE","26200","Sell","65","30.70","12.00","","1215.50"
"892.2","2025-10-24"," 9:45:00 AM","2025-10-24"," 10:20:00 AM","PE","25750","Sell","65","37.30","55.95","","-1212.25"
"893","2025-10-27"," 9:45:00 AM","2025-10-27"," 3:15:00 PM","","","","","","","12.31","704.00"
"893.1","2025-10-27"," 9:45:00 AM","2025-10-27"," 3:15:00 PM","CE","85800","Sell","20","128.05","116.50","","231.00"
"893.2","2025-10-27"," 9:45:00 AM","2025-10-27"," 3:15:00 PM","PE","83900","Sell","20","129.50","105.85","","473.00"
"894","2025-10-27"," 9:45:00 AM","2025-10-27"," 3:15:00 PM","","","","","","","12.31","1248.00"
"894.1","2025-10-27"," 9:45:00 AM","2025-10-27"," 3:15:00 PM","CE","26200","Sell","65","23.00","14.30","","565.50"
"894.2","2025-10-27"," 9:45:00 AM","2025-10-27"," 3:15:00 PM","PE","25800","Sell","65","26.60","16.10","","682.50"
"895","2025-10-28"," 9:45:00 AM","2025-10-28"," 3:15:00 PM","","","","","","","12.38","133.00"
"895.1","2025-10-28"," 9:45:00 AM","2025-10-28"," 3:15:00 PM","CE","86000","Sell","20","111.25","40.40","","1417.00"
"895.2","2025-10-28"," 9:45:00 AM","2025-10-28"," 10:06:00 AM","PE","84100","Sell","20","128.45","192.65","","-1284.00"
"896","2025-10-28"," 9:45:00 AM","2025-10-28"," 3:15:00 PM","","","","","","","12.38","383.50"
"896.1","2025-10-28"," 9:45:00 AM","2025-10-28"," 3:15:00 PM","CE","26200","Sell","65","15.80","0.20","","1014.00"
"896.2","2025-10-28"," 9:45:00 AM","2025-10-28"," 9:54:00 AM","PE","25900","Sell","65","19.10","28.80","","-630.50"
"897","2025-10-29"," 9:45:00 AM","2025-10-29"," 3:15:00 PM","","","","","","","12.01","48.00"
"897.1","2025-10-29"," 9:45:00 AM","2025-10-29"," 10:28:00 AM","CE","85500","Sell","20","74.15","111.20","","-741.00"
"897.2","2025-10-29"," 9:45:00 AM","2025-10-29"," 3:15:00 PM","PE","84200","Sell","20","78.95","39.50","","789.00"
"898","2025-10-29"," 9:45:00 AM","2025-10-29"," 3:15:00 PM","","","","","","","12.01","-598.00"
"898.1","2025-10-29"," 9:45:00 AM","2025-10-29"," 10:33:00 AM","CE","26350","Sell","65","46.40","69.60","","-1508.00"
"898.2","2025-10-29"," 9:45:00 AM","2025-10-29"," 3:15:00 PM","PE","25700","Sell","65","43.25","29.25","","910.00"
"899","2025-10-30"," 9:45:00 AM","2025-10-30"," 1:34:00 PM","","","","","","","12.17","-535.00"
"899.1","2025-10-30"," 9:45:00 AM","2025-10-30"," 10:16:00 AM","CE","85000","Sell","20","53.55","80.30","","-535.00"
"899.2","2025-10-30"," 9:45:00 AM","2025-10-30"," 1:34:00 PM","PE","84200","Sell","20","50.80","50.80","","0.00"
"900","2025-10-30"," 9:45:00 AM","2025-10-30"," 3:15:00 PM","","","","","","","12.17","1280.50"
"900.1","2025-10-30"," 9:45:00 AM","2025-10-30"," 3:15:00 PM","CE","26250","Sell","65","39.70","27.10","","819.00"
"900.2","2025-10-30"," 9:45:00 AM","2025-10-30"," 3:15:00 PM","PE","25650","Sell","65","39.80","32.70","","461.50"
"901","2025-10-31"," 9:45:00 AM","2025-10-31"," 3:15:00 PM","","","","","","","12.01","-238.00"
"901.1","2025-10-31"," 9:45:00 AM","2025-10-31"," 3:15:00 PM","CE","85700","Sell","20","122.70","65.80","","1138.00"
"901.2","2025-10-31"," 9:45:00 AM","2025-10-31"," 10:27:00 AM","PE","83800","Sell","20","137.60","206.40","","-1376.00"
"902","2025-10-31"," 9:45:00 AM","2025-10-31"," 3:15:00 PM","","","","","","","12.01","107.25"
"902.1","2025-10-31"," 9:45:00 AM","2025-10-31"," 3:15:00 PM","CE","26200","Sell","65","33.35","14.30","","1238.25"
"902.2","2025-10-31"," 9:45:00 AM","2025-10-31"," 10:22:00 AM","PE","25750","Sell","65","34.80","52.20","","-1131.00"
"903","2025-11-03"," 9:45:00 AM","2025-11-03"," 3:15:00 PM","","","","","","","12.60","972.00"
"903.1","2025-11-03"," 9:45:00 AM","2025-11-03"," 3:15:00 PM","CE","84900","Sell","20","120.30","108.00","","246.00"
"903.2","2025-11-03"," 9:45:00 AM","2025-11-03"," 3:15:00 PM","PE","83200","Sell","20","125.70","89.40","","726.00"
"904","2025-11-03"," 9:45:00 AM","2025-11-03"," 3:15:00 PM","","","","","","","12.60","1300.00"
"904.1","2025-11-03"," 9:45:00 AM","2025-11-03"," 3:15:00 PM","CE","25950","Sell","65","28.25","20.30","","516.75"
"904.2","2025-11-03"," 9:45:00 AM","2025-11-03"," 3:15:00 PM","PE","25550","Sell","65","23.05","11.00","","783.25"
"905","2025-11-04"," 9:45:00 AM","2025-11-04"," 3:15:00 PM","","","","","","","12.85","457.00"
"905.1","2025-11-04"," 9:45:00 AM","2025-11-04"," 3:15:00 PM","CE","84600","Sell","20","91.95","23.15","","1376.00"
"905.2","2025-11-04"," 9:45:00 AM","2025-11-04"," 2:24:00 PM","PE","83200","Sell","20","91.95","137.90","","-919.00"
"906","2025-11-04"," 9:45:00 AM","2025-11-04"," 3:15:00 PM","","","","","","","12.85","370.50"
"906.1","2025-11-04"," 9:45:00 AM","2025-11-04"," 3:15:00 PM","CE","25850","Sell","65","13.80","0.10","","890.50"
"906.2","2025-11-04"," 9:45:00 AM","2025-11-04"," 2:24:00 PM","PE","25600","Sell","65","16.00","24.00","","-520.00"
"907","2025-11-06"," 9:45:00 AM","2025-11-06"," 3:15:00 PM","","","","","","","12.55","358.00"
"907.1","2025-11-06"," 9:45:00 AM","2025-11-06"," 3:15:00 PM","CE","83900","Sell","20","42.10","0.20","","838.00"
"907.2","2025-11-06"," 9:45:00 AM","2025-11-06"," 10:10:00 AM","PE","83300","Sell","20","48.00","72.00","","-480.00"
"908","2025-11-06"," 9:45:00 AM","2025-11-06"," 3:15:00 PM","","","","","","","12.55","1088.75"
"908.1","2025-11-06"," 9:45:00 AM","2025-11-06"," 3:15:00 PM","CE","25900","Sell","65","36.25","13.35","","1488.50"
"908.2","2025-11-06"," 9:45:00 AM","2025-11-06"," 3:15:00 PM","PE","25350","Sell","65","35.20","41.35","","-399.75"
"909","2025-11-07"," 9:45:00 AM","2025-11-07"," 3:15:00 PM","","","","","","","12.46","-82.00"
"909.1","2025-11-07"," 9:45:00 AM","2025-11-07"," 11:31:00 AM","CE","83800","Sell","20","128.25","192.40","","-1283.00"
"909.2","2025-11-07"," 9:45:00 AM","2025-11-07"," 3:15:00 PM","PE","81900","Sell","20","127.00","66.95","","1201.00"
"910","2025-11-07"," 9:45:00 AM","2025-11-07"," 3:15:00 PM","","","","","","","12.46","221.00"
"910.1","2025-11-07"," 9:45:00 AM","2025-11-07"," 11:30:00 AM","CE","25600","Sell","65","29.00","43.50","","-942.50"
"910.2","2025-11-07"," 9:45:00 AM","2025-11-07"," 3:15:00 PM","PE","25150","Sell","65","27.75","9.85","","1163.50"
"911","2025-11-10"," 9:45:00 AM","2025-11-10"," 3:15:00 PM","","","","","","","12.68","-282.00"
"911.1","2025-11-10"," 9:45:00 AM","2025-11-10"," 11:24:00 AM","CE","84300","Sell","20","102.10","153.15","","-1021.00"
"911.2","2025-11-10"," 9:45:00 AM","2025-11-10"," 3:15:00 PM","PE","82600","Sell","20","108.45","71.50","","739.00"
"912","2025-11-10"," 9:45:00 AM","2025-11-10"," 3:15:00 PM","","","","","","","12.68","234.00"
"912.1","2025-11-10"," 9:45:00 AM","2025-11-10"," 10:28:00 AM","CE","25750","Sell","65","16.90","25.35","","-549.25"
"912.2","2025-11-10"," 9:45:00 AM","2025-11-10"," 3:15:00 PM","PE","25400","Sell","65","22.65","10.60","","783.25"
"913","2025-11-11"," 9:45:00 AM","2025-11-11"," 12:29:00 PM","","","","","","","12.68","-1038.00"
"913.1","2025-11-11"," 9:45:00 AM","2025-11-11"," 12:29:00 PM","CE","84200","Sell","20","93.15","93.15","","0.00"
"913.2","2025-11-11"," 9:45:00 AM","2025-11-11"," 10:37:00 AM","PE","82700","Sell","20","103.80","155.70","","-1038.00"
"914","2025-11-11"," 9:45:00 AM","2025-11-11"," 12:33:00 PM","","","","","","","12.68","-627.25"
"914.1","2025-11-11"," 9:45:00 AM","2025-11-11"," 12:33:00 PM","CE","25650","Sell","65","14.80","14.80","","0.00"
"914.2","2025-11-11"," 9:45:00 AM","2025-11-11"," 9:51:00 AM","PE","25450","Sell","65","19.25","28.90","","-627.25"
"915","2025-11-12"," 9:45:00 AM","2025-11-12"," 3:15:00 PM","","","","","","","11.95","136.00"
"915.1","2025-11-12"," 9:45:00 AM","2025-11-12"," 11:36:00 AM","CE","84900","Sell","20","61.25","91.90","","-613.00"
"915.2","2025-11-12"," 9:45:00 AM","2025-11-12"," 3:15:00 PM","PE","83900","Sell","20","74.65","37.20","","749.00"
"916","2025-11-12"," 9:45:00 AM","2025-11-12"," 3:15:00 PM","","","","","","","11.95","383.50"
"916.1","2025-11-12"," 9:45:00 AM","2025-11-12"," 3:15:00 PM","CE","26150","Sell","65","43.55","48.80","","-341.25"
"916.2","2025-11-12"," 9:45:00 AM","2025-11-12"," 3:15:00 PM","PE","25600","Sell","65","47.45","36.30","","724.75"
"917","2025-11-13"," 9:45:00 AM","2025-11-13"," 2:09:00 PM","","","","","","","11.96","-1225.25"
"917.1","2025-11-13"," 9:45:00 AM","2025-11-13"," 10:50:00 AM","CE","26150","Sell","65","37.65","56.50","","-1225.25"
"917.2","2025-11-13"," 9:45:00 AM","2025-11-13"," 2:09:00 PM","PE","25600","Sell","65","38.10","38.10","","0.00"
"918","2025-11-13"," 9:45:00 AM","2025-11-13"," 3:15:00 PM","","","","","","","11.96","550.00"
"918.1","2025-11-13"," 9:45:00 AM","2025-11-13"," 9:51:00 AM","CE","84800","Sell","20","37.25","55.90","","-373.00"
"918.2","2025-11-13"," 9:45:00 AM","2025-11-13"," 3:15:00 PM","PE","84100","Sell","20","46.50","0.35","","923.00"
"919","2025-11-14"," 9:45:00 AM","2025-11-14"," 10:55:00 AM","","","","","","","12.09","-1517.00"
"919.1","2025-11-14"," 9:45:00 AM","2025-11-14"," 10:55:00 AM","CE","85700","Sell","20","143.55","143.55","","0.00"
"919.2","2025-11-14"," 9:45:00 AM","2025-11-14"," 10:03:00 AM","PE","83400","Sell","20","151.65","227.50","","-1517.00"
"920","2025-11-14"," 9:45:00 AM","2025-11-14"," 3:15:00 PM","","","","","","","12.09","-968.50"
"920.1","2025-11-14"," 9:45:00 AM","2025-11-14"," 3:15:00 PM","CE","26150","Sell","65","40.20","33.65","","425.75"
"920.2","2025-11-14"," 9:45:00 AM","2025-11-14"," 10:02:00 AM","PE","25650","Sell","65","42.85","64.30","","-1394.25"
"921","2025-11-17"," 9:45:00 AM","2025-11-17"," 3:15:00 PM","","","","","","","12.02","767.00"
"921.1","2025-11-17"," 9:45:00 AM","2025-11-17"," 3:15:00 PM","CE","85800","Sell","20","100.90","87.70","","264.00"
"921.2","2025-11-17"," 9:45:00 AM","2025-11-17"," 3:15:00 PM","PE","84000","Sell","20","112.85","87.70","","503.00"
"922","2025-11-17"," 9:45:00 AM","2025-11-17"," 3:15:00 PM","","","","","","","12.02","997.75"
"922.1","2025-11-17"," 9:45:00 AM","2025-11-17"," 3:15:00 PM","CE","26150","Sell","65","26.35","19.15","","468.00"
"922.2","2025-11-17"," 9:45:00 AM","2025-11-17"," 3:15:00 PM","PE","25800","Sell","65","20.15","12.00","","529.75"
"923","2025-11-18"," 9:45:00 AM","2025-11-18"," 11:24:00 AM","","","","","","","11.96","-1020.00"
"923.1","2025-11-18"," 9:45:00 AM","2025-11-18"," 11:24:00 AM","CE","85500","Sell","20","99.75","99.75","","0.00"
"923.2","2025-11-18"," 9:45:00 AM","2025-11-18"," 10:01:00 AM","PE","84000","Sell","20","102.00","153.00","","-1020.00"
"924","2025-11-18"," 9:45:00 AM","2025-11-18"," 11:48:00 AM","","","","","","","11.96","-653.25"
"924.1","2025-11-18"," 9:45:00 AM","2025-11-18"," 11:48:00 AM","CE","26050","Sell","65","16.90","17.80","","-58.50"
"924.2","2025-11-18"," 9:45:00 AM","2025-11-18"," 9:51:00 AM","PE","25850","Sell","65","18.25","27.40","","-594.75"
"925","2025-11-19"," 9:45:00 AM","2025-11-19"," 3:15:00 PM","","","","","","","11.95","370.00"
"925.1","2025-11-19"," 9:45:00 AM","2025-11-19"," 10:14:00 AM","CE","85200","Sell","20","72.15","108.20","","-721.00"
"925.2","2025-11-19"," 9:45:00 AM","2025-11-19"," 3:15:00 PM","PE","84200","Sell","20","77.25","22.70","","1091.00"
"926","2025-11-19"," 9:45:00 AM","2025-11-19"," 3:15:00 PM","","","","","","","11.95","-162.50"
"926.1","2025-11-19"," 9:45:00 AM","2025-11-19"," 12:07:00 PM","CE","26250","Sell","65","38.10","57.15","","-1238.25"
"926.2","2025-11-19"," 9:45:00 AM","2025-11-19"," 3:15:00 PM","PE","25600","Sell","65","40.50","23.95","","1075.75"
"927","2025-11-20"," 9:45:00 AM","2025-11-20"," 3:15:00 PM","","","","","","","11.98","494.00"
"927.1","2025-11-20"," 9:45:00 AM","2025-11-20"," 10:48:00 AM","CE","85600","Sell","20","48.90","73.35","","-489.00"
"927.2","2025-11-20"," 9:45:00 AM","2025-11-20"," 3:15:00 PM","PE","84900","Sell","20","49.40","0.25","","983.00"
"928","2025-11-20"," 9:45:00 AM","2025-11-20"," 3:15:00 PM","","","","","","","11.98","198.25"
"928.1","2025-11-20"," 9:45:00 AM","2025-11-20"," 1:25:00 PM","CE","26350","Sell","65","38.85","58.30","","-1264.25"
"928.2","2025-11-20"," 9:45:00 AM","2025-11-20"," 3:15:00 PM","PE","25800","Sell","65","41.00","18.50","","1462.50"
"929","2025-11-21"," 9:45:00 AM","2025-11-21"," 12:22:00 PM","","","","","","","13.69","-1134.25"
"929.1","2025-11-21"," 9:45:00 AM","2025-11-21"," 12:22:00 PM","CE","26350","Sell","65","34.80","34.80","","0.00"
"929.2","2025-11-21"," 9:45:00 AM","2025-11-21"," 10:22:00 AM","PE","25900","Sell","65","34.90","52.35","","-1134.25"
"930","2025-11-21"," 9:45:00 AM","2025-11-21"," 3:15:00 PM","","","","","","","13.69","289.00"
"930.1","2025-11-21"," 9:45:00 AM","2025-11-21"," 3:15:00 PM","CE","86500","Sell","20","137.25","97.10","","803.00"
"930.2","2025-11-21"," 9:45:00 AM","2025-11-21"," 3:15:00 PM","PE","84500","Sell","20","154.75","180.45","","-514.00"
"931","2025-11-24"," 9:45:00 AM","2025-11-24"," 12:32:00 PM","","","","","","","13.04","-802.75"
"931.1","2025-11-24"," 9:45:00 AM","2025-11-24"," 10:38:00 AM","CE","26250","Sell","65","24.75","37.10","","-802.75"
"931.2","2025-11-24"," 9:45:00 AM","2025-11-24"," 12:32:00 PM","PE","25900","Sell","65","22.55","22.55","","0.00"
"932","2025-11-24"," 9:45:00 AM","2025-11-24"," 3:15:00 PM","","","","","","","13.04","-349.00"
"932.1","2025-11-24"," 9:45:00 AM","2025-11-24"," 3:15:00 PM","CE","86200","Sell","20","108.00","67.20","","816.00"
"932.2","2025-11-24"," 9:45:00 AM","2025-11-24"," 3:06:00 PM","PE","84500","Sell","20","116.45","174.70","","-1165.00"
"933","2025-11-25"," 9:45:00 AM","2025-11-25"," 10:57:00 AM","","","","","","","12.24","-448.50"
"933.1","2025-11-25"," 9:45:00 AM","2025-11-25"," 10:03:00 AM","CE","26100","Sell","65","13.80","20.70","","-448.50"
"933.2","2025-11-25"," 9:45:00 AM","2025-11-25"," 10:57:00 AM","PE","25850","Sell","65","12.95","12.95","","0.00"
"934","2025-11-25"," 9:45:00 AM","2025-11-25"," 3:15:00 PM","","","","","","","12.24","406.00"
"934.1","2025-11-25"," 9:45:00 AM","2025-11-25"," 3:15:00 PM","CE","85800","Sell","20","95.25","26.50","","1375.00"
"934.2","2025-11-25"," 9:45:00 AM","2025-11-25"," 3:02:00 PM","PE","84300","Sell","20","96.95","145.40","","-969.00"
"935","2025-11-26"," 9:45:00 AM","2025-11-26"," 3:15:00 PM","","","","","","","11.83","375.00"
"935.1","2025-11-26"," 9:45:00 AM","2025-11-26"," 9:51:00 AM","CE","85600","Sell","20","67.35","101.00","","-673.00"
"935.2","2025-11-26"," 9:45:00 AM","2025-11-26"," 3:15:00 PM","PE","84600","Sell","20","73.95","21.55","","1048.00"
"936","2025-11-26"," 9:45:00 AM","2025-11-26"," 3:15:00 PM","","","","","","","11.83","-266.50"
"936.1","2025-11-26"," 9:45:00 AM","2025-11-26"," 9:53:00 AM","CE","26350","Sell","65","40.75","61.10","","-1322.75"
"936.2","2025-11-26"," 9:45:00 AM","2025-11-26"," 3:15:00 PM","PE","25800","Sell","65","42.20","25.95","","1056.25"
"937","2025-11-27"," 9:45:00 AM","2025-11-27"," 1:13:00 PM","","","","","","","12.06","-467.00"
"937.1","2025-11-27"," 9:45:00 AM","2025-11-27"," 10:00:00 AM","CE","86100","Sell","20","46.70","70.05","","-467.00"
"937.2","2025-11-27"," 9:45:00 AM","2025-11-27"," 1:13:00 PM","PE","85400","Sell","20","42.15","42.15","","0.00"
"938","2025-11-27"," 9:45:00 AM","2025-11-27"," 3:15:00 PM","","","","","","","12.06","1501.50"
"938.1","2025-11-27"," 9:45:00 AM","2025-11-27"," 3:15:00 PM","CE","26550","Sell","65","29.60","14.60","","975.00"
"938.2","2025-11-27"," 9:45:00 AM","2025-11-27"," 3:15:00 PM","PE","26000","Sell","65","40.50","32.40","","526.50"
"939","2025-11-28"," 9:45:00 AM","2025-11-28"," 3:15:00 PM","","","","","","","11.23","618.00"
"939.1","2025-11-28"," 9:45:00 AM","2025-11-28"," 3:15:00 PM","CE","86800","Sell","20","106.45","84.70","","435.00"
"939.2","2025-11-28"," 9:45:00 AM","2025-11-28"," 3:15:00 PM","PE","85000","Sell","20","138.85","129.70","","183.00"
"940","2025-11-28"," 9:45:00 AM","2025-11-28"," 3:15:00 PM","","","","","","","11.23","828.75"
"940.1","2025-11-28"," 9:45:00 AM","2025-11-28"," 3:15:00 PM","CE","26450","Sell","65","26.95","17.00","","646.75"
"940.2","2025-11-28"," 9:45:00 AM","2025-11-28"," 3:15:00 PM","PE","26050","Sell","65","33.30","30.50","","182.00"
"941","2025-12-01"," 9:45:00 AM","2025-12-01"," 3:15:00 PM","","","","","","","11.69","63.00"
"941.1","2025-12-01"," 9:45:00 AM","2025-12-01"," 3:15:00 PM","CE","86800","Sell","20","104.95","49.50","","1109.00"
"941.2","2025-12-01"," 9:45:00 AM","2025-12-01"," 11:44:00 AM","PE","85300","Sell","20","104.60","156.90","","-1046.00"
"942","2025-12-01"," 9:45:00 AM","2025-12-01"," 3:15:00 PM","","","","","","","11.69","250.25"
"942.1","2025-12-01"," 9:45:00 AM","2025-12-01"," 3:15:00 PM","CE","26450","Sell","65","21.45","5.30","","1049.75"
"942.2","2025-12-01"," 9:45:00 AM","2025-12-01"," 10:54:00 AM","PE","26150","Sell","65","24.65","36.95","","-799.50"
"943","2025-12-02"," 9:45:00 AM","2025-12-02"," 3:15:00 PM","","","","","","","11.28","1461.00"
"943.1","2025-12-02"," 9:45:00 AM","2025-12-02"," 3:15:00 PM","CE","86100","Sell","20","92.50","46.00","","930.00"
"943.2","2025-12-02"," 9:45:00 AM","2025-12-02"," 3:15:00 PM","PE","84700","Sell","20","94.55","68.00","","531.00"
"944","2025-12-02"," 9:45:00 AM","2025-12-02"," 3:15:00 PM","","","","","","","11.28","2112.50"
"944.1","2025-12-02"," 9:45:00 AM","2025-12-02"," 3:15:00 PM","CE","26200","Sell","65","14.45","0.15","","929.50"
"944.2","2025-12-02"," 9:45:00 AM","2025-12-02"," 3:15:00 PM","PE","26000","Sell","65","18.30","0.10","","1183.00"
"945","2025-12-03"," 9:45:00 AM","2025-12-03"," 3:15:00 PM","","","","","","","11.09","946.00"
"945.1","2025-12-03"," 9:45:00 AM","2025-12-03"," 3:15:00 PM","CE","85500","Sell","20","61.80","70.15","","-167.00"
"945.2","2025-12-03"," 9:45:00 AM","2025-12-03"," 3:15:00 PM","PE","84500","Sell","20","80.50","24.85","","1113.00"
"946","2025-12-03"," 9:45:00 AM","2025-12-03"," 3:15:00 PM","","","","","","","11.09","984.75"
"946.1","2025-12-03"," 9:45:00 AM","2025-12-03"," 3:15:00 PM","CE","26250","Sell","65","42.10","43.70","","-104.00"
"946.2","2025-12-03"," 9:45:00 AM","2025-12-03"," 3:15:00 PM","PE","25700","Sell","65","42.55","25.80","","1088.75"
"947","2025-12-04"," 9:45:00 AM","2025-12-04"," 11:46:00 AM","","","","","","","11.15","-483.00"
"947.1","2025-12-04"," 9:45:00 AM","2025-12-04"," 10:23:00 AM","CE","85500","Sell","20","48.25","72.40","","-483.00"
"947.2","2025-12-04"," 9:45:00 AM","2025-12-04"," 11:46:00 AM","PE","84900","Sell","20","34.10","34.10","","0.00"
"948","2025-12-04"," 9:45:00 AM","2025-12-04"," 3:15:00 PM","","","","","","","11.15","1062.75"
"948.1","2025-12-04"," 9:45:00 AM","2025-12-04"," 3:15:00 PM","CE","26300","Sell","65","32.50","27.40","","331.50"
"948.2","2025-12-04"," 9:45:00 AM","2025-12-04"," 3:15:00 PM","PE","25800","Sell","65","32.75","21.50","","731.25"
"949","2025-12-05"," 9:45:00 AM","2025-12-05"," 10:31:00 AM","","","","","","","10.75","-1133.00"
"949.1","2025-12-05"," 9:45:00 AM","2025-12-05"," 10:19:00 AM","CE","86300","Sell","20","113.35","170.00","","-1133.00"
"949.2","2025-12-05"," 9:45:00 AM","2025-12-05"," 10:31:00 AM","PE","84500","Sell","20","124.95","124.95","","0.00"
"950","2025-12-05"," 9:45:00 AM","2025-12-05"," 10:31:00 AM","","","","","","","10.75","-793.00"
"950.1","2025-12-05"," 9:45:00 AM","2025-12-05"," 10:19:00 AM","CE","26300","Sell","65","24.35","36.55","","-793.00"
"950.2","2025-12-05"," 9:45:00 AM","2025-12-05"," 10:31:00 AM","PE","25850","Sell","65","27.35","27.35","","0.00"
"951","2025-12-08"," 9:45:00 AM","2025-12-08"," 3:15:00 PM","","","","","","","10.74","128.00"
"951.1","2025-12-08"," 9:45:00 AM","2025-12-08"," 3:15:00 PM","CE","86400","Sell","20","103.70","41.95","","1235.00"
"951.2","2025-12-08"," 9:45:00 AM","2025-12-08"," 12:31:00 PM","PE","84900","Sell","20","110.70","166.05","","-1107.00"
"952","2025-12-08"," 9:45:00 AM","2025-12-08"," 3:15:00 PM","","","","","","","10.74","243.75"
"952.1","2025-12-08"," 9:45:00 AM","2025-12-08"," 3:15:00 PM","CE","26300","Sell","65","19.10","4.40","","955.50"
"952.2","2025-12-08"," 9:45:00 AM","2025-12-08"," 9:52:00 AM","PE","26000","Sell","65","21.95","32.90","","-711.75"
"953","2025-12-09"," 9:45:00 AM","2025-12-09"," 10:07:00 AM","","","","","","","11.68","-510.25"
"953.1","2025-12-09"," 9:45:00 AM","2025-12-09"," 10:07:00 AM","CE","25900","Sell","65","15.80","15.80","","0.00"
"953.2","2025-12-09"," 9:45:00 AM","2025-12-09"," 9:55:00 AM","PE","25650","Sell","65","15.70","23.55","","-510.25"
"954","2025-12-09"," 9:45:00 AM","2025-12-09"," 3:15:00 PM","","","","","","","11.68","227.00"
"954.1","2025-12-09"," 9:45:00 AM","2025-12-09"," 10:20:00 AM","CE","85300","Sell","20","106.60","159.90","","-1066.00"
"954.2","2025-12-09"," 9:45:00 AM","2025-12-09"," 3:15:00 PM","PE","83900","Sell","20","104.85","40.20","","1293.00"
"955","2025-12-10"," 9:45:00 AM","2025-12-10"," 3:15:00 PM","","","","","","","10.81","242.00"
"955.1","2025-12-10"," 9:45:00 AM","2025-12-10"," 3:15:00 PM","CE","85500","Sell","20","64.05","17.90","","923.00"
"955.2","2025-12-10"," 9:45:00 AM","2025-12-10"," 10:54:00 AM","PE","84400","Sell","20","68.10","102.15","","-681.00"
"956","2025-12-10"," 9:45:00 AM","2025-12-10"," 3:15:00 PM","","","","","","","10.81","100.75"
"956.1","2025-12-10"," 9:45:00 AM","2025-12-10"," 3:15:00 PM","CE","26200","Sell","65","37.95","19.25","","1215.50"
"956.2","2025-12-10"," 9:45:00 AM","2025-12-10"," 11:00:00 AM","PE","25650","Sell","65","34.35","51.50","","-1114.75"
"957","2025-12-11"," 9:45:00 AM","2025-12-11"," 3:15:00 PM","","","","","","","10.84","648.00"
"957.1","2025-12-11"," 9:45:00 AM","2025-12-11"," 10:06:00 AM","CE","84600","Sell","20","55.00","82.50","","-550.00"
"957.2","2025-12-11"," 9:45:00 AM","2025-12-11"," 3:15:00 PM","PE","83900","Sell","20","60.00","0.10","","1198.00"
"958","2025-12-11"," 9:45:00 AM","2025-12-11"," 3:15:00 PM","","","","","","","10.84","871.00"
"958.1","2025-12-11"," 9:45:00 AM","2025-12-11"," 10:14:00 AM","CE","26000","Sell","65","36.60","54.90","","-1189.50"
"958.2","2025-12-11"," 9:45:00 AM","2025-12-11"," 3:15:00 PM","PE","25500","Sell","65","41.05","9.35","","2060.50"
"959","2025-12-12"," 9:45:00 AM","2025-12-12"," 3:15:00 PM","","","","","","","10.11","-706.00"
"959.1","2025-12-12"," 9:45:00 AM","2025-12-12"," 3:15:00 PM","CE","86200","Sell","20","112.20","86.00","","524.00"
"959.2","2025-12-12"," 9:45:00 AM","2025-12-12"," 10:27:00 AM","PE","84500","Sell","20","123.00","184.50","","-1230.00"
"960","2025-12-12"," 9:45:00 AM","2025-12-12"," 3:15:00 PM","","","","","","","10.11","-552.50"
"960.1","2025-12-12"," 9:45:00 AM","2025-12-12"," 3:15:00 PM","CE","26250","Sell","65","22.90","16.95","","386.75"
"960.2","2025-12-12"," 9:45:00 AM","2025-12-12"," 10:25:00 AM","PE","25850","Sell","65","28.90","43.35","","-939.25"
"961","2025-12-15"," 9:45:00 AM","2025-12-15"," 3:15:00 PM","","","","","","","10.52","74.00"
"961.1","2025-12-15"," 9:45:00 AM","2025-12-15"," 11:52:00 AM","CE","85700","Sell","20","97.10","145.65","","-971.00"
"961.2","2025-12-15"," 9:45:00 AM","2025-12-15"," 3:15:00 PM","PE","84100","Sell","20","98.15","45.90","","1045.00"
"962","2025-12-15"," 9:45:00 AM","2025-12-15"," 3:15:00 PM","","","","","","","10.52","526.50"
"962.1","2025-12-15"," 9:45:00 AM","2025-12-15"," 10:30:00 AM","CE","26100","Sell","65","16.45","24.65","","-533.00"
"962.2","2025-12-15"," 9:45:00 AM","2025-12-15"," 3:15:00 PM","PE","25750","Sell","65","21.45","5.15","","1059.50"
"963","2025-12-16"," 9:45:00 AM","2025-12-16"," 3:15:00 PM","","","","","","","10.22","1375.00"
"963.1","2025-12-16"," 9:45:00 AM","2025-12-16"," 3:15:00 PM","CE","85600","Sell","20","84.25","26.95","","1146.00"
"963.2","2025-12-16"," 9:45:00 AM","2025-12-16"," 3:15:00 PM","PE","84200","Sell","20","83.15","71.70","","229.00"
"964","2025-12-16"," 9:45:00 AM","2025-12-16"," 3:15:00 PM","","","","","","","10.22","110.50"
"964.1","2025-12-16"," 9:45:00 AM","2025-12-16"," 3:15:00 PM","CE","26050","Sell","65","10.35","0.10","","666.25"
"964.2","2025-12-16"," 9:45:00 AM","2025-12-16"," 10:02:00 AM","PE","25850","Sell","65","17.10","25.65","","-555.75"
"965","2025-12-17"," 9:45:00 AM","2025-12-17"," 3:15:00 PM","","","","","","","9.98","90.00"
"965.1","2025-12-17"," 9:45:00 AM","2025-12-17"," 3:15:00 PM","CE","85300","Sell","20","59.30","20.05","","785.00"
"965.2","2025-12-17"," 9:45:00 AM","2025-12-17"," 10:07:00 AM","PE","84300","Sell","20","69.45","104.20","","-695.00"
"966","2025-12-17"," 9:45:00 AM","2025-12-17"," 3:15:00 PM","","","","","","","9.98","568.75"
"966.1","2025-12-17"," 9:45:00 AM","2025-12-17"," 3:15:00 PM","CE","26150","Sell","65","37.75","24.55","","858.00"
"966.2","2025-12-17"," 9:45:00 AM","2025-12-17"," 3:15:00 PM","PE","25650","Sell","65","37.45","41.90","","-289.25"
"967","2025-12-18"," 9:45:00 AM","2025-12-18"," 3:15:00 PM","","","","","","","9.88","160.00"
"967.1","2025-12-18"," 9:45:00 AM","2025-12-18"," 10:12:00 AM","CE","84600","Sell","20","47.70","71.55","","-477.00"
"967.2","2025-12-18"," 9:45:00 AM","2025-12-18"," 3:15:00 PM","PE","84000","Sell","20","31.95","0.10","","637.00"
"968","2025-12-18"," 9:45:00 AM","2025-12-18"," 3:15:00 PM","","","","","","","9.88","-214.50"
"968.1","2025-12-18"," 9:45:00 AM","2025-12-18"," 10:20:00 AM","CE","26000","Sell","65","34.25","51.40","","-1114.75"
"968.2","2025-12-18"," 9:45:00 AM","2025-12-18"," 3:15:00 PM","PE","25550","Sell","65","31.55","17.70","","900.25"
"969","2025-12-19"," 9:45:00 AM","2025-12-19"," 3:15:00 PM","","","","","","","9.74","1140.00"
"969.1","2025-12-19"," 9:45:00 AM","2025-12-19"," 3:15:00 PM","CE","85800","Sell","20","100.85","64.15","","734.00"
"969.2","2025-12-19"," 9:45:00 AM","2025-12-19"," 3:15:00 PM","PE","84300","Sell","20","117.55","97.25","","406.00"
"970","2025-12-19"," 9:45:00 AM","2025-12-19"," 3:15:00 PM","","","","","","","9.74","1088.75"
"970.1","2025-12-19"," 9:45:00 AM","2025-12-19"," 3:15:00 PM","CE","26150","Sell","65","27.20","19.50","","500.50"
"970.2","2025-12-19"," 9:45:00 AM","2025-12-19"," 3:15:00 PM","PE","25750","Sell","65","24.45","15.40","","588.25"
"971","2025-12-22"," 9:45:00 AM","2025-12-22"," 3:15:00 PM","","","","","","","9.72","598.00"
"971.1","2025-12-22"," 9:45:00 AM","2025-12-22"," 3:15:00 PM","CE","86000","Sell","20","81.45","78.00","","69.00"
"971.2","2025-12-22"," 9:45:00 AM","2025-12-22"," 3:15:00 PM","PE","84800","Sell","20","83.25","56.80","","529.00"
"972","2025-12-22"," 9:45:00 AM","2025-12-22"," 3:15:00 PM","","","","","","","9.72","760.50"
"972.1","2025-12-22"," 9:45:00 AM","2025-12-22"," 3:15:00 PM","CE","26250","Sell","65","19.30","18.55","","48.75"
"972.2","2025-12-22"," 9:45:00 AM","2025-12-22"," 3:15:00 PM","PE","26000","Sell","65","24.25","13.30","","711.75"
"973","2025-12-23"," 9:45:00 AM","2025-12-23"," 3:15:00 PM","","","","","","","9.57","499.00"
"973.1","2025-12-23"," 9:45:00 AM","2025-12-23"," 9:59:00 AM","CE","85900","Sell","20","52.40","78.60","","-524.00"
"973.2","2025-12-23"," 9:45:00 AM","2025-12-23"," 3:15:00 PM","PE","84900","Sell","20","67.75","16.60","","1023.00"
"974","2025-12-23"," 9:45:00 AM","2025-12-23"," 3:15:00 PM","","","","","","","9.57","130.00"
"974.1","2025-12-23"," 9:45:00 AM","2025-12-23"," 9:57:00 AM","CE","26200","Sell","65","13.20","19.80","","-429.00"
"974.2","2025-12-23"," 9:45:00 AM","2025-12-23"," 3:15:00 PM","PE","26000","Sell","65","8.70","0.10","","559.00"
"975","2025-12-24"," 9:45:00 AM","2025-12-24"," 3:15:00 PM","","","","","","","9.31","100.00"
"975.1","2025-12-24"," 9:45:00 AM","2025-12-24"," 3:15:00 PM","CE","85900","Sell","20","24.85","0.15","","494.00"
"975.2","2025-12-24"," 9:45:00 AM","2025-12-24"," 1:33:00 PM","PE","85400","Sell","20","39.40","59.10","","-394.00"
"976","2025-12-24"," 9:45:00 AM","2025-12-24"," 3:15:00 PM","","","","","","","9.31","952.25"
"976.1","2025-12-24"," 9:45:00 AM","2025-12-24"," 3:15:00 PM","CE","26450","Sell","65","25.70","9.70","","1040.00"
"976.2","2025-12-24"," 9:45:00 AM","2025-12-24"," 3:15:00 PM","PE","26000","Sell","65","27.25","28.60","","-87.75"
"977","2025-12-26"," 9:45:00 AM","2025-12-26"," 3:15:00 PM","","","","","","","9.16","255.00"
"977.1","2025-12-26"," 9:45:00 AM","2025-12-26"," 3:15:00 PM","CE","85900","Sell","20","100.50","78.85","","433.00"
"977.2","2025-12-26"," 9:45:00 AM","2025-12-26"," 3:15:00 PM","PE","84600","Sell","20","103.55","112.45","","-178.00"
"978","2025-12-26"," 9:45:00 AM","2025-12-26"," 3:15:00 PM","","","","","","","9.16","315.25"
"978.1","2025-12-26"," 9:45:00 AM","2025-12-26"," 3:15:00 PM","CE","26250","Sell","65","20.80","13.85","","451.75"
"978.2","2025-12-26"," 9:45:00 AM","2025-12-26"," 3:15:00 PM","PE","25950","Sell","65","24.00","26.10","","-136.50"
"979","2025-12-29"," 9:45:00 AM","2025-12-29"," 3:15:00 PM","","","","","","","9.47","54.00"
"979.1","2025-12-29"," 9:45:00 AM","2025-12-29"," 3:15:00 PM","CE","85800","Sell","20","80.15","36.25","","878.00"
"979.2","2025-12-29"," 9:45:00 AM","2025-12-29"," 9:59:00 AM","PE","84700","Sell","20","82.40","123.60","","-824.00"
"980","2025-12-29"," 9:45:00 AM","2025-12-29"," 3:15:00 PM","","","","","","","9.47","156.00"
"980.1","2025-12-29"," 9:45:00 AM","2025-12-29"," 3:15:00 PM","CE","26200","Sell","65","17.20","5.05","","789.75"
"980.2","2025-12-29"," 9:45:00 AM","2025-12-29"," 9:59:00 AM","PE","26000","Sell","65","19.50","29.25","","-633.75"
"981","2025-12-30"," 9:45:00 AM","2025-12-30"," 3:15:00 PM","","","","","","","9.89","1266.00"
"981.1","2025-12-30"," 9:45:00 AM","2025-12-30"," 3:15:00 PM","CE","85300","Sell","20","82.85","54.50","","567.00"
"981.2","2025-12-30"," 9:45:00 AM","2025-12-30"," 3:15:00 PM","PE","84200","Sell","20","73.65","38.70","","699.00"
"982","2025-12-30"," 9:45:00 AM","2025-12-30"," 3:15:00 PM","","","","","","","9.89","1465.75"
"982.1","2025-12-30"," 9:45:00 AM","2025-12-30"," 3:15:00 PM","CE","26050","Sell","65","11.00","0.15","","705.25"
"982.2","2025-12-30"," 9:45:00 AM","2025-12-30"," 3:15:00 PM","PE","25850","Sell","65","11.75","0.05","","760.50"
"983","2025-12-31"," 9:45:00 AM","2025-12-31"," 3:15:00 PM","","","","","","","9.52","169.00"
"983.1","2025-12-31"," 9:45:00 AM","2025-12-31"," 10:42:00 AM","CE","85200","Sell","20","55.75","83.60","","-557.00"
"983.2","2025-12-31"," 9:45:00 AM","2025-12-31"," 3:15:00 PM","PE","84400","Sell","20","46.90","10.60","","726.00"
"984","2025-12-31"," 9:45:00 AM","2025-12-31"," 3:15:00 PM","","","","","","","9.52","425.75"
"984.1","2025-12-31"," 9:45:00 AM","2025-12-31"," 10:43:00 AM","CE","26250","Sell","65","27.35","41.05","","-890.50"
"984.2","2025-12-31"," 9:45:00 AM","2025-12-31"," 3:15:00 PM","PE","25800","Sell","65","34.15","13.90","","1316.25"
"985","2026-01-01"," 9:45:00 AM","2026-01-01"," 3:15:00 PM","","","","","","","9.31","303.00"
"985.1","2026-01-01"," 9:45:00 AM","2026-01-01"," 3:15:00 PM","CE","85600","Sell","20","34.45","0.15","","686.00"
"985.2","2026-01-01"," 9:45:00 AM","2026-01-01"," 9:59:00 AM","PE","85200","Sell","20","38.30","57.45","","-383.00"
"986","2026-01-01"," 9:45:00 AM","2026-01-01"," 3:15:00 PM","","","","","","","9.31","591.50"
"986.1","2026-01-01"," 9:45:00 AM","2026-01-01"," 3:15:00 PM","CE","26400","Sell","65","18.80","9.95","","575.25"
"986.2","2026-01-01"," 9:45:00 AM","2026-01-01"," 3:15:00 PM","PE","26000","Sell","65","27.35","27.10","","16.25"
"987","2026-01-02"," 9:45:00 AM","2026-01-02"," 3:15:00 PM","","","","","","","9.25","-24.00"
"987.1","2026-01-02"," 9:45:00 AM","2026-01-02"," 3:15:00 PM","CE","86300","Sell","20","96.45","119.30","","-457.00"
"987.2","2026-01-02"," 9:45:00 AM","2026-01-02"," 3:15:00 PM","PE","84900","Sell","20","93.70","72.05","","433.00"
"988","2026-01-02"," 9:45:00 AM","2026-01-02"," 3:15:00 PM","","","","","","","9.25","-48.75"
"988.1","2026-01-02"," 9:45:00 AM","2026-01-02"," 11:53:00 AM","CE","26400","Sell","65","23.15","34.70","","-750.75"
"988.2","2026-01-02"," 9:45:00 AM","2026-01-02"," 3:15:00 PM","PE","26100","Sell","65","23.60","12.80","","702.00"
"989","2026-01-05"," 9:45:00 AM","2026-01-05"," 1:30:00 PM","","","","","","","10.03","-842.00"
"989.1","2026-01-05"," 9:45:00 AM","2026-01-05"," 10:09:00 AM","CE","86200","Sell","20","84.20","126.30","","-842.00"
"989.2","2026-01-05"," 9:45:00 AM","2026-01-05"," 1:30:00 PM","PE","85000","Sell","20","89.75","89.75","","0.00"
"990","2026-01-05"," 9:45:00 AM","2026-01-05"," 1:51:00 PM","","","","","","","10.03","-578.50"
"990.1","2026-01-05"," 9:45:00 AM","2026-01-05"," 9:51:00 AM","CE","26400","Sell","65","17.80","26.70","","-578.50"
"990.2","2026-01-05"," 9:45:00 AM","2026-01-05"," 1:51:00 PM","PE","26150","Sell","65","20.05","20.05","","0.00"
"991","2026-01-06"," 9:45:00 AM","2026-01-06"," 11:17:00 AM","","","","","","","10.23","-788.00"
"991.1","2026-01-06"," 9:45:00 AM","2026-01-06"," 10:01:00 AM","CE","85800","Sell","20","78.80","118.20","","-788.00"
"991.2","2026-01-06"," 9:45:00 AM","2026-01-06"," 11:17:00 AM","PE","84700","Sell","20","83.45","83.45","","0.00"
"992","2026-01-06"," 9:45:00 AM","2026-01-06"," 11:18:00 AM","","","","","","","10.23","-315.25"
"992.1","2026-01-06"," 9:45:00 AM","2026-01-06"," 9:49:00 AM","CE","26300","Sell","65","9.55","14.40","","-315.25"
"992.2","2026-01-06"," 9:45:00 AM","2026-01-06"," 11:18:00 AM","PE","26100","Sell","65","9.25","9.25","","0.00"
"993","2026-01-07"," 9:45:00 AM","2026-01-07"," 12:44:00 PM","","","","","","","10.11","-553.00"
"993.1","2026-01-07"," 9:45:00 AM","2026-01-07"," 10:05:00 AM","CE","85300","Sell","20","55.35","83.00","","-553.00"
"993.2","2026-01-07"," 9:45:00 AM","2026-01-07"," 12:44:00 PM","PE","84500","Sell","20","56.40","56.40","","0.00"
"994","2026-01-07"," 9:45:00 AM","2026-01-07"," 12:44:00 PM","","","","","","","10.11","-1010.75"
"994.1","2026-01-07"," 9:45:00 AM","2026-01-07"," 10:15:00 AM","CE","26350","Sell","65","31.05","46.60","","-1010.75"
"994.2","2026-01-07"," 9:45:00 AM","2026-01-07"," 12:44:00 PM","PE","25900","Sell","65","30.20","30.20","","0.00"
"995","2026-01-08"," 9:45:00 AM","2026-01-08"," 3:15:00 PM","","","","","","","10.07","255.00"
"995.1","2026-01-08"," 9:45:00 AM","2026-01-08"," 3:15:00 PM","CE","85100","Sell","20","34.10","0.35","","675.00"
"995.2","2026-01-08"," 9:45:00 AM","2026-01-08"," 10:21:00 AM","PE","84600","Sell","20","42.00","63.00","","-420.00"
"996","2026-01-08"," 9:45:00 AM","2026-01-08"," 3:15:00 PM","","","","","","","10.07","185.25"
"996.1","2026-01-08"," 9:45:00 AM","2026-01-08"," 3:15:00 PM","CE","26300","Sell","65","25.00","9.15","","1030.25"
"996.2","2026-01-08"," 9:45:00 AM","2026-01-08"," 10:53:00 AM","PE","25900","Sell","65","26.00","39.00","","-845.00"
"997","2026-01-09"," 9:45:00 AM","2026-01-09"," 3:15:00 PM","","","","","","","10.63","-125.00"
"997.1","2026-01-09"," 9:45:00 AM","2026-01-09"," 3:15:00 PM","CE","85200","Sell","20","110.85","55.70","","1103.00"
"997.2","2026-01-09"," 9:45:00 AM","2026-01-09"," 10:58:00 AM","PE","83500","Sell","20","122.85","184.25","","-1228.00"
"998","2026-01-09"," 9:45:00 AM","2026-01-09"," 3:15:00 PM","","","","","","","10.63","360.75"
"998.1","2026-01-09"," 9:45:00 AM","2026-01-09"," 3:15:00 PM","CE","26100","Sell","65","31.15","12.55","","1209.00"
"998.2","2026-01-09"," 9:45:00 AM","2026-01-09"," 10:59:00 AM","PE","25700","Sell","65","26.05","39.10","","-848.25"
"999","2026-01-12"," 9:45:00 AM","2026-01-12"," 12:16:00 PM","","","","","","","11.83","-864.50"
"999.1","2026-01-12"," 9:45:00 AM","2026-01-12"," 12:16:00 PM","CE","25750","Sell","65","24.95","24.95","","0.00"
"999.2","2026-01-12"," 9:45:00 AM","2026-01-12"," 11:33:00 AM","PE","25400","Sell","65","26.65","39.95","","-864.50"
"1000","2026-01-12"," 9:45:00 AM","2026-01-12"," 3:15:00 PM","","","","","","","11.83","437.00"
"1000.1","2026-01-12"," 9:45:00 AM","2026-01-12"," 12:22:00 PM","CE","84100","Sell","20","117.40","176.10","","-1174.00"
"1000.2","2026-01-12"," 9:45:00 AM","2026-01-12"," 3:15:00 PM","PE","82400","Sell","20","133.70","53.15","","1611.00"
"1001","2026-01-13"," 9:45:00 AM","2026-01-13"," 9:57:00 AM","","","","","","","11.58","-533.00"
"1001.1","2026-01-13"," 9:45:00 AM","2026-01-13"," 9:47:00 AM","CE","25900","Sell","65","15.65","23.50","","-510.25"
"1001.2","2026-01-13"," 9:45:00 AM","2026-01-13"," 9:57:00 AM","PE","25600","Sell","65","18.75","19.10","","-22.75"
"1002","2026-01-13"," 9:45:00 AM","2026-01-13"," 3:15:00 PM","","","","","","","11.58","2625.00"
"1002.1","2026-01-13"," 9:45:00 AM","2026-01-13"," 3:15:00 PM","CE","84400","Sell","20","96.00","22.65","","1467.00"
"1002.2","2026-01-13"," 9:45:00 AM","2026-01-13"," 3:15:00 PM","PE","83000","Sell","20","89.80","31.90","","1158.00"
"1003","2026-01-14"," 9:45:00 AM","2026-01-14"," 10:11:00 AM","","","","","","","11.28","-435.00"
"1003.1","2026-01-14"," 9:45:00 AM","2026-01-14"," 9:56:00 AM","CE","83900","Sell","20","43.50","65.25","","-435.00"
"1003.2","2026-01-14"," 9:45:00 AM","2026-01-14"," 10:11:00 AM","PE","83200","Sell","20","53.10","53.10","","0.00"
"1004","2026-01-14"," 9:45:00 AM","2026-01-14"," 3:15:00 PM","","","","","","","11.28","617.50"
"1004.1","2026-01-14"," 9:45:00 AM","2026-01-14"," 3:15:00 PM","CE","26000","Sell","65","38.50","29.35","","594.75"
"1004.2","2026-01-14"," 9:45:00 AM","2026-01-14"," 3:15:00 PM","PE","25400","Sell","65","38.20","37.85","","22.75"
"1005","2026-01-16"," 9:45:00 AM","2026-01-16"," 12:31:00 PM","","","","","","","11.20","-1294.00"
"1005.1","2026-01-16"," 9:45:00 AM","2026-01-16"," 10:16:00 AM","CE","84700","Sell","20","129.45","194.15","","-1294.00"
"1005.2","2026-01-16"," 9:45:00 AM","2026-01-16"," 12:31:00 PM","PE","82800","Sell","20","129.20","129.20","","0.00"
"1006","2026-01-16"," 9:45:00 AM","2026-01-16"," 12:31:00 PM","","","","","","","11.20","-848.25"
"1006.1","2026-01-16"," 9:45:00 AM","2026-01-16"," 10:14:00 AM","CE","26000","Sell","65","26.05","39.10","","-848.25"
"1006.2","2026-01-16"," 9:45:00 AM","2026-01-16"," 12:31:00 PM","PE","25500","Sell","65","28.25","28.25","","0.00"
"1007","2026-01-19"," 9:45:00 AM","2026-01-19"," 11:04:00 AM","","","","","","","11.94","-880.75"
"1007.1","2026-01-19"," 9:45:00 AM","2026-01-19"," 11:04:00 AM","CE","25750","Sell","65","23.60","23.60","","0.00"
"1007.2","2026-01-19"," 9:45:00 AM","2026-01-19"," 10:02:00 AM","PE","25400","Sell","65","27.15","40.70","","-880.75"
"1008","2026-01-19"," 9:45:00 AM","2026-01-19"," 3:15:00 PM","","","","","","","11.94","695.00"
"1008.1","2026-01-19"," 9:45:00 AM","2026-01-19"," 3:15:00 PM","CE","84100","Sell","20","102.65","97.00","","113.00"
"1008.2","2026-01-19"," 9:45:00 AM","2026-01-19"," 3:15:00 PM","PE","82400","Sell","20","126.05","96.95","","582.00"
"1009","2026-01-20"," 9:45:00 AM","2026-01-20"," 10:05:00 AM","","","","","","","12.27","-526.50"
"1009.1","2026-01-20"," 9:45:00 AM","2026-01-20"," 10:05:00 AM","CE","25600","Sell","65","19.15","19.15","","0.00"
"1009.2","2026-01-20"," 9:45:00 AM","2026-01-20"," 9:55:00 AM","PE","25350","Sell","65","16.20","24.30","","-526.50"
"1010","2026-01-20"," 9:45:00 AM","2026-01-20"," 3:15:00 PM","","","","","","","12.27","413.00"
"1010.1","2026-01-20"," 9:45:00 AM","2026-01-20"," 3:15:00 PM","CE","83800","Sell","20","95.50","21.20","","1486.00"
"1010.2","2026-01-20"," 9:45:00 AM","2026-01-20"," 2:43:00 PM","PE","82200","Sell","20","107.35","161.00","","-1073.00"
"1011","2026-01-21"," 9:45:00 AM","2026-01-21"," 12:20:00 PM","","","","","","","13.09","-847.00"
"1011.1","2026-01-21"," 9:45:00 AM","2026-01-21"," 12:20:00 PM","CE","82700","Sell","20","88.50","88.50","","0.00"
"1011.2","2026-01-21"," 9:45:00 AM","2026-01-21"," 10:24:00 AM","PE","81400","Sell","20","84.70","127.05","","-847.00"
"1012","2026-01-21"," 9:45:00 AM","2026-01-21"," 12:20:00 PM","","","","","","","13.09","-1576.25"
"1012.1","2026-01-21"," 9:45:00 AM","2026-01-21"," 12:20:00 PM","CE","25550","Sell","65","44.80","45.00","","-13.00"
"1012.2","2026-01-21"," 9:45:00 AM","2026-01-21"," 10:27:00 AM","PE","24900","Sell","65","48.15","72.20","","-1563.25"
"1013","2026-01-22"," 9:45:00 AM","2026-01-22"," 3:15:00 PM","","","","","","","13.63","492.00"
"1013.1","2026-01-22"," 9:45:00 AM","2026-01-22"," 3:15:00 PM","CE","83200","Sell","20","61.85","0.45","","1228.00"
"1013.2","2026-01-22"," 9:45:00 AM","2026-01-22"," 10:28:00 AM","PE","82100","Sell","20","73.60","110.40","","-736.00"
"1014","2026-01-22"," 9:45:00 AM","2026-01-22"," 3:15:00 PM","","","","","","","13.63","-130.00"
"1014.1","2026-01-22"," 9:45:00 AM","2026-01-22"," 3:15:00 PM","CE","25750","Sell","65","37.35","14.50","","1485.25"
"1014.2","2026-01-22"," 9:45:00 AM","2026-01-22"," 11:01:00 AM","PE","25050","Sell","65","49.70","74.55","","-1615.25"
"1015","2026-01-23"," 9:45:00 AM","2026-01-23"," 3:15:00 PM","","","","","","","13.66","-103.00"
"1015.1","2026-01-23"," 9:45:00 AM","2026-01-23"," 3:15:00 PM","CE","83500","Sell","20","151.35","73.95","","1548.00"
"1015.2","2026-01-23"," 9:45:00 AM","2026-01-23"," 1:31:00 PM","PE","81200","Sell","20","165.15","247.70","","-1651.00"
"1016","2026-01-23"," 9:45:00 AM","2026-01-23"," 3:15:00 PM","","","","","","","13.66","230.75"
"1016.1","2026-01-23"," 9:45:00 AM","2026-01-23"," 3:15:00 PM","CE","25550","Sell","65","33.40","10.75","","1472.25"
"1016.2","2026-01-23"," 9:45:00 AM","2026-01-23"," 1:21:00 PM","PE","25050","Sell","65","38.20","57.30","","-1241.50"
"1017","2026-01-27"," 9:45:00 AM","2026-01-27"," 3:15:00 PM","","","","","","","15.31","-12.00"
"1017.1","2026-01-27"," 9:45:00 AM","2026-01-27"," 3:15:00 PM","CE","83000","Sell","20","146.00","67.05","","1579.00"
"1017.2","2026-01-27"," 9:45:00 AM","2026-01-27"," 10:45:00 AM","PE","80800","Sell","20","159.10","238.65","","-1591.00"
"1018","2026-01-27"," 9:45:00 AM","2026-01-27"," 3:15:00 PM","","","","","","","15.31","643.50"
"1018.1","2026-01-27"," 9:45:00 AM","2026-01-27"," 3:15:00 PM","CE","25350","Sell","65","21.50","0.15","","1387.75"
"1018.2","2026-01-27"," 9:45:00 AM","2026-01-27"," 10:42:00 AM","PE","24950","Sell","65","22.85","34.30","","-744.25"
"1019","2026-01-28"," 9:45:00 AM","2026-01-28"," 3:15:00 PM","","","","","","","14.22","-111.00"
"1019.1","2026-01-28"," 9:45:00 AM","2026-01-28"," 3:15:00 PM","CE","83000","Sell","20","103.00","58.80","","884.00"
"1019.2","2026-01-28"," 9:45:00 AM","2026-01-28"," 1:49:00 PM","PE","81500","Sell","20","99.45","149.20","","-995.00"
"1020","2026-01-28"," 9:45:00 AM","2026-01-28"," 3:15:00 PM","","","","","","","14.22","2294.50"
"1020.1","2026-01-28"," 9:45:00 AM","2026-01-28"," 3:15:00 PM","CE","25800","Sell","65","69.80","56.75","","848.25"
"1020.2","2026-01-28"," 9:45:00 AM","2026-01-28"," 3:15:00 PM","PE","24800","Sell","65","75.90","53.65","","1446.25"
"1021","2026-01-29"," 9:45:00 AM","2026-01-29"," 10:14:00 AM","","","","","","","13.80","-565.00"
"1021.1","2026-01-29"," 9:45:00 AM","2026-01-29"," 10:14:00 AM","CE","82400","Sell","20","61.70","61.70","","0.00"
"1021.2","2026-01-29"," 9:45:00 AM","2026-01-29"," 9:56:00 AM","PE","81400","Sell","20","56.55","84.80","","-565.00"
"1022","2026-01-29"," 9:45:00 AM","2026-01-29"," 3:15:00 PM","","","","","","","13.80","217.75"
"1022.1","2026-01-29"," 9:45:00 AM","2026-01-29"," 1:34:00 PM","CE","25650","Sell","65","61.00","91.50","","-1982.50"
"1022.2","2026-01-29"," 9:45:00 AM","2026-01-29"," 3:15:00 PM","PE","24800","Sell","65","66.10","32.25","","2200.25"
"1023","2026-01-30"," 9:45:00 AM","2026-01-30"," 3:15:00 PM","","","","","","","13.70","290.00"
"1023.1","2026-01-30"," 9:45:00 AM","2026-01-30"," 3:15:00 PM","CE","83800","Sell","20","212.35","229.70","","-347.00"
"1023.2","2026-01-30"," 9:45:00 AM","2026-01-30"," 3:15:00 PM","PE","80700","Sell","20","226.30","194.45","","637.00"
"1024","2026-01-30"," 9:45:00 AM","2026-01-30"," 3:15:00 PM","","","","","","","13.70","107.25"
"1024.1","2026-01-30"," 9:45:00 AM","2026-01-30"," 3:15:00 PM","CE","25750","Sell","65","53.35","60.25","","-448.50"
"1024.2","2026-01-30"," 9:45:00 AM","2026-01-30"," 3:15:00 PM","PE","24900","Sell","65","64.05","55.50","","555.75"
"1025","2026-02-02"," 9:45:00 AM","2026-02-02"," 3:15:00 PM","","","","","","","15.39","3349.00"
"1025.1","2026-02-02"," 9:45:00 AM","2026-02-02"," 3:15:00 PM","CE","82500","Sell","20","184.10","178.40","","114.00"
"1025.2","2026-02-02"," 9:45:00 AM","2026-02-02"," 3:15:00 PM","PE","79400","Sell","20","214.70","52.95","","3235.00"
"1026","2026-02-02"," 9:45:00 AM","2026-02-02"," 3:15:00 PM","","","","","","","15.39","2629.25"
"1026.1","2026-02-02"," 9:45:00 AM","2026-02-02"," 3:15:00 PM","CE","25150","Sell","65","48.75","55.25","","-422.50"
"1026.2","2026-02-02"," 9:45:00 AM","2026-02-02"," 3:15:00 PM","PE","24500","Sell","65","53.50","6.55","","3051.75"
"1027","2026-02-03"," 9:45:00 AM","2026-02-03"," 9:49:00 AM","","","","","","","14.60","-1140.75"
"1027.1","2026-02-03"," 9:45:00 AM","2026-02-03"," 9:49:00 AM","CE","25950","Sell","65","37.85","37.85","","0.00"
"1027.2","2026-02-03"," 9:45:00 AM","2026-02-03"," 9:48:00 AM","PE","25500","Sell","65","35.15","52.70","","-1140.75"
"1028","2026-02-03"," 9:45:00 AM","2026-02-03"," 3:15:00 PM","","","","","","","14.60","4560.00"
"1028.1","2026-02-03"," 9:45:00 AM","2026-02-03"," 3:15:00 PM","CE","85200","Sell","20","180.65","72.50","","2163.00"
"1028.2","2026-02-03"," 9:45:00 AM","2026-02-03"," 3:15:00 PM","PE","82400","Sell","20","198.30","78.45","","2397.00"
"1029","2026-02-04"," 9:45:00 AM","2026-02-04"," 3:15:00 PM","","","","","","","12.84","1778.00"
"1029.1","2026-02-04"," 9:45:00 AM","2026-02-04"," 3:15:00 PM","CE","84500","Sell","20","101.55","58.75","","856.00"
"1029.2","2026-02-04"," 9:45:00 AM","2026-02-04"," 3:15:00 PM","PE","83100","Sell","20","103.45","57.35","","922.00"
"1030","2026-02-04"," 9:45:00 AM","2026-02-04"," 3:15:00 PM","","","","","","","12.84","1475.50"
"1030.1","2026-02-04"," 9:45:00 AM","2026-02-04"," 3:15:00 PM","CE","26200","Sell","65","46.75","35.90","","705.25"
"1030.2","2026-02-04"," 9:45:00 AM","2026-02-04"," 3:15:00 PM","PE","25400","Sell","65","55.45","43.60","","770.25"
"1031","2026-02-05"," 9:45:00 AM","2026-02-05"," 3:15:00 PM","","","","","","","12.37","2146.00"
"1031.1","2026-02-05"," 9:45:00 AM","2026-02-05"," 3:15:00 PM","CE","83900","Sell","20","52.30","0.20","","1042.00"
"1031.2","2026-02-05"," 9:45:00 AM","2026-02-05"," 3:15:00 PM","PE","83000","Sell","20","55.60","0.40","","1104.00"
"1032","2026-02-05"," 9:45:00 AM","2026-02-05"," 3:15:00 PM","","","","","","","12.37","1231.75"
"1032.1","2026-02-05"," 9:45:00 AM","2026-02-05"," 3:15:00 PM","CE","26000","Sell","65","40.10","31.45","","562.25"
"1032.2","2026-02-05"," 9:45:00 AM","2026-02-05"," 3:15:00 PM","PE","25350","Sell","65","47.20","36.90","","669.50"
"1033","2026-02-06"," 9:45:00 AM","2026-02-06"," 3:15:00 PM","","","","","","","12.24","83.00"
"1033.1","2026-02-06"," 9:45:00 AM","2026-02-06"," 3:15:00 PM","CE","84200","Sell","20","136.80","197.70","","-1218.00"
"1033.2","2026-02-06"," 9:45:00 AM","2026-02-06"," 3:15:00 PM","PE","82000","Sell","20","152.20","87.15","","1301.00"
"1034","2026-02-06"," 9:45:00 AM","2026-02-06"," 3:15:00 PM","","","","","","","12.24","22.75"
"1034.1","2026-02-06"," 9:45:00 AM","2026-02-06"," 11:39:00 AM","CE","25800","Sell","65","37.55","56.30","","-1218.75"
"1034.2","2026-02-06"," 9:45:00 AM","2026-02-06"," 3:15:00 PM","PE","25300","Sell","65","38.05","18.95","","1241.50"
"1035","2026-02-09"," 9:45:00 AM","2026-02-09"," 3:15:00 PM","","","","","","","12.25","186.00"
"1035.1","2026-02-09"," 9:45:00 AM","2026-02-09"," 3:15:00 PM","CE","84800","Sell","20","108.30","120.80","","-250.00"
"1035.2","2026-02-09"," 9:45:00 AM","2026-02-09"," 3:15:00 PM","PE","83100","Sell","20","129.05","107.25","","436.00"
"1036","2026-02-09"," 9:45:00 AM","2026-02-09"," 3:15:00 PM","","","","","","","12.25","279.50"
"1036.1","2026-02-09"," 9:45:00 AM","2026-02-09"," 3:15:00 PM","CE","26000","Sell","65","24.20","26.90","","-175.50"
"1036.2","2026-02-09"," 9:45:00 AM","2026-02-09"," 3:15:00 PM","PE","25600","Sell","65","23.35","16.35","","455.00"
"1037","2026-02-10"," 9:45:00 AM","2026-02-10"," 3:15:00 PM","","","","","","","11.92","1372.00"
"1037.1","2026-02-10"," 9:45:00 AM","2026-02-10"," 3:15:00 PM","CE","85100","Sell","20","83.95","46.25","","754.00"
"1037.2","2026-02-10"," 9:45:00 AM","2026-02-10"," 3:15:00 PM","PE","83600","Sell","20","109.25","78.35","","618.00"
"1038","2026-02-10"," 9:45:00 AM","2026-02-10"," 3:15:00 PM","","","","","","","11.92","1959.75"
"1038.1","2026-02-10"," 9:45:00 AM","2026-02-10"," 3:15:00 PM","CE","26050","Sell","65","14.50","0.10","","936.00"
"1038.2","2026-02-10"," 9:45:00 AM","2026-02-10"," 3:15:00 PM","PE","25850","Sell","65","15.85","0.10","","1023.75"
"1039","2026-02-11"," 9:45:00 AM","2026-02-11"," 3:15:00 PM","","","","","","","11.61","735.00"
"1039.1","2026-02-11"," 9:45:00 AM","2026-02-11"," 3:15:00 PM","CE","84800","Sell","20","60.65","41.60","","381.00"
"1039.2","2026-02-11"," 9:45:00 AM","2026-02-11"," 3:15:00 PM","PE","83800","Sell","20","81.80","64.10","","354.00"
"1040","2026-02-11"," 9:45:00 AM","2026-02-11"," 3:15:00 PM","","","","","","","11.61","559.00"
"1040.1","2026-02-11"," 9:45:00 AM","2026-02-11"," 3:15:00 PM","CE","26250","Sell","65","34.70","29.55","","334.75"
"1040.2","2026-02-11"," 9:45:00 AM","2026-02-11"," 3:15:00 PM","PE","25700","Sell","65","43.60","40.15","","224.25"
"1041","2026-02-12"," 9:45:00 AM","2026-02-12"," 3:15:00 PM","","","","","","","11.73","475.00"
"1041.1","2026-02-12"," 9:45:00 AM","2026-02-12"," 3:15:00 PM","CE","84200","Sell","20","48.90","0.30","","972.00"
"1041.2","2026-02-12"," 9:45:00 AM","2026-02-12"," 2:50:00 PM","PE","83600","Sell","20","49.75","74.60","","-497.00"
"1042","2026-02-12"," 9:45:00 AM","2026-02-12"," 3:15:00 PM","","","","","","","11.73","711.75"
"1042.1","2026-02-12"," 9:45:00 AM","2026-02-12"," 3:15:00 PM","CE","26100","Sell","65","37.30","26.65","","692.25"
"1042.2","2026-02-12"," 9:45:00 AM","2026-02-12"," 3:15:00 PM","PE","25600","Sell","65","35.75","35.45","","19.50"
"1043","2026-02-13"," 9:45:00 AM","2026-02-13"," 3:15:00 PM","","","","","","","12.19","-1288.00"
"1043.1","2026-02-13"," 9:45:00 AM","2026-02-13"," 3:15:00 PM","CE","84000","Sell","20","127.45","121.90","","111.00"
"1043.2","2026-02-13"," 9:45:00 AM","2026-02-13"," 3:01:00 PM","PE","82000","Sell","20","139.95","209.90","","-1399.00"
"1044","2026-02-13"," 9:45:00 AM","2026-02-13"," 3:15:00 PM","","","","","","","12.19","-757.25"
"1044.1","2026-02-13"," 9:45:00 AM","2026-02-13"," 3:15:00 PM","CE","25800","Sell","65","33.90","28.40","","357.50"
"1044.2","2026-02-13"," 9:45:00 AM","2026-02-13"," 3:01:00 PM","PE","25350","Sell","65","34.30","51.45","","-1114.75"
"1045","2026-02-16"," 9:45:00 AM","2026-02-16"," 3:15:00 PM","","","","","","","13.57","196.00"
"1045.1","2026-02-16"," 9:45:00 AM","2026-02-16"," 10:13:00 AM","CE","83600","Sell","20","116.00","174.00","","-1160.00"
"1045.2","2026-02-16"," 9:45:00 AM","2026-02-16"," 3:15:00 PM","PE","81700","Sell","20","143.25","75.45","","1356.00"
"1046","2026-02-16"," 9:45:00 AM","2026-02-16"," 3:15:00 PM","","","","","","","13.57","-84.50"
"1046.1","2026-02-16"," 9:45:00 AM","2026-02-16"," 10:03:00 AM","CE","25650","Sell","65","24.85","37.30","","-809.25"
"1046.2","2026-02-16"," 9:45:00 AM","2026-02-16"," 3:15:00 PM","PE","25250","Sell","65","24.30","13.15","","724.75"
"1047","2026-02-17"," 9:45:00 AM","2026-02-17"," 10:48:00 AM","","","","","","","13.10","-949.00"
"1047.1","2026-02-17"," 9:45:00 AM","2026-02-17"," 10:27:00 AM","CE","84000","Sell","20","94.95","142.40","","-949.00"
"1047.2","2026-02-17"," 9:45:00 AM","2026-02-17"," 10:48:00 AM","PE","82500","Sell","20","117.80","117.80","","0.00"
"1048","2026-02-17"," 9:45:00 AM","2026-02-17"," 3:15:00 PM","","","","","","","13.10","169.00"
"1048.1","2026-02-17"," 9:45:00 AM","2026-02-17"," 10:20:00 AM","CE","25750","Sell","65","18.30","27.45","","-594.75"
"1048.2","2026-02-17"," 9:45:00 AM","2026-02-17"," 3:15:00 PM","PE","25500","Sell","65","11.85","0.10","","763.75"
"1049","2026-02-18"," 9:45:00 AM","2026-02-18"," 2:14:00 PM","","","","","","","12.36","-1355.25"
"1049.1","2026-02-18"," 9:45:00 AM","2026-02-18"," 2:14:00 PM","CE","26050","Sell","65","34.95","34.95","","0.00"
"1049.2","2026-02-18"," 9:45:00 AM","2026-02-18"," 9:57:00 AM","PE","25450","Sell","65","41.65","62.50","","-1355.25"
"1050","2026-02-18"," 9:45:00 AM","2026-02-18"," 2:16:00 PM","","","","","","","12.36","-745.00"
"1050.1","2026-02-18"," 9:45:00 AM","2026-02-18"," 2:16:00 PM","CE","84000","Sell","20","63.65","63.65","","0.00"
"1050.2","2026-02-18"," 9:45:00 AM","2026-02-18"," 9:56:00 AM","PE","83000","Sell","20","74.45","111.70","","-745.00"
"1051","2026-02-19"," 9:45:00 AM","2026-02-19"," 3:15:00 PM","","","","","","","12.20","545.00"
"1051.1","2026-02-19"," 9:45:00 AM","2026-02-19"," 3:15:00 PM","CE","83900","Sell","20","50.65","0.15","","1010.00"
"1051.2","2026-02-19"," 9:45:00 AM","2026-02-19"," 10:28:00 AM","PE","83300","Sell","20","46.55","69.80","","-465.00"
"1052","2026-02-19"," 9:45:00 AM","2026-02-19"," 3:15:00 PM","","","","","","","12.20","-195.00"
"1052.1","2026-02-19"," 9:45:00 AM","2026-02-19"," 3:15:00 PM","CE","26050","Sell","65","31.70","16.00","","1020.50"
"1052.2","2026-02-19"," 9:45:00 AM","2026-02-19"," 10:38:00 AM","PE","25500","Sell","65","37.40","56.10","","-1215.50"
"1053","2026-02-20"," 9:45:00 AM","2026-02-20"," 1:11:00 PM","","","","","","","14.28","-1524.00"
"1053.1","2026-02-20"," 9:45:00 AM","2026-02-20"," 10:27:00 AM","CE","83800","Sell","20","152.40","228.60","","-1524.00"
"1053.2","2026-02-20"," 9:45:00 AM","2026-02-20"," 1:11:00 PM","PE","81300","Sell","20","170.70","170.70","","0.00"
"1054","2026-02-20"," 9:45:00 AM","2026-02-20"," 1:12:00 PM","","","","","","","14.28","-1283.75"
"1054.1","2026-02-20"," 9:45:00 AM","2026-02-20"," 10:23:00 AM","CE","25750","Sell","65","39.50","59.25","","-1283.75"
"1054.2","2026-02-20"," 9:45:00 AM","2026-02-20"," 1:12:00 PM","PE","25200","Sell","65","45.00","45.00","","0.00"
"1055","2026-02-23"," 9:45:00 AM","2026-02-23"," 3:15:00 PM","","","","","","","14.34","580.00"
"1055.1","2026-02-23"," 9:45:00 AM","2026-02-23"," 3:15:00 PM","CE","84400","Sell","20","139.50","105.15","","687.00"
"1055.2","2026-02-23"," 9:45:00 AM","2026-02-23"," 3:15:00 PM","PE","82300","Sell","20","168.10","173.45","","-107.00"
"1056","2026-02-23"," 9:45:00 AM","2026-02-23"," 3:15:00 PM","","","","","","","14.34","-263.25"
"1056.1","2026-02-23"," 9:45:00 AM","2026-02-23"," 3:15:00 PM","CE","25950","Sell","65","28.65","15.35","","864.50"
"1056.2","2026-02-23"," 9:45:00 AM","2026-02-23"," 10:45:00 AM","PE","25500","Sell","65","34.65","52.00","","-1127.75"
"1057","2026-02-24"," 9:45:00 AM","2026-02-24"," 3:15:00 PM","","","","","","","14.12","28.00"
"1057.1","2026-02-24"," 9:45:00 AM","2026-02-24"," 3:15:00 PM","CE","83600","Sell","20","125.55","47.80","","1555.00"
"1057.2","2026-02-24"," 9:45:00 AM","2026-02-24"," 1:31:00 PM","PE","81600","Sell","20","152.75","229.10","","-1527.00"
"1058","2026-02-24"," 9:45:00 AM","2026-02-24"," 3:15:00 PM","","","","","","","14.12","637.00"
"1058.1","2026-02-24"," 9:45:00 AM","2026-02-24"," 3:15:00 PM","CE","25650","Sell","65","19.00","0.15","","1225.25"
"1058.2","2026-02-24"," 9:45:00 AM","2026-02-24"," 1:31:00 PM","PE","25350","Sell","65","18.05","27.10","","-588.25"
"1059","2026-02-25"," 9:45:00 AM","2026-02-25"," 12:33:00 PM","","","","","","","13.25","-896.00"
"1059.1","2026-02-25"," 9:45:00 AM","2026-02-25"," 10:16:00 AM","CE","83300","Sell","20","89.60","134.40","","-896.00"
"1059.2","2026-02-25"," 9:45:00 AM","2026-02-25"," 12:33:00 PM","PE","82100","Sell","20","89.65","89.65","","0.00"
"1060","2026-02-25"," 9:45:00 AM","2026-02-25"," 12:35:00 PM","","","","","","","13.25","-1290.25"
"1060.1","2026-02-25"," 9:45:00 AM","2026-02-25"," 10:18:00 AM","CE","25900","Sell","65","39.70","59.55","","-1290.25"
"1060.2","2026-02-25"," 9:45:00 AM","2026-02-25"," 12:35:00 PM","PE","25250","Sell","65","45.85","45.85","","0.00"
"1061","2026-02-26"," 9:45:00 AM","2026-02-26"," 10:11:00 AM","","","","","","","13.16","-604.00"
"1061.1","2026-02-26"," 9:45:00 AM","2026-02-26"," 10:11:00 AM","CE","82900","Sell","20","55.75","55.90","","-3.00"
"1061.2","2026-02-26"," 9:45:00 AM","2026-02-26"," 9:55:00 AM","PE","82100","Sell","20","60.10","90.15","","-601.00"
"1062","2026-02-26"," 9:45:00 AM","2026-02-26"," 3:15:00 PM","","","","","","","13.16","-435.50"
"1062.1","2026-02-26"," 9:45:00 AM","2026-02-26"," 3:15:00 PM","CE","25850","Sell","65","35.40","19.35","","1043.25"
"1062.2","2026-02-26"," 9:45:00 AM","2026-02-26"," 11:46:00 AM","PE","25300","Sell","65","45.45","68.20","","-1478.75"
"1063","2026-02-27"," 9:45:00 AM","2026-02-27"," 3:15:00 PM","","","","","","","13.46","-411.00"
"1063.1","2026-02-27"," 9:45:00 AM","2026-02-27"," 3:15:00 PM","CE","83000","Sell","20","156.20","92.50","","1274.00"
"1063.2","2026-02-27"," 9:45:00 AM","2026-02-27"," 3:02:00 PM","PE","80700","Sell","20","168.50","252.75","","-1685.00"
"1064","2026-02-27"," 9:45:00 AM","2026-02-27"," 3:15:00 PM","","","","","","","13.46","42.25"
"1064.1","2026-02-27"," 9:45:00 AM","2026-02-27"," 3:15:00 PM","CE","25600","Sell","65","31.25","14.20","","1108.25"
"1064.2","2026-02-27"," 9:45:00 AM","2026-02-27"," 10:22:00 AM","PE","25100","Sell","65","32.80","49.20","","-1066.00"
"1065","2026-03-02"," 9:45:00 AM","2026-03-02"," 3:15:00 PM","","","","","","","15.85","-582.00"
"1065.1","2026-03-02"," 9:45:00 AM","2026-03-02"," 3:15:00 PM","CE","81900","Sell","20","168.40","85.95","","1649.00"
"1065.2","2026-03-02"," 9:45:00 AM","2026-03-02"," 12:39:00 PM","PE","79000","Sell","20","223.05","334.60","","-2231.00"
"1066","2026-03-02"," 9:45:00 AM","2026-03-02"," 3:15:00 PM","","","","","","","15.85","315.25"
"1066.1","2026-03-02"," 9:45:00 AM","2026-03-02"," 3:15:00 PM","CE","25150","Sell","65","23.10","0.15","","1491.75"
"1066.2","2026-03-02"," 9:45:00 AM","2026-03-02"," 12:01:00 PM","PE","24750","Sell","65","36.20","54.30","","-1176.50"
"1067","2026-03-04"," 9:45:00 AM","2026-03-04"," 3:15:00 PM","","","","","","","20.35","-295.00"
"1067.1","2026-03-04"," 9:45:00 AM","2026-03-04"," 2:10:00 PM","CE","79900","Sell","20","150.35","225.50","","-1503.00"
"1067.2","2026-03-04"," 9:45:00 AM","2026-03-04"," 3:15:00 PM","PE","77300","Sell","20","206.80","146.40","","1208.00"
"1068","2026-03-04"," 9:45:00 AM","2026-03-04"," 3:15:00 PM","","","","","","","20.35","-2015.00"
"1068.1","2026-03-04"," 9:45:00 AM","2026-03-04"," 2:19:00 PM","CE","25050","Sell","65","74.15","111.20","","-2408.25"
"1068.2","2026-03-04"," 9:45:00 AM","2026-03-04"," 3:15:00 PM","PE","23650","Sell","65","113.05","107.00","","393.25"
"1069","2026-03-05"," 9:45:00 AM","2026-03-05"," 10:26:00 AM","","","","","","","19.00","-660.00"
"1069.1","2026-03-05"," 9:45:00 AM","2026-03-05"," 9:55:00 AM","CE","80000","Sell","20","66.00","99.00","","-660.00"
"1069.2","2026-03-05"," 9:45:00 AM","2026-03-05"," 10:26:00 AM","PE","78900","Sell","20","85.20","85.20","","0.00"
"1070","2026-03-06"," 9:45:00 AM","2026-03-06"," 3:15:00 PM","","","","","","","18.32","-1453.00"
"1070.1","2026-03-06"," 9:45:00 AM","2026-03-06"," 3:15:00 PM","CE","81500","Sell","20","211.20","143.00","","1364.00"
"1070.2","2026-03-06"," 9:45:00 AM","2026-03-06"," 2:01:00 PM","PE","77700","Sell","20","281.75","422.60","","-2817.00"
"1071","2026-03-06"," 9:45:00 AM","2026-03-06"," 3:15:00 PM","","","","","","","18.32","-500.50"
"1071.1","2026-03-06"," 9:45:00 AM","2026-03-06"," 3:15:00 PM","CE","25100","Sell","65","55.60","28.55","","1758.25"
"1071.2","2026-03-06"," 9:45:00 AM","2026-03-06"," 2:49:00 PM","PE","24150","Sell","65","69.55","104.30","","-2258.75"
"1072","2026-03-09"," 9:45:00 AM","2026-03-09"," 9:46:00 AM","","","","","","","24.36","-2776.00"
"1072.1","2026-03-09"," 9:45:00 AM","2026-03-09"," 9:46:00 AM","CE","78900","Sell","20","280.00","274.85","","103.00"
"1072.2","2026-03-09"," 9:45:00 AM","2026-03-09"," 9:46:00 AM","PE","74600","Sell","20","324.25","468.20","","-2879.00"
"1073","2026-03-09"," 9:45:00 AM","2026-03-09"," 3:15:00 PM","","","","","","","24.36","1199.25"
"1073.1","2026-03-09"," 9:45:00 AM","2026-03-09"," 1:34:00 PM","CE","24200","Sell","65","64.55","96.80","","-2096.25"
"1073.2","2026-03-09"," 9:45:00 AM","2026-03-09"," 3:15:00 PM","PE","23250","Sell","65","77.15","26.45","","3295.50"
"1074","2026-03-10"," 9:45:00 AM","2026-03-10"," 10:15:00 AM","","","","","","","20.41","-783.25"
"1074.1","2026-03-10"," 9:45:00 AM","2026-03-10"," 10:15:00 AM","CE","24350","Sell","65","23.15","23.15","","0.00"
"1074.2","2026-03-10"," 9:45:00 AM","2026-03-10"," 9:58:00 AM","PE","23950","Sell","65","24.15","36.20","","-783.25"
"1075","2026-03-10"," 9:45:00 AM","2026-03-10"," 3:15:00 PM","","","","","","","20.41","3587.00"
"1075.1","2026-03-10"," 9:45:00 AM","2026-03-10"," 3:15:00 PM","CE","79500","Sell","20","180.75","132.25","","970.00"
"1075.2","2026-03-10"," 9:45:00 AM","2026-03-10"," 3:15:00 PM","PE","76500","Sell","20","223.65","92.80","","2617.00"
"1076","2026-03-11"," 9:45:00 AM","2026-03-11"," 10:55:00 AM","","","","","","","19.10","-2502.50"
"1076.1","2026-03-11"," 9:45:00 AM","2026-03-11"," 10:55:00 AM","CE","24700","Sell","65","68.85","64.35","","292.50"
"1076.2","2026-03-11"," 9:45:00 AM","2026-03-11"," 10:47:00 AM","PE","23600","Sell","65","86.00","129.00","","-2795.00"
"1077","2026-03-11"," 9:45:00 AM","2026-03-11"," 3:15:00 PM","","","","","","","19.10","494.00"
"1077.1","2026-03-11"," 9:45:00 AM","2026-03-11"," 3:15:00 PM","CE","78900","Sell","20","120.80","24.45","","1927.00"
"1077.2","2026-03-11"," 9:45:00 AM","2026-03-11"," 10:11:00 AM","PE","77000","Sell","20","143.25","214.90","","-1433.00"
"1078","2026-03-12"," 9:45:00 AM","2026-03-12"," 3:15:00 PM","","","","","","","22.20","978.00"
"1078.1","2026-03-12"," 9:45:00 AM","2026-03-12"," 9:52:00 AM","CE","76600","Sell","20","79.00","118.50","","-790.00"
"1078.2","2026-03-12"," 9:45:00 AM","2026-03-12"," 3:15:00 PM","PE","75500","Sell","20","88.75","0.35","","1768.00"
"1079","2026-03-12"," 9:45:00 AM","2026-03-12"," 3:15:00 PM","","","","","","","22.20","2944.50"
"1079.1","2026-03-12"," 9:45:00 AM","2026-03-12"," 3:15:00 PM","CE","24200","Sell","65","76.90","64.40","","812.50"
"1079.2","2026-03-12"," 9:45:00 AM","2026-03-12"," 3:15:00 PM","PE","22950","Sell","65","95.15","62.35","","2132.00"
"1080","2026-03-13"," 9:45:00 AM","2026-03-13"," 3:15:00 PM","","","","","","","21.60","-1603.00"
"1080.1","2026-03-13"," 9:45:00 AM","2026-03-13"," 3:15:00 PM","CE","77500","Sell","20","255.60","179.40","","1524.00"
"1080.2","2026-03-13"," 9:45:00 AM","2026-03-13"," 12:32:00 PM","PE","73200","Sell","20","312.70","469.05","","-3127.00"
"1081","2026-03-13"," 9:45:00 AM","2026-03-13"," 3:15:00 PM","","","","","","","21.60","26.00"
"1081.1","2026-03-13"," 9:45:00 AM","2026-03-13"," 3:15:00 PM","CE","23900","Sell","65","67.50","31.30","","2353.00"
"1081.2","2026-03-13"," 9:45:00 AM","2026-03-13"," 12:23:00 PM","PE","22900","Sell","65","71.60","107.40","","-2327.00"
"1082","2026-03-16"," 9:45:00 AM","2026-03-16"," 11:25:00 AM","","","","","","","21.81","-1690.00"
"1082.1","2026-03-16"," 9:45:00 AM","2026-03-16"," 11:25:00 AM","CE","23600","Sell","65","51.15","51.15","","0.00"
"1082.2","2026-03-16"," 9:45:00 AM","2026-03-16"," 10:16:00 AM","PE","22850","Sell","65","52.05","78.05","","-1690.00"
"1083","2026-03-16"," 9:45:00 AM","2026-03-16"," 2:22:00 PM","","","","","","","21.81","-2737.00"
"1083.1","2026-03-16"," 9:45:00 AM","2026-03-16"," 2:22:00 PM","CE","76700","Sell","20","241.80","241.80","","0.00"
"1083.2","2026-03-16"," 9:45:00 AM","2026-03-16"," 10:21:00 AM","PE","72900","Sell","20","273.65","410.50","","-2737.00"
"1084","2026-03-17"," 9:45:00 AM","2026-03-17"," 11:26:00 AM","","","","","","","20.63","-793.00"
"1084.1","2026-03-17"," 9:45:00 AM","2026-03-17"," 9:59:00 AM","CE","23600","Sell","65","24.40","36.60","","-793.00"
"1084.2","2026-03-17"," 9:45:00 AM","2026-03-17"," 11:26:00 AM","PE","23250","Sell","65","21.10","21.10","","0.00"
"1085","2026-03-17"," 9:45:00 AM","2026-03-17"," 3:15:00 PM","","","","","","","20.63","2642.00"
"1085.1","2026-03-17"," 9:45:00 AM","2026-03-17"," 3:15:00 PM","CE","76900","Sell","20","180.40","172.00","","168.00"
"1085.2","2026-03-17"," 9:45:00 AM","2026-03-17"," 3:15:00 PM","PE","74200","Sell","20","201.60","77.90","","2474.00"
"1086","2026-03-18"," 9:45:00 AM","2026-03-18"," 10:19:00 AM","","","","","","","18.85","-1368.00"
"1086.1","2026-03-18"," 9:45:00 AM","2026-03-18"," 10:19:00 AM","CE","77300","Sell","20","106.70","106.70","","0.00"
"1086.2","2026-03-18"," 9:45:00 AM","2026-03-18"," 10:11:00 AM","PE","75600","Sell","20","136.80","205.20","","-1368.00"
"1087","2026-03-18"," 9:45:00 AM","2026-03-18"," 3:15:00 PM","","","","","","","18.85","-1004.25"
"1087.1","2026-03-18"," 9:45:00 AM","2026-03-18"," 11:42:00 AM","CE","24150","Sell","65","60.40","90.60","","-1963.00"
"1087.2","2026-03-18"," 9:45:00 AM","2026-03-18"," 3:15:00 PM","PE","23200","Sell","65","81.00","66.25","","958.75"
"1088","2026-03-19"," 9:45:00 AM","2026-03-19"," 3:15:00 PM","","","","","","","21.51","548.00"
"1088.1","2026-03-19"," 9:45:00 AM","2026-03-19"," 3:15:00 PM","CE","75700","Sell","20","71.80","0.25","","1431.00"
"1088.2","2026-03-19"," 9:45:00 AM","2026-03-19"," 2:49:00 PM","PE","74500","Sell","20","88.35","132.50","","-883.00"
"1089","2026-03-19"," 9:45:00 AM","2026-03-19"," 3:15:00 PM","","","","","","","21.51","-984.75"
"1089.1","2026-03-19"," 9:45:00 AM","2026-03-19"," 3:15:00 PM","CE","23700","Sell","65","65.40","39.50","","1683.50"
"1089.2","2026-03-19"," 9:45:00 AM","2026-03-19"," 2:13:00 PM","PE","22650","Sell","65","82.15","123.20","","-2668.25"
"1090","2026-03-20"," 9:45:00 AM","2026-03-20"," 3:15:00 PM","","","","","","","22.19","-1707.00"
"1090.1","2026-03-20"," 9:45:00 AM","2026-03-20"," 3:15:00 PM","CE","76900","Sell","20","247.70","181.90","","1316.00"
"1090.2","2026-03-20"," 9:45:00 AM","2026-03-20"," 2:51:00 PM","PE","72800","Sell","20","302.25","453.40","","-3023.00"
"1091","2026-03-20"," 9:45:00 AM","2026-03-20"," 3:15:00 PM","","","","","","","22.19","-1498.25"
"1091.1","2026-03-20"," 9:45:00 AM","2026-03-20"," 3:15:00 PM","CE","23750","Sell","65","61.60","45.00","","1079.00"
"1091.2","2026-03-20"," 9:45:00 AM","2026-03-20"," 2:51:00 PM","PE","22650","Sell","65","79.25","118.90","","-2577.25"
"1092","2026-03-23"," 9:45:00 AM","2026-03-23"," 1:42:00 PM","","","","","","","25.45","-2520.00"
"1092.1","2026-03-23"," 9:45:00 AM","2026-03-23"," 1:42:00 PM","CE","75100","Sell","20","230.00","208.05","","439.00"
"1092.2","2026-03-23"," 9:45:00 AM","2026-03-23"," 10:52:00 AM","PE","71200","Sell","20","295.90","443.85","","-2959.00"
"1093","2026-03-23"," 9:45:00 AM","2026-03-23"," 3:15:00 PM","","","","","","","25.45","-718.25"
"1093.1","2026-03-23"," 9:45:00 AM","2026-03-23"," 3:15:00 PM","CE","23150","Sell","65","51.85","26.40","","1654.25"
"1093.2","2026-03-23"," 9:45:00 AM","2026-03-23"," 10:14:00 AM","PE","22200","Sell","65","73.00","109.50","","-2372.50"
"1094","2026-03-24"," 9:45:00 AM","2026-03-24"," 12:24:00 PM","","","","","","","25.39","-890.50"
"1094.1","2026-03-24"," 9:45:00 AM","2026-03-24"," 12:24:00 PM","CE","22950","Sell","65","31.25","31.25","","0.00"
"1094.2","2026-03-24"," 9:45:00 AM","2026-03-24"," 10:38:00 AM","PE","22500","Sell","65","27.40","41.10","","-890.50"
"1095","2026-03-24"," 9:45:00 AM","2026-03-24"," 3:15:00 PM","","","","","","","25.39","720.00"
"1095.1","2026-03-24"," 9:45:00 AM","2026-03-24"," 12:27:00 PM","CE","74700","Sell","20","183.45","275.70","","-1845.00"
"1095.2","2026-03-24"," 9:45:00 AM","2026-03-24"," 3:15:00 PM","PE","72100","Sell","20","197.35","69.10","","2565.00"
"1096","2026-03-25"," 9:45:00 AM","2026-03-25"," 3:15:00 PM","","","","","","","24.54","748.00"
"1096.1","2026-03-25"," 9:45:00 AM","2026-03-25"," 10:43:00 AM","CE","75700","Sell","20","88.65","133.00","","-887.00"
"1096.2","2026-03-25"," 9:45:00 AM","2026-03-25"," 3:15:00 PM","PE","74500","Sell","20","82.00","0.25","","1635.00"
"1097","2026-03-25"," 9:45:00 AM","2026-03-25"," 3:15:00 PM","","","","","","","24.54","-1634.75"
"1097.1","2026-03-25"," 9:45:00 AM","2026-03-25"," 11:09:00 AM","CE","23850","Sell","65","77.00","115.50","","-2502.50"
"1097.2","2026-03-25"," 9:45:00 AM","2026-03-25"," 3:15:00 PM","PE","22600","Sell","65","97.95","84.60","","867.75"
"1098","2026-03-27"," 9:45:00 AM","2026-03-27"," 3:15:00 PM","","","","","","","26.47","29.00"
"1098.1","2026-03-27"," 9:45:00 AM","2026-03-27"," 3:15:00 PM","CE","76900","Sell","20","284.40","201.75","","1653.00"
"1098.2","2026-03-27"," 9:45:00 AM","2026-03-27"," 3:15:00 PM","PE","71600","Sell","20","409.30","490.50","","-1624.00"
"1099","2026-03-27"," 9:45:00 AM","2026-03-27"," 3:15:00 PM","","","","","","","26.47","2015.00"
"1099.1","2026-03-27"," 9:45:00 AM","2026-03-27"," 3:15:00 PM","CE","23550","Sell","65","64.00","27.45","","2375.75"
"1099.2","2026-03-27"," 9:45:00 AM","2026-03-27"," 3:15:00 PM","PE","22500","Sell","65","87.00","92.55","","-360.75"
"1100","2026-03-30"," 9:45:00 AM","2026-03-30"," 3:15:00 PM","","","","","","","28.34","2143.00"
"1100.1","2026-03-30"," 9:45:00 AM","2026-03-30"," 3:15:00 PM","CE","75100","Sell","20","267.90","96.55","","3427.00"
"1100.2","2026-03-30"," 9:45:00 AM","2026-03-30"," 3:15:00 PM","PE","70800","Sell","20","316.95","381.15","","-1284.00"
"1101","2026-03-30"," 9:45:00 AM","2026-03-30"," 3:15:00 PM","","","","","","","28.34","926.25"
"1101.1","2026-03-30"," 9:45:00 AM","2026-03-30"," 3:15:00 PM","CE","22900","Sell","65","34.30","0.10","","2223.00"
"1101.2","2026-03-30"," 9:45:00 AM","2026-03-30"," 11:10:00 AM","PE","22400","Sell","65","39.85","59.80","","-1296.75"
"1102","2026-04-01"," 9:45:00 AM","2026-04-01"," 3:15:00 PM","","","","","","","25.14","414.00"
"1102.1","2026-04-01"," 9:45:00 AM","2026-04-01"," 3:15:00 PM","CE","74800","Sell","20","165.20","62.95","","2045.00"
"1102.2","2026-04-01"," 9:45:00 AM","2026-04-01"," 1:42:00 PM","PE","72600","Sell","20","163.15","244.70","","-1631.00"
"1103","2026-04-01"," 9:45:00 AM","2026-04-01"," 3:15:00 PM","","","","","","","25.14","575.25"
"1103.1","2026-04-01"," 9:45:00 AM","2026-04-01"," 3:15:00 PM","CE","23500","Sell","65","84.90","55.80","","1891.50"
"1103.2","2026-04-01"," 9:45:00 AM","2026-04-01"," 3:15:00 PM","PE","22150","Sell","65","99.10","119.35","","-1316.25"
"1104","2026-04-02"," 9:45:00 AM","2026-04-02"," 3:15:00 PM","","","","","","","26.09","901.00"
"1104.1","2026-04-02"," 9:45:00 AM","2026-04-02"," 12:38:00 PM","CE","72300","Sell","20","85.00","127.50","","-850.00"
"1104.2","2026-04-02"," 9:45:00 AM","2026-04-02"," 3:15:00 PM","PE","71200","Sell","20","87.95","0.40","","1751.00"
"1105","2026-04-02"," 9:45:00 AM","2026-04-02"," 3:15:00 PM","","","","","","","26.09","1725.75"
"1105.1","2026-04-02"," 9:45:00 AM","2026-04-02"," 1:29:00 PM","CE","22900","Sell","65","79.30","118.95","","-2577.25"
"1105.2","2026-04-02"," 9:45:00 AM","2026-04-02"," 3:15:00 PM","PE","21600","Sell","65","98.00","31.80","","4303.00"
"1106","2026-04-06"," 9:45:00 AM","2026-04-06"," 3:15:00 PM","","","","","","","26.32","147.00"
"1106.1","2026-04-06"," 9:45:00 AM","2026-04-06"," 12:51:00 PM","CE","75000","Sell","20","245.80","368.70","","-2458.00"
"1106.2","2026-04-06"," 9:45:00 AM","2026-04-06"," 3:15:00 PM","PE","70800","Sell","20","317.00","186.75","","2605.00"
"1107","2026-04-06"," 9:45:00 AM","2026-04-06"," 3:15:00 PM","","","","","","","26.32","702.00"
"1107.1","2026-04-06"," 9:45:00 AM","2026-04-06"," 12:52:00 PM","CE","23050","Sell","65","61.25","91.90","","-1992.25"
"1107.2","2026-04-06"," 9:45:00 AM","2026-04-06"," 3:15:00 PM","PE","22150","Sell","65","62.70","21.25","","2694.25"
"1108","2026-04-07"," 9:45:00 AM","2026-04-07"," 3:15:00 PM","","","","","","","25.62","269.00"
"1108.1","2026-04-07"," 9:45:00 AM","2026-04-07"," 10:18:00 AM","CE","75200","Sell","20","223.70","335.55","","-2237.00"
"1108.2","2026-04-07"," 9:45:00 AM","2026-04-07"," 3:15:00 PM","PE","71700","Sell","20","246.05","120.75","","2506.00"
"1109","2026-04-07"," 9:45:00 AM","2026-04-07"," 3:15:00 PM","","","","","","","25.62","994.50"
"1109.1","2026-04-07"," 9:45:00 AM","2026-04-07"," 9:48:00 AM","CE","23000","Sell","65","30.45","45.70","","-991.25"
"1109.2","2026-04-07"," 9:45:00 AM","2026-04-07"," 3:15:00 PM","PE","22600","Sell","65","30.65","0.10","","1985.75"
"1110","2026-04-08"," 9:45:00 AM","2026-04-08"," 3:15:00 PM","","","","","","","19.87","484.00"
"1110.1","2026-04-08"," 9:45:00 AM","2026-04-08"," 3:15:00 PM","CE","78200","Sell","20","131.05","159.35","","-566.00"
"1110.2","2026-04-08"," 9:45:00 AM","2026-04-08"," 3:15:00 PM","PE","76300","Sell","20","139.25","86.75","","1050.00"
"1111","2026-04-08"," 9:45:00 AM","2026-04-08"," 3:15:00 PM","","","","","","","19.87","1212.25"
"1111.1","2026-04-08"," 9:45:00 AM","2026-04-08"," 3:15:00 PM","CE","24400","Sell","65","64.35","67.55","","-208.00"
"1111.2","2026-04-08"," 9:45:00 AM","2026-04-08"," 3:15:00 PM","PE","23400","Sell","65","76.10","54.25","","1420.25"
"1112","2026-04-09"," 9:45:00 AM","2026-04-09"," 10:19:00 AM","","","","","","","20.32","-2112.50"
"1112.1","2026-04-09"," 9:45:00 AM","2026-04-09"," 10:19:00 AM","CE","24300","Sell","65","55.85","55.85","","0.00"
"1112.2","2026-04-09"," 9:45:00 AM","2026-04-09"," 10:01:00 AM","PE","23450","Sell","65","65.05","97.55","","-2112.50"
"1113","2026-04-09"," 9:45:00 AM","2026-04-09"," 3:15:00 PM","","","","","","","20.32","892.00"
"1113.1","2026-04-09"," 9:45:00 AM","2026-04-09"," 3:15:00 PM","CE","77600","Sell","20","85.80","0.35","","1709.00"
"1113.2","2026-04-09"," 9:45:00 AM","2026-04-09"," 9:50:00 AM","PE","76500","Sell","20","81.70","122.55","","-817.00"
"1114","2026-04-10"," 9:45:00 AM","2026-04-10"," 3:15:00 PM","","","","","","","19.45","1123.00"
"1114.1","2026-04-10"," 9:45:00 AM","2026-04-10"," 3:15:00 PM","CE","78900","Sell","20","213.50","246.10","","-652.00"
"1114.2","2026-04-10"," 9:45:00 AM","2026-04-10"," 3:15:00 PM","PE","75500","Sell","20","247.00","158.25","","1775.00"
"1115","2026-04-10"," 9:45:00 AM","2026-04-10"," 3:15:00 PM","","","","","","","19.45","676.00"
"1115.1","2026-04-10"," 9:45:00 AM","2026-04-10"," 3:15:00 PM","CE","24300","Sell","65","38.90","49.15","","-666.25"
"1115.2","2026-04-10"," 9:45:00 AM","2026-04-10"," 3:15:00 PM","PE","23600","Sell","65","50.30","29.65","","1342.25"
"1116","2026-04-13"," 9:45:00 AM","2026-04-13"," 3:15:00 PM","","","","","","","21.10","52.00"
"1116.1","2026-04-13"," 9:45:00 AM","2026-04-13"," 10:58:00 AM","CE","77600","Sell","20","202.95","304.40","","-2029.00"
"1116.2","2026-04-13"," 9:45:00 AM","2026-04-13"," 3:15:00 PM","PE","74600","Sell","20","231.80","127.75","","2081.00"
"1117","2026-04-13"," 9:45:00 AM","2026-04-13"," 3:15:00 PM","","","","","","","21.10","692.25"
"1117.1","2026-04-13"," 9:45:00 AM","2026-04-13"," 10:22:00 AM","CE","23800","Sell","65","22.10","33.15","","-718.25"
"1117.2","2026-04-13"," 9:45:00 AM","2026-04-13"," 3:15:00 PM","PE","23450","Sell","65","21.85","0.15","","1410.50"
"1118","2026-04-15"," 9:45:00 AM","2026-04-15"," 3:15:00 PM","","","","","","","18.72","1138.00"
"1118.1","2026-04-15"," 9:45:00 AM","2026-04-15"," 3:15:00 PM","CE","78900","Sell","20","97.30","83.25","","281.00"
"1118.2","2026-04-15"," 9:45:00 AM","2026-04-15"," 3:15:00 PM","PE","77200","Sell","20","122.60","79.75","","857.00"
"1119","2026-04-15"," 9:45:00 AM","2026-04-15"," 3:15:00 PM","","","","","","","18.72","900.25"
"1119.1","2026-04-15"," 9:45:00 AM","2026-04-15"," 3:15:00 PM","CE","24700","Sell","65","53.55","45.65","","513.50"
"1119.2","2026-04-15"," 9:45:00 AM","2026-04-15"," 3:15:00 PM","PE","23700","Sell","65","75.95","70.00","","386.75"
"1120","2026-04-16"," 9:45:00 AM","2026-04-16"," 3:15:00 PM","","","","","","","18.22","647.00"
"1120.1","2026-04-16"," 9:45:00 AM","2026-04-16"," 3:15:00 PM","CE","78800","Sell","20","63.75","0.15","","1272.00"
"1120.2","2026-04-16"," 9:45:00 AM","2026-04-16"," 11:48:00 AM","PE","77900","Sell","20","62.50","93.75","","-625.00"
"1121","2026-04-16"," 9:45:00 AM","2026-04-16"," 3:15:00 PM","","","","","","","18.22","-705.25"
"1121.1","2026-04-16"," 9:45:00 AM","2026-04-16"," 3:15:00 PM","CE","24700","Sell","65","47.75","27.30","","1329.25"
"1121.2","2026-04-16"," 9:45:00 AM","2026-04-16"," 12:02:00 PM","PE","23850","Sell","65","62.60","93.90","","-2034.50"
"1122","2026-04-17"," 9:45:00 AM","2026-04-17"," 3:15:00 PM","","","","","","","18.13","305.00"
"1122.1","2026-04-17"," 9:45:00 AM","2026-04-17"," 3:15:00 PM","CE","79600","Sell","20","194.15","267.10","","-1459.00"
"1122.2","2026-04-17"," 9:45:00 AM","2026-04-17"," 3:15:00 PM","PE","76400","Sell","20","232.35","144.15","","1764.00"
"1123","2026-04-17"," 9:45:00 AM","2026-04-17"," 3:15:00 PM","","","","","","","18.13","646.75"
"1123.1","2026-04-17"," 9:45:00 AM","2026-04-17"," 10:16:00 AM","CE","24550","Sell","65","42.30","63.45","","-1374.75"
"1123.2","2026-04-17"," 9:45:00 AM","2026-04-17"," 3:15:00 PM","PE","23800","Sell","65","56.30","25.20","","2021.50"
"1124","2026-04-20"," 9:45:00 AM","2026-04-20"," 1:23:00 PM","","","","","","","18.31","-1881.00"
"1124.1","2026-04-20"," 9:45:00 AM","2026-04-20"," 10:31:00 AM","CE","79700","Sell","20","188.10","282.15","","-1881.00"
"1124.2","2026-04-20"," 9:45:00 AM","2026-04-20"," 1:23:00 PM","PE","76900","Sell","20","217.55","217.55","","0.00"
"1125","2026-04-20"," 9:45:00 AM","2026-04-20"," 3:15:00 PM","","","","","","","18.31","-643.50"
"1125.1","2026-04-20"," 9:45:00 AM","2026-04-20"," 10:09:00 AM","CE","24550","Sell","65","41.30","61.95","","-1342.25"
"1125.2","2026-04-20"," 9:45:00 AM","2026-04-20"," 3:15:00 PM","PE","24000","Sell","65","43.85","33.10","","698.75"
"1126","2026-04-21"," 9:45:00 AM","2026-04-21"," 3:15:00 PM","","","","","","","18.08","-241.00"
"1126.1","2026-04-21"," 9:45:00 AM","2026-04-21"," 12:24:00 PM","CE","80000","Sell","20","156.35","234.50","","-1563.00"
"1126.2","2026-04-21"," 9:45:00 AM","2026-04-21"," 3:15:00 PM","PE","77600","Sell","20","172.95","106.85","","1322.00"
"1127","2026-04-21"," 9:45:00 AM","2026-04-21"," 3:15:00 PM","","","","","","","18.08","962.00"
"1127.1","2026-04-21"," 9:45:00 AM","2026-04-21"," 9:46:00 AM","CE","24600","Sell","65","14.85","22.30","","-484.25"
"1127.2","2026-04-21"," 9:45:00 AM","2026-04-21"," 3:15:00 PM","PE","24350","Sell","65","22.40","0.15","","1446.25"
"1128","2026-04-22"," 9:45:00 AM","2026-04-22"," 10:47:00 AM","","","","","","","18.24","-1253.00"
"1128.1","2026-04-22"," 9:45:00 AM","2026-04-22"," 10:47:00 AM","CE","79500","Sell","20","115.80","115.80","","0.00"
"1128.2","2026-04-22"," 9:45:00 AM","2026-04-22"," 10:01:00 AM","PE","77800","Sell","20","125.25","187.90","","-1253.00"
"1129","2026-04-22"," 9:45:00 AM","2026-04-22"," 3:15:00 PM","","","","","","","18.24","1404.00"
"1129.1","2026-04-22"," 9:45:00 AM","2026-04-22"," 3:15:00 PM","CE","24900","Sell","65","58.55","47.00","","750.75"
"1129.2","2026-04-22"," 9:45:00 AM","2026-04-22"," 3:15:00 PM","PE","23900","Sell","65","77.40","67.35","","653.25"
"1130","2026-04-23"," 9:45:00 AM","2026-04-23"," 10:47:00 AM","","","","","","","18.61","-473.00"
"1130.1","2026-04-23"," 9:45:00 AM","2026-04-23"," 9:48:00 AM","CE","78400","Sell","20","47.35","71.00","","-473.00"
"1130.2","2026-04-23"," 9:45:00 AM","2026-04-23"," 10:47:00 AM","PE","77500","Sell","20","50.90","50.90","","0.00"
"1131","2026-04-23"," 9:45:00 AM","2026-04-23"," 3:15:00 PM","","","","","","","18.61","1270.75"
"1131.1","2026-04-23"," 9:45:00 AM","2026-04-23"," 3:15:00 PM","CE","24650","Sell","65","55.40","35.55","","1290.25"
"1131.2","2026-04-23"," 9:45:00 AM","2026-04-23"," 3:15:00 PM","PE","23750","Sell","65","59.00","59.30","","-19.50"
"1132","2026-04-24"," 9:45:00 AM","2026-04-24"," 3:15:00 PM","","","","","","","19.09","-1302.00"
"1132.1","2026-04-24"," 9:45:00 AM","2026-04-24"," 3:15:00 PM","CE","78700","Sell","20","222.85","172.45","","1008.00"
"1132.2","2026-04-24"," 9:45:00 AM","2026-04-24"," 1:40:00 PM","PE","75400","Sell","20","231.00","346.50","","-2310.00"
"1133","2026-04-24"," 9:45:00 AM","2026-04-24"," 3:15:00 PM","","","","","","","19.09","-1023.75"
"1133.1","2026-04-24"," 9:45:00 AM","2026-04-24"," 3:15:00 PM","CE","24400","Sell","65","47.20","34.60","","819.00"
"1133.2","2026-04-24"," 9:45:00 AM","2026-04-24"," 1:15:00 PM","PE","23650","Sell","65","56.70","85.05","","-1842.75"
"1134","2026-04-27"," 9:45:00 AM","2026-04-27"," 3:15:00 PM","","","","","","","18.88","1158.00"
"1134.1","2026-04-27"," 9:45:00 AM","2026-04-27"," 3:15:00 PM","CE","78500","Sell","20","168.90","173.95","","-101.00"
"1134.2","2026-04-27"," 9:45:00 AM","2026-04-27"," 3:15:00 PM","PE","75900","Sell","20","176.55","113.60","","1259.00"
"1135","2026-04-27"," 9:45:00 AM","2026-04-27"," 3:15:00 PM","","","","","","","18.88","1280.50"
"1135.1","2026-04-27"," 9:45:00 AM","2026-04-27"," 3:15:00 PM","CE","24300","Sell","65","33.55","33.40","","9.75"
"1135.2","2026-04-27"," 9:45:00 AM","2026-04-27"," 3:15:00 PM","PE","23800","Sell","65","32.65","13.10","","1270.75"
"1136","2026-04-28"," 9:45:00 AM","2026-04-28"," 3:15:00 PM","","","","","","","17.87","435.00"
"1136.1","2026-04-28"," 9:45:00 AM","2026-04-28"," 3:15:00 PM","CE","78300","Sell","20","136.85","42.35","","1890.00"
"1136.2","2026-04-28"," 9:45:00 AM","2026-04-28"," 12:23:00 PM","PE","76400","Sell","20","145.55","218.30","","-1455.00"
"1137","2026-04-28"," 9:45:00 AM","2026-04-28"," 3:15:00 PM","","","","","","","17.87","481.00"
"1137.1","2026-04-28"," 9:45:00 AM","2026-04-28"," 3:15:00 PM","CE","24250","Sell","65","15.05","0.10","","971.75"
"1137.2","2026-04-28"," 9:45:00 AM","2026-04-28"," 11:27:00 AM","PE","24000","Sell","65","15.10","22.65","","-490.75"
"1138","2026-04-29"," 9:45:00 AM","2026-04-29"," 3:15:00 PM","","","","","","","17.12","-367.00"
"1138.1","2026-04-29"," 9:45:00 AM","2026-04-29"," 9:59:00 AM","CE","78000","Sell","20","92.35","138.50","","-923.00"
"1138.2","2026-04-29"," 9:45:00 AM","2026-04-29"," 3:15:00 PM","PE","76700","Sell","20","96.60","68.80","","556.00"
"1139","2026-04-29"," 9:45:00 AM","2026-04-29"," 3:15:00 PM","","","","","","","17.12","-1173.25"
"1139.1","2026-04-29"," 9:45:00 AM","2026-04-29"," 10:03:00 AM","CE","24550","Sell","65","49.70","74.55","","-1615.25"
"1139.2","2026-04-29"," 9:45:00 AM","2026-04-29"," 3:15:00 PM","PE","23750","Sell","65","58.85","52.05","","442.00"
"1140","2026-04-30"," 9:45:00 AM","2026-04-30"," 12:30:00 PM","","","","","","","18.24","-1950.00"
"1140.1","2026-04-30"," 9:45:00 AM","2026-04-30"," 12:30:00 PM","CE","24350","Sell","65","48.10","48.10","","0.00"
"1140.2","2026-04-30"," 9:45:00 AM","2026-04-30"," 10:10:00 AM","PE","23550","Sell","65","60.05","90.05","","-1950.00"
"1141","2026-04-30"," 9:45:00 AM","2026-04-30"," 1:28:00 PM","","","","","","","18.24","-550.00"
"1141.1","2026-04-30"," 9:45:00 AM","2026-04-30"," 1:28:00 PM","CE","77100","Sell","20","63.85","63.85","","0.00"
"1141.2","2026-04-30"," 9:45:00 AM","2026-04-30"," 9:58:00 AM","PE","76300","Sell","20","55.00","82.50","","-550.00"
"1142","2026-05-04"," 9:45:00 AM","2026-05-04"," 3:15:00 PM","","","","","","","17.68","-287.00"
"1142.1","2026-05-04"," 9:45:00 AM","2026-05-04"," 3:15:00 PM","CE","79400","Sell","20","186.15","108.65","","1550.00"
"1142.2","2026-05-04"," 9:45:00 AM","2026-05-04"," 10:14:00 AM","PE","76700","Sell","20","183.70","275.55","","-1837.00"
"1143","2026-05-04"," 9:45:00 AM","2026-05-04"," 3:15:00 PM","","","","","","","17.68","143.00"
"1143.1","2026-05-04"," 9:45:00 AM","2026-05-04"," 3:15:00 PM","CE","24550","Sell","65","34.75","15.10","","1277.25"
"1143.2","2026-05-04"," 9:45:00 AM","2026-05-04"," 10:04:00 AM","PE","24050","Sell","65","34.95","52.40","","-1134.25"
"1144","2026-05-05"," 9:45:00 AM","2026-05-05"," 10:03:00 AM","","","","","","","18.67","-604.50"
"1144.1","2026-05-05"," 9:45:00 AM","2026-05-05"," 9:54:00 AM","CE","24150","Sell","65","18.60","27.90","","-604.50"
"1144.2","2026-05-05"," 9:45:00 AM","2026-05-05"," 10:03:00 AM","PE","23900","Sell","65","19.25","19.25","","0.00"
"1145","2026-05-05"," 9:45:00 AM","2026-05-05"," 1:08:00 PM","","","","","","","18.67","-1544.00"
"1145.1","2026-05-05"," 9:45:00 AM","2026-05-05"," 1:08:00 PM","CE","78100","Sell","20","135.35","135.35","","0.00"
"1145.2","2026-05-05"," 9:45:00 AM","2026-05-05"," 11:47:00 AM","PE","76000","Sell","20","154.40","231.60","","-1544.00"
"1146","2026-05-06"," 9:45:00 AM","2026-05-06"," 2:21:00 PM","","","","","","","17.51","-1937.00"
"1146.1","2026-05-06"," 9:45:00 AM","2026-05-06"," 2:21:00 PM","CE","24600","Sell","65","52.15","52.15","","0.00"
"1146.2","2026-05-06"," 9:45:00 AM","2026-05-06"," 12:24:00 PM","PE","23750","Sell","65","59.60","89.40","","-1937.00"
"1147","2026-05-06"," 9:45:00 AM","2026-05-06"," 2:22:00 PM","","","","","","","17.51","-960.00"
"1147.1","2026-05-06"," 9:45:00 AM","2026-05-06"," 2:22:00 PM","CE","78200","Sell","20","97.30","97.30","","0.00"
"1147.2","2026-05-06"," 9:45:00 AM","2026-05-06"," 12:21:00 PM","PE","76600","Sell","20","96.00","144.00","","-960.00"
"1148","2026-05-07"," 9:45:00 AM","2026-05-07"," 12:39:00 PM","","","","","","","16.71","-673.00"
"1148.1","2026-05-07"," 9:45:00 AM","2026-05-07"," 12:39:00 PM","CE","78600","Sell","20","67.55","67.55","","0.00"
"1148.2","2026-05-07"," 9:45:00 AM","2026-05-07"," 9:50:00 AM","PE","77700","Sell","20","67.30","100.95","","-673.00"
"1149","2026-05-07"," 9:45:00 AM","2026-05-07"," 12:39:00 PM","","","","","","","16.71","-1875.25"
"1149.1","2026-05-07"," 9:45:00 AM","2026-05-07"," 12:39:00 PM","CE","24800","Sell","65","47.55","47.55","","0.00"
"1149.2","2026-05-07"," 9:45:00 AM","2026-05-07"," 11:22:00 AM","PE","24050","Sell","65","57.75","86.60","","-1875.25"
"1150","2026-05-08"," 9:45:00 AM","2026-05-08"," 3:15:00 PM","","","","","","","17.20","1819.00"
"1150.1","2026-05-08"," 9:45:00 AM","2026-05-08"," 3:15:00 PM","CE","78900","Sell","20","212.90","185.90","","540.00"
"1150.2","2026-05-08"," 9:45:00 AM","2026-05-08"," 3:15:00 PM","PE","75900","Sell","20","212.35","148.40","","1279.00"
"1151","2026-05-08"," 9:45:00 AM","2026-05-08"," 3:15:00 PM","","","","","","","17.20","1628.25"
"1151.1","2026-05-08"," 9:45:00 AM","2026-05-08"," 3:15:00 PM","CE","24550","Sell","65","44.25","39.45","","312.00"
"1151.2","2026-05-08"," 9:45:00 AM","2026-05-08"," 3:15:00 PM","PE","23850","Sell","65","51.85","31.60","","1316.25"
"1152","2026-05-11"," 9:45:00 AM","2026-05-11"," 3:15:00 PM","","","","","","","18.92","1487.00"
"1152.1","2026-05-11"," 9:45:00 AM","2026-05-11"," 3:15:00 PM","CE","77700","Sell","20","187.65","128.45","","1184.00"
"1152.2","2026-05-11"," 9:45:00 AM","2026-05-11"," 3:15:00 PM","PE","75000","Sell","20","195.00","179.85","","303.00"
"1153","2026-05-11"," 9:45:00 AM","2026-05-11"," 3:15:00 PM","","","","","","","18.92","2011.75"
"1153.1","2026-05-11"," 9:45:00 AM","2026-05-11"," 3:15:00 PM","CE","24150","Sell","65","37.90","16.20","","1410.50"
"1153.2","2026-05-11"," 9:45:00 AM","2026-05-11"," 3:15:00 PM","PE","23650","Sell","65","40.35","31.10","","601.25"
"1154","2026-05-12"," 9:45:00 AM","2026-05-12"," 3:15:00 PM","","","","","","","18.63","539.00"
"1154.1","2026-05-12"," 9:45:00 AM","2026-05-12"," 3:15:00 PM","CE","76500","Sell","20","152.50","50.30","","2044.00"
"1154.2","2026-05-12"," 9:45:00 AM","2026-05-12"," 12:31:00 PM","PE","74400","Sell","20","150.50","225.75","","-1505.00"
"1155","2026-05-12"," 9:45:00 AM","2026-05-12"," 3:15:00 PM","","","","","","","18.63","620.75"
"1155.1","2026-05-12"," 9:45:00 AM","2026-05-12"," 3:15:00 PM","CE","23800","Sell","65","16.95","0.15","","1092.00"
"1155.2","2026-05-12"," 9:45:00 AM","2026-05-12"," 12:09:00 PM","PE","23500","Sell","65","14.50","21.75","","-471.25"
"1156","2026-05-13"," 9:45:00 AM","2026-05-13"," 3:15:00 PM","","","","","","","19.58","340.00"
"1156.1","2026-05-13"," 9:45:00 AM","2026-05-13"," 10:02:00 AM","CE","75300","Sell","20","132.65","199.00","","-1327.00"
"1156.2","2026-05-13"," 9:45:00 AM","2026-05-13"," 3:15:00 PM","PE","73400","Sell","20","131.60","48.25","","1667.00"
"1157","2026-05-13"," 9:45:00 AM","2026-05-13"," 3:15:00 PM","","","","","","","19.58","-221.00"
"1157.1","2026-05-13"," 9:45:00 AM","2026-05-13"," 10:35:00 AM","CE","23850","Sell","65","66.20","99.30","","-2151.50"
"1157.2","2026-05-13"," 9:45:00 AM","2026-05-13"," 3:15:00 PM","PE","22850","Sell","65","79.45","49.75","","1930.50"
"1158","2026-05-14"," 9:45:00 AM","2026-05-14"," 11:25:00 AM","","","","","","","18.93","-751.00"
"1158.1","2026-05-14"," 9:45:00 AM","2026-05-14"," 11:25:00 AM","CE","75300","Sell","20","68.60","68.60","","0.00"
"1158.2","2026-05-14"," 9:45:00 AM","2026-05-14"," 10:51:00 AM","PE","74300","Sell","20","75.10","112.65","","-751.00"
"1159","2026-05-14"," 9:45:00 AM","2026-05-14"," 3:15:00 PM","","","","","","","18.93","513.50"
"1159.1","2026-05-14"," 9:45:00 AM","2026-05-14"," 11:43:00 AM","CE","23950","Sell","65","51.95","77.95","","-1690.00"
"1159.2","2026-05-14"," 9:45:00 AM","2026-05-14"," 3:15:00 PM","PE","23100","Sell","65","65.00","31.10","","2203.50"
"1160","2026-05-15"," 9:45:00 AM","2026-05-15"," 3:15:00 PM","","","","","","","18.43","-232.00"
"1160.1","2026-05-15"," 9:45:00 AM","2026-05-15"," 3:15:00 PM","CE","77400","Sell","20","203.30","101.90","","2028.00"
"1160.2","2026-05-15"," 9:45:00 AM","2026-05-15"," 2:49:00 PM","PE","74200","Sell","20","226.00","339.00","","-2260.00"
"1161","2026-05-15"," 9:45:00 AM","2026-05-15"," 3:15:00 PM","","","","","","","18.43","299.00"
"1161.1","2026-05-15"," 9:45:00 AM","2026-05-15"," 3:15:00 PM","CE","24150","Sell","65","49.40","20.00","","1911.00"
"1161.2","2026-05-15"," 9:45:00 AM","2026-05-15"," 11:32:00 AM","PE","23400","Sell","65","49.60","74.40","","-1612.00"
"1162","2026-05-18"," 9:45:00 AM","2026-05-18"," 3:15:00 PM","","","","","","","19.94","346.00"
"1162.1","2026-05-18"," 9:45:00 AM","2026-05-18"," 11:23:00 AM","CE","75700","Sell","20","182.70","274.05","","-1827.00"
"1162.2","2026-05-18"," 9:45:00 AM","2026-05-18"," 3:15:00 PM","PE","73000","Sell","20","208.65","100.00","","2173.00"
"1163","2026-05-18"," 9:45:00 AM","2026-05-18"," 3:15:00 PM","","","","","","","19.94","845.00"
"1163.1","2026-05-18"," 9:45:00 AM","2026-05-18"," 11:07:00 AM","CE","23650","Sell","65","34.85","52.30","","-1134.25"
"1163.2","2026-05-18"," 9:45:00 AM","2026-05-18"," 3:15:00 PM","PE","23100","Sell","65","41.70","11.25","","1979.25"
"1164","2026-05-19"," 9:45:00 AM","2026-05-19"," 10:12:00 AM","","","","","","","18.79","-575.25"
"1164.1","2026-05-19"," 9:45:00 AM","2026-05-19"," 10:12:00 AM","CE","23900","Sell","65","13.30","13.30","","0.00"
"1164.2","2026-05-19"," 9:45:00 AM","2026-05-19"," 9:49:00 AM","PE","23600","Sell","65","17.65","26.50","","-575.25"
"1165","2026-05-19"," 9:45:00 AM","2026-05-19"," 3:15:00 PM","","","","","","","18.79","984.00"
"1165.1","2026-05-19"," 9:45:00 AM","2026-05-19"," 3:15:00 PM","CE","76700","Sell","20","145.70","43.70","","2040.00"
"1165.2","2026-05-19"," 9:45:00 AM","2026-05-19"," 3:15:00 PM","PE","74600","Sell","20","154.25","207.05","","-1056.00"
"1166","2026-05-20"," 9:45:00 AM","2026-05-20"," 3:15:00 PM","","","","","","","19.33","896.00"
"1166.1","2026-05-20"," 9:45:00 AM","2026-05-20"," 11:50:00 AM","CE","75800","Sell","20","109.75","164.60","","-1097.00"
"1166.2","2026-05-20"," 9:45:00 AM","2026-05-20"," 3:15:00 PM","PE","74000","Sell","20","128.10","28.45","","1993.00"
"1167","2026-05-20"," 9:45:00 AM","2026-05-20"," 3:15:00 PM","","","","","","","19.33","1183.00"
"1167.1","2026-05-20"," 9:45:00 AM","2026-05-20"," 3:15:00 PM","CE","24000","Sell","65","57.20","72.85","","-1017.25"
"1167.2","2026-05-20"," 9:45:00 AM","2026-05-20"," 3:15:00 PM","PE","23000","Sell","65","67.90","34.05","","2200.25"
"1168","2026-05-21"," 9:45:00 AM","2026-05-21"," 3:15:00 PM","","","","","","","17.99","703.00"
"1168.1","2026-05-21"," 9:45:00 AM","2026-05-21"," 3:15:00 PM","CE","76100","Sell","20","66.35","0.15","","1324.00"
"1168.2","2026-05-21"," 9:45:00 AM","2026-05-21"," 10:39:00 AM","PE","75200","Sell","20","62.15","93.20","","-621.00"
"1169","2026-05-21"," 9:45:00 AM","2026-05-21"," 3:15:00 PM","","","","","","","17.99","-585.00"
"1169.1","2026-05-21"," 9:45:00 AM","2026-05-21"," 3:15:00 PM","CE","24150","Sell","65","45.75","25.40","","1322.75"
"1169.2","2026-05-21"," 9:45:00 AM","2026-05-21"," 11:18:00 AM","PE","23400","Sell","65","58.75","88.10","","-1907.75"
"1170","2026-05-22"," 9:45:00 AM","2026-05-22"," 3:15:00 PM","","","","","","","18.25","1089.00"
"1170.1","2026-05-22"," 9:45:00 AM","2026-05-22"," 3:15:00 PM","CE","76800","Sell","20","173.75","133.55","","804.00"
"1170.2","2026-05-22"," 9:45:00 AM","2026-05-22"," 3:15:00 PM","PE","74300","Sell","20","185.95","171.70","","285.00"
"1171","2026-05-22"," 9:45:00 AM","2026-05-22"," 3:15:00 PM","","","","","","","18.25","1261.00"
"1171.1","2026-05-22"," 9:45:00 AM","2026-05-22"," 3:15:00 PM","CE","24100","Sell","65","37.70","29.30","","546.00"
"1171.2","2026-05-22"," 9:45:00 AM","2026-05-22"," 3:15:00 PM","PE","23400","Sell","65","46.15","35.15","","715.00"
"1172","2026-05-25"," 9:45:00 AM","2026-05-25"," 3:15:00 PM","","","","","","","16.65","451.00"
"1172.1","2026-05-25"," 9:45:00 AM","2026-05-25"," 3:15:00 PM","CE","77200","Sell","20","132.05","168.55","","-730.00"
"1172.2","2026-05-25"," 9:45:00 AM","2026-05-25"," 3:15:00 PM","PE","75300","Sell","20","128.65","69.60","","1181.00"
"1173","2026-05-25"," 9:45:00 AM","2026-05-25"," 3:15:00 PM","","","","","","","16.65","994.50"
"1173.1","2026-05-25"," 9:45:00 AM","2026-05-25"," 3:15:00 PM","CE","24200","Sell","65","26.20","33.90","","-500.50"
"1173.2","2026-05-25"," 9:45:00 AM","2026-05-25"," 3:15:00 PM","PE","23750","Sell","65","34.35","11.35","","1495.00"
"1174","2026-05-26"," 9:45:00 AM","2026-05-26"," 10:36:00 AM","","","","","","","15.80","-565.50"
"1174.1","2026-05-26"," 9:45:00 AM","2026-05-26"," 10:36:00 AM","CE","24200","Sell","65","11.85","11.85","","0.00"
"1174.2","2026-05-26"," 9:45:00 AM","2026-05-26"," 9:58:00 AM","PE","23950","Sell","65","17.40","26.10","","-565.50"
"1175","2026-05-26"," 9:45:00 AM","2026-05-26"," 3:15:00 PM","","","","","","","15.80","254.00"
"1175.1","2026-05-26"," 9:45:00 AM","2026-05-26"," 3:15:00 PM","CE","77300","Sell","20","80.30","18.75","","1231.00"
"1175.2","2026-05-26"," 9:45:00 AM","2026-05-26"," 12:51:00 PM","PE","75900","Sell","20","97.75","146.60","","-977.00"
"1176","2026-05-27"," 9:45:00 AM","2026-05-27"," 10:06:00 AM","","","","","","","15.98","-472.00"
"1176.1","2026-05-27"," 9:45:00 AM","2026-05-27"," 10:06:00 AM","CE","76400","Sell","20","46.80","46.80","","0.00"
"1176.2","2026-05-27"," 9:45:00 AM","2026-05-27"," 9:47:00 AM","PE","75600","Sell","20","47.20","70.80","","-472.00"
"1177","2026-05-27"," 9:45:00 AM","2026-05-27"," 3:15:00 PM","","","","","","","15.98","1329.25"
"1177.1","2026-05-27"," 9:45:00 AM","2026-05-27"," 3:15:00 PM","CE","24300","Sell","65","45.20","37.25","","516.75"
"1177.2","2026-05-27"," 9:45:00 AM","2026-05-27"," 3:15:00 PM","PE","23600","Sell","65","52.85","40.35","","812.50"
"1178","2026-05-29"," 9:45:00 AM","2026-05-29"," 3:15:00 PM","","","","","","","15.01","-555.00"
"1178.1","2026-05-29"," 9:45:00 AM","2026-05-29"," 3:15:00 PM","CE","77300","Sell","20","164.95","101.90","","1261.00"
"1178.2","2026-05-29"," 9:45:00 AM","2026-05-29"," 1:49:00 PM","PE","74800","Sell","20","181.55","272.35","","-1816.00"
"1179","2026-05-29"," 9:45:00 AM","2026-05-29"," 3:15:00 PM","","","","","","","15.01","351.00"
"1179.1","2026-05-29"," 9:45:00 AM","2026-05-29"," 3:15:00 PM","CE","24200","Sell","65","44.45","20.20","","1576.25"
"1179.2","2026-05-29"," 9:45:00 AM","2026-05-29"," 1:15:00 PM","PE","23600","Sell","65","37.70","56.55","","-1225.25"
"1180","2026-06-01"," 9:45:00 AM","2026-06-01"," 3:15:00 PM","","","","","","","16.03","-204.00"
"1180.1","2026-06-01"," 9:45:00 AM","2026-06-01"," 3:15:00 PM","CE","76100","Sell","20","148.70","82.35","","1327.00"
"1180.2","2026-06-01"," 9:45:00 AM","2026-06-01"," 12:01:00 PM","PE","74000","Sell","20","153.05","229.60","","-1531.00"
"1181","2026-06-01"," 9:45:00 AM","2026-06-01"," 3:15:00 PM","","","","","","","16.03","234.00"
"1181.1","2026-06-01"," 9:45:00 AM","2026-06-01"," 3:15:00 PM","CE","23850","Sell","65","30.05","9.95","","1306.50"
"1181.2","2026-06-01"," 9:45:00 AM","2026-06-01"," 12:00:00 PM","PE","23400","Sell","65","33.00","49.50","","-1072.50"
"1182","2026-06-02"," 9:45:00 AM","2026-06-02"," 3:15:00 PM","","","","","","","16.22","588.00"
"1182.1","2026-06-02"," 9:45:00 AM","2026-06-02"," 12:46:00 PM","CE","75000","Sell","20","127.55","191.30","","-1275.00"
"1182.2","2026-06-02"," 9:45:00 AM","2026-06-02"," 3:15:00 PM","PE","73300","Sell","20","120.00","26.85","","1863.00"
"1183","2026-06-02"," 9:45:00 AM","2026-06-02"," 3:15:00 PM","","","","","","","16.22","445.25"
"1183.1","2026-06-02"," 9:45:00 AM","2026-06-02"," 10:24:00 AM","CE","23400","Sell","65","19.10","28.65","","-620.75"
"1183.2","2026-06-02"," 9:45:00 AM","2026-06-02"," 3:15:00 PM","PE","23200","Sell","65","16.45","0.05","","1066.00"
"1184","2026-06-03"," 9:45:00 AM","2026-06-03"," 12:32:00 PM","","","","","","","16.57","-1098.00"
"1184.1","2026-06-03"," 9:45:00 AM","2026-06-03"," 12:32:00 PM","CE","74800","Sell","20","105.85","105.85","","0.00"
"1184.2","2026-06-03"," 9:45:00 AM","2026-06-03"," 12:03:00 PM","PE","73200","Sell","20","109.85","164.75","","-1098.00"
"1185","2026-06-03"," 9:45:00 AM","2026-06-03"," 12:32:00 PM","","","","","","","16.57","-1820.00"
"1185.1","2026-06-03"," 9:45:00 AM","2026-06-03"," 12:32:00 PM","CE","23750","Sell","65","55.60","55.60","","0.00"
"1185.2","2026-06-03"," 9:45:00 AM","2026-06-03"," 12:04:00 PM","PE","22850","Sell","65","56.05","84.05","","-1820.00"
"1186","2026-06-04"," 9:45:00 AM","2026-06-04"," 3:15:00 PM","","","","","","","16.15","517.00"
"1186.1","2026-06-04"," 9:45:00 AM","2026-06-04"," 9:56:00 AM","CE","74700","Sell","20","63.30","94.95","","-633.00"
"1186.2","2026-06-04"," 9:45:00 AM","2026-06-04"," 3:15:00 PM","PE","73700","Sell","20","57.60","0.10","","1150.00"
"1187","2026-06-04"," 9:45:00 AM","2026-06-04"," 3:15:00 PM","","","","","","","16.15","1355.25"
"1187.1","2026-06-04"," 9:45:00 AM","2026-06-04"," 3:15:00 PM","CE","23800","Sell","65","47.00","49.90","","-188.50"
"1187.2","2026-06-04"," 9:45:00 AM","2026-06-04"," 3:15:00 PM","PE","23000","Sell","65","47.90","24.15","","1543.75"
"1188","2026-06-05"," 9:45:00 AM","2026-06-05"," 3:15:00 PM","","","","","","","15.92","-609.00"
"1188.1","2026-06-05"," 9:45:00 AM","2026-06-05"," 3:15:00 PM","CE","76200","Sell","20","191.00","123.15","","1357.00"
"1188.2","2026-06-05"," 9:45:00 AM","2026-06-05"," 10:44:00 AM","PE","73400","Sell","20","196.60","294.90","","-1966.00"
"1189","2026-06-05"," 9:45:00 AM","2026-06-05"," 3:15:00 PM","","","","","","","15.92","-221.00"
"1189.1","2026-06-05"," 9:45:00 AM","2026-06-05"," 3:15:00 PM","CE","23850","Sell","65","47.00","26.15","","1355.25"
"1189.2","2026-06-05"," 9:45:00 AM","2026-06-05"," 10:38:00 AM","PE","23200","Sell","65","48.45","72.70","","-1576.25"
"1190","2026-06-08"," 9:45:00 AM","2026-06-08"," 3:15:00 PM","","","","","","","17.19","1342.00"
"1190.1","2026-06-08"," 9:45:00 AM","2026-06-08"," 3:15:00 PM","CE","75000","Sell","20","172.25","116.20","","1121.00"
"1190.2","2026-06-08"," 9:45:00 AM","2026-06-08"," 3:15:00 PM","PE","72500","Sell","20","187.05","176.00","","221.00"
"1191","2026-06-08"," 9:45:00 AM","2026-06-08"," 3:15:00 PM","","","","","","","17.19","1911.00"
"1191.1","2026-06-08"," 9:45:00 AM","2026-06-08"," 3:15:00 PM","CE","23450","Sell","65","36.20","14.00","","1443.00"
"1191.2","2026-06-08"," 9:45:00 AM","2026-06-08"," 3:15:00 PM","PE","22900","Sell","65","31.05","23.85","","468.00"
"1192","2026-06-09"," 9:45:00 AM","2026-06-09"," 2:41:00 PM","","","","","","","16.00","-1321.00"
"1192.1","2026-06-09"," 9:45:00 AM","2026-06-09"," 2:41:00 PM","CE","74800","Sell","20","118.50","118.50","","0.00"
"1192.2","2026-06-09"," 9:45:00 AM","2026-06-09"," 11:25:00 AM","PE","72900","Sell","20","132.10","198.15","","-1321.00"
"1193","2026-06-09"," 9:45:00 AM","2026-06-09"," 3:15:00 PM","","","","","","","16.00","601.25"
"1193.1","2026-06-09"," 9:45:00 AM","2026-06-09"," 3:15:00 PM","CE","23300","Sell","65","19.15","0.10","","1238.25"
"1193.2","2026-06-09"," 9:45:00 AM","2026-06-09"," 10:23:00 AM","PE","23100","Sell","65","19.60","29.40","","-637.00"
"1194","2026-06-10"," 9:45:00 AM","2026-06-10"," 3:15:00 PM","","","","","","","15.72","687.00"
"1194.1","2026-06-10"," 9:45:00 AM","2026-06-10"," 3:15:00 PM","CE","75100","Sell","20","89.80","21.75","","1361.00"
"1194.2","2026-06-10"," 9:45:00 AM","2026-06-10"," 3:15:00 PM","PE","73600","Sell","20","112.80","146.50","","-674.00"
"1195","2026-06-10"," 9:45:00 AM","2026-06-10"," 3:15:00 PM","","","","","","","15.72","461.50"
"1195.1","2026-06-10"," 9:45:00 AM","2026-06-10"," 3:15:00 PM","CE","23750","Sell","65","51.70","24.70","","1755.00"
"1195.2","2026-06-10"," 9:45:00 AM","2026-06-10"," 3:15:00 PM","PE","22950","Sell","65","54.85","74.75","","-1293.50"
"1196","2026-06-11"," 9:45:00 AM","2026-06-11"," 9:58:00 AM","","","","","","","15.62","-545.00"
"1196.1","2026-06-11"," 9:45:00 AM","2026-06-11"," 9:52:00 AM","CE","74100","Sell","20","54.55","81.80","","-545.00"
"1196.2","2026-06-11"," 9:45:00 AM","2026-06-11"," 9:58:00 AM","PE","73300","Sell","20","48.45","48.45","","0.00"
"1197","2026-06-11"," 9:45:00 AM","2026-06-11"," 3:15:00 PM","","","","","","","15.62","-650.00"
"1197.1","2026-06-11"," 9:45:00 AM","2026-06-11"," 11:48:00 AM","CE","23500","Sell","65","42.75","64.10","","-1387.75"
"1197.2","2026-06-11"," 9:45:00 AM","2026-06-11"," 3:15:00 PM","PE","22800","Sell","65","46.10","34.75","","737.75"
"1198","2026-06-12"," 9:45:00 AM","2026-06-12"," 3:15:00 PM","","","","","","","14.87","345.00"
"1198.1","2026-06-12"," 9:45:00 AM","2026-06-12"," 1:40:00 PM","CE","75900","Sell","20","160.25","240.40","","-1603.00"
"1198.2","2026-06-12"," 9:45:00 AM","2026-06-12"," 3:15:00 PM","PE","73400","Sell","20","181.50","84.10","","1948.00"
"1199","2026-06-12"," 9:45:00 AM","2026-06-12"," 3:15:00 PM","","","","","","","14.87","666.25"
"1199.1","2026-06-12"," 9:45:00 AM","2026-06-12"," 1:38:00 PM","CE","23650","Sell","65","38.90","58.35","","-1264.25"
"1199.2","2026-06-12"," 9:45:00 AM","2026-06-12"," 3:15:00 PM","PE","23100","Sell","65","45.85","16.15","","1930.50"
"1200","2026-06-15"," 9:45:00 AM","2026-06-15"," 12:11:00 PM","","","","","","","14.20","-1062.75"
"1200.1","2026-06-15"," 9:45:00 AM","2026-06-15"," 10:52:00 AM","CE","24150","Sell","65","32.70","49.05","","-1062.75"
"1200.2","2026-06-15"," 9:45:00 AM","2026-06-15"," 12:11:00 PM","PE","23750","Sell","65","31.80","31.80","","0.00"
"1201","2026-06-15"," 9:45:00 AM","2026-06-15"," 3:15:00 PM","","","","","","","14.20","-9.00"
"1201.1","2026-06-15"," 9:45:00 AM","2026-06-15"," 3:15:00 PM","CE","77700","Sell","20","149.65","93.00","","1133.00"
"1201.2","2026-06-15"," 9:45:00 AM","2026-06-15"," 3:15:00 PM","PE","75600","Sell","20","158.00","215.10","","-1142.00"
"1202","2026-06-16"," 9:45:00 AM","2026-06-16"," 3:15:00 PM","","","","","","","13.75","1040.00"
"1202.1","2026-06-16"," 9:45:00 AM","2026-06-16"," 3:15:00 PM","CE","77400","Sell","20","106.25","119.60","","-267.00"
"1202.2","2026-06-16"," 9:45:00 AM","2026-06-16"," 3:15:00 PM","PE","75700","Sell","20","113.05","47.70","","1307.00"
"1203","2026-06-16"," 9:45:00 AM","2026-06-16"," 3:15:00 PM","","","","","","","13.75","230.75"
"1203.1","2026-06-16"," 9:45:00 AM","2026-06-16"," 10:36:00 AM","CE","24000","Sell","65","18.70","28.05","","-607.75"
"1203.2","2026-06-16"," 9:45:00 AM","2026-06-16"," 3:15:00 PM","PE","23800","Sell","65","13.00","0.10","","838.50"
"1204","2026-06-17"," 9:45:00 AM","2026-06-17"," 3:15:00 PM","","","","","","","13.43","1881.00"
"1204.1","2026-06-17"," 9:45:00 AM","2026-06-17"," 3:15:00 PM","CE","77700","Sell","20","93.85","57.00","","737.00"
"1204.2","2026-06-17"," 9:45:00 AM","2026-06-17"," 3:15:00 PM","PE","76400","Sell","20","95.00","37.80","","1144.00"
"1205","2026-06-17"," 9:45:00 AM","2026-06-17"," 3:15:00 PM","","","","","","","13.43","1439.75"
"1205.1","2026-06-17"," 9:45:00 AM","2026-06-17"," 3:15:00 PM","CE","24400","Sell","65","47.85","40.65","","468.00"
"1205.2","2026-06-17"," 9:45:00 AM","2026-06-17"," 3:15:00 PM","PE","23700","Sell","65","50.15","35.20","","971.75"
"1206","2026-06-18"," 9:45:00 AM","2026-06-18"," 10:39:00 AM","","","","","","","12.94","-512.00"
"1206.1","2026-06-18"," 9:45:00 AM","2026-06-18"," 9:52:00 AM","CE","77500","Sell","20","50.40","76.00","","-512.00"
"1206.2","2026-06-18"," 9:45:00 AM","2026-06-18"," 10:39:00 AM","PE","76900","Sell","20","48.55","48.55","","0.00"
"1207","2026-06-18"," 9:45:00 AM","2026-06-18"," 12:31:00 PM","","","","","","","12.94","-1144.00"
"1207.1","2026-06-18"," 9:45:00 AM","2026-06-18"," 12:31:00 PM","CE","24350","Sell","65","41.55","41.60","","-3.25"
"1207.2","2026-06-18"," 9:45:00 AM","2026-06-18"," 11:21:00 AM","PE","23800","Sell","65","35.10","52.65","","-1140.75"
"1208","2026-06-19"," 9:45:00 AM","2026-06-19"," 3:15:00 PM","","","","","","","13.31","1539.00"
"1208.1","2026-06-19"," 9:45:00 AM","2026-06-19"," 3:15:00 PM","CE","77900","Sell","20","166.00","150.55","","309.00"
"1208.2","2026-06-19"," 9:45:00 AM","2026-06-19"," 3:15:00 PM","PE","75700","Sell","20","168.65","107.15","","1230.00"
"1209","2026-06-19"," 9:45:00 AM","2026-06-19"," 3:15:00 PM","","","","","","","13.31","1813.50"
"1209.1","2026-06-19"," 9:45:00 AM","2026-06-19"," 3:15:00 PM","CE","24250","Sell","65","36.70","30.25","","419.25"
"1209.2","2026-06-19"," 9:45:00 AM","2026-06-19"," 3:15:00 PM","PE","23750","Sell","65","40.85","19.40","","1394.25"
"1210","2026-06-22"," 9:45:00 AM","2026-06-22"," 3:15:00 PM","","","","","","","13.02","1031.00"
"1210.1","2026-06-22"," 9:45:00 AM","2026-06-22"," 3:15:00 PM","CE","78100","Sell","20","111.75","86.55","","504.00"
"1210.2","2026-06-22"," 9:45:00 AM","2026-06-22"," 3:15:00 PM","PE","76300","Sell","20","121.85","95.50","","527.00"
"1211","2026-06-22"," 9:45:00 AM","2026-06-22"," 3:15:00 PM","","","","","","","13.02","1144.00"
"1211.1","2026-06-22"," 9:45:00 AM","2026-06-22"," 3:15:00 PM","CE","24300","Sell","65","18.80","11.90","","448.50"
"1211.2","2026-06-22"," 9:45:00 AM","2026-06-22"," 3:15:00 PM","PE","23950","Sell","65","26.45","15.75","","695.50"
"1212","2026-06-23"," 9:45:00 AM","2026-06-23"," 3:15:00 PM","","","","","","","12.56","466.00"
"1212.1","2026-06-23"," 9:45:00 AM","2026-06-23"," 3:15:00 PM","CE","77800","Sell","20","99.75","30.20","","1391.00"
"1212.2","2026-06-23"," 9:45:00 AM","2026-06-23"," 11:46:00 AM","PE","76500","Sell","20","92.45","138.70","","-925.00"
"1213","2026-06-23"," 9:45:00 AM","2026-06-23"," 3:15:00 PM","","","","","","","12.56","331.50"
"1213.1","2026-06-23"," 9:45:00 AM","2026-06-23"," 3:15:00 PM","CE","24200","Sell","65","13.55","0.15","","871.00"
"1213.2","2026-06-23"," 9:45:00 AM","2026-06-23"," 11:46:00 AM","PE","24050","Sell","65","16.55","24.85","","-539.50"
"1214","2026-06-24"," 9:45:00 AM","2026-06-24"," 3:15:00 PM","","","","","","","13.80","674.00"
"1214.1","2026-06-24"," 9:45:00 AM","2026-06-24"," 10:10:00 AM","CE","77100","Sell","20","77.45","116.20","","-775.00"
"1214.2","2026-06-24"," 9:45:00 AM","2026-06-24"," 3:15:00 PM","PE","75800","Sell","20","97.60","25.15","","1449.00"
"1215","2026-06-24"," 9:45:00 AM","2026-06-24"," 3:15:00 PM","","","","","","","13.80","412.75"
"1215.1","2026-06-24"," 9:45:00 AM","2026-06-24"," 10:26:00 AM","CE","24200","Sell","65","40.40","60.60","","-1313.00"
"1215.2","2026-06-24"," 9:45:00 AM","2026-06-24"," 3:15:00 PM","PE","23550","Sell","65","48.40","21.85","","1725.75"
"1216","2026-06-25"," 9:45:00 AM","2026-06-25"," 2:16:00 PM","","","","","","","12.90","-893.75"
"1216.1","2026-06-25"," 9:45:00 AM","2026-06-25"," 11:57:00 AM","CE","24400","Sell","65","27.50","41.25","","-893.75"
"1216.2","2026-06-25"," 9:45:00 AM","2026-06-25"," 2:16:00 PM","PE","23900","Sell","65","37.50","37.50","","0.00"
"1217","2026-06-25"," 9:45:00 AM","2026-06-25"," 2:44:00 PM","","","","","","","12.90","-507.00"
"1217.1","2026-06-25"," 9:45:00 AM","2026-06-25"," 9:52:00 AM","CE","77700","Sell","20","50.70","76.05","","-507.00"
"1217.2","2026-06-25"," 9:45:00 AM","2026-06-25"," 2:44:00 PM","PE","77000","Sell","20","43.70","43.70","","0.00"
"1218","2026-06-29"," 9:45:00 AM","2026-06-29"," 3:15:00 PM","","","","","","","13.60","-253.00"
"1218.1","2026-06-29"," 9:45:00 AM","2026-06-29"," 3:15:00 PM","CE","78200","Sell","20","117.70","62.65","","1101.00"
"1218.2","2026-06-29"," 9:45:00 AM","2026-06-29"," 12:13:00 PM","PE","76200","Sell","20","135.45","203.15","","-1354.00"
"1219","2026-06-29"," 9:45:00 AM","2026-06-29"," 3:15:00 PM","","","","","","","13.60","-19.50"
"1219.1","2026-06-29"," 9:45:00 AM","2026-06-29"," 3:15:00 PM","CE","24300","Sell","65","19.60","6.80","","832.00"
"1219.2","2026-06-29"," 9:45:00 AM","2026-06-29"," 11:34:00 AM","PE","23900","Sell","65","26.20","39.30","","-851.50"
"1220","2026-06-30"," 9:45:00 AM","2026-06-30"," 3:15:00 PM","","","","","","","13.90","114.00"
"1220.1","2026-06-30"," 9:45:00 AM","2026-06-30"," 11:25:00 AM","CE","77500","Sell","20","123.10","184.65","","-1231.00"
"1220.2","2026-06-30"," 9:45:00 AM","2026-06-30"," 3:15:00 PM","PE","75700","Sell","20","117.40","50.15","","1345.00"
"1221","2026-06-30"," 9:45:00 AM","2026-06-30"," 3:15:00 PM","","","","","","","13.90","812.50"
"1221.1","2026-06-30"," 9:45:00 AM","2026-06-30"," 11:24:00 AM","CE","24050","Sell","65","17.85","26.80","","-581.75"
"1221.2","2026-06-30"," 9:45:00 AM","2026-06-30"," 3:15:00 PM","PE","23750","Sell","65","21.60","0.15","","1394.25"
"1222","2026-07-01"," 9:45:00 AM","2026-07-01"," 3:15:00 PM","","","","","","","13.71","389.00"
"1222.1","2026-07-01"," 9:45:00 AM","2026-07-01"," 10:21:00 AM","CE","77400","Sell","20","93.75","140.60","","-937.00"
"1222.2","2026-07-01"," 9:45:00 AM","2026-07-01"," 3:15:00 PM","PE","76100","Sell","20","96.15","29.85","","1326.00"
"1223","2026-07-01"," 9:45:00 AM","2026-07-01"," 3:15:00 PM","","","","","","","13.71","1248.00"
"1223.1","2026-07-01"," 9:45:00 AM","2026-07-01"," 3:15:00 PM","CE","24300","Sell","65","46.45","46.20","","16.25"
"1223.2","2026-07-01"," 9:45:00 AM","2026-07-01"," 3:15:00 PM","PE","23650","Sell","65","51.75","32.80","","1231.75"
"1224","2026-07-02"," 9:45:00 AM","2026-07-02"," 3:15:00 PM","","","","","","","12.77","400.00"
"1224.1","2026-07-02"," 9:45:00 AM","2026-07-02"," 3:15:00 PM","CE","77800","Sell","20","44.50","0.15","","887.00"
"1224.2","2026-07-02"," 9:45:00 AM","2026-07-02"," 10:07:00 AM","PE","77000","Sell","20","48.70","73.05","","-487.00"
"1225","2026-07-02"," 9:45:00 AM","2026-07-02"," 3:15:00 PM","","","","","","","12.77","1517.75"
"1225.1","2026-07-02"," 9:45:00 AM","2026-07-02"," 3:15:00 PM","CE","24450","Sell","65","29.90","23.15","","438.75"
"1225.2","2026-07-02"," 9:45:00 AM","2026-07-02"," 3:15:00 PM","PE","23900","Sell","65","43.40","26.80","","1079.00"
"1226","2026-07-03"," 9:45:00 AM","2026-07-03"," 3:15:00 PM","","","","","","","11.95","638.00"
"1226.1","2026-07-03"," 9:45:00 AM","2026-07-03"," 3:15:00 PM","CE","79000","Sell","20","127.55","70.35","","1144.00"
"1226.2","2026-07-03"," 9:45:00 AM","2026-07-03"," 3:15:00 PM","PE","77100","Sell","20","149.80","175.10","","-506.00"
"1227","2026-07-03"," 9:45:00 AM","2026-07-03"," 3:15:00 PM","","","","","","","11.95","903.50"
"1227.1","2026-07-03"," 9:45:00 AM","2026-07-03"," 3:15:00 PM","CE","24550","Sell","65","27.55","11.25","","1059.50"
"1227.2","2026-07-03"," 9:45:00 AM","2026-07-03"," 3:15:00 PM","PE","24100","Sell","65","29.85","32.25","","-156.00"