"Index","Entry Date","Entry Time","Exit Date","Exit Time","Type","Strike","B/S","Qty","Entry Price","Exit Price","Vix","P/L"
"1","2024-01-01"," 9:45:00 AM","2024-01-01"," 10:25:00 AM","","","","","","","NA","-1000.00"
"1.1","2024-01-01"," 9:45:00 AM","2024-01-01"," 9:54:00 AM","CE","72100","Sell","20","530.95","580.95","","-1000.00"
"1.2","2024-01-01"," 9:45:00 AM","2024-01-01"," 10:25:00 AM","PE","72100","Sell","20","399.40","399.40","","0.00"
"2","2024-01-01"," 11:45:00 AM","2024-01-01"," 3:15:00 PM","","","","","","","NA","-418.00"
"2.1","2024-01-01"," 11:45:00 AM","2024-01-01"," 1:31:00 PM","CE","72200","Sell","20","524.40","574.40","","-1000.00"
"2.2","2024-01-01"," 11:45:00 AM","2024-01-01"," 3:15:00 PM","PE","72200","Sell","20","379.30","350.20","","582.00"
"3","2024-01-02"," 9:45:00 AM","2024-01-02"," 3:15:00 PM","","","","","","","NA","3222.00"
"3.1","2024-01-02"," 9:45:00 AM","2024-01-02"," 3:15:00 PM","CE","72200","Sell","20","457.10","246.00","","4222.00"
"3.2","2024-01-02"," 9:45:00 AM","2024-01-02"," 9:56:00 AM","PE","72200","Sell","20","348.90","398.90","","-1000.00"
"4","2024-01-02"," 11:45:00 AM","2024-01-02"," 1:05:00 PM","","","","","","","NA","-1000.00"
"4.1","2024-01-02"," 11:45:00 AM","2024-01-02"," 12:17:00 PM","CE","71700","Sell","20","467.10","517.10","","-1000.00"
"4.2","2024-01-02"," 11:45:00 AM","2024-01-02"," 1:05:00 PM","PE","71700","Sell","20","388.25","388.25","","0.00"
"5","2024-01-03"," 9:45:00 AM","2024-01-03"," 10:21:00 AM","","","","","","","NA","-1000.00"
"5.1","2024-01-03"," 9:45:00 AM","2024-01-03"," 10:05:00 AM","CE","71500","Sell","20","396.75","446.75","","-1000.00"
"5.2","2024-01-03"," 9:45:00 AM","2024-01-03"," 10:21:00 AM","PE","71500","Sell","20","344.30","344.30","","0.00"
"6","2024-01-03"," 11:45:00 AM","2024-01-03"," 3:15:00 PM","","","","","","","NA","2433.00"
"6.1","2024-01-03"," 11:45:00 AM","2024-01-03"," 3:15:00 PM","CE","71600","Sell","20","345.00","173.35","","3433.00"
"6.2","2024-01-03"," 11:45:00 AM","2024-01-03"," 12:23:00 PM","PE","71600","Sell","20","292.75","342.75","","-1000.00"
"7","2024-01-04"," 9:45:00 AM","2024-01-04"," 3:15:00 PM","","","","","","","NA","1992.00"
"7.1","2024-01-04"," 9:45:00 AM","2024-01-04"," 11:17:00 AM","CE","71700","Sell","20","257.60","307.60","","-1000.00"
"7.2","2024-01-04"," 9:45:00 AM","2024-01-04"," 3:15:00 PM","PE","71700","Sell","20","215.30","65.70","","2992.00"
"8","2024-01-04"," 11:45:00 AM","2024-01-04"," 3:15:00 PM","","","","","","","NA","737.00"
"8.1","2024-01-04"," 11:45:00 AM","2024-01-04"," 12:48:00 PM","CE","71800","Sell","20","222.75","272.75","","-1000.00"
"8.2","2024-01-04"," 11:45:00 AM","2024-01-04"," 3:15:00 PM","PE","71800","Sell","20","183.50","96.65","","1737.00"
"9","2024-01-05"," 9:45:00 AM","2024-01-05"," 3:15:00 PM","","","","","","","NA","1077.00"
"9.1","2024-01-05"," 9:45:00 AM","2024-01-05"," 3:15:00 PM","CE","72100","Sell","20","104.90","1.05","","2077.00"
"9.2","2024-01-05"," 9:45:00 AM","2024-01-05"," 10:44:00 AM","PE","72100","Sell","20","103.50","153.50","","-1000.00"
"10","2024-01-05"," 11:45:00 AM","2024-01-05"," 3:15:00 PM","","","","","","","NA","25.00"
"10.1","2024-01-05"," 11:45:00 AM","2024-01-05"," 3:06:00 PM","CE","71900","Sell","20","95.70","145.70","","-1000.00"
"10.2","2024-01-05"," 11:45:00 AM","2024-01-05"," 3:15:00 PM","PE","71900","Sell","20","51.65","0.40","","1025.00"
"11","2024-01-08"," 9:45:00 AM","2024-01-08"," 10:53:00 AM","","","","","","","NA","-1000.00"
"11.1","2024-01-08"," 9:45:00 AM","2024-01-08"," 10:31:00 AM","CE","71900","Sell","20","437.40","487.40","","-1000.00"
"11.2","2024-01-08"," 9:45:00 AM","2024-01-08"," 10:53:00 AM","PE","71900","Sell","20","382.75","382.75","","0.00"
"12","2024-01-08"," 11:45:00 AM","2024-01-08"," 3:15:00 PM","","","","","","","NA","2666.00"
"12.1","2024-01-08"," 11:45:00 AM","2024-01-08"," 3:15:00 PM","CE","71800","Sell","20","430.00","246.70","","3666.00"
"12.2","2024-01-08"," 11:45:00 AM","2024-01-08"," 11:52:00 AM","PE","71800","Sell","20","366.70","416.70","","-1000.00"
"13","2024-01-09"," 9:45:00 AM","2024-01-09"," 2:21:00 PM","","","","","","","NA","-1000.00"
"13.1","2024-01-09"," 9:45:00 AM","2024-01-09"," 10:14:00 AM","CE","71700","Sell","20","387.30","437.30","","-1000.00"
"13.2","2024-01-09"," 9:45:00 AM","2024-01-09"," 2:21:00 PM","PE","71700","Sell","20","361.40","361.40","","0.00"
"14","2024-01-09"," 11:45:00 AM","2024-01-09"," 1:53:00 PM","","","","","","","NA","-1000.00"
"14.1","2024-01-09"," 11:45:00 AM","2024-01-09"," 12:39:00 PM","CE","72000","Sell","20","366.50","416.50","","-1000.00"
"14.2","2024-01-09"," 11:45:00 AM","2024-01-09"," 1:53:00 PM","PE","72000","Sell","20","350.70","350.70","","0.00"
"15","2024-01-10"," 9:45:00 AM","2024-01-10"," 10:19:00 AM","","","","","","","NA","-1000.00"
"15.1","2024-01-10"," 9:45:00 AM","2024-01-10"," 10:19:00 AM","CE","71400","Sell","20","372.65","372.65","","0.00"
"15.2","2024-01-10"," 9:45:00 AM","2024-01-10"," 9:49:00 AM","PE","71400","Sell","20","313.20","363.20","","-1000.00"
"16","2024-01-10"," 11:45:00 AM","2024-01-10"," 2:18:00 PM","","","","","","","NA","-1000.00"
"16.1","2024-01-10"," 11:45:00 AM","2024-01-10"," 2:18:00 PM","CE","71400","Sell","20","342.15","342.15","","0.00"
"16.2","2024-01-10"," 11:45:00 AM","2024-01-10"," 12:06:00 PM","PE","71400","Sell","20","320.75","370.75","","-1000.00"
"17","2024-01-11"," 9:45:00 AM","2024-01-11"," 3:15:00 PM","","","","","","","NA","1163.00"
"17.1","2024-01-11"," 9:45:00 AM","2024-01-11"," 3:15:00 PM","CE","71900","Sell","20","243.15","135.00","","2163.00"
"17.2","2024-01-11"," 9:45:00 AM","2024-01-11"," 10:32:00 AM","PE","71900","Sell","20","249.95","299.95","","-1000.00"
"18","2024-01-11"," 11:45:00 AM","2024-01-11"," 3:15:00 PM","","","","","","","NA","-13.00"
"18.1","2024-01-11"," 11:45:00 AM","2024-01-11"," 3:15:00 PM","CE","71800","Sell","20","229.75","180.40","","987.00"
"18.2","2024-01-11"," 11:45:00 AM","2024-01-11"," 2:11:00 PM","PE","71800","Sell","20","211.35","261.35","","-1000.00"
"19","2024-01-12"," 9:45:00 AM","2024-01-12"," 3:15:00 PM","","","","","","","NA","1846.00"
"19.1","2024-01-12"," 9:45:00 AM","2024-01-12"," 10:04:00 AM","CE","72100","Sell","20","82.65","132.65","","-1000.00"
"19.2","2024-01-12"," 9:45:00 AM","2024-01-12"," 3:15:00 PM","PE","72100","Sell","20","142.70","0.40","","2846.00"
"20","2024-01-12"," 11:45:00 AM","2024-01-12"," 3:15:00 PM","","","","","","","NA","1298.00"
"20.1","2024-01-12"," 11:45:00 AM","2024-01-12"," 1:32:00 PM","CE","72400","Sell","20","85.45","135.45","","-1000.00"
"20.2","2024-01-12"," 11:45:00 AM","2024-01-12"," 3:15:00 PM","PE","72400","Sell","20","115.70","0.80","","2298.00"
"21","2024-01-15"," 9:45:00 AM","2024-01-15"," 11:24:00 AM","","","","","","","NA","-1000.00"
"21.1","2024-01-15"," 9:45:00 AM","2024-01-15"," 11:24:00 AM","CE","73200","Sell","20","494.80","494.80","","0.00"
"21.2","2024-01-15"," 9:45:00 AM","2024-01-15"," 9:52:00 AM","PE","73200","Sell","20","498.45","548.45","","-1000.00"
"22","2024-01-15"," 11:45:00 AM","2024-01-15"," 3:15:00 PM","","","","","","","NA","771.00"
"22.1","2024-01-15"," 11:45:00 AM","2024-01-15"," 2:06:00 PM","CE","73200","Sell","20","472.60","522.60","","-1000.00"
"22.2","2024-01-15"," 11:45:00 AM","2024-01-15"," 3:15:00 PM","PE","73200","Sell","20","491.75","403.20","","1771.00"
"23","2024-01-16"," 9:45:00 AM","2024-01-16"," 10:02:00 AM","","","","","","","NA","-1000.00"
"23.1","2024-01-16"," 9:45:00 AM","2024-01-16"," 9:49:00 AM","CE","73200","Sell","20","446.85","496.85","","-1000.00"
"23.2","2024-01-16"," 9:45:00 AM","2024-01-16"," 10:02:00 AM","PE","73200","Sell","20","423.50","423.50","","0.00"
"24","2024-01-16"," 11:45:00 AM","2024-01-16"," 3:15:00 PM","","","","","","","NA","1234.00"
"24.1","2024-01-16"," 11:45:00 AM","2024-01-16"," 3:15:00 PM","CE","73300","Sell","20","413.20","301.50","","2234.00"
"24.2","2024-01-16"," 11:45:00 AM","2024-01-16"," 12:49:00 PM","PE","73300","Sell","20","415.80","465.80","","-1000.00"
"25","2024-01-17"," 9:45:00 AM","2024-01-17"," 3:15:00 PM","","","","","","","NA","4233.00"
"25.1","2024-01-17"," 9:45:00 AM","2024-01-17"," 3:15:00 PM","CE","72400","Sell","20","391.30","129.65","","5233.00"
"25.2","2024-01-17"," 9:45:00 AM","2024-01-17"," 10:25:00 AM","PE","72400","Sell","20","409.80","459.80","","-1000.00"
"26","2024-01-17"," 11:45:00 AM","2024-01-17"," 12:15:00 PM","","","","","","","NA","-1000.00"
"26.1","2024-01-17"," 11:45:00 AM","2024-01-17"," 12:15:00 PM","CE","71900","Sell","20","436.70","436.70","","0.00"
"26.2","2024-01-17"," 11:45:00 AM","2024-01-17"," 12:03:00 PM","PE","71900","Sell","20","419.95","469.95","","-1000.00"
"27","2024-01-18"," 9:45:00 AM","2024-01-18"," 10:10:00 AM","","","","","","","NA","-1000.00"
"27.1","2024-01-18"," 9:45:00 AM","2024-01-18"," 10:10:00 AM","CE","71000","Sell","20","346.20","346.20","","0.00"
"27.2","2024-01-18"," 9:45:00 AM","2024-01-18"," 9:49:00 AM","PE","71000","Sell","20","416.65","466.65","","-1000.00"
"28","2024-01-18"," 11:45:00 AM","2024-01-18"," 12:43:00 PM","","","","","","","NA","-1000.00"
"28.1","2024-01-18"," 11:45:00 AM","2024-01-18"," 11:58:00 AM","CE","71200","Sell","20","304.40","354.40","","-1000.00"
"28.2","2024-01-18"," 11:45:00 AM","2024-01-18"," 12:43:00 PM","PE","71200","Sell","20","284.80","284.80","","0.00"
"29","2024-01-19"," 9:45:00 AM","2024-01-19"," 9:58:00 AM","","","","","","","NA","-1000.00"
"29.1","2024-01-19"," 9:45:00 AM","2024-01-19"," 9:58:00 AM","CE","71800","Sell","20","163.70","163.70","","0.00"
"29.2","2024-01-19"," 9:45:00 AM","2024-01-19"," 9:51:00 AM","PE","71800","Sell","20","148.90","198.90","","-1000.00"
"30","2024-01-19"," 11:45:00 AM","2024-01-19"," 3:15:00 PM","","","","","","","NA","3083.00"
"30.1","2024-01-19"," 11:45:00 AM","2024-01-19"," 3:15:00 PM","CE","71700","Sell","20","66.90","1.75","","1303.00"
"30.2","2024-01-19"," 11:45:00 AM","2024-01-19"," 3:15:00 PM","PE","71700","Sell","20","120.80","31.80","","1780.00"
"31","2024-01-23"," 9:45:00 AM","2024-01-23"," 3:15:00 PM","","","","","","","NA","6601.00"
"31.1","2024-01-23"," 9:45:00 AM","2024-01-23"," 3:15:00 PM","CE","71900","Sell","20","436.75","56.70","","7601.00"
"31.2","2024-01-23"," 9:45:00 AM","2024-01-23"," 9:57:00 AM","PE","71900","Sell","20","299.65","349.65","","-1000.00"
"32","2024-01-23"," 11:45:00 AM","2024-01-23"," 3:15:00 PM","","","","","","","NA","5591.00"
"32.1","2024-01-23"," 11:45:00 AM","2024-01-23"," 3:15:00 PM","CE","71100","Sell","20","464.30","134.75","","6591.00"
"32.2","2024-01-23"," 11:45:00 AM","2024-01-23"," 12:03:00 PM","PE","71100","Sell","20","477.60","527.60","","-1000.00"
"33","2024-01-24"," 9:45:00 AM","2024-01-24"," 11:33:00 AM","","","","","","","NA","-1000.00"
"33.1","2024-01-24"," 9:45:00 AM","2024-01-24"," 9:47:00 AM","CE","70400","Sell","20","432.75","482.75","","-1000.00"
"33.2","2024-01-24"," 9:45:00 AM","2024-01-24"," 11:33:00 AM","PE","70400","Sell","20","327.90","327.90","","0.00"
"34","2024-01-24"," 11:45:00 AM","2024-01-24"," 1:01:00 PM","","","","","","","NA","-1000.00"
"34.1","2024-01-24"," 11:45:00 AM","2024-01-24"," 1:01:00 PM","CE","70600","Sell","20","331.10","331.10","","0.00"
"34.2","2024-01-24"," 11:45:00 AM","2024-01-24"," 11:49:00 AM","PE","70600","Sell","20","297.35","347.35","","-1000.00"
"35","2024-01-25"," 9:45:00 AM","2024-01-25"," 11:40:00 AM","","","","","","","NA","-1000.00"
"35.1","2024-01-25"," 9:45:00 AM","2024-01-25"," 11:40:00 AM","CE","70800","Sell","20","182.40","182.40","","0.00"
"35.2","2024-01-25"," 9:45:00 AM","2024-01-25"," 10:18:00 AM","PE","70800","Sell","20","228.10","278.10","","-1000.00"
"36","2024-01-25"," 11:45:00 AM","2024-01-25"," 3:15:00 PM","","","","","","","NA","2531.00"
"36.1","2024-01-25"," 11:45:00 AM","2024-01-25"," 3:15:00 PM","CE","70700","Sell","20","182.40","5.85","","3531.00"
"36.2","2024-01-25"," 11:45:00 AM","2024-01-25"," 11:48:00 AM","PE","70700","Sell","20","214.70","264.70","","-1000.00"
"37","2024-01-29"," 9:45:00 AM","2024-01-29"," 3:15:00 PM","","","","","","","NA","4015.00"
"37.1","2024-01-29"," 9:45:00 AM","2024-01-29"," 10:00:00 AM","CE","71300","Sell","20","814.00","864.30","","-1006.00"
"37.2","2024-01-29"," 9:45:00 AM","2024-01-29"," 3:15:00 PM","PE","71300","Sell","20","661.55","410.50","","5021.00"
"38","2024-01-29"," 11:45:00 AM","2024-01-29"," 12:27:00 PM","","","","","","","NA","-1042.00"
"38.1","2024-01-29"," 11:45:00 AM","2024-01-29"," 11:55:00 AM","CE","71600","Sell","20","780.20","832.30","","-1042.00"
"38.2","2024-01-29"," 11:45:00 AM","2024-01-29"," 12:27:00 PM","PE","71600","Sell","20","634.80","634.80","","0.00"
"39","2024-01-30"," 9:45:00 AM","2024-01-30"," 3:15:00 PM","","","","","","","NA","7677.00"
"39.1","2024-01-30"," 9:45:00 AM","2024-01-30"," 3:15:00 PM","CE","72000","Sell","20","773.85","340.00","","8677.00"
"39.2","2024-01-30"," 9:45:00 AM","2024-01-30"," 9:48:00 AM","PE","72000","Sell","20","651.15","701.15","","-1000.00"
"40","2024-01-30"," 11:45:00 AM","2024-01-30"," 3:15:00 PM","","","","","","","NA","4655.00"
"40.1","2024-01-30"," 11:45:00 AM","2024-01-30"," 3:15:00 PM","CE","71800","Sell","20","694.35","411.60","","5655.00"
"40.2","2024-01-30"," 11:45:00 AM","2024-01-30"," 12:44:00 PM","PE","71800","Sell","20","626.55","676.55","","-1000.00"
"41","2024-01-31"," 9:45:00 AM","2024-01-31"," 10:08:00 AM","","","","","","","NA","-1000.00"
"41.1","2024-01-31"," 9:45:00 AM","2024-01-31"," 10:08:00 AM","CE","71300","Sell","20","724.60","724.60","","0.00"
"41.2","2024-01-31"," 9:45:00 AM","2024-01-31"," 9:56:00 AM","PE","71300","Sell","20","570.00","620.00","","-1000.00"
"42","2024-01-31"," 11:45:00 AM","2024-01-31"," 3:03:00 PM","","","","","","","NA","-1000.00"
"42.1","2024-01-31"," 11:45:00 AM","2024-01-31"," 3:03:00 PM","CE","71700","Sell","20","684.50","684.50","","0.00"
"42.2","2024-01-31"," 11:45:00 AM","2024-01-31"," 12:29:00 PM","PE","71700","Sell","20","503.55","553.55","","-1000.00"
"43","2024-02-01"," 9:45:00 AM","2024-02-01"," 11:18:00 AM","","","","","","","NA","-1000.00"
"43.1","2024-02-01"," 9:45:00 AM","2024-02-01"," 10:08:00 AM","CE","71800","Sell","20","482.30","532.30","","-1000.00"
"43.2","2024-02-01"," 9:45:00 AM","2024-02-01"," 11:18:00 AM","PE","71800","Sell","20","496.00","496.00","","0.00"
"44","2024-02-01"," 11:45:00 AM","2024-02-01"," 3:15:00 PM","","","","","","","NA","5872.00"
"44.1","2024-02-01"," 11:45:00 AM","2024-02-01"," 3:15:00 PM","CE","71900","Sell","20","493.55","149.95","","6872.00"
"44.2","2024-02-01"," 11:45:00 AM","2024-02-01"," 11:59:00 AM","PE","71900","Sell","20","457.55","507.55","","-1000.00"
"45","2024-02-02"," 9:45:00 AM","2024-02-02"," 10:02:00 AM","","","","","","","NA","-1000.00"
"45.1","2024-02-02"," 9:45:00 AM","2024-02-02"," 10:02:00 AM","CE","72400","Sell","20","167.60","167.60","","0.00"
"45.2","2024-02-02"," 9:45:00 AM","2024-02-02"," 9:46:00 AM","PE","72400","Sell","20","148.25","198.25","","-1000.00"
"46","2024-02-02"," 11:45:00 AM","2024-02-02"," 3:15:00 PM","","","","","","","NA","5125.00"
"46.1","2024-02-02"," 11:45:00 AM","2024-02-02"," 3:15:00 PM","CE","72900","Sell","20","306.50","0.25","","6125.00"
"46.2","2024-02-02"," 11:45:00 AM","2024-02-02"," 12:08:00 PM","PE","72900","Sell","20","120.00","170.00","","-1000.00"
"47","2024-02-05"," 9:45:00 AM","2024-02-05"," 10:19:00 AM","","","","","","","NA","-1000.00"
"47.1","2024-02-05"," 9:45:00 AM","2024-02-05"," 9:48:00 AM","CE","72200","Sell","20","683.20","733.20","","-1000.00"
"47.2","2024-02-05"," 9:45:00 AM","2024-02-05"," 10:19:00 AM","PE","72200","Sell","20","665.00","665.00","","0.00"
"48","2024-02-05"," 11:45:00 AM","2024-02-05"," 12:06:00 PM","","","","","","","NA","-1000.00"
"48.1","2024-02-05"," 11:45:00 AM","2024-02-05"," 12:00:00 PM","CE","72200","Sell","20","643.35","693.35","","-1000.00"
"48.2","2024-02-05"," 11:45:00 AM","2024-02-05"," 12:06:00 PM","PE","72200","Sell","20","604.35","604.35","","0.00"
"49","2024-02-06"," 9:45:00 AM","2024-02-06"," 9:55:00 AM","","","","","","","NA","-1000.00"
"49.1","2024-02-06"," 9:45:00 AM","2024-02-06"," 9:51:00 AM","CE","72000","Sell","20","600.75","650.75","","-1000.00"
"49.2","2024-02-06"," 9:45:00 AM","2024-02-06"," 9:55:00 AM","PE","72000","Sell","20","593.50","593.50","","0.00"
"50","2024-02-06"," 11:45:00 AM","2024-02-06"," 3:15:00 PM","","","","","","","NA","528.00"
"50.1","2024-02-06"," 11:45:00 AM","2024-02-06"," 12:00:00 PM","CE","72000","Sell","20","600.40","650.40","","-1000.00"
"50.2","2024-02-06"," 11:45:00 AM","2024-02-06"," 3:15:00 PM","PE","72000","Sell","20","536.45","460.05","","1528.00"
"51","2024-02-07"," 9:45:00 AM","2024-02-07"," 10:41:00 AM","","","","","","","NA","-1000.00"
"51.1","2024-02-07"," 9:45:00 AM","2024-02-07"," 10:00:00 AM","CE","72300","Sell","20","519.65","569.65","","-1000.00"
"51.2","2024-02-07"," 9:45:00 AM","2024-02-07"," 10:41:00 AM","PE","72300","Sell","20","499.00","499.00","","0.00"
"52","2024-02-07"," 11:45:00 AM","2024-02-07"," 12:33:00 PM","","","","","","","NA","-1000.00"
"52.1","2024-02-07"," 11:45:00 AM","2024-02-07"," 12:33:00 PM","CE","72000","Sell","20","528.05","528.05","","0.00"
"52.2","2024-02-07"," 11:45:00 AM","2024-02-07"," 11:57:00 AM","PE","72000","Sell","20","444.35","494.35","","-1000.00"
"53","2024-02-08"," 9:45:00 AM","2024-02-08"," 10:05:00 AM","","","","","","","NA","-1000.00"
"53.1","2024-02-08"," 9:45:00 AM","2024-02-08"," 10:05:00 AM","CE","72300","Sell","20","431.75","431.75","","0.00"
"53.2","2024-02-08"," 9:45:00 AM","2024-02-08"," 9:52:00 AM","PE","72300","Sell","20","364.30","414.30","","-1000.00"
"54","2024-02-08"," 11:45:00 AM","2024-02-08"," 3:15:00 PM","","","","","","","NA","1950.00"
"54.1","2024-02-08"," 11:45:00 AM","2024-02-08"," 3:15:00 PM","CE","71600","Sell","20","395.00","247.50","","2950.00"
"54.2","2024-02-08"," 11:45:00 AM","2024-02-08"," 2:07:00 PM","PE","71600","Sell","20","299.95","349.95","","-1000.00"
"55","2024-02-09"," 9:45:00 AM","2024-02-09"," 11:41:00 AM","","","","","","","NA","-1000.00"
"55.1","2024-02-09"," 9:45:00 AM","2024-02-09"," 11:41:00 AM","CE","71500","Sell","20","255.55","255.55","","0.00"
"55.2","2024-02-09"," 9:45:00 AM","2024-02-09"," 9:52:00 AM","PE","71500","Sell","20","187.90","237.90","","-1000.00"
"56","2024-02-09"," 11:45:00 AM","2024-02-09"," 12:14:00 PM","","","","","","","NA","-1000.00"
"56.1","2024-02-09"," 11:45:00 AM","2024-02-09"," 12:10:00 PM","CE","71500","Sell","20","142.40","192.40","","-1000.00"
"56.2","2024-02-09"," 11:45:00 AM","2024-02-09"," 12:14:00 PM","PE","71500","Sell","20","131.85","131.85","","0.00"
"57","2024-02-12"," 9:45:00 AM","2024-02-12"," 3:15:00 PM","","","","","","","NA","3602.00"
"57.1","2024-02-12"," 9:45:00 AM","2024-02-12"," 3:15:00 PM","CE","71500","Sell","20","657.70","427.60","","4602.00"
"57.2","2024-02-12"," 9:45:00 AM","2024-02-12"," 10:03:00 AM","PE","71500","Sell","20","568.50","618.50","","-1000.00"
"58","2024-02-12"," 11:45:00 AM","2024-02-12"," 3:15:00 PM","","","","","","","NA","1592.00"
"58.1","2024-02-12"," 11:45:00 AM","2024-02-12"," 3:15:00 PM","CE","71400","Sell","20","603.80","474.20","","2592.00"
"58.2","2024-02-12"," 11:45:00 AM","2024-02-12"," 12:04:00 PM","PE","71400","Sell","20","548.00","598.00","","-1000.00"
"59","2024-02-13"," 9:45:00 AM","2024-02-13"," 9:55:00 AM","","","","","","","NA","-1000.00"
"59.1","2024-02-13"," 9:45:00 AM","2024-02-13"," 9:55:00 AM","CE","71200","Sell","20","602.30","602.30","","0.00"
"59.2","2024-02-13"," 9:45:00 AM","2024-02-13"," 9:51:00 AM","PE","71200","Sell","20","517.70","567.70","","-1000.00"
"60","2024-02-13"," 11:45:00 AM","2024-02-13"," 1:01:00 PM","","","","","","","NA","-1000.00"
"60.1","2024-02-13"," 11:45:00 AM","2024-02-13"," 1:01:00 PM","CE","71500","Sell","20","502.70","502.70","","0.00"
"60.2","2024-02-13"," 11:45:00 AM","2024-02-13"," 12:14:00 PM","PE","71500","Sell","20","522.55","572.55","","-1000.00"
"61","2024-02-14"," 9:45:00 AM","2024-02-14"," 3:15:00 PM","","","","","","","NA","5468.00"
"61.1","2024-02-14"," 9:45:00 AM","2024-02-14"," 10:20:00 AM","CE","71000","Sell","20","453.80","503.80","","-1000.00"
"61.2","2024-02-14"," 9:45:00 AM","2024-02-14"," 3:15:00 PM","PE","71000","Sell","20","449.20","125.80","","6468.00"
"62","2024-02-14"," 11:45:00 AM","2024-02-14"," 3:15:00 PM","","","","","","","NA","4760.00"
"62.1","2024-02-14"," 11:45:00 AM","2024-02-14"," 12:28:00 PM","CE","71100","Sell","20","421.00","471.00","","-1000.00"
"62.2","2024-02-14"," 11:45:00 AM","2024-02-14"," 3:15:00 PM","PE","71100","Sell","20","434.00","146.00","","5760.00"
"63","2024-02-15"," 9:45:00 AM","2024-02-15"," 9:56:00 AM","","","","","","","NA","-1000.00"
"63.1","2024-02-15"," 9:45:00 AM","2024-02-15"," 9:49:00 AM","CE","71700","Sell","20","420.15","470.15","","-1000.00"
"63.2","2024-02-15"," 9:45:00 AM","2024-02-15"," 9:56:00 AM","PE","71700","Sell","20","352.80","352.80","","0.00"
"64","2024-02-15"," 11:45:00 AM","2024-02-15"," 12:00:00 PM","","","","","","","NA","-1000.00"
"64.1","2024-02-15"," 11:45:00 AM","2024-02-15"," 11:57:00 AM","CE","71800","Sell","20","388.15","438.15","","-1000.00"
"64.2","2024-02-15"," 11:45:00 AM","2024-02-15"," 12:00:00 PM","PE","71800","Sell","20","287.60","287.60","","0.00"
"65","2024-02-16"," 9:45:00 AM","2024-02-16"," 3:15:00 PM","","","","","","","NA","2901.00"
"65.1","2024-02-16"," 9:45:00 AM","2024-02-16"," 10:15:00 AM","CE","72300","Sell","20","192.80","242.80","","-1000.00"
"65.2","2024-02-16"," 9:45:00 AM","2024-02-16"," 3:15:00 PM","PE","72300","Sell","20","196.00","0.95","","3901.00"
"66","2024-02-16"," 11:45:00 AM","2024-02-16"," 3:15:00 PM","","","","","","","NA","3686.00"
"66.1","2024-02-16"," 11:45:00 AM","2024-02-16"," 3:15:00 PM","CE","72400","Sell","20","90.10","30.00","","1202.00"
"66.2","2024-02-16"," 11:45:00 AM","2024-02-16"," 3:15:00 PM","PE","72400","Sell","20","129.35","5.15","","2484.00"
"67","2024-02-19"," 9:45:00 AM","2024-02-19"," 10:16:00 AM","","","","","","","NA","-1000.00"
"67.1","2024-02-19"," 9:45:00 AM","2024-02-19"," 10:16:00 AM","CE","72500","Sell","20","552.00","552.00","","0.00"
"67.2","2024-02-19"," 9:45:00 AM","2024-02-19"," 9:51:00 AM","PE","72500","Sell","20","582.00","632.00","","-1000.00"
"68","2024-02-19"," 11:45:00 AM","2024-02-19"," 12:03:00 PM","","","","","","","NA","-1000.00"
"68.1","2024-02-19"," 11:45:00 AM","2024-02-19"," 11:58:00 AM","CE","72700","Sell","20","575.10","625.10","","-1000.00"
"68.2","2024-02-19"," 11:45:00 AM","2024-02-19"," 12:03:00 PM","PE","72700","Sell","20","545.60","545.60","","0.00"
"69","2024-02-20"," 9:45:00 AM","2024-02-20"," 10:16:00 AM","","","","","","","NA","-1000.00"
"69.1","2024-02-20"," 9:45:00 AM","2024-02-20"," 10:16:00 AM","CE","72700","Sell","20","526.75","526.75","","0.00"
"69.2","2024-02-20"," 9:45:00 AM","2024-02-20"," 9:51:00 AM","PE","72700","Sell","20","533.10","583.10","","-1000.00"
"70","2024-02-20"," 11:45:00 AM","2024-02-20"," 2:03:00 PM","","","","","","","NA","-1000.00"
"70.1","2024-02-20"," 11:45:00 AM","2024-02-20"," 12:02:00 PM","CE","72800","Sell","20","491.95","541.95","","-1000.00"
"70.2","2024-02-20"," 11:45:00 AM","2024-02-20"," 2:03:00 PM","PE","72800","Sell","20","527.00","527.00","","0.00"
"71","2024-02-21"," 9:45:00 AM","2024-02-21"," 3:15:00 PM","","","","","","","NA","3554.00"
"71.1","2024-02-21"," 9:45:00 AM","2024-02-21"," 3:15:00 PM","CE","73200","Sell","20","398.70","171.00","","4554.00"
"71.2","2024-02-21"," 9:45:00 AM","2024-02-21"," 10:21:00 AM","PE","73200","Sell","20","469.60","519.60","","-1000.00"
"72","2024-02-21"," 11:45:00 AM","2024-02-21"," 3:15:00 PM","","","","","","","NA","2741.00"
"72.1","2024-02-21"," 11:45:00 AM","2024-02-21"," 3:15:00 PM","CE","73100","Sell","20","391.20","204.15","","3741.00"
"72.2","2024-02-21"," 11:45:00 AM","2024-02-21"," 1:49:00 PM","PE","73100","Sell","20","408.40","458.40","","-1000.00"
"73","2024-02-22"," 9:45:00 AM","2024-02-22"," 1:55:00 PM","","","","","","","NA","-1000.00"
"73.1","2024-02-22"," 9:45:00 AM","2024-02-22"," 1:55:00 PM","CE","72600","Sell","20","348.35","348.35","","0.00"
"73.2","2024-02-22"," 9:45:00 AM","2024-02-22"," 9:54:00 AM","PE","72600","Sell","20","353.55","403.55","","-1000.00"
"74","2024-02-22"," 11:45:00 AM","2024-02-22"," 3:15:00 PM","","","","","","","NA","4600.00"
"74.1","2024-02-22"," 11:45:00 AM","2024-02-22"," 1:42:00 PM","CE","72300","Sell","20","346.05","396.05","","-1000.00"
"74.2","2024-02-22"," 11:45:00 AM","2024-02-22"," 3:15:00 PM","PE","72300","Sell","20","315.05","35.05","","5600.00"
"75","2024-02-23"," 9:45:00 AM","2024-02-23"," 10:01:00 AM","","","","","","","NA","-1000.00"
"75.1","2024-02-23"," 9:45:00 AM","2024-02-23"," 10:01:00 AM","CE","73300","Sell","20","189.05","189.05","","0.00"
"75.2","2024-02-23"," 9:45:00 AM","2024-02-23"," 9:55:00 AM","PE","73300","Sell","20","152.50","202.50","","-1000.00"
"76","2024-02-23"," 11:45:00 AM","2024-02-23"," 3:15:00 PM","","","","","","","NA","1004.00"
"76.1","2024-02-23"," 11:45:00 AM","2024-02-23"," 3:15:00 PM","CE","73300","Sell","20","100.60","0.40","","2004.00"
"76.2","2024-02-23"," 11:45:00 AM","2024-02-23"," 11:51:00 AM","PE","73300","Sell","20","97.15","147.15","","-1000.00"
"77","2024-02-26"," 9:45:00 AM","2024-02-26"," 3:15:00 PM","","","","","","","NA","2052.00"
"77.1","2024-02-26"," 9:45:00 AM","2024-02-26"," 3:15:00 PM","CE","73100","Sell","20","648.80","496.20","","3052.00"
"77.2","2024-02-26"," 9:45:00 AM","2024-02-26"," 9:51:00 AM","PE","73100","Sell","20","545.25","595.25","","-1000.00"
"78","2024-02-26"," 11:45:00 AM","2024-02-26"," 12:58:00 PM","","","","","","","NA","-1000.00"
"78.1","2024-02-26"," 11:45:00 AM","2024-02-26"," 12:58:00 PM","CE","72800","Sell","20","684.45","684.45","","0.00"
"78.2","2024-02-26"," 11:45:00 AM","2024-02-26"," 11:56:00 AM","PE","72800","Sell","20","524.15","574.15","","-1000.00"
"79","2024-02-27"," 9:45:00 AM","2024-02-27"," 3:15:00 PM","","","","","","","NA","1644.00"
"79.1","2024-02-27"," 9:45:00 AM","2024-02-27"," 11:41:00 AM","CE","72800","Sell","20","616.95","666.95","","-1000.00"
"79.2","2024-02-27"," 9:45:00 AM","2024-02-27"," 3:15:00 PM","PE","72800","Sell","20","490.10","357.90","","2644.00"
"80","2024-02-27"," 11:45:00 AM","2024-02-27"," 12:45:00 PM","","","","","","","NA","-1000.00"
"80.1","2024-02-27"," 11:45:00 AM","2024-02-27"," 12:45:00 PM","CE","72900","Sell","20","578.10","578.10","","0.00"
"80.2","2024-02-27"," 11:45:00 AM","2024-02-27"," 12:06:00 PM","PE","72900","Sell","20","470.95","520.95","","-1000.00"
"81","2024-02-28"," 9:45:00 AM","2024-02-28"," 3:15:00 PM","","","","","","","NA","5393.00"
"81.1","2024-02-28"," 9:45:00 AM","2024-02-28"," 3:15:00 PM","CE","73100","Sell","20","480.50","160.85","","6393.00"
"81.2","2024-02-28"," 9:45:00 AM","2024-02-28"," 10:52:00 AM","PE","73100","Sell","20","411.90","461.90","","-1000.00"
"82","2024-02-28"," 11:45:00 AM","2024-02-28"," 11:48:00 AM","","","","","","","NA","-1000.00"
"82.1","2024-02-28"," 11:45:00 AM","2024-02-28"," 11:48:00 AM","CE","72600","Sell","20","481.10","481.10","","0.00"
"82.2","2024-02-28"," 11:45:00 AM","2024-02-28"," 11:47:00 AM","PE","72600","Sell","20","455.00","505.00","","-1000.00"
"83","2024-02-29"," 9:45:00 AM","2024-02-29"," 10:09:00 AM","","","","","","","NA","-1000.00"
"83.1","2024-02-29"," 9:45:00 AM","2024-02-29"," 9:55:00 AM","CE","72400","Sell","20","387.95","437.95","","-1000.00"
"83.2","2024-02-29"," 9:45:00 AM","2024-02-29"," 10:09:00 AM","PE","72400","Sell","20","394.20","394.20","","0.00"
"84","2024-02-29"," 11:45:00 AM","2024-02-29"," 1:04:00 PM","","","","","","","NA","-1000.00"
"84.1","2024-02-29"," 11:45:00 AM","2024-02-29"," 1:04:00 PM","CE","72400","Sell","20","386.15","386.15","","0.00"
"84.2","2024-02-29"," 11:45:00 AM","2024-02-29"," 12:30:00 PM","PE","72400","Sell","20","338.90","388.90","","-1000.00"
"85","2024-03-01"," 9:45:00 AM","2024-03-01"," 9:47:00 AM","","","","","","","NA","-1000.00"
"85.1","2024-03-01"," 9:45:00 AM","2024-03-01"," 9:46:00 AM","CE","73000","Sell","20","360.60","410.60","","-1000.00"
"85.2","2024-03-01"," 9:45:00 AM","2024-03-01"," 9:47:00 AM","PE","73000","Sell","20","253.85","253.85","","0.00"
"86","2024-03-01"," 11:45:00 AM","2024-03-01"," 3:15:00 PM","","","","","","","NA","3062.00"
"86.1","2024-03-01"," 11:45:00 AM","2024-03-01"," 11:54:00 AM","CE","73500","Sell","20","244.00","294.00","","-1000.00"
"86.2","2024-03-01"," 11:45:00 AM","2024-03-01"," 3:15:00 PM","PE","73500","Sell","20","204.60","1.50","","4062.00"
"87","2024-03-04"," 9:45:00 AM","2024-03-04"," 10:07:00 AM","","","","","","","NA","-1000.00"
"87.1","2024-03-04"," 9:45:00 AM","2024-03-04"," 10:07:00 AM","CE","73900","Sell","20","514.80","514.80","","0.00"
"87.2","2024-03-04"," 9:45:00 AM","2024-03-04"," 9:53:00 AM","PE","73900","Sell","20","503.65","553.65","","-1000.00"
"88","2024-03-04"," 11:45:00 AM","2024-03-04"," 3:15:00 PM","","","","","","","NA","1549.00"
"88.1","2024-03-04"," 11:45:00 AM","2024-03-04"," 3:15:00 PM","CE","73900","Sell","20","461.55","421.50","","801.00"
"88.2","2024-03-04"," 11:45:00 AM","2024-03-04"," 3:15:00 PM","PE","73900","Sell","20","474.65","437.25","","748.00"
"89","2024-03-05"," 9:45:00 AM","2024-03-05"," 12:55:00 PM","","","","","","","NA","-1000.00"
"89.1","2024-03-05"," 9:45:00 AM","2024-03-05"," 12:55:00 PM","CE","73700","Sell","20","414.55","414.55","","0.00"
"89.2","2024-03-05"," 9:45:00 AM","2024-03-05"," 10:01:00 AM","PE","73700","Sell","20","373.55","423.55","","-1000.00"
"90","2024-03-05"," 11:45:00 AM","2024-03-05"," 3:15:00 PM","","","","","","","NA","251.00"
"90.1","2024-03-05"," 11:45:00 AM","2024-03-05"," 12:52:00 PM","CE","73600","Sell","20","375.85","425.85","","-1000.00"
"90.2","2024-03-05"," 11:45:00 AM","2024-03-05"," 3:15:00 PM","PE","73600","Sell","20","364.35","301.80","","1251.00"
"91","2024-03-06"," 9:45:00 AM","2024-03-06"," 10:19:00 AM","","","","","","","NA","-1000.00"
"91.1","2024-03-06"," 9:45:00 AM","2024-03-06"," 10:19:00 AM","CE","73700","Sell","20","333.85","333.85","","0.00"
"91.2","2024-03-06"," 9:45:00 AM","2024-03-06"," 9:51:00 AM","PE","73700","Sell","20","282.70","332.70","","-1000.00"
"92","2024-03-06"," 11:45:00 AM","2024-03-06"," 3:15:00 PM","","","","","","","NA","3736.00"
"92.1","2024-03-06"," 11:45:00 AM","2024-03-06"," 12:39:00 PM","CE","73400","Sell","20","327.30","377.30","","-1000.00"
"92.2","2024-03-06"," 11:45:00 AM","2024-03-06"," 3:15:00 PM","PE","73400","Sell","20","285.75","48.95","","4736.00"
"93","2024-03-07"," 9:45:00 AM","2024-03-07"," 10:45:00 AM","","","","","","","NA","-1000.00"
"93.1","2024-03-07"," 9:45:00 AM","2024-03-07"," 10:05:00 AM","CE","74100","Sell","20","130.10","180.10","","-1000.00"
"93.2","2024-03-07"," 9:45:00 AM","2024-03-07"," 10:45:00 AM","PE","74100","Sell","20","155.90","155.90","","0.00"
"94","2024-03-07"," 11:45:00 AM","2024-03-07"," 3:15:00 PM","","","","","","","NA","3175.00"
"94.1","2024-03-07"," 11:45:00 AM","2024-03-07"," 3:15:00 PM","CE","74100","Sell","20","104.35","31.95","","1448.00"
"94.2","2024-03-07"," 11:45:00 AM","2024-03-07"," 3:15:00 PM","PE","74100","Sell","20","87.75","1.40","","1727.00"
"95","2024-03-11"," 9:45:00 AM","2024-03-11"," 3:15:00 PM","","","","","","","NA","3557.00"
"95.1","2024-03-11"," 9:45:00 AM","2024-03-11"," 3:15:00 PM","CE","74000","Sell","20","537.40","309.55","","4557.00"
"95.2","2024-03-11"," 9:45:00 AM","2024-03-11"," 10:15:00 AM","PE","74000","Sell","20","468.85","518.85","","-1000.00"
"96","2024-03-11"," 11:45:00 AM","2024-03-11"," 1:32:00 PM","","","","","","","NA","-1000.00"
"96.1","2024-03-11"," 11:45:00 AM","2024-03-11"," 1:32:00 PM","CE","73800","Sell","20","557.95","557.95","","0.00"
"96.2","2024-03-11"," 11:45:00 AM","2024-03-11"," 12:12:00 PM","PE","73800","Sell","20","430.25","480.25","","-1000.00"
"97","2024-03-12"," 9:45:00 AM","2024-03-12"," 3:15:00 PM","","","","","","","NA","1287.00"
"97.1","2024-03-12"," 9:45:00 AM","2024-03-12"," 3:15:00 PM","CE","73900","Sell","20","484.75","370.40","","2287.00"
"97.2","2024-03-12"," 9:45:00 AM","2024-03-12"," 10:45:00 AM","PE","73900","Sell","20","389.70","439.70","","-1000.00"
"98","2024-03-12"," 11:45:00 AM","2024-03-12"," 1:06:00 PM","","","","","","","NA","-1000.00"
"98.1","2024-03-12"," 11:45:00 AM","2024-03-12"," 12:11:00 PM","CE","73600","Sell","20","526.70","576.70","","-1000.00"
"98.2","2024-03-12"," 11:45:00 AM","2024-03-12"," 1:06:00 PM","PE","73600","Sell","20","369.85","369.85","","0.00"
"99","2024-03-13"," 9:45:00 AM","2024-03-13"," 10:15:00 AM","","","","","","","NA","-1000.00"
"99.1","2024-03-13"," 9:45:00 AM","2024-03-13"," 10:15:00 AM","CE","73800","Sell","20","438.75","438.75","","0.00"
"99.2","2024-03-13"," 9:45:00 AM","2024-03-13"," 9:49:00 AM","PE","73800","Sell","20","382.40","432.40","","-1000.00"
"100","2024-03-13"," 11:45:00 AM","2024-03-13"," 12:07:00 PM","","","","","","","NA","-1000.00"
"100.1","2024-03-13"," 11:45:00 AM","2024-03-13"," 12:07:00 PM","CE","73200","Sell","20","507.05","507.05","","0.00"
"100.2","2024-03-13"," 11:45:00 AM","2024-03-13"," 11:52:00 AM","PE","73200","Sell","20","371.30","421.30","","-1000.00"
"101","2024-03-14"," 9:45:00 AM","2024-03-14"," 3:15:00 PM","","","","","","","NA","3810.00"
"101.1","2024-03-14"," 9:45:00 AM","2024-03-14"," 9:58:00 AM","CE","72700","Sell","20","395.55","445.55","","-1000.00"
"101.2","2024-03-14"," 9:45:00 AM","2024-03-14"," 3:15:00 PM","PE","72700","Sell","20","318.55","78.05","","4810.00"
"102","2024-03-14"," 11:45:00 AM","2024-03-14"," 12:43:00 PM","","","","","","","NA","-1000.00"
"102.1","2024-03-14"," 11:45:00 AM","2024-03-14"," 12:25:00 PM","CE","73200","Sell","20","394.00","444.00","","-1000.00"
"102.2","2024-03-14"," 11:45:00 AM","2024-03-14"," 12:43:00 PM","PE","73200","Sell","20","232.75","232.75","","0.00"
"103","2024-03-15"," 9:45:00 AM","2024-03-15"," 3:15:00 PM","","","","","","","NA","2454.00"
"103.1","2024-03-15"," 9:45:00 AM","2024-03-15"," 3:15:00 PM","CE","72800","Sell","20","173.05","0.35","","3454.00"
"103.2","2024-03-15"," 9:45:00 AM","2024-03-15"," 9:59:00 AM","PE","72800","Sell","20","168.15","218.15","","-1000.00"
"104","2024-03-15"," 11:45:00 AM","2024-03-15"," 3:15:00 PM","","","","","","","NA","3818.00"
"104.1","2024-03-15"," 11:45:00 AM","2024-03-15"," 3:15:00 PM","CE","72600","Sell","20","111.20","18.30","","1858.00"
"104.2","2024-03-15"," 11:45:00 AM","2024-03-15"," 3:15:00 PM","PE","72600","Sell","20","111.95","13.95","","1960.00"
"105","2024-03-18"," 9:45:00 AM","2024-03-18"," 9:53:00 AM","","","","","","","NA","-1000.00"
"105.1","2024-03-18"," 9:45:00 AM","2024-03-18"," 9:53:00 AM","CE","72500","Sell","20","600.00","600.00","","0.00"
"105.2","2024-03-18"," 9:45:00 AM","2024-03-18"," 9:49:00 AM","PE","72500","Sell","20","527.65","577.65","","-1000.00"
"106","2024-03-18"," 11:45:00 AM","2024-03-18"," 3:15:00 PM","","","","","","","NA","1246.00"
"106.1","2024-03-18"," 11:45:00 AM","2024-03-18"," 12:03:00 PM","CE","72500","Sell","20","585.50","635.50","","-1000.00"
"106.2","2024-03-18"," 11:45:00 AM","2024-03-18"," 3:15:00 PM","PE","72500","Sell","20","450.65","338.35","","2246.00"
"107","2024-03-19"," 9:45:00 AM","2024-03-19"," 3:15:00 PM","","","","","","","NA","3858.00"
"107.1","2024-03-19"," 9:45:00 AM","2024-03-19"," 3:15:00 PM","CE","72500","Sell","20","499.20","256.30","","4858.00"
"107.2","2024-03-19"," 9:45:00 AM","2024-03-19"," 9:58:00 AM","PE","72500","Sell","20","418.50","468.50","","-1000.00"
"108","2024-03-19"," 11:45:00 AM","2024-03-19"," 2:17:00 PM","","","","","","","NA","-1021.00"
"108.1","2024-03-19"," 11:45:00 AM","2024-03-19"," 12:20:00 PM","CE","72000","Sell","20","535.45","585.45","","-1000.00"
"108.2","2024-03-19"," 11:45:00 AM","2024-03-19"," 2:17:00 PM","PE","72000","Sell","20","405.55","406.60","","-21.00"
"109","2024-03-20"," 9:45:00 AM","2024-03-20"," 12:18:00 PM","","","","","","","NA","-1000.00"
"109.1","2024-03-20"," 9:45:00 AM","2024-03-20"," 12:18:00 PM","CE","72200","Sell","20","442.25","442.25","","0.00"
"109.2","2024-03-20"," 9:45:00 AM","2024-03-20"," 10:00:00 AM","PE","72200","Sell","20","343.70","393.70","","-1000.00"
"110","2024-03-20"," 11:45:00 AM","2024-03-20"," 2:22:00 PM","","","","","","","NA","-1000.00"
"110.1","2024-03-20"," 11:45:00 AM","2024-03-20"," 12:18:00 PM","CE","72100","Sell","20","438.50","488.50","","-1000.00"
"110.2","2024-03-20"," 11:45:00 AM","2024-03-20"," 2:22:00 PM","PE","72100","Sell","20","335.00","335.00","","0.00"
"111","2024-03-21"," 9:45:00 AM","2024-03-21"," 12:02:00 PM","","","","","","","NA","-1000.00"
"111.1","2024-03-21"," 9:45:00 AM","2024-03-21"," 10:06:00 AM","CE","72600","Sell","20","322.50","372.50","","-1000.00"
"111.2","2024-03-21"," 9:45:00 AM","2024-03-21"," 12:02:00 PM","PE","72600","Sell","20","234.55","234.55","","0.00"
"112","2024-03-21"," 11:45:00 AM","2024-03-21"," 3:15:00 PM","","","","","","","NA","-328.00"
"112.1","2024-03-21"," 11:45:00 AM","2024-03-21"," 3:15:00 PM","CE","72700","Sell","20","266.70","233.10","","672.00"
"112.2","2024-03-21"," 11:45:00 AM","2024-03-21"," 12:02:00 PM","PE","72700","Sell","20","235.35","285.35","","-1000.00"
"113","2024-03-22"," 9:45:00 AM","2024-03-22"," 9:49:00 AM","","","","","","","NA","-1000.00"
"113.1","2024-03-22"," 9:45:00 AM","2024-03-22"," 9:49:00 AM","CE","72400","Sell","20","238.60","238.60","","0.00"
"113.2","2024-03-22"," 9:45:00 AM","2024-03-22"," 9:46:00 AM","PE","72400","Sell","20","174.45","224.45","","-1000.00"
"114","2024-03-22"," 11:45:00 AM","2024-03-22"," 3:15:00 PM","","","","","","","NA","952.00"
"114.1","2024-03-22"," 11:45:00 AM","2024-03-22"," 2:46:00 PM","CE","72800","Sell","20","194.25","244.25","","-1000.00"
"114.2","2024-03-22"," 11:45:00 AM","2024-03-22"," 3:15:00 PM","PE","72800","Sell","20","110.20","12.60","","1952.00"
"115","2024-03-26"," 9:45:00 AM","2024-03-26"," 3:15:00 PM","","","","","","","NA","328.00"
"115.1","2024-03-26"," 9:45:00 AM","2024-03-26"," 10:31:00 AM","CE","72500","Sell","20","500.45","550.45","","-1000.00"
"115.2","2024-03-26"," 9:45:00 AM","2024-03-26"," 3:15:00 PM","PE","72500","Sell","20","306.40","240.00","","1328.00"
"116","2024-03-26"," 11:45:00 AM","2024-03-26"," 3:15:00 PM","","","","","","","NA","1087.00"
"116.1","2024-03-26"," 11:45:00 AM","2024-03-26"," 3:15:00 PM","CE","72600","Sell","20","473.50","413.15","","1207.00"
"116.2","2024-03-26"," 11:45:00 AM","2024-03-26"," 3:15:00 PM","PE","72600","Sell","20","270.95","276.95","","-120.00"
"117","2024-03-27"," 9:45:00 AM","2024-03-27"," 3:15:00 PM","","","","","","","NA","1276.00"
"117.1","2024-03-27"," 9:45:00 AM","2024-03-27"," 10:02:00 AM","CE","72800","Sell","20","328.90","378.90","","-1000.00"
"117.2","2024-03-27"," 9:45:00 AM","2024-03-27"," 3:15:00 PM","PE","72800","Sell","20","224.55","110.75","","2276.00"
"118","2024-03-27"," 11:45:00 AM","2024-03-27"," 3:15:00 PM","","","","","","","NA","1824.00"
"118.1","2024-03-27"," 11:45:00 AM","2024-03-27"," 3:15:00 PM","CE","73000","Sell","20","264.15","214.50","","993.00"
"118.2","2024-03-27"," 11:45:00 AM","2024-03-27"," 3:15:00 PM","PE","73000","Sell","20","219.65","178.10","","831.00"
"119","2024-03-28"," 9:45:00 AM","2024-03-28"," 11:56:00 AM","","","","","","","NA","-1000.00"
"119.1","2024-03-28"," 9:45:00 AM","2024-03-28"," 9:49:00 AM","CE","73400","Sell","20","179.65","229.65","","-1000.00"
"119.2","2024-03-28"," 9:45:00 AM","2024-03-28"," 11:56:00 AM","PE","73400","Sell","20","114.10","114.10","","0.00"
"120","2024-03-28"," 11:45:00 AM","2024-03-28"," 12:37:00 PM","","","","","","","NA","-1000.00"
"120.1","2024-03-28"," 11:45:00 AM","2024-03-28"," 12:37:00 PM","CE","73800","Sell","20","151.50","151.50","","0.00"
"120.2","2024-03-28"," 11:45:00 AM","2024-03-28"," 11:56:00 AM","PE","73800","Sell","20","140.10","190.10","","-1000.00"
"121","2024-04-01"," 9:45:00 AM","2024-04-01"," 11:06:00 AM","","","","","","","NA","-1000.00"
"121.1","2024-04-01"," 9:45:00 AM","2024-04-01"," 10:01:00 AM","CE","74100","Sell","20","529.15","579.15","","-1000.00"
"121.2","2024-04-01"," 9:45:00 AM","2024-04-01"," 11:06:00 AM","PE","74100","Sell","20","472.55","472.55","","0.00"
"122","2024-04-01"," 11:45:00 AM","2024-04-01"," 1:31:00 PM","","","","","","","NA","-1000.00"
"122.1","2024-04-01"," 11:45:00 AM","2024-04-01"," 1:31:00 PM","CE","74000","Sell","20","542.80","542.80","","0.00"
"122.2","2024-04-01"," 11:45:00 AM","2024-04-01"," 1:08:00 PM","PE","74000","Sell","20","385.00","435.00","","-1000.00"
"123","2024-04-02"," 9:45:00 AM","2024-04-02"," 3:15:00 PM","","","","","","","NA","696.00"
"123.1","2024-04-02"," 9:45:00 AM","2024-04-02"," 3:15:00 PM","CE","74100","Sell","20","409.65","324.85","","1696.00"
"123.2","2024-04-02"," 9:45:00 AM","2024-04-02"," 9:48:00 AM","PE","74100","Sell","20","409.25","459.25","","-1000.00"
"124","2024-04-02"," 11:45:00 AM","2024-04-02"," 3:15:00 PM","","","","","","","NA","262.00"
"124.1","2024-04-02"," 11:45:00 AM","2024-04-02"," 3:15:00 PM","CE","73900","Sell","20","399.55","428.20","","-573.00"
"124.2","2024-04-02"," 11:45:00 AM","2024-04-02"," 3:15:00 PM","PE","73900","Sell","20","356.30","314.55","","835.00"
"125","2024-04-03"," 9:45:00 AM","2024-04-03"," 3:15:00 PM","","","","","","","NA","1655.00"
"125.1","2024-04-03"," 9:45:00 AM","2024-04-03"," 10:03:00 AM","CE","73600","Sell","20","335.80","385.80","","-1000.00"
"125.2","2024-04-03"," 9:45:00 AM","2024-04-03"," 3:15:00 PM","PE","73600","Sell","20","316.20","183.45","","2655.00"
"126","2024-04-03"," 11:45:00 AM","2024-04-03"," 3:03:00 PM","","","","","","","NA","-1000.00"
"126.1","2024-04-03"," 11:45:00 AM","2024-04-03"," 12:16:00 PM","CE","73900","Sell","20","352.30","402.30","","-1000.00"
"126.2","2024-04-03"," 11:45:00 AM","2024-04-03"," 3:03:00 PM","PE","73900","Sell","20","309.05","309.05","","0.00"
"127","2024-04-04"," 9:45:00 AM","2024-04-04"," 12:44:00 PM","","","","","","","NA","-1000.00"
"127.1","2024-04-04"," 9:45:00 AM","2024-04-04"," 12:44:00 PM","CE","74000","Sell","20","325.65","325.65","","0.00"
"127.2","2024-04-04"," 9:45:00 AM","2024-04-04"," 9:54:00 AM","PE","74000","Sell","20","314.95","364.95","","-1000.00"
"128","2024-04-04"," 11:45:00 AM","2024-04-04"," 3:15:00 PM","","","","","","","NA","2871.00"
"128.1","2024-04-04"," 11:45:00 AM","2024-04-04"," 12:39:00 PM","CE","73800","Sell","20","311.05","361.05","","-1000.00"
"128.2","2024-04-04"," 11:45:00 AM","2024-04-04"," 3:15:00 PM","PE","73800","Sell","20","274.60","81.05","","3871.00"
"129","2024-04-05"," 9:45:00 AM","2024-04-05"," 10:02:00 AM","","","","","","","NA","-1000.00"
"129.1","2024-04-05"," 9:45:00 AM","2024-04-05"," 9:53:00 AM","CE","74100","Sell","20","205.35","255.35","","-1000.00"
"129.2","2024-04-05"," 9:45:00 AM","2024-04-05"," 10:02:00 AM","PE","74100","Sell","20","218.25","218.25","","0.00"
"130","2024-04-05"," 11:45:00 AM","2024-04-05"," 3:15:00 PM","","","","","","","NA","3368.00"
"130.1","2024-04-05"," 11:45:00 AM","2024-04-05"," 3:15:00 PM","CE","74200","Sell","20","70.75","40.65","","602.00"
"130.2","2024-04-05"," 11:45:00 AM","2024-04-05"," 3:15:00 PM","PE","74200","Sell","20","139.20","0.90","","2766.00"
"131","2024-04-08"," 9:45:00 AM","2024-04-08"," 3:15:00 PM","","","","","","","NA","1621.00"
"131.1","2024-04-08"," 9:45:00 AM","2024-04-08"," 1:03:00 PM","CE","74600","Sell","20","451.10","501.10","","-1000.00"
"131.2","2024-04-08"," 9:45:00 AM","2024-04-08"," 3:15:00 PM","PE","74600","Sell","20","480.05","349.00","","2621.00"
"132","2024-04-08"," 11:45:00 AM","2024-04-08"," 3:15:00 PM","","","","","","","NA","268.00"
"132.1","2024-04-08"," 11:45:00 AM","2024-04-08"," 1:03:00 PM","CE","74700","Sell","20","408.55","458.55","","-1000.00"
"132.2","2024-04-08"," 11:45:00 AM","2024-04-08"," 3:15:00 PM","PE","74700","Sell","20","450.80","387.40","","1268.00"
"133","2024-04-09"," 9:45:00 AM","2024-04-09"," 12:14:00 PM","","","","","","","NA","-1000.00"
"133.1","2024-04-09"," 9:45:00 AM","2024-04-09"," 10:39:00 AM","CE","75000","Sell","20","340.90","390.90","","-1000.00"
"133.2","2024-04-09"," 9:45:00 AM","2024-04-09"," 12:14:00 PM","PE","75000","Sell","20","378.40","378.40","","0.00"
"134","2024-04-09"," 11:45:00 AM","2024-04-09"," 3:15:00 PM","","","","","","","NA","2268.00"
"134.1","2024-04-09"," 11:45:00 AM","2024-04-09"," 3:15:00 PM","CE","75000","Sell","20","364.80","201.40","","3268.00"
"134.2","2024-04-09"," 11:45:00 AM","2024-04-09"," 12:14:00 PM","PE","75000","Sell","20","320.45","370.45","","-1000.00"
"135","2024-04-10"," 9:45:00 AM","2024-04-10"," 3:15:00 PM","","","","","","","NA","2228.00"
"135.1","2024-04-10"," 9:45:00 AM","2024-04-10"," 3:15:00 PM","CE","74900","Sell","20","292.80","277.20","","312.00"
"135.2","2024-04-10"," 9:45:00 AM","2024-04-10"," 3:15:00 PM","PE","74900","Sell","20","300.35","204.55","","1916.00"
"136","2024-04-10"," 11:45:00 AM","2024-04-10"," 3:15:00 PM","","","","","","","NA","398.00"
"136.1","2024-04-10"," 11:45:00 AM","2024-04-10"," 1:46:00 PM","CE","74800","Sell","20","292.25","342.25","","-1000.00"
"136.2","2024-04-10"," 11:45:00 AM","2024-04-10"," 3:15:00 PM","PE","74800","Sell","20","234.50","164.60","","1398.00"
"137","2024-04-12"," 9:45:00 AM","2024-04-12"," 12:20:00 PM","","","","","","","NA","-1000.00"
"137.1","2024-04-12"," 9:45:00 AM","2024-04-12"," 12:20:00 PM","CE","74700","Sell","20","157.65","157.65","","0.00"
"137.2","2024-04-12"," 9:45:00 AM","2024-04-12"," 12:17:00 PM","PE","74700","Sell","20","293.50","343.50","","-1000.00"
"138","2024-04-12"," 11:45:00 AM","2024-04-12"," 12:20:00 PM","","","","","","","NA","-1000.00"
"138.1","2024-04-12"," 11:45:00 AM","2024-04-12"," 12:20:00 PM","CE","74800","Sell","20","108.00","108.00","","0.00"
"138.2","2024-04-12"," 11:45:00 AM","2024-04-12"," 12:17:00 PM","PE","74800","Sell","20","147.00","197.00","","-1000.00"
"139","2024-04-15"," 9:45:00 AM","2024-04-15"," 3:15:00 PM","","","","","","","NA","527.00"
"139.1","2024-04-15"," 9:45:00 AM","2024-04-15"," 9:58:00 AM","CE","73500","Sell","20","608.80","658.80","","-1000.00"
"139.2","2024-04-15"," 9:45:00 AM","2024-04-15"," 3:15:00 PM","PE","73500","Sell","20","515.30","438.95","","1527.00"
"140","2024-04-15"," 11:45:00 AM","2024-04-15"," 3:15:00 PM","","","","","","","NA","2767.00"
"140.1","2024-04-15"," 11:45:00 AM","2024-04-15"," 3:15:00 PM","CE","73700","Sell","20","559.90","371.55","","3767.00"
"140.2","2024-04-15"," 11:45:00 AM","2024-04-15"," 1:03:00 PM","PE","73700","Sell","20","411.45","461.45","","-1000.00"
"141","2024-04-16"," 9:45:00 AM","2024-04-16"," 3:15:00 PM","","","","","","","NA","784.00"
"141.1","2024-04-16"," 9:45:00 AM","2024-04-16"," 3:15:00 PM","CE","73100","Sell","20","418.15","328.95","","1784.00"
"141.2","2024-04-16"," 9:45:00 AM","2024-04-16"," 12:31:00 PM","PE","73100","Sell","20","400.10","450.10","","-1000.00"
"142","2024-04-16"," 11:45:00 AM","2024-04-16"," 3:15:00 PM","","","","","","","NA","-536.00"
"142.1","2024-04-16"," 11:45:00 AM","2024-04-16"," 3:15:00 PM","CE","73000","Sell","20","410.40","387.20","","464.00"
"142.2","2024-04-16"," 11:45:00 AM","2024-04-16"," 12:03:00 PM","PE","73000","Sell","20","341.00","391.00","","-1000.00"
"143","2024-04-18"," 9:45:00 AM","2024-04-18"," 11:05:00 AM","","","","","","","NA","-1000.00"
"143.1","2024-04-18"," 9:45:00 AM","2024-04-18"," 11:05:00 AM","CE","73100","Sell","20","281.40","281.40","","0.00"
"143.2","2024-04-18"," 9:45:00 AM","2024-04-18"," 10:21:00 AM","PE","73100","Sell","20","324.45","374.45","","-1000.00"
"144","2024-04-18"," 11:45:00 AM","2024-04-18"," 1:27:00 PM","","","","","","","NA","-1000.00"
"144.1","2024-04-18"," 11:45:00 AM","2024-04-18"," 12:19:00 PM","CE","73300","Sell","20","260.55","310.55","","-1000.00"
"144.2","2024-04-18"," 11:45:00 AM","2024-04-18"," 1:27:00 PM","PE","73300","Sell","20","268.00","268.00","","0.00"
"145","2024-04-19"," 9:45:00 AM","2024-04-19"," 3:15:00 PM","","","","","","","NA","3570.00"
"145.1","2024-04-19"," 9:45:00 AM","2024-04-19"," 9:48:00 AM","CE","72000","Sell","20","229.35","279.35","","-1000.00"
"145.2","2024-04-19"," 9:45:00 AM","2024-04-19"," 3:15:00 PM","PE","72000","Sell","20","228.70","0.20","","4570.00"
"146","2024-04-19"," 11:45:00 AM","2024-04-19"," 12:16:00 PM","","","","","","","NA","-1000.00"
"146.1","2024-04-19"," 11:45:00 AM","2024-04-19"," 12:16:00 PM","CE","72300","Sell","20","223.35","223.35","","0.00"
"146.2","2024-04-19"," 11:45:00 AM","2024-04-19"," 11:54:00 AM","PE","72300","Sell","20","232.60","282.60","","-1000.00"
"147","2024-04-22"," 9:45:00 AM","2024-04-22"," 3:15:00 PM","","","","","","","NA","3237.00"
"147.1","2024-04-22"," 9:45:00 AM","2024-04-22"," 10:19:00 AM","CE","73300","Sell","20","522.85","575.00","","-1043.00"
"147.2","2024-04-22"," 9:45:00 AM","2024-04-22"," 3:15:00 PM","PE","73300","Sell","20","535.10","321.10","","4280.00"
"148","2024-04-22"," 11:45:00 AM","2024-04-22"," 1:48:00 PM","","","","","","","NA","-1000.00"
"148.1","2024-04-22"," 11:45:00 AM","2024-04-22"," 1:48:00 PM","CE","73500","Sell","20","473.25","473.25","","0.00"
"148.2","2024-04-22"," 11:45:00 AM","2024-04-22"," 1:10:00 PM","PE","73500","Sell","20","495.70","545.70","","-1000.00"
"149","2024-04-23"," 9:45:00 AM","2024-04-23"," 9:54:00 AM","","","","","","","NA","-1000.00"
"149.1","2024-04-23"," 9:45:00 AM","2024-04-23"," 9:54:00 AM","CE","73900","Sell","20","366.00","366.00","","0.00"
"149.2","2024-04-23"," 9:45:00 AM","2024-04-23"," 9:49:00 AM","PE","73900","Sell","20","426.15","476.15","","-1000.00"
"150","2024-04-23"," 11:45:00 AM","2024-04-23"," 1:06:00 PM","","","","","","","NA","-1000.00"
"150.1","2024-04-23"," 11:45:00 AM","2024-04-23"," 12:14:00 PM","CE","73800","Sell","20","388.00","438.00","","-1000.00"
"150.2","2024-04-23"," 11:45:00 AM","2024-04-23"," 1:06:00 PM","PE","73800","Sell","20","390.00","390.00","","0.00"
"151","2024-04-24"," 9:45:00 AM","2024-04-24"," 2:35:00 PM","","","","","","","NA","-1000.00"
"151.1","2024-04-24"," 9:45:00 AM","2024-04-24"," 9:55:00 AM","CE","73900","Sell","20","326.45","376.45","","-1000.00"
"151.2","2024-04-24"," 9:45:00 AM","2024-04-24"," 2:35:00 PM","PE","73900","Sell","20","333.50","333.50","","0.00"
"152","2024-04-24"," 11:45:00 AM","2024-04-24"," 3:15:00 PM","","","","","","","NA","121.00"
"152.1","2024-04-24"," 11:45:00 AM","2024-04-24"," 3:15:00 PM","CE","74000","Sell","20","325.75","269.70","","1121.00"
"152.2","2024-04-24"," 11:45:00 AM","2024-04-24"," 2:34:00 PM","PE","74000","Sell","20","302.45","352.45","","-1000.00"
"153","2024-04-25"," 9:45:00 AM","2024-04-25"," 10:52:00 AM","","","","","","","NA","-1000.00"
"153.1","2024-04-25"," 9:45:00 AM","2024-04-25"," 10:14:00 AM","CE","73800","Sell","20","352.35","402.35","","-1000.00"
"153.2","2024-04-25"," 9:45:00 AM","2024-04-25"," 10:52:00 AM","PE","73800","Sell","20","249.65","249.65","","0.00"
"154","2024-04-25"," 11:45:00 AM","2024-04-25"," 3:15:00 PM","","","","","","","NA","1826.00"
"154.1","2024-04-25"," 11:45:00 AM","2024-04-25"," 1:02:00 PM","CE","73900","Sell","20","319.10","369.10","","-1000.00"
"154.2","2024-04-25"," 11:45:00 AM","2024-04-25"," 3:15:00 PM","PE","73900","Sell","20","245.70","104.40","","2826.00"
"155","2024-04-26"," 9:45:00 AM","2024-04-26"," 3:15:00 PM","","","","","","","NA","2425.00"
"155.1","2024-04-26"," 9:45:00 AM","2024-04-26"," 3:15:00 PM","CE","74400","Sell","20","171.40","0.15","","3425.00"
"155.2","2024-04-26"," 9:45:00 AM","2024-04-26"," 9:51:00 AM","PE","74400","Sell","20","204.90","254.90","","-1000.00"
"156","2024-04-26"," 11:45:00 AM","2024-04-26"," 3:15:00 PM","","","","","","","NA","1335.00"
"156.1","2024-04-26"," 11:45:00 AM","2024-04-26"," 3:15:00 PM","CE","74200","Sell","20","116.95","0.20","","2335.00"
"156.2","2024-04-26"," 11:45:00 AM","2024-04-26"," 11:56:00 AM","PE","74200","Sell","20","164.95","214.95","","-1000.00"
"157","2024-04-29"," 9:45:00 AM","2024-04-29"," 10:09:00 AM","","","","","","","NA","-1000.00"
"157.1","2024-04-29"," 9:45:00 AM","2024-04-29"," 10:09:00 AM","CE","74100","Sell","20","571.80","571.80","","0.00"
"157.2","2024-04-29"," 9:45:00 AM","2024-04-29"," 9:59:00 AM","PE","74100","Sell","20","355.05","405.05","","-1000.00"
"158","2024-04-29"," 11:45:00 AM","2024-04-29"," 12:15:00 PM","","","","","","","NA","-1000.00"
"158.1","2024-04-29"," 11:45:00 AM","2024-04-29"," 12:02:00 PM","CE","74300","Sell","20","506.70","556.70","","-1000.00"
"158.2","2024-04-29"," 11:45:00 AM","2024-04-29"," 12:15:00 PM","PE","74300","Sell","20","372.45","372.45","","0.00"
"159","2024-04-30"," 9:45:00 AM","2024-04-30"," 2:50:00 PM","","","","","","","NA","-1000.00"
"159.1","2024-04-30"," 9:45:00 AM","2024-04-30"," 9:53:00 AM","CE","74800","Sell","20","434.00","484.00","","-1000.00"
"159.2","2024-04-30"," 9:45:00 AM","2024-04-30"," 2:50:00 PM","PE","74800","Sell","20","361.20","361.20","","0.00"
"160","2024-04-30"," 11:45:00 AM","2024-04-30"," 2:02:00 PM","","","","","","","NA","-1000.00"
"160.1","2024-04-30"," 11:45:00 AM","2024-04-30"," 2:02:00 PM","CE","75000","Sell","20","364.10","364.10","","0.00"
"160.2","2024-04-30"," 11:45:00 AM","2024-04-30"," 1:19:00 PM","PE","75000","Sell","20","406.95","456.95","","-1000.00"
"161","2024-05-02"," 9:45:00 AM","2024-05-02"," 10:03:00 AM","","","","","","","NA","-1000.00"
"161.1","2024-05-02"," 9:45:00 AM","2024-05-02"," 10:03:00 AM","CE","74700","Sell","20","320.60","320.60","","0.00"
"161.2","2024-05-02"," 9:45:00 AM","2024-05-02"," 9:51:00 AM","PE","74700","Sell","20","316.05","366.05","","-1000.00"
"162","2024-05-02"," 11:45:00 AM","2024-05-02"," 3:15:00 PM","","","","","","","NA","832.00"
"162.1","2024-05-02"," 11:45:00 AM","2024-05-02"," 3:15:00 PM","CE","74700","Sell","20","320.00","228.40","","1832.00"
"162.2","2024-05-02"," 11:45:00 AM","2024-05-02"," 2:20:00 PM","PE","74700","Sell","20","254.20","304.20","","-1000.00"
"163","2024-05-03"," 9:45:00 AM","2024-05-03"," 3:15:00 PM","","","","","","","NA","2872.00"
"163.1","2024-05-03"," 9:45:00 AM","2024-05-03"," 3:15:00 PM","CE","75000","Sell","20","193.90","0.30","","3872.00"
"163.2","2024-05-03"," 9:45:00 AM","2024-05-03"," 10:06:00 AM","PE","75000","Sell","20","244.15","294.15","","-1000.00"
"164","2024-05-03"," 11:45:00 AM","2024-05-03"," 12:41:00 PM","","","","","","","NA","-1000.00"
"164.1","2024-05-03"," 11:45:00 AM","2024-05-03"," 12:41:00 PM","CE","74000","Sell","20","175.25","175.25","","0.00"
"164.2","2024-05-03"," 11:45:00 AM","2024-05-03"," 11:52:00 AM","PE","74000","Sell","20","263.80","313.80","","-1000.00"
"165","2024-05-06"," 9:45:00 AM","2024-05-06"," 10:42:00 AM","","","","","","","NA","-1000.00"
"165.1","2024-05-06"," 9:45:00 AM","2024-05-06"," 10:42:00 AM","CE","74200","Sell","20","550.00","550.00","","0.00"
"165.2","2024-05-06"," 9:45:00 AM","2024-05-06"," 9:46:00 AM","PE","74200","Sell","20","511.10","561.10","","-1000.00"
"166","2024-05-06"," 11:45:00 AM","2024-05-06"," 3:15:00 PM","","","","","","","NA","1171.00"
"166.1","2024-05-06"," 11:45:00 AM","2024-05-06"," 3:15:00 PM","CE","74100","Sell","20","546.30","437.75","","2171.00"
"166.2","2024-05-06"," 11:45:00 AM","2024-05-06"," 12:37:00 PM","PE","74100","Sell","20","477.40","527.40","","-1000.00"
"167","2024-05-07"," 9:45:00 AM","2024-05-07"," 3:15:00 PM","","","","","","","NA","2799.00"
"167.1","2024-05-07"," 9:45:00 AM","2024-05-07"," 3:15:00 PM","CE","73900","Sell","20","494.35","304.40","","3799.00"
"167.2","2024-05-07"," 9:45:00 AM","2024-05-07"," 9:50:00 AM","PE","73900","Sell","20","412.00","462.00","","-1000.00"
"168","2024-05-07"," 11:45:00 AM","2024-05-07"," 11:58:00 AM","","","","","","","NA","-1000.00"
"168.1","2024-05-07"," 11:45:00 AM","2024-05-07"," 11:55:00 AM","CE","73400","Sell","20","488.40","538.40","","-1000.00"
"168.2","2024-05-07"," 11:45:00 AM","2024-05-07"," 11:58:00 AM","PE","73400","Sell","20","451.05","451.05","","0.00"
"169","2024-05-08"," 9:45:00 AM","2024-05-08"," 10:04:00 AM","","","","","","","NA","-1000.00"
"169.1","2024-05-08"," 9:45:00 AM","2024-05-08"," 10:04:00 AM","CE","73300","Sell","20","468.85","468.85","","0.00"
"169.2","2024-05-08"," 9:45:00 AM","2024-05-08"," 9:56:00 AM","PE","73300","Sell","20","376.45","426.45","","-1000.00"
"170","2024-05-08"," 11:45:00 AM","2024-05-08"," 2:21:00 PM","","","","","","","NA","-1000.00"
"170.1","2024-05-08"," 11:45:00 AM","2024-05-08"," 11:48:00 AM","CE","73400","Sell","20","409.90","459.90","","-1000.00"
"170.2","2024-05-08"," 11:45:00 AM","2024-05-08"," 2:21:00 PM","PE","73400","Sell","20","365.30","365.30","","0.00"
"171","2024-05-09"," 9:45:00 AM","2024-05-09"," 3:15:00 PM","","","","","","","NA","5688.00"
"171.1","2024-05-09"," 9:45:00 AM","2024-05-09"," 3:15:00 PM","CE","73200","Sell","20","392.05","57.65","","6688.00"
"171.2","2024-05-09"," 9:45:00 AM","2024-05-09"," 10:14:00 AM","PE","73200","Sell","20","290.00","340.00","","-1000.00"
"172","2024-05-09"," 11:45:00 AM","2024-05-09"," 12:40:00 PM","","","","","","","NA","-1000.00"
"172.1","2024-05-09"," 11:45:00 AM","2024-05-09"," 12:19:00 PM","CE","73000","Sell","20","356.00","406.00","","-1000.00"
"172.2","2024-05-09"," 11:45:00 AM","2024-05-09"," 12:40:00 PM","PE","73000","Sell","20","295.70","295.70","","0.00"
"173","2024-05-10"," 9:45:00 AM","2024-05-10"," 10:21:00 AM","","","","","","","NA","-1000.00"
"173.1","2024-05-10"," 9:45:00 AM","2024-05-10"," 9:53:00 AM","CE","72800","Sell","20","192.55","242.55","","-1000.00"
"173.2","2024-05-10"," 9:45:00 AM","2024-05-10"," 10:21:00 AM","PE","72800","Sell","20","166.00","166.00","","0.00"
"174","2024-05-10"," 11:45:00 AM","2024-05-10"," 3:15:00 PM","","","","","","","NA","1202.00"
"174.1","2024-05-10"," 11:45:00 AM","2024-05-10"," 3:15:00 PM","CE","72600","Sell","20","169.00","58.90","","2202.00"
"174.2","2024-05-10"," 11:45:00 AM","2024-05-10"," 11:54:00 AM","PE","72600","Sell","20","99.05","149.05","","-1000.00"
"175","2024-05-13"," 9:45:00 AM","2024-05-13"," 9:57:00 AM","","","","","","","NA","-1000.00"
"175.1","2024-05-13"," 9:45:00 AM","2024-05-13"," 9:47:00 AM","CE","72000","Sell","20","661.30","711.30","","-1000.00"
"175.2","2024-05-13"," 9:45:00 AM","2024-05-13"," 9:57:00 AM","PE","72000","Sell","20","498.45","498.45","","0.00"
"176","2024-05-13"," 11:45:00 AM","2024-05-13"," 12:07:00 PM","","","","","","","NA","-1000.00"
"176.1","2024-05-13"," 11:45:00 AM","2024-05-13"," 12:06:00 PM","CE","72300","Sell","20","596.40","646.40","","-1000.00"
"176.2","2024-05-13"," 11:45:00 AM","2024-05-13"," 12:07:00 PM","PE","72300","Sell","20","453.40","453.40","","0.00"
"177","2024-05-14"," 9:45:00 AM","2024-05-14"," 10:45:00 AM","","","","","","","NA","-1000.00"
"177.1","2024-05-14"," 9:45:00 AM","2024-05-14"," 10:45:00 AM","CE","72900","Sell","20","496.35","496.35","","0.00"
"177.2","2024-05-14"," 9:45:00 AM","2024-05-14"," 10:03:00 AM","PE","72900","Sell","20","428.50","478.50","","-1000.00"
"178","2024-05-14"," 11:45:00 AM","2024-05-14"," 3:15:00 PM","","","","","","","NA","740.00"
"178.1","2024-05-14"," 11:45:00 AM","2024-05-14"," 12:54:00 PM","CE","73000","Sell","20","474.00","524.00","","-1000.00"
"178.2","2024-05-14"," 11:45:00 AM","2024-05-14"," 3:15:00 PM","PE","73000","Sell","20","403.25","316.25","","1740.00"
"179","2024-05-15"," 9:45:00 AM","2024-05-15"," 3:15:00 PM","","","","","","","NA","1882.00"
"179.1","2024-05-15"," 9:45:00 AM","2024-05-15"," 3:15:00 PM","CE","73200","Sell","20","445.10","301.00","","2882.00"
"179.2","2024-05-15"," 9:45:00 AM","2024-05-15"," 9:58:00 AM","PE","73200","Sell","20","319.55","369.55","","-1000.00"
"180","2024-05-15"," 11:45:00 AM","2024-05-15"," 12:23:00 PM","","","","","","","NA","-1000.00"
"180.1","2024-05-15"," 11:45:00 AM","2024-05-15"," 11:58:00 AM","CE","72900","Sell","20","415.15","465.15","","-1000.00"
"180.2","2024-05-15"," 11:45:00 AM","2024-05-15"," 12:23:00 PM","PE","72900","Sell","20","354.15","354.15","","0.00"
"181","2024-05-16"," 9:45:00 AM","2024-05-16"," 10:22:00 AM","","","","","","","NA","-1000.00"
"181.1","2024-05-16"," 9:45:00 AM","2024-05-16"," 9:58:00 AM","CE","73100","Sell","20","369.50","419.50","","-1000.00"
"181.2","2024-05-16"," 9:45:00 AM","2024-05-16"," 10:22:00 AM","PE","73100","Sell","20","330.25","330.25","","0.00"
"182","2024-05-16"," 11:45:00 AM","2024-05-16"," 12:28:00 PM","","","","","","","NA","-1000.00"
"182.1","2024-05-16"," 11:45:00 AM","2024-05-16"," 12:10:00 PM","CE","72900","Sell","20","396.55","446.55","","-1000.00"
"182.2","2024-05-16"," 11:45:00 AM","2024-05-16"," 12:28:00 PM","PE","72900","Sell","20","291.00","291.00","","0.00"
"183","2024-05-17"," 9:45:00 AM","2024-05-17"," 3:15:00 PM","","","","","","","NA","3675.00"
"183.1","2024-05-17"," 9:45:00 AM","2024-05-17"," 9:48:00 AM","CE","73500","Sell","20","168.70","218.70","","-1000.00"
"183.2","2024-05-17"," 9:45:00 AM","2024-05-17"," 3:15:00 PM","PE","73500","Sell","20","234.05","0.30","","4675.00"
"184","2024-05-17"," 11:45:00 AM","2024-05-17"," 3:15:00 PM","","","","","","","NA","2577.00"
"184.1","2024-05-17"," 11:45:00 AM","2024-05-17"," 3:15:00 PM","CE","74000","Sell","20","180.30","1.45","","3577.00"
"184.2","2024-05-17"," 11:45:00 AM","2024-05-17"," 1:03:00 PM","PE","74000","Sell","20","186.15","236.15","","-1000.00"
"185","2024-05-21"," 9:45:00 AM","2024-05-21"," 3:15:00 PM","","","","","","","NA","1086.00"
"185.1","2024-05-21"," 9:45:00 AM","2024-05-21"," 11:54:00 AM","CE","73900","Sell","20","521.65","571.65","","-1000.00"
"185.2","2024-05-21"," 9:45:00 AM","2024-05-21"," 3:15:00 PM","PE","73900","Sell","20","456.90","352.60","","2086.00"
"186","2024-05-21"," 11:45:00 AM","2024-05-21"," 12:29:00 PM","","","","","","","NA","-1000.00"
"186.1","2024-05-21"," 11:45:00 AM","2024-05-21"," 11:57:00 AM","CE","74000","Sell","20","497.15","547.15","","-1000.00"
"186.2","2024-05-21"," 11:45:00 AM","2024-05-21"," 12:29:00 PM","PE","74000","Sell","20","404.25","404.25","","0.00"
"187","2024-05-22"," 9:45:00 AM","2024-05-22"," 3:15:00 PM","","","","","","","NA","2709.00"
"187.1","2024-05-22"," 9:45:00 AM","2024-05-22"," 9:58:00 AM","CE","73900","Sell","20","460.00","510.00","","-1000.00"
"187.2","2024-05-22"," 9:45:00 AM","2024-05-22"," 3:15:00 PM","PE","73900","Sell","20","385.15","199.70","","3709.00"
"188","2024-05-22"," 11:45:00 AM","2024-05-22"," 3:15:00 PM","","","","","","","NA","1420.00"
"188.1","2024-05-22"," 11:45:00 AM","2024-05-22"," 12:18:00 PM","CE","74000","Sell","20","440.00","490.00","","-1000.00"
"188.2","2024-05-22"," 11:45:00 AM","2024-05-22"," 3:15:00 PM","PE","74000","Sell","20","354.60","233.60","","2420.00"
"189","2024-05-23"," 9:45:00 AM","2024-05-23"," 10:43:00 AM","","","","","","","NA","-1000.00"
"189.1","2024-05-23"," 9:45:00 AM","2024-05-23"," 10:22:00 AM","CE","74500","Sell","20","367.65","417.65","","-1000.00"
"189.2","2024-05-23"," 9:45:00 AM","2024-05-23"," 10:43:00 AM","PE","74500","Sell","20","328.15","328.15","","0.00"
"190","2024-05-23"," 11:45:00 AM","2024-05-23"," 3:15:00 PM","","","","","","","NA","3423.00"
"190.1","2024-05-23"," 11:45:00 AM","2024-05-23"," 11:58:00 AM","CE","74600","Sell","20","349.25","399.25","","-1000.00"
"190.2","2024-05-23"," 11:45:00 AM","2024-05-23"," 3:15:00 PM","PE","74600","Sell","20","279.10","57.95","","4423.00"
"191","2024-05-24"," 9:45:00 AM","2024-05-24"," 3:15:00 PM","","","","","","","NA","2153.00"
"191.1","2024-05-24"," 9:45:00 AM","2024-05-24"," 3:15:00 PM","CE","75500","Sell","20","158.90","1.25","","3153.00"
"191.2","2024-05-24"," 9:45:00 AM","2024-05-24"," 9:52:00 AM","PE","75500","Sell","20","216.55","266.55","","-1000.00"
"192","2024-05-24"," 11:45:00 AM","2024-05-24"," 12:39:00 PM","","","","","","","NA","-1000.00"
"192.1","2024-05-24"," 11:45:00 AM","2024-05-24"," 12:39:00 PM","CE","75400","Sell","20","102.85","102.85","","0.00"
"192.2","2024-05-24"," 11:45:00 AM","2024-05-24"," 12:13:00 PM","PE","75400","Sell","20","103.55","153.55","","-1000.00"
"193","2024-05-27"," 9:45:00 AM","2024-05-27"," 10:10:00 AM","","","","","","","NA","-1000.00"
"193.1","2024-05-27"," 9:45:00 AM","2024-05-27"," 10:10:00 AM","CE","75600","Sell","20","540.45","540.45","","0.00"
"193.2","2024-05-27"," 9:45:00 AM","2024-05-27"," 10:04:00 AM","PE","75600","Sell","20","487.40","537.40","","-1000.00"
"194","2024-05-27"," 11:45:00 AM","2024-05-27"," 2:49:00 PM","","","","","","","NA","-1000.00"
"194.1","2024-05-27"," 11:45:00 AM","2024-05-27"," 11:55:00 AM","CE","75700","Sell","20","557.95","607.95","","-1000.00"
"194.2","2024-05-27"," 11:45:00 AM","2024-05-27"," 2:49:00 PM","PE","75700","Sell","20","450.00","450.00","","0.00"
"195","2024-05-28"," 9:45:00 AM","2024-05-28"," 10:19:00 AM","","","","","","","NA","-1000.00"
"195.1","2024-05-28"," 9:45:00 AM","2024-05-28"," 10:19:00 AM","CE","75500","Sell","20","518.75","518.75","","0.00"
"195.2","2024-05-28"," 9:45:00 AM","2024-05-28"," 10:10:00 AM","PE","75500","Sell","20","454.85","504.85","","-1000.00"
"196","2024-05-28"," 11:45:00 AM","2024-05-28"," 12:56:00 PM","","","","","","","NA","-1000.00"
"196.1","2024-05-28"," 11:45:00 AM","2024-05-28"," 12:56:00 PM","CE","75400","Sell","20","530.00","530.00","","0.00"
"196.2","2024-05-28"," 11:45:00 AM","2024-05-28"," 12:34:00 PM","PE","75400","Sell","20","405.55","455.55","","-1000.00"
"197","2024-05-29"," 9:45:00 AM","2024-05-29"," 3:15:00 PM","","","","","","","NA","2391.00"
"197.1","2024-05-29"," 9:45:00 AM","2024-05-29"," 3:15:00 PM","CE","74900","Sell","20","505.55","336.00","","3391.00"
"197.2","2024-05-29"," 9:45:00 AM","2024-05-29"," 10:06:00 AM","PE","74900","Sell","20","326.70","376.70","","-1000.00"
"198","2024-05-29"," 11:45:00 AM","2024-05-29"," 3:06:00 PM","","","","","","","NA","-1000.00"
"198.1","2024-05-29"," 11:45:00 AM","2024-05-29"," 12:17:00 PM","CE","74600","Sell","20","519.65","569.65","","-1000.00"
"198.2","2024-05-29"," 11:45:00 AM","2024-05-29"," 3:06:00 PM","PE","74600","Sell","20","365.45","365.45","","0.00"
"199","2024-05-30"," 9:45:00 AM","2024-05-30"," 10:37:00 AM","","","","","","","NA","-1000.00"
"199.1","2024-05-30"," 9:45:00 AM","2024-05-30"," 10:37:00 AM","CE","74200","Sell","20","457.00","457.00","","0.00"
"199.2","2024-05-30"," 9:45:00 AM","2024-05-30"," 10:11:00 AM","PE","74200","Sell","20","378.60","428.60","","-1000.00"
"200","2024-05-30"," 11:45:00 AM","2024-05-30"," 2:37:00 PM","","","","","","","NA","-1000.00"
"200.1","2024-05-30"," 11:45:00 AM","2024-05-30"," 12:08:00 PM","CE","74000","Sell","20","432.00","482.00","","-1000.00"
"200.2","2024-05-30"," 11:45:00 AM","2024-05-30"," 2:37:00 PM","PE","74000","Sell","20","328.00","328.00","","0.00"
"201","2024-05-31"," 9:45:00 AM","2024-05-31"," 3:15:00 PM","","","","","","","NA","4956.00"
"201.1","2024-05-31"," 9:45:00 AM","2024-05-31"," 3:15:00 PM","CE","74400","Sell","20","298.00","0.20","","5956.00"
"201.2","2024-05-31"," 9:45:00 AM","2024-05-31"," 9:53:00 AM","PE","74400","Sell","20","166.60","216.60","","-1000.00"
"202","2024-05-31"," 11:45:00 AM","2024-05-31"," 1:48:00 PM","","","","","","","NA","-1000.00"
"202.1","2024-05-31"," 11:45:00 AM","2024-05-31"," 1:48:00 PM","CE","74100","Sell","20","179.10","179.10","","0.00"
"202.2","2024-05-31"," 11:45:00 AM","2024-05-31"," 12:11:00 PM","PE","74100","Sell","20","142.20","192.20","","-1000.00"
"203","2024-06-03"," 9:45:00 AM","2024-06-03"," 3:15:00 PM","","","","","","","NA","5597.00"
"203.1","2024-06-03"," 9:45:00 AM","2024-06-03"," 9:56:00 AM","CE","75800","Sell","20","1152.80","1202.80","","-1000.00"
"203.2","2024-06-03"," 9:45:00 AM","2024-06-03"," 3:15:00 PM","PE","75800","Sell","20","1137.65","807.80","","6597.00"
"204","2024-06-03"," 11:45:00 AM","2024-06-03"," 1:42:00 PM","","","","","","","NA","-1000.00"
"204.1","2024-06-03"," 11:45:00 AM","2024-06-03"," 12:05:00 PM","CE","76200","Sell","20","1084.50","1134.50","","-1000.00"
"204.2","2024-06-03"," 11:45:00 AM","2024-06-03"," 1:42:00 PM","PE","76200","Sell","20","1083.35","1083.35","","0.00"
"205","2024-06-04"," 9:45:00 AM","2024-06-04"," 10:45:00 AM","","","","","","","NA","-1000.00"
"205.1","2024-06-04"," 9:45:00 AM","2024-06-04"," 9:46:00 AM","CE","74300","Sell","20","1507.60","1557.60","","-1000.00"
"205.2","2024-06-04"," 9:45:00 AM","2024-06-04"," 10:45:00 AM","PE","74300","Sell","20","1500.75","1500.75","","0.00"
"206","2024-06-04"," 11:45:00 AM","2024-06-04"," 11:46:00 AM","","","","","","","NA","-1891.00"
"206.1","2024-06-04"," 11:45:00 AM","2024-06-04"," 11:46:00 AM","CE","72900","Sell","20","1702.05","1755.00","","-1059.00"
"206.2","2024-06-04"," 11:45:00 AM","2024-06-04"," 11:46:00 AM","PE","72900","Sell","20","1672.65","1714.25","","-832.00"
"207","2024-06-05"," 9:45:00 AM","2024-06-05"," 10:03:00 AM","","","","","","","NA","-1000.00"
"207.1","2024-06-05"," 9:45:00 AM","2024-06-05"," 10:03:00 AM","CE","72300","Sell","20","807.05","807.05","","0.00"
"207.2","2024-06-05"," 9:45:00 AM","2024-06-05"," 9:50:00 AM","PE","72300","Sell","20","855.85","905.85","","-1000.00"
"208","2024-06-05"," 11:45:00 AM","2024-06-05"," 12:17:00 PM","","","","","","","NA","-1000.00"
"208.1","2024-06-05"," 11:45:00 AM","2024-06-05"," 12:17:00 PM","CE","73600","Sell","20","725.30","725.30","","0.00"
"208.2","2024-06-05"," 11:45:00 AM","2024-06-05"," 11:46:00 AM","PE","73600","Sell","20","756.50","806.50","","-1000.00"
"209","2024-06-06"," 9:45:00 AM","2024-06-06"," 9:52:00 AM","","","","","","","NA","-1000.00"
"209.1","2024-06-06"," 9:45:00 AM","2024-06-06"," 9:52:00 AM","CE","74700","Sell","20","597.20","597.20","","0.00"
"209.2","2024-06-06"," 9:45:00 AM","2024-06-06"," 9:50:00 AM","PE","74700","Sell","20","501.40","551.40","","-1000.00"
"210","2024-06-06"," 11:45:00 AM","2024-06-06"," 11:54:00 AM","","","","","","","NA","-1000.00"
"210.1","2024-06-06"," 11:45:00 AM","2024-06-06"," 11:54:00 AM","CE","75000","Sell","20","531.40","531.40","","0.00"
"210.2","2024-06-06"," 11:45:00 AM","2024-06-06"," 11:47:00 AM","PE","75000","Sell","20","520.70","570.70","","-1000.00"
"211","2024-06-07"," 9:45:00 AM","2024-06-07"," 9:59:00 AM","","","","","","","NA","-1000.00"
"211.1","2024-06-07"," 9:45:00 AM","2024-06-07"," 9:59:00 AM","CE","75500","Sell","20","332.60","332.60","","0.00"
"211.2","2024-06-07"," 9:45:00 AM","2024-06-07"," 9:51:00 AM","PE","75500","Sell","20","327.75","377.75","","-1000.00"
"212","2024-06-07"," 11:45:00 AM","2024-06-07"," 3:15:00 PM","","","","","","","NA","4657.00"
"212.1","2024-06-07"," 11:45:00 AM","2024-06-07"," 11:47:00 AM","CE","76200","Sell","20","324.00","374.00","","-1000.00"
"212.2","2024-06-07"," 11:45:00 AM","2024-06-07"," 3:15:00 PM","PE","76200","Sell","20","283.45","0.60","","5657.00"
"213","2024-06-10"," 9:45:00 AM","2024-06-10"," 9:48:00 AM","","","","","","","NA","-1000.00"
"213.1","2024-06-10"," 9:45:00 AM","2024-06-10"," 9:48:00 AM","CE","76800","Sell","20","718.00","718.00","","0.00"
"213.2","2024-06-10"," 9:45:00 AM","2024-06-10"," 9:47:00 AM","PE","76800","Sell","20","804.60","854.60","","-1000.00"
"214","2024-06-10"," 11:45:00 AM","2024-06-10"," 1:47:00 PM","","","","","","","NA","-1000.00"
"214.1","2024-06-10"," 11:45:00 AM","2024-06-10"," 1:47:00 PM","CE","76800","Sell","20","692.80","692.80","","0.00"
"214.2","2024-06-10"," 11:45:00 AM","2024-06-10"," 12:15:00 PM","PE","76800","Sell","20","746.80","796.80","","-1000.00"
"215","2024-06-11"," 9:45:00 AM","2024-06-11"," 3:15:00 PM","","","","","","","NA","1213.00"
"215.1","2024-06-11"," 9:45:00 AM","2024-06-11"," 10:03:00 AM","CE","76400","Sell","20","609.70","659.70","","-1000.00"
"215.2","2024-06-11"," 9:45:00 AM","2024-06-11"," 3:15:00 PM","PE","76400","Sell","20","540.15","429.50","","2213.00"
"216","2024-06-11"," 11:45:00 AM","2024-06-11"," 2:20:00 PM","","","","","","","NA","-1000.00"
"216.1","2024-06-11"," 11:45:00 AM","2024-06-11"," 1:36:00 PM","CE","76700","Sell","20","532.45","582.45","","-1000.00"
"216.2","2024-06-11"," 11:45:00 AM","2024-06-11"," 2:20:00 PM","PE","76700","Sell","20","515.00","515.00","","0.00"
"217","2024-06-12"," 9:45:00 AM","2024-06-12"," 11:31:00 AM","","","","","","","NA","-1000.00"
"217.1","2024-06-12"," 9:45:00 AM","2024-06-12"," 9:58:00 AM","CE","76800","Sell","20","427.15","477.15","","-1000.00"
"217.2","2024-06-12"," 9:45:00 AM","2024-06-12"," 11:31:00 AM","PE","76800","Sell","20","417.90","417.90","","0.00"
"218","2024-06-12"," 11:45:00 AM","2024-06-12"," 12:10:00 PM","","","","","","","NA","-1000.00"
"218.1","2024-06-12"," 11:45:00 AM","2024-06-12"," 11:59:00 AM","CE","76900","Sell","20","412.30","462.30","","-1000.00"
"218.2","2024-06-12"," 11:45:00 AM","2024-06-12"," 12:10:00 PM","PE","76900","Sell","20","406.95","406.95","","0.00"
"219","2024-06-13"," 9:45:00 AM","2024-06-13"," 9:53:00 AM","","","","","","","NA","-1000.00"
"219.1","2024-06-13"," 9:45:00 AM","2024-06-13"," 9:53:00 AM","CE","76800","Sell","20","338.50","338.50","","0.00"
"219.2","2024-06-13"," 9:45:00 AM","2024-06-13"," 9:49:00 AM","PE","76800","Sell","20","317.90","367.90","","-1000.00"
"220","2024-06-13"," 11:45:00 AM","2024-06-13"," 3:15:00 PM","","","","","","","NA","-150.00"
"220.1","2024-06-13"," 11:45:00 AM","2024-06-13"," 11:55:00 AM","CE","76800","Sell","20","236.25","286.25","","-1000.00"
"220.2","2024-06-13"," 11:45:00 AM","2024-06-13"," 3:15:00 PM","PE","76800","Sell","20","266.80","224.30","","850.00"
"221","2024-06-14"," 9:45:00 AM","2024-06-14"," 3:15:00 PM","","","","","","","NA","2263.00"
"221.1","2024-06-14"," 9:45:00 AM","2024-06-14"," 9:48:00 AM","CE","76600","Sell","20","127.05","177.05","","-1000.00"
"221.2","2024-06-14"," 9:45:00 AM","2024-06-14"," 3:15:00 PM","PE","76600","Sell","20","163.25","0.10","","3263.00"
"222","2024-06-14"," 11:45:00 AM","2024-06-14"," 3:15:00 PM","","","","","","","NA","1206.00"
"222.1","2024-06-14"," 11:45:00 AM","2024-06-14"," 3:02:00 PM","CE","76900","Sell","20","67.35","117.35","","-1000.00"
"222.2","2024-06-14"," 11:45:00 AM","2024-06-14"," 3:15:00 PM","PE","76900","Sell","20","110.50","0.20","","2206.00"
"223","2024-06-18"," 9:45:00 AM","2024-06-18"," 10:10:00 AM","","","","","","","NA","-1193.00"
"223.1","2024-06-18"," 9:45:00 AM","2024-06-18"," 10:10:00 AM","CE","77300","Sell","20","380.00","400.00","","-400.00"
"223.2","2024-06-18"," 9:45:00 AM","2024-06-18"," 10:10:00 AM","PE","77300","Sell","20","425.35","465.00","","-793.00"
"224","2024-06-18"," 11:45:00 AM","2024-06-18"," 1:53:00 PM","","","","","","","NA","-1000.00"
"224.1","2024-06-18"," 11:45:00 AM","2024-06-18"," 1:53:00 PM","CE","77300","Sell","20","352.45","352.45","","0.00"
"224.2","2024-06-18"," 11:45:00 AM","2024-06-18"," 12:34:00 PM","PE","77300","Sell","20","404.00","454.00","","-1000.00"
"225","2024-06-19"," 9:45:00 AM","2024-06-19"," 11:48:00 AM","","","","","","","NA","-1000.00"
"225.1","2024-06-19"," 9:45:00 AM","2024-06-19"," 11:48:00 AM","CE","77500","Sell","20","303.60","303.60","","0.00"
"225.2","2024-06-19"," 9:45:00 AM","2024-06-19"," 10:14:00 AM","PE","77500","Sell","20","409.60","459.60","","-1000.00"
"226","2024-06-19"," 11:45:00 AM","2024-06-19"," 3:02:00 PM","","","","","","","NA","-1000.00"
"226.1","2024-06-19"," 11:45:00 AM","2024-06-19"," 2:23:00 PM","CE","77400","Sell","20","321.65","371.65","","-1000.00"
"226.2","2024-06-19"," 11:45:00 AM","2024-06-19"," 3:02:00 PM","PE","77400","Sell","20","422.40","422.40","","0.00"
"227","2024-06-20"," 9:45:00 AM","2024-06-20"," 10:00:00 AM","","","","","","","NA","-1000.00"
"227.1","2024-06-20"," 9:45:00 AM","2024-06-20"," 10:00:00 AM","CE","77300","Sell","20","322.60","322.60","","0.00"
"227.2","2024-06-20"," 9:45:00 AM","2024-06-20"," 9:50:00 AM","PE","77300","Sell","20","357.45","407.45","","-1000.00"
"228","2024-06-20"," 11:45:00 AM","2024-06-20"," 1:54:00 PM","","","","","","","NA","-1000.00"
"228.1","2024-06-20"," 11:45:00 AM","2024-06-20"," 1:21:00 PM","CE","77400","Sell","20","301.30","351.30","","-1000.00"
"228.2","2024-06-20"," 11:45:00 AM","2024-06-20"," 1:54:00 PM","PE","77400","Sell","20","232.85","232.85","","0.00"
"229","2024-06-21"," 9:45:00 AM","2024-06-21"," 9:53:00 AM","","","","","","","NA","-1000.00"
"229.1","2024-06-21"," 9:45:00 AM","2024-06-21"," 9:53:00 AM","CE","77500","Sell","20","155.80","155.80","","0.00"
"229.2","2024-06-21"," 9:45:00 AM","2024-06-21"," 9:51:00 AM","PE","77500","Sell","20","247.85","297.85","","-1000.00"
"230","2024-06-21"," 11:45:00 AM","2024-06-21"," 11:49:00 AM","","","","","","","NA","-1000.00"
"230.1","2024-06-21"," 11:45:00 AM","2024-06-21"," 11:49:00 AM","CE","77300","Sell","20","127.95","127.95","","0.00"
"230.2","2024-06-21"," 11:45:00 AM","2024-06-21"," 11:47:00 AM","PE","77300","Sell","20","185.65","235.65","","-1000.00"
"231","2024-06-24"," 9:45:00 AM","2024-06-24"," 3:15:00 PM","","","","","","","NA","2810.00"
"231.1","2024-06-24"," 9:45:00 AM","2024-06-24"," 9:56:00 AM","CE","76900","Sell","20","485.00","535.00","","-1000.00"
"231.2","2024-06-24"," 9:45:00 AM","2024-06-24"," 3:15:00 PM","PE","76900","Sell","20","489.10","298.60","","3810.00"
"232","2024-06-24"," 11:45:00 AM","2024-06-24"," 3:15:00 PM","","","","","","","NA","358.00"
"232.1","2024-06-24"," 11:45:00 AM","2024-06-24"," 11:55:00 AM","CE","77200","Sell","20","515.60","565.60","","-1000.00"
"232.2","2024-06-24"," 11:45:00 AM","2024-06-24"," 3:15:00 PM","PE","77200","Sell","20","475.90","408.00","","1358.00"
"233","2024-06-25"," 9:45:00 AM","2024-06-25"," 3:15:00 PM","","","","","","","NA","2572.00"
"233.1","2024-06-25"," 9:45:00 AM","2024-06-25"," 12:32:00 PM","CE","77600","Sell","20","380.85","430.85","","-1000.00"
"233.2","2024-06-25"," 9:45:00 AM","2024-06-25"," 3:15:00 PM","PE","77600","Sell","20","472.05","293.45","","3572.00"
"234","2024-06-25"," 11:45:00 AM","2024-06-25"," 3:15:00 PM","","","","","","","NA","1652.00"
"234.1","2024-06-25"," 11:45:00 AM","2024-06-25"," 12:27:00 PM","CE","77500","Sell","20","421.60","471.60","","-1000.00"
"234.2","2024-06-25"," 11:45:00 AM","2024-06-25"," 3:15:00 PM","PE","77500","Sell","20","392.55","259.95","","2652.00"
"235","2024-06-26"," 9:45:00 AM","2024-06-26"," 3:15:00 PM","","","","","","","NA","4481.00"
"235.1","2024-06-26"," 9:45:00 AM","2024-06-26"," 10:19:00 AM","CE","78000","Sell","20","342.65","392.65","","-1000.00"
"235.2","2024-06-26"," 9:45:00 AM","2024-06-26"," 3:15:00 PM","PE","78000","Sell","20","447.50","173.45","","5481.00"
"236","2024-06-26"," 11:45:00 AM","2024-06-26"," 12:05:00 PM","","","","","","","NA","-1000.00"
"236.1","2024-06-26"," 11:45:00 AM","2024-06-26"," 12:01:00 PM","CE","78400","Sell","20","408.00","458.00","","-1000.00"
"236.2","2024-06-26"," 11:45:00 AM","2024-06-26"," 12:05:00 PM","PE","78400","Sell","20","415.05","415.05","","0.00"
"237","2024-06-27"," 9:45:00 AM","2024-06-27"," 10:46:00 AM","","","","","","","NA","-1000.00"
"237.1","2024-06-27"," 9:45:00 AM","2024-06-27"," 9:57:00 AM","CE","78600","Sell","20","350.00","400.00","","-1000.00"
"237.2","2024-06-27"," 9:45:00 AM","2024-06-27"," 10:46:00 AM","PE","78600","Sell","20","367.30","367.30","","0.00"
"238","2024-06-27"," 11:45:00 AM","2024-06-27"," 1:00:00 PM","","","","","","","NA","-1000.00"
"238.1","2024-06-27"," 11:45:00 AM","2024-06-27"," 12:13:00 PM","CE","79000","Sell","20","289.10","339.10","","-1000.00"
"238.2","2024-06-27"," 11:45:00 AM","2024-06-27"," 1:00:00 PM","PE","79000","Sell","20","358.35","358.35","","0.00"
"239","2024-06-28"," 9:45:00 AM","2024-06-28"," 10:00:00 AM","","","","","","","NA","-1000.00"
"239.1","2024-06-28"," 9:45:00 AM","2024-06-28"," 10:00:00 AM","CE","79600","Sell","20","194.35","194.35","","0.00"
"239.2","2024-06-28"," 9:45:00 AM","2024-06-28"," 9:59:00 AM","PE","79600","Sell","20","213.15","263.15","","-1000.00"
"240","2024-06-28"," 11:45:00 AM","2024-06-28"," 3:15:00 PM","","","","","","","NA","2231.00"
"240.1","2024-06-28"," 11:45:00 AM","2024-06-28"," 3:15:00 PM","CE","79500","Sell","20","161.95","0.40","","3231.00"
"240.2","2024-06-28"," 11:45:00 AM","2024-06-28"," 12:14:00 PM","PE","79500","Sell","20","148.95","198.95","","-1000.00"
"241","2024-07-01"," 9:45:00 AM","2024-07-01"," 3:15:00 PM","","","","","","","NA","1026.00"
"241.1","2024-07-01"," 9:45:00 AM","2024-07-01"," 12:23:00 PM","CE","79200","Sell","20","568.25","618.25","","-1000.00"
"241.2","2024-07-01"," 9:45:00 AM","2024-07-01"," 3:15:00 PM","PE","79200","Sell","20","522.40","421.10","","2026.00"
"242","2024-07-01"," 11:45:00 AM","2024-07-01"," 3:15:00 PM","","","","","","","NA","-435.00"
"242.1","2024-07-01"," 11:45:00 AM","2024-07-01"," 2:03:00 PM","CE","79400","Sell","20","498.70","548.70","","-1000.00"
"242.2","2024-07-01"," 11:45:00 AM","2024-07-01"," 3:15:00 PM","PE","79400","Sell","20","535.05","506.80","","565.00"
"243","2024-07-02"," 9:45:00 AM","2024-07-02"," 1:00:00 PM","","","","","","","NA","-1000.00"
"243.1","2024-07-02"," 9:45:00 AM","2024-07-02"," 9:53:00 AM","CE","79300","Sell","20","499.40","549.40","","-1000.00"
"243.2","2024-07-02"," 9:45:00 AM","2024-07-02"," 1:00:00 PM","PE","79300","Sell","20","471.45","471.45","","0.00"
"244","2024-07-02"," 11:45:00 AM","2024-07-02"," 12:39:00 PM","","","","","","","NA","-1000.00"
"244.1","2024-07-02"," 11:45:00 AM","2024-07-02"," 11:56:00 AM","CE","79400","Sell","20","488.55","538.55","","-1000.00"
"244.2","2024-07-02"," 11:45:00 AM","2024-07-02"," 12:39:00 PM","PE","79400","Sell","20","420.95","420.95","","0.00"
"245","2024-07-03"," 9:45:00 AM","2024-07-03"," 10:12:00 AM","","","","","","","NA","-1000.00"
"245.1","2024-07-03"," 9:45:00 AM","2024-07-03"," 9:53:00 AM","CE","80000","Sell","20","330.00","380.00","","-1000.00"
"245.2","2024-07-03"," 9:45:00 AM","2024-07-03"," 10:12:00 AM","PE","80000","Sell","20","458.90","458.90","","0.00"
"246","2024-07-03"," 11:45:00 AM","2024-07-03"," 3:15:00 PM","","","","","","","NA","-24.00"
"246.1","2024-07-03"," 11:45:00 AM","2024-07-03"," 12:35:00 PM","CE","79900","Sell","20","337.70","387.70","","-1000.00"
"246.2","2024-07-03"," 11:45:00 AM","2024-07-03"," 3:15:00 PM","PE","79900","Sell","20","409.10","360.30","","976.00"
"247","2024-07-04"," 9:45:00 AM","2024-07-04"," 9:47:00 AM","","","","","","","NA","-1000.00"
"247.1","2024-07-04"," 9:45:00 AM","2024-07-04"," 9:46:00 AM","CE","80300","Sell","20","295.00","345.00","","-1000.00"
"247.2","2024-07-04"," 9:45:00 AM","2024-07-04"," 9:47:00 AM","PE","80300","Sell","20","306.30","306.30","","0.00"
"248","2024-07-04"," 11:45:00 AM","2024-07-04"," 3:15:00 PM","","","","","","","NA","1440.00"
"248.1","2024-07-04"," 11:45:00 AM","2024-07-04"," 3:15:00 PM","CE","80100","Sell","20","246.45","183.00","","1269.00"
"248.2","2024-07-04"," 11:45:00 AM","2024-07-04"," 3:15:00 PM","PE","80100","Sell","20","263.80","255.25","","171.00"
"249","2024-07-05"," 9:45:00 AM","2024-07-05"," 10:15:00 AM","","","","","","","NA","-1000.00"
"249.1","2024-07-05"," 9:45:00 AM","2024-07-05"," 10:15:00 AM","CE","79700","Sell","20","123.90","123.90","","0.00"
"249.2","2024-07-05"," 9:45:00 AM","2024-07-05"," 9:53:00 AM","PE","79700","Sell","20","181.60","231.60","","-1000.00"
"250","2024-07-05"," 11:45:00 AM","2024-07-05"," 3:10:00 PM","","","","","","","NA","-1000.00"
"250.1","2024-07-05"," 11:45:00 AM","2024-07-05"," 3:10:00 PM","CE","79900","Sell","20","60.80","60.80","","0.00"
"250.2","2024-07-05"," 11:45:00 AM","2024-07-05"," 1:11:00 PM","PE","79900","Sell","20","162.75","212.75","","-1000.00"
"251","2024-07-08"," 9:45:00 AM","2024-07-08"," 11:13:00 AM","","","","","","","NA","-1000.00"
"251.1","2024-07-08"," 9:45:00 AM","2024-07-08"," 10:24:00 AM","CE","79800","Sell","20","466.90","516.90","","-1000.00"
"251.2","2024-07-08"," 9:45:00 AM","2024-07-08"," 11:13:00 AM","PE","79800","Sell","20","423.85","423.85","","0.00"
"252","2024-07-08"," 11:45:00 AM","2024-07-08"," 12:19:00 PM","","","","","","","NA","-1000.00"
"252.1","2024-07-08"," 11:45:00 AM","2024-07-08"," 12:19:00 PM","CE","79800","Sell","20","456.80","456.80","","0.00"
"252.2","2024-07-08"," 11:45:00 AM","2024-07-08"," 12:14:00 PM","PE","79800","Sell","20","396.30","446.30","","-1000.00"
"253","2024-07-09"," 9:45:00 AM","2024-07-09"," 3:15:00 PM","","","","","","","NA","846.00"
"253.1","2024-07-09"," 9:45:00 AM","2024-07-09"," 1:08:00 PM","CE","80200","Sell","20","379.50","429.50","","-1000.00"
"253.2","2024-07-09"," 9:45:00 AM","2024-07-09"," 3:15:00 PM","PE","80200","Sell","20","401.20","308.90","","1846.00"
"254","2024-07-09"," 11:45:00 AM","2024-07-09"," 3:15:00 PM","","","","","","","NA","-191.00"
"254.1","2024-07-09"," 11:45:00 AM","2024-07-09"," 1:10:00 PM","CE","80300","Sell","20","350.00","400.00","","-1000.00"
"254.2","2024-07-09"," 11:45:00 AM","2024-07-09"," 3:15:00 PM","PE","80300","Sell","20","392.25","351.80","","809.00"
"255","2024-07-10"," 9:45:00 AM","2024-07-10"," 3:15:00 PM","","","","","","","NA","1794.00"
"255.1","2024-07-10"," 9:45:00 AM","2024-07-10"," 3:15:00 PM","CE","80200","Sell","20","363.30","223.60","","2794.00"
"255.2","2024-07-10"," 9:45:00 AM","2024-07-10"," 9:47:00 AM","PE","80200","Sell","20","332.85","382.85","","-1000.00"
"256","2024-07-10"," 11:45:00 AM","2024-07-10"," 1:52:00 PM","","","","","","","NA","-1000.00"
"256.1","2024-07-10"," 11:45:00 AM","2024-07-10"," 11:54:00 AM","CE","79700","Sell","20","399.90","449.90","","-1000.00"
"256.2","2024-07-10"," 11:45:00 AM","2024-07-10"," 1:52:00 PM","PE","79700","Sell","20","354.15","354.15","","0.00"
"257","2024-07-11"," 9:45:00 AM","2024-07-11"," 3:15:00 PM","","","","","","","NA","-401.00"
"257.1","2024-07-11"," 9:45:00 AM","2024-07-11"," 3:15:00 PM","CE","79900","Sell","20","307.80","277.40","","608.00"
"257.2","2024-07-11"," 9:45:00 AM","2024-07-11"," 10:14:00 AM","PE","79900","Sell","20","255.20","305.65","","-1009.00"
"258","2024-07-11"," 11:45:00 AM","2024-07-11"," 12:12:00 PM","","","","","","","NA","-1017.00"
"258.1","2024-07-11"," 11:45:00 AM","2024-07-11"," 12:12:00 PM","CE","79700","Sell","20","255.25","255.25","","0.00"
"258.2","2024-07-11"," 11:45:00 AM","2024-07-11"," 12:05:00 PM","PE","79700","Sell","20","243.10","293.95","","-1017.00"
"259","2024-07-12"," 9:45:00 AM","2024-07-12"," 10:54:00 AM","","","","","","","NA","-1000.00"
"259.1","2024-07-12"," 9:45:00 AM","2024-07-12"," 10:54:00 AM","CE","80200","Sell","20","202.70","202.70","","0.00"
"259.2","2024-07-12"," 9:45:00 AM","2024-07-12"," 9:52:00 AM","PE","80200","Sell","20","159.55","209.55","","-1000.00"
"260","2024-07-12"," 11:45:00 AM","2024-07-12"," 3:15:00 PM","","","","","","","NA","2205.00"
"260.1","2024-07-12"," 11:45:00 AM","2024-07-12"," 1:18:00 PM","CE","80500","Sell","20","198.10","248.10","","-1000.00"
"260.2","2024-07-12"," 11:45:00 AM","2024-07-12"," 3:15:00 PM","PE","80500","Sell","20","169.90","9.65","","3205.00"
"261","2024-07-15"," 9:45:00 AM","2024-07-15"," 3:15:00 PM","","","","","","","NA","453.00"
"261.1","2024-07-15"," 9:45:00 AM","2024-07-15"," 10:42:00 AM","CE","80600","Sell","20","502.10","552.10","","-1000.00"
"261.2","2024-07-15"," 9:45:00 AM","2024-07-15"," 3:15:00 PM","PE","80600","Sell","20","462.25","389.60","","1453.00"
"262","2024-07-15"," 11:45:00 AM","2024-07-15"," 3:15:00 PM","","","","","","","NA","604.00"
"262.1","2024-07-15"," 11:45:00 AM","2024-07-15"," 3:15:00 PM","CE","80800","Sell","20","439.45","415.00","","489.00"
"262.2","2024-07-15"," 11:45:00 AM","2024-07-15"," 3:15:00 PM","PE","80800","Sell","20","480.95","475.20","","115.00"
"263","2024-07-16"," 9:45:00 AM","2024-07-16"," 3:15:00 PM","","","","","","","NA","2515.00"
"263.1","2024-07-16"," 9:45:00 AM","2024-07-16"," 3:15:00 PM","CE","80800","Sell","20","421.30","344.20","","1542.00"
"263.2","2024-07-16"," 9:45:00 AM","2024-07-16"," 3:15:00 PM","PE","80800","Sell","20","425.85","377.20","","973.00"
"264","2024-07-16"," 11:45:00 AM","2024-07-16"," 3:15:00 PM","","","","","","","NA","685.00"
"264.1","2024-07-16"," 11:45:00 AM","2024-07-16"," 3:15:00 PM","CE","80900","Sell","20","375.75","291.50","","1685.00"
"264.2","2024-07-16"," 11:45:00 AM","2024-07-16"," 1:39:00 PM","PE","80900","Sell","20","417.80","467.80","","-1000.00"
"265","2024-07-18"," 9:45:00 AM","2024-07-18"," 11:14:00 AM","","","","","","","NA","-1000.00"
"265.1","2024-07-18"," 9:45:00 AM","2024-07-18"," 9:50:00 AM","CE","80600","Sell","20","341.70","391.70","","-1000.00"
"265.2","2024-07-18"," 9:45:00 AM","2024-07-18"," 11:14:00 AM","PE","80600","Sell","20","283.55","283.55","","0.00"
"266","2024-07-18"," 11:45:00 AM","2024-07-18"," 3:15:00 PM","","","","","","","NA","3056.00"
"266.1","2024-07-18"," 11:45:00 AM","2024-07-18"," 12:01:00 PM","CE","80500","Sell","20","325.30","375.30","","-1000.00"
"266.2","2024-07-18"," 11:45:00 AM","2024-07-18"," 3:15:00 PM","PE","80500","Sell","20","261.25","58.45","","4056.00"
"267","2024-07-19"," 9:45:00 AM","2024-07-19"," 3:15:00 PM","","","","","","","NA","2603.00"
"267.1","2024-07-19"," 9:45:00 AM","2024-07-19"," 3:15:00 PM","CE","81300","Sell","20","180.45","0.30","","3603.00"
"267.2","2024-07-19"," 9:45:00 AM","2024-07-19"," 9:48:00 AM","PE","81300","Sell","20","244.60","294.60","","-1000.00"
"268","2024-07-19"," 11:45:00 AM","2024-07-19"," 3:15:00 PM","","","","","","","NA","964.00"
"268.1","2024-07-19"," 11:45:00 AM","2024-07-19"," 3:15:00 PM","CE","81000","Sell","20","98.60","0.40","","1964.00"
"268.2","2024-07-19"," 11:45:00 AM","2024-07-19"," 12:35:00 PM","PE","81000","Sell","20","114.80","164.80","","-1000.00"
"269","2024-07-22"," 9:45:00 AM","2024-07-22"," 12:27:00 PM","","","","","","","NA","-1000.00"
"269.1","2024-07-22"," 9:45:00 AM","2024-07-22"," 9:58:00 AM","CE","80500","Sell","20","828.60","878.60","","-1000.00"
"269.2","2024-07-22"," 9:45:00 AM","2024-07-22"," 12:27:00 PM","PE","80500","Sell","20","837.10","837.10","","0.00"
"270","2024-07-22"," 11:45:00 AM","2024-07-22"," 3:15:00 PM","","","","","","","NA","372.00"
"270.1","2024-07-22"," 11:45:00 AM","2024-07-22"," 3:15:00 PM","CE","80600","Sell","20","870.40","801.80","","1372.00"
"270.2","2024-07-22"," 11:45:00 AM","2024-07-22"," 12:07:00 PM","PE","80600","Sell","20","768.80","818.80","","-1000.00"
"271","2024-07-23"," 9:45:00 AM","2024-07-23"," 11:00:00 AM","","","","","","","NA","-1000.00"
"271.1","2024-07-23"," 9:45:00 AM","2024-07-23"," 11:00:00 AM","CE","80500","Sell","20","804.15","804.15","","0.00"
"271.2","2024-07-23"," 9:45:00 AM","2024-07-23"," 10:04:00 AM","PE","80500","Sell","20","782.10","832.10","","-1000.00"
"272","2024-07-23"," 11:45:00 AM","2024-07-23"," 3:15:00 PM","","","","","","","NA","5601.00"
"272.1","2024-07-23"," 11:45:00 AM","2024-07-23"," 3:15:00 PM","CE","80500","Sell","20","709.20","379.15","","6601.00"
"272.2","2024-07-23"," 11:45:00 AM","2024-07-23"," 11:54:00 AM","PE","80500","Sell","20","751.85","801.85","","-1000.00"
"273","2024-07-24"," 9:45:00 AM","2024-07-24"," 9:54:00 AM","","","","","","","NA","-1000.00"
"273.1","2024-07-24"," 9:45:00 AM","2024-07-24"," 9:54:00 AM","CE","80200","Sell","20","417.25","417.25","","0.00"
"273.2","2024-07-24"," 9:45:00 AM","2024-07-24"," 9:49:00 AM","PE","80200","Sell","20","393.35","443.35","","-1000.00"
"274","2024-07-24"," 11:45:00 AM","2024-07-24"," 2:32:00 PM","","","","","","","NA","-1000.00"
"274.1","2024-07-24"," 11:45:00 AM","2024-07-24"," 2:32:00 PM","CE","80100","Sell","20","421.50","421.50","","0.00"
"274.2","2024-07-24"," 11:45:00 AM","2024-07-24"," 12:17:00 PM","PE","80100","Sell","20","436.50","486.50","","-1000.00"
"275","2024-07-25"," 9:45:00 AM","2024-07-25"," 9:58:00 AM","","","","","","","NA","-1000.00"
"275.1","2024-07-25"," 9:45:00 AM","2024-07-25"," 9:58:00 AM","CE","79700","Sell","20","350.15","350.15","","0.00"
"275.2","2024-07-25"," 9:45:00 AM","2024-07-25"," 9:47:00 AM","PE","79700","Sell","20","289.50","339.50","","-1000.00"
"276","2024-07-25"," 11:45:00 AM","2024-07-25"," 11:52:00 AM","","","","","","","NA","-1000.00"
"276.1","2024-07-25"," 11:45:00 AM","2024-07-25"," 11:50:00 AM","CE","79800","Sell","20","308.75","358.75","","-1000.00"
"276.2","2024-07-25"," 11:45:00 AM","2024-07-25"," 11:52:00 AM","PE","79800","Sell","20","236.45","236.45","","0.00"
"277","2024-07-26"," 9:45:00 AM","2024-07-26"," 9:55:00 AM","","","","","","","NA","-1000.00"
"277.1","2024-07-26"," 9:45:00 AM","2024-07-26"," 9:55:00 AM","CE","80400","Sell","20","183.35","183.35","","0.00"
"277.2","2024-07-26"," 9:45:00 AM","2024-07-26"," 9:50:00 AM","PE","80400","Sell","20","183.60","233.60","","-1000.00"
"278","2024-07-26"," 11:45:00 AM","2024-07-26"," 3:15:00 PM","","","","","","","NA","1635.00"
"278.1","2024-07-26"," 11:45:00 AM","2024-07-26"," 12:32:00 PM","CE","80700","Sell","20","137.15","187.15","","-1000.00"
"278.2","2024-07-26"," 11:45:00 AM","2024-07-26"," 3:15:00 PM","PE","80700","Sell","20","132.00","0.25","","2635.00"
"279","2024-07-29"," 9:45:00 AM","2024-07-29"," 10:57:00 AM","","","","","","","NA","-1000.00"
"279.1","2024-07-29"," 9:45:00 AM","2024-07-29"," 10:57:00 AM","CE","81700","Sell","20","440.45","440.45","","0.00"
"279.2","2024-07-29"," 9:45:00 AM","2024-07-29"," 10:14:00 AM","PE","81700","Sell","20","518.00","568.00","","-1000.00"
"280","2024-07-29"," 11:45:00 AM","2024-07-29"," 3:15:00 PM","","","","","","","NA","3342.00"
"280.1","2024-07-29"," 11:45:00 AM","2024-07-29"," 3:15:00 PM","CE","81900","Sell","20","484.05","266.95","","4342.00"
"280.2","2024-07-29"," 11:45:00 AM","2024-07-29"," 12:07:00 PM","PE","81900","Sell","20","487.40","537.40","","-1000.00"
"281","2024-07-30"," 9:45:00 AM","2024-07-30"," 10:37:00 AM","","","","","","","NA","-1000.00"
"281.1","2024-07-30"," 9:45:00 AM","2024-07-30"," 10:37:00 AM","CE","81500","Sell","20","447.45","447.45","","0.00"
"281.2","2024-07-30"," 9:45:00 AM","2024-07-30"," 9:49:00 AM","PE","81500","Sell","20","420.45","470.45","","-1000.00"
"282","2024-07-30"," 11:45:00 AM","2024-07-30"," 12:32:00 PM","","","","","","","NA","-1000.00"
"282.1","2024-07-30"," 11:45:00 AM","2024-07-30"," 12:32:00 PM","CE","81700","Sell","20","401.45","401.45","","0.00"
"282.2","2024-07-30"," 11:45:00 AM","2024-07-30"," 11:52:00 AM","PE","81700","Sell","20","428.00","478.00","","-1000.00"
"283","2024-07-31"," 9:45:00 AM","2024-07-31"," 3:15:00 PM","","","","","","","NA","800.00"
"283.1","2024-07-31"," 9:45:00 AM","2024-07-31"," 9:59:00 AM","CE","81500","Sell","20","414.00","464.00","","-1000.00"
"283.2","2024-07-31"," 9:45:00 AM","2024-07-31"," 3:15:00 PM","PE","81500","Sell","20","365.30","275.30","","1800.00"
"284","2024-07-31"," 11:45:00 AM","2024-07-31"," 3:15:00 PM","","","","","","","NA","-344.00"
"284.1","2024-07-31"," 11:45:00 AM","2024-07-31"," 2:29:00 PM","CE","81600","Sell","20","417.60","467.60","","-1000.00"
"284.2","2024-07-31"," 11:45:00 AM","2024-07-31"," 3:15:00 PM","PE","81600","Sell","20","352.20","319.40","","656.00"
"285","2024-08-01"," 9:45:00 AM","2024-08-01"," 3:15:00 PM","","","","","","","NA","1950.00"
"285.1","2024-08-01"," 9:45:00 AM","2024-08-01"," 3:15:00 PM","CE","82000","Sell","20","313.10","165.60","","2950.00"
"285.2","2024-08-01"," 9:45:00 AM","2024-08-01"," 11:50:00 AM","PE","82000","Sell","20","322.30","372.30","","-1000.00"
"286","2024-08-01"," 11:45:00 AM","2024-08-01"," 1:13:00 PM","","","","","","","NA","-1000.00"
"286.1","2024-08-01"," 11:45:00 AM","2024-08-01"," 1:13:00 PM","CE","81800","Sell","20","312.90","312.90","","0.00"
"286.2","2024-08-01"," 11:45:00 AM","2024-08-01"," 12:29:00 PM","PE","81800","Sell","20","239.60","289.60","","-1000.00"
"287","2024-08-02"," 9:45:00 AM","2024-08-02"," 10:36:00 AM","","","","","","","NA","-1000.00"
"287.1","2024-08-02"," 9:45:00 AM","2024-08-02"," 10:36:00 AM","CE","81100","Sell","20","183.00","183.00","","0.00"
"287.2","2024-08-02"," 9:45:00 AM","2024-08-02"," 9:48:00 AM","PE","81100","Sell","20","217.80","267.80","","-1000.00"
"288","2024-08-02"," 11:45:00 AM","2024-08-02"," 3:15:00 PM","","","","","","","NA","708.00"
"288.1","2024-08-02"," 11:45:00 AM","2024-08-02"," 3:15:00 PM","CE","81300","Sell","20","88.85","0.45","","1768.00"
"288.2","2024-08-02"," 11:45:00 AM","2024-08-02"," 12:02:00 PM","PE","81300","Sell","20","162.95","215.95","","-1060.00"
"289","2024-08-05"," 9:45:00 AM","2024-08-05"," 10:06:00 AM","","","","","","","NA","-1000.00"
"289.1","2024-08-05"," 9:45:00 AM","2024-08-05"," 9:57:00 AM","CE","79500","Sell","20","710.70","760.70","","-1000.00"
"289.2","2024-08-05"," 9:45:00 AM","2024-08-05"," 10:06:00 AM","PE","79500","Sell","20","640.30","640.30","","0.00"
"290","2024-08-05"," 11:45:00 AM","2024-08-05"," 11:49:00 AM","","","","","","","NA","-1000.00"
"290.1","2024-08-05"," 11:45:00 AM","2024-08-05"," 11:49:00 AM","CE","78600","Sell","20","1019.80","1019.80","","0.00"
"290.2","2024-08-05"," 11:45:00 AM","2024-08-05"," 11:48:00 AM","PE","78600","Sell","20","936.75","986.75","","-1000.00"
"291","2024-08-06"," 9:45:00 AM","2024-08-06"," 10:25:00 AM","","","","","","","NA","-1000.00"
"291.1","2024-08-06"," 9:45:00 AM","2024-08-06"," 9:48:00 AM","CE","79500","Sell","20","629.05","679.05","","-1000.00"
"291.2","2024-08-06"," 9:45:00 AM","2024-08-06"," 10:25:00 AM","PE","79500","Sell","20","628.05","628.05","","0.00"
"292","2024-08-06"," 11:45:00 AM","2024-08-06"," 12:05:00 PM","","","","","","","NA","-1000.00"
"292.1","2024-08-06"," 11:45:00 AM","2024-08-06"," 12:05:00 PM","CE","79400","Sell","20","603.75","603.75","","0.00"
"292.2","2024-08-06"," 11:45:00 AM","2024-08-06"," 11:54:00 AM","PE","79400","Sell","20","612.10","662.10","","-1000.00"
"293","2024-08-07"," 9:45:00 AM","2024-08-07"," 10:29:00 AM","","","","","","","NA","-1000.00"
"293.1","2024-08-07"," 9:45:00 AM","2024-08-07"," 10:29:00 AM","CE","79300","Sell","20","534.60","534.60","","0.00"
"293.2","2024-08-07"," 9:45:00 AM","2024-08-07"," 10:06:00 AM","PE","79300","Sell","20","476.15","526.15","","-1000.00"
"294","2024-08-07"," 11:45:00 AM","2024-08-07"," 12:19:00 PM","","","","","","","NA","-1000.00"
"294.1","2024-08-07"," 11:45:00 AM","2024-08-07"," 12:19:00 PM","CE","79300","Sell","20","498.75","498.75","","0.00"
"294.2","2024-08-07"," 11:45:00 AM","2024-08-07"," 12:00:00 PM","PE","79300","Sell","20","469.20","519.20","","-1000.00"
"295","2024-08-08"," 9:45:00 AM","2024-08-08"," 9:54:00 AM","","","","","","","NA","-1000.00"
"295.1","2024-08-08"," 9:45:00 AM","2024-08-08"," 9:50:00 AM","CE","79200","Sell","20","506.10","556.10","","-1000.00"
"295.2","2024-08-08"," 9:45:00 AM","2024-08-08"," 9:54:00 AM","PE","79200","Sell","20","406.40","406.40","","0.00"
"296","2024-08-08"," 11:45:00 AM","2024-08-08"," 1:02:00 PM","","","","","","","NA","-1000.00"
"296.1","2024-08-08"," 11:45:00 AM","2024-08-08"," 11:50:00 AM","CE","79200","Sell","20","383.80","433.80","","-1000.00"
"296.2","2024-08-08"," 11:45:00 AM","2024-08-08"," 1:02:00 PM","PE","79200","Sell","20","412.70","412.70","","0.00"
"297","2024-08-09"," 9:45:00 AM","2024-08-09"," 3:15:00 PM","","","","","","","NA","3368.00"
"297.1","2024-08-09"," 9:45:00 AM","2024-08-09"," 3:15:00 PM","CE","79800","Sell","20","218.65","0.25","","4368.00"
"297.2","2024-08-09"," 9:45:00 AM","2024-08-09"," 9:53:00 AM","PE","79800","Sell","20","174.90","224.90","","-1000.00"
"298","2024-08-09"," 11:45:00 AM","2024-08-09"," 3:15:00 PM","","","","","","","NA","3992.00"
"298.1","2024-08-09"," 11:45:00 AM","2024-08-09"," 3:15:00 PM","CE","79700","Sell","20","121.40","21.90","","1990.00"
"298.2","2024-08-09"," 11:45:00 AM","2024-08-09"," 3:15:00 PM","PE","79700","Sell","20","101.45","1.35","","2002.00"
"299","2024-08-12"," 9:45:00 AM","2024-08-12"," 10:18:00 AM","","","","","","","NA","-1000.00"
"299.1","2024-08-12"," 9:45:00 AM","2024-08-12"," 10:18:00 AM","CE","79400","Sell","20","619.20","619.20","","0.00"
"299.2","2024-08-12"," 9:45:00 AM","2024-08-12"," 9:58:00 AM","PE","79400","Sell","20","523.65","573.65","","-1000.00"
"300","2024-08-12"," 11:45:00 AM","2024-08-12"," 3:15:00 PM","","","","","","","NA","2605.00"
"300.1","2024-08-12"," 11:45:00 AM","2024-08-12"," 3:15:00 PM","CE","79900","Sell","20","546.95","366.70","","3605.00"
"300.2","2024-08-12"," 11:45:00 AM","2024-08-12"," 2:53:00 PM","PE","79900","Sell","20","504.95","554.95","","-1000.00"
"301","2024-08-13"," 9:45:00 AM","2024-08-13"," 3:15:00 PM","","","","","","","NA","4388.00"
"301.1","2024-08-13"," 9:45:00 AM","2024-08-13"," 3:15:00 PM","CE","79600","Sell","20","489.60","220.20","","5388.00"
"301.2","2024-08-13"," 9:45:00 AM","2024-08-13"," 9:57:00 AM","PE","79600","Sell","20","408.85","458.85","","-1000.00"
"302","2024-08-13"," 11:45:00 AM","2024-08-13"," 3:15:00 PM","","","","","","","NA","3345.00"
"302.1","2024-08-13"," 11:45:00 AM","2024-08-13"," 3:15:00 PM","CE","79500","Sell","20","469.35","252.10","","4345.00"
"302.2","2024-08-13"," 11:45:00 AM","2024-08-13"," 12:06:00 PM","PE","79500","Sell","20","384.05","434.05","","-1000.00"
"303","2024-08-14"," 9:45:00 AM","2024-08-14"," 9:54:00 AM","","","","","","","NA","-1000.00"
"303.1","2024-08-14"," 9:45:00 AM","2024-08-14"," 9:48:00 AM","CE","79000","Sell","20","391.85","441.85","","-1000.00"
"303.2","2024-08-14"," 9:45:00 AM","2024-08-14"," 9:54:00 AM","PE","79000","Sell","20","347.95","347.95","","0.00"
"304","2024-08-14"," 11:45:00 AM","2024-08-14"," 3:15:00 PM","","","","","","","NA","-178.00"
"304.1","2024-08-14"," 11:45:00 AM","2024-08-14"," 12:16:00 PM","CE","79100","Sell","20","306.50","356.50","","-1000.00"
"304.2","2024-08-14"," 11:45:00 AM","2024-08-14"," 3:15:00 PM","PE","79100","Sell","20","335.05","293.95","","822.00"
"305","2024-08-16"," 9:45:00 AM","2024-08-16"," 11:28:00 AM","","","","","","","NA","-1000.00"
"305.1","2024-08-16"," 9:45:00 AM","2024-08-16"," 11:28:00 AM","CE","79700","Sell","20","193.25","193.25","","0.00"
"305.2","2024-08-16"," 9:45:00 AM","2024-08-16"," 9:52:00 AM","PE","79700","Sell","20","209.55","259.55","","-1000.00"
"306","2024-08-16"," 11:45:00 AM","2024-08-16"," 3:15:00 PM","","","","","","","NA","2679.00"
"306.1","2024-08-16"," 11:45:00 AM","2024-08-16"," 11:46:00 AM","CE","79800","Sell","20","188.55","238.55","","-1000.00"
"306.2","2024-08-16"," 11:45:00 AM","2024-08-16"," 3:15:00 PM","PE","79800","Sell","20","184.20","0.25","","3679.00"
"307","2024-08-19"," 9:45:00 AM","2024-08-19"," 3:15:00 PM","","","","","","","NA","994.00"
"307.1","2024-08-19"," 9:45:00 AM","2024-08-19"," 3:15:00 PM","CE","80600","Sell","20","474.55","374.85","","1994.00"
"307.2","2024-08-19"," 9:45:00 AM","2024-08-19"," 9:53:00 AM","PE","80600","Sell","20","481.65","531.65","","-1000.00"
"308","2024-08-19"," 11:45:00 AM","2024-08-19"," 12:51:00 PM","","","","","","","NA","-1000.00"
"308.1","2024-08-19"," 11:45:00 AM","2024-08-19"," 12:51:00 PM","CE","80500","Sell","20","459.80","459.80","","0.00"
"308.2","2024-08-19"," 11:45:00 AM","2024-08-19"," 12:28:00 PM","PE","80500","Sell","20","464.80","514.80","","-1000.00"
"309","2024-08-20"," 9:45:00 AM","2024-08-20"," 3:15:00 PM","","","","","","","NA","-297.00"
"309.1","2024-08-20"," 9:45:00 AM","2024-08-20"," 10:01:00 AM","CE","80700","Sell","20","407.45","457.45","","-1000.00"
"309.2","2024-08-20"," 9:45:00 AM","2024-08-20"," 3:15:00 PM","PE","80700","Sell","20","374.50","339.35","","703.00"
"310","2024-08-20"," 11:45:00 AM","2024-08-20"," 3:15:00 PM","","","","","","","NA","522.00"
"310.1","2024-08-20"," 11:45:00 AM","2024-08-20"," 3:15:00 PM","CE","80900","Sell","20","346.50","293.40","","1062.00"
"310.2","2024-08-20"," 11:45:00 AM","2024-08-20"," 3:15:00 PM","PE","80900","Sell","20","412.85","439.85","","-540.00"
"311","2024-08-21"," 9:45:00 AM","2024-08-21"," 11:11:00 AM","","","","","","","NA","-1000.00"
"311.1","2024-08-21"," 9:45:00 AM","2024-08-21"," 10:18:00 AM","CE","80700","Sell","20","364.60","414.60","","-1000.00"
"311.2","2024-08-21"," 9:45:00 AM","2024-08-21"," 11:11:00 AM","PE","80700","Sell","20","326.25","326.25","","0.00"
"312","2024-08-21"," 11:45:00 AM","2024-08-21"," 3:15:00 PM","","","","","","","NA","735.00"
"312.1","2024-08-21"," 11:45:00 AM","2024-08-21"," 2:13:00 PM","CE","80700","Sell","20","366.10","416.10","","-1000.00"
"312.2","2024-08-21"," 11:45:00 AM","2024-08-21"," 3:15:00 PM","PE","80700","Sell","20","299.45","212.70","","1735.00"
"313","2024-08-22"," 9:45:00 AM","2024-08-22"," 3:15:00 PM","","","","","","","NA","-178.00"
"313.1","2024-08-22"," 9:45:00 AM","2024-08-22"," 3:15:00 PM","CE","81100","Sell","20","265.25","224.15","","822.00"
"313.2","2024-08-22"," 9:45:00 AM","2024-08-22"," 9:52:00 AM","PE","81100","Sell","20","269.00","319.00","","-1000.00"
"314","2024-08-22"," 11:45:00 AM","2024-08-22"," 3:15:00 PM","","","","","","","NA","-573.00"
"314.1","2024-08-22"," 11:45:00 AM","2024-08-22"," 3:15:00 PM","CE","81200","Sell","20","200.05","178.70","","427.00"
"314.2","2024-08-22"," 11:45:00 AM","2024-08-22"," 1:12:00 PM","PE","81200","Sell","20","260.75","310.75","","-1000.00"
"315","2024-08-23"," 9:45:00 AM","2024-08-23"," 3:15:00 PM","","","","","","","NA","2007.00"
"315.1","2024-08-23"," 9:45:00 AM","2024-08-23"," 9:53:00 AM","CE","80900","Sell","20","187.50","237.50","","-1000.00"
"315.2","2024-08-23"," 9:45:00 AM","2024-08-23"," 3:15:00 PM","PE","80900","Sell","20","150.50","0.15","","3007.00"
"316","2024-08-23"," 11:45:00 AM","2024-08-23"," 3:15:00 PM","","","","","","","NA","512.00"
"316.1","2024-08-23"," 11:45:00 AM","2024-08-23"," 3:15:00 PM","CE","81100","Sell","20","79.40","3.80","","1512.00"
"316.2","2024-08-23"," 11:45:00 AM","2024-08-23"," 11:52:00 AM","PE","81100","Sell","20","84.95","134.95","","-1000.00"
"317","2024-08-26"," 9:45:00 AM","2024-08-26"," 10:53:00 AM","","","","","","","NA","-1000.00"
"317.1","2024-08-26"," 9:45:00 AM","2024-08-26"," 10:17:00 AM","CE","81600","Sell","20","508.50","558.50","","-1000.00"
"317.2","2024-08-26"," 9:45:00 AM","2024-08-26"," 10:53:00 AM","PE","81600","Sell","20","400.00","400.00","","0.00"
"318","2024-08-26"," 11:45:00 AM","2024-08-26"," 1:48:00 PM","","","","","","","NA","-1000.00"
"318.1","2024-08-26"," 11:45:00 AM","2024-08-26"," 12:42:00 PM","CE","81700","Sell","20","480.05","530.05","","-1000.00"
"318.2","2024-08-26"," 11:45:00 AM","2024-08-26"," 1:48:00 PM","PE","81700","Sell","20","391.25","391.25","","0.00"
"319","2024-08-27"," 9:45:00 AM","2024-08-27"," 3:15:00 PM","","","","","","","NA","119.00"
"319.1","2024-08-27"," 9:45:00 AM","2024-08-27"," 9:55:00 AM","CE","81700","Sell","20","356.50","406.50","","-1000.00"
"319.2","2024-08-27"," 9:45:00 AM","2024-08-27"," 3:15:00 PM","PE","81700","Sell","20","373.25","317.30","","1119.00"
"320","2024-08-27"," 11:45:00 AM","2024-08-27"," 3:15:00 PM","","","","","","","NA","345.00"
"320.1","2024-08-27"," 11:45:00 AM","2024-08-27"," 3:15:00 PM","CE","81900","Sell","20","330.05","262.80","","1345.00"
"320.2","2024-08-27"," 11:45:00 AM","2024-08-27"," 2:51:00 PM","PE","81900","Sell","20","368.00","418.00","","-1000.00"
"321","2024-08-28"," 9:45:00 AM","2024-08-28"," 3:15:00 PM","","","","","","","NA","-169.00"
"321.1","2024-08-28"," 9:45:00 AM","2024-08-28"," 9:53:00 AM","CE","81600","Sell","20","378.80","428.80","","-1000.00"
"321.2","2024-08-28"," 9:45:00 AM","2024-08-28"," 3:15:00 PM","PE","81600","Sell","20","255.10","213.55","","831.00"
"322","2024-08-28"," 11:45:00 AM","2024-08-28"," 3:15:00 PM","","","","","","","NA","1982.00"
"322.1","2024-08-28"," 11:45:00 AM","2024-08-28"," 3:15:00 PM","CE","82000","Sell","20","342.70","193.60","","2982.00"
"322.2","2024-08-28"," 11:45:00 AM","2024-08-28"," 2:44:00 PM","PE","82000","Sell","20","301.80","351.80","","-1000.00"
"323","2024-08-29"," 9:45:00 AM","2024-08-29"," 2:05:00 PM","","","","","","","NA","-1000.00"
"323.1","2024-08-29"," 9:45:00 AM","2024-08-29"," 9:49:00 AM","CE","81800","Sell","20","303.60","353.60","","-1000.00"
"323.2","2024-08-29"," 9:45:00 AM","2024-08-29"," 2:05:00 PM","PE","81800","Sell","20","252.20","252.20","","0.00"
"324","2024-08-29"," 11:45:00 AM","2024-08-29"," 2:04:00 PM","","","","","","","NA","-1000.00"
"324.1","2024-08-29"," 11:45:00 AM","2024-08-29"," 12:29:00 PM","CE","82000","Sell","20","230.55","280.55","","-1000.00"
"324.2","2024-08-29"," 11:45:00 AM","2024-08-29"," 2:04:00 PM","PE","82000","Sell","20","263.35","263.35","","0.00"
"325","2024-08-30"," 9:45:00 AM","2024-08-30"," 2:20:00 PM","","","","","","","NA","-1328.00"
"325.1","2024-08-30"," 9:45:00 AM","2024-08-30"," 2:20:00 PM","CE","82400","Sell","20","183.60","200.00","","-328.00"
"325.2","2024-08-30"," 9:45:00 AM","2024-08-30"," 10:03:00 AM","PE","82400","Sell","20","233.20","283.20","","-1000.00"
"326","2024-08-30"," 11:45:00 AM","2024-08-30"," 3:15:00 PM","","","","","","","NA","846.00"
"326.1","2024-08-30"," 11:45:00 AM","2024-08-30"," 2:20:00 PM","CE","82400","Sell","20","95.10","200.00","","-2098.00"
"326.2","2024-08-30"," 11:45:00 AM","2024-08-30"," 3:15:00 PM","PE","82400","Sell","20","171.65","24.45","","2944.00"
"327","2024-09-02"," 9:45:00 AM","2024-09-02"," 3:15:00 PM","","","","","","","NA","798.00"
"327.1","2024-09-02"," 9:45:00 AM","2024-09-02"," 3:15:00 PM","CE","82600","Sell","20","448.00","358.10","","1798.00"
"327.2","2024-09-02"," 9:45:00 AM","2024-09-02"," 12:51:00 PM","PE","82600","Sell","20","425.90","475.90","","-1000.00"
"328","2024-09-02"," 11:45:00 AM","2024-09-02"," 3:15:00 PM","","","","","","","NA","117.00"
"328.1","2024-09-02"," 11:45:00 AM","2024-09-02"," 3:15:00 PM","CE","82600","Sell","20","413.95","358.10","","1117.00"
"328.2","2024-09-02"," 11:45:00 AM","2024-09-02"," 12:48:00 PM","PE","82600","Sell","20","420.25","470.25","","-1000.00"
"329","2024-09-03"," 9:45:00 AM","2024-09-03"," 3:15:00 PM","","","","","","","NA","-292.00"
"329.1","2024-09-03"," 9:45:00 AM","2024-09-03"," 1:17:00 PM","CE","82500","Sell","20","382.85","432.85","","-1000.00"
"329.2","2024-09-03"," 9:45:00 AM","2024-09-03"," 3:15:00 PM","PE","82500","Sell","20","346.90","311.50","","708.00"
"330","2024-09-03"," 11:45:00 AM","2024-09-03"," 3:15:00 PM","","","","","","","NA","-517.00"
"330.1","2024-09-03"," 11:45:00 AM","2024-09-03"," 1:17:00 PM","CE","82500","Sell","20","363.75","413.75","","-1000.00"
"330.2","2024-09-03"," 11:45:00 AM","2024-09-03"," 3:15:00 PM","PE","82500","Sell","20","335.65","311.50","","483.00"
"331","2024-09-04"," 9:45:00 AM","2024-09-04"," 3:15:00 PM","","","","","","","NA","1655.00"
"331.1","2024-09-04"," 9:45:00 AM","2024-09-04"," 10:11:00 AM","CE","82000","Sell","20","362.25","412.25","","-1000.00"
"331.2","2024-09-04"," 9:45:00 AM","2024-09-04"," 3:15:00 PM","PE","82000","Sell","20","337.95","205.20","","2655.00"
"332","2024-09-04"," 11:45:00 AM","2024-09-04"," 3:15:00 PM","","","","","","","NA","371.00"
"332.1","2024-09-04"," 11:45:00 AM","2024-09-04"," 1:16:00 PM","CE","82200","Sell","20","298.70","348.70","","-1000.00"
"332.2","2024-09-04"," 11:45:00 AM","2024-09-04"," 3:15:00 PM","PE","82200","Sell","20","350.50","281.95","","1371.00"
"333","2024-09-05"," 9:45:00 AM","2024-09-05"," 3:15:00 PM","","","","","","","NA","1227.00"
"333.1","2024-09-05"," 9:45:00 AM","2024-09-05"," 3:15:00 PM","CE","82400","Sell","20","264.80","153.45","","2227.00"
"333.2","2024-09-05"," 9:45:00 AM","2024-09-05"," 10:33:00 AM","PE","82400","Sell","20","285.15","335.15","","-1000.00"
"334","2024-09-05"," 11:45:00 AM","2024-09-05"," 3:15:00 PM","","","","","","","NA","1009.00"
"334.1","2024-09-05"," 11:45:00 AM","2024-09-05"," 3:15:00 PM","CE","82300","Sell","20","243.45","201.70","","835.00"
"334.2","2024-09-05"," 11:45:00 AM","2024-09-05"," 3:15:00 PM","PE","82300","Sell","20","242.70","234.00","","174.00"
"335","2024-09-06"," 9:45:00 AM","2024-09-06"," 3:15:00 PM","","","","","","","NA","3793.00"
"335.1","2024-09-06"," 9:45:00 AM","2024-09-06"," 3:15:00 PM","CE","81900","Sell","20","240.00","0.35","","4793.00"
"335.2","2024-09-06"," 9:45:00 AM","2024-09-06"," 9:46:00 AM","PE","81900","Sell","20","261.65","311.65","","-1000.00"
"336","2024-09-06"," 11:45:00 AM","2024-09-06"," 12:50:00 PM","","","","","","","NA","-1000.00"
"336.1","2024-09-06"," 11:45:00 AM","2024-09-06"," 12:24:00 PM","CE","81400","Sell","20","139.35","189.35","","-1000.00"
"336.2","2024-09-06"," 11:45:00 AM","2024-09-06"," 12:50:00 PM","PE","81400","Sell","20","173.55","173.55","","0.00"
"337","2024-09-09"," 9:45:00 AM","2024-09-09"," 3:15:00 PM","","","","","","","NA","3216.00"
"337.1","2024-09-09"," 9:45:00 AM","2024-09-09"," 10:43:00 AM","CE","81200","Sell","20","476.35","526.35","","-1000.00"
"337.2","2024-09-09"," 9:45:00 AM","2024-09-09"," 3:15:00 PM","PE","81200","Sell","20","478.45","267.65","","4216.00"
"338","2024-09-09"," 11:45:00 AM","2024-09-09"," 1:06:00 PM","","","","","","","NA","-1000.00"
"338.1","2024-09-09"," 11:45:00 AM","2024-09-09"," 1:06:00 PM","CE","81300","Sell","20","469.10","469.10","","0.00"
"338.2","2024-09-09"," 11:45:00 AM","2024-09-09"," 12:08:00 PM","PE","81300","Sell","20","425.10","475.10","","-1000.00"
"339","2024-09-10"," 9:45:00 AM","2024-09-10"," 9:51:00 AM","","","","","","","NA","-1000.00"
"339.1","2024-09-10"," 9:45:00 AM","2024-09-10"," 9:51:00 AM","CE","81600","Sell","20","351.40","351.40","","0.00"
"339.2","2024-09-10"," 9:45:00 AM","2024-09-10"," 9:48:00 AM","PE","81600","Sell","20","351.60","401.60","","-1000.00"
"340","2024-09-10"," 11:45:00 AM","2024-09-10"," 3:15:00 PM","","","","","","","NA","971.00"
"340.1","2024-09-10"," 11:45:00 AM","2024-09-10"," 11:59:00 AM","CE","81800","Sell","20","317.90","367.90","","-1000.00"
"340.2","2024-09-10"," 11:45:00 AM","2024-09-10"," 3:15:00 PM","PE","81800","Sell","20","369.65","271.10","","1971.00"
"341","2024-09-11"," 9:45:00 AM","2024-09-11"," 10:18:00 AM","","","","","","","NA","-1107.00"
"341.1","2024-09-11"," 9:45:00 AM","2024-09-11"," 10:18:00 AM","CE","82000","Sell","20","282.55","282.55","","0.00"
"341.2","2024-09-11"," 9:45:00 AM","2024-09-11"," 10:04:00 AM","PE","82000","Sell","20","367.45","422.80","","-1107.00"
"342","2024-09-11"," 11:45:00 AM","2024-09-11"," 12:54:00 PM","","","","","","","NA","-1000.00"
"342.1","2024-09-11"," 11:45:00 AM","2024-09-11"," 12:01:00 PM","CE","82000","Sell","20","282.10","332.10","","-1000.00"
"342.2","2024-09-11"," 11:45:00 AM","2024-09-11"," 12:54:00 PM","PE","82000","Sell","20","335.90","335.90","","0.00"
"343","2024-09-12"," 9:45:00 AM","2024-09-12"," 2:02:00 PM","","","","","","","NA","-1000.00"
"343.1","2024-09-12"," 9:45:00 AM","2024-09-12"," 2:02:00 PM","CE","81900","Sell","20","277.55","277.55","","0.00"
"343.2","2024-09-12"," 9:45:00 AM","2024-09-12"," 9:55:00 AM","PE","81900","Sell","20","278.65","328.65","","-1000.00"
"344","2024-09-12"," 11:45:00 AM","2024-09-12"," 1:06:00 PM","","","","","","","NA","-1000.00"
"344.1","2024-09-12"," 11:45:00 AM","2024-09-12"," 1:06:00 PM","CE","81700","Sell","20","310.70","310.70","","0.00"
"344.2","2024-09-12"," 11:45:00 AM","2024-09-12"," 12:23:00 PM","PE","81700","Sell","20","260.00","310.00","","-1000.00"
"345","2024-09-13"," 9:45:00 AM","2024-09-13"," 3:15:00 PM","","","","","","","NA","2226.00"
"345.1","2024-09-13"," 9:45:00 AM","2024-09-13"," 11:11:00 AM","CE","82800","Sell","20","144.90","194.90","","-1000.00"
"345.2","2024-09-13"," 9:45:00 AM","2024-09-13"," 3:15:00 PM","PE","82800","Sell","20","162.35","1.05","","3226.00"
"346","2024-09-13"," 11:45:00 AM","2024-09-13"," 1:20:00 PM","","","","","","","NA","-1000.00"
"346.1","2024-09-13"," 11:45:00 AM","2024-09-13"," 12:29:00 PM","CE","82900","Sell","20","79.40","129.40","","-1000.00"
"346.2","2024-09-13"," 11:45:00 AM","2024-09-13"," 1:20:00 PM","PE","82900","Sell","20","88.20","88.20","","0.00"
"347","2024-09-16"," 9:45:00 AM","2024-09-16"," 3:15:00 PM","","","","","","","NA","127.00"
"347.1","2024-09-16"," 9:45:00 AM","2024-09-16"," 3:15:00 PM","CE","83100","Sell","20","462.30","405.95","","1127.00"
"347.2","2024-09-16"," 9:45:00 AM","2024-09-16"," 10:42:00 AM","PE","83100","Sell","20","411.05","461.05","","-1000.00"
"348","2024-09-16"," 11:45:00 AM","2024-09-16"," 3:15:00 PM","","","","","","","NA","1021.00"
"348.1","2024-09-16"," 11:45:00 AM","2024-09-16"," 1:22:00 PM","CE","82900","Sell","20","466.95","516.95","","-1000.00"
"348.2","2024-09-16"," 11:45:00 AM","2024-09-16"," 3:15:00 PM","PE","82900","Sell","20","441.95","340.90","","2021.00"
"349","2024-09-17"," 9:45:00 AM","2024-09-17"," 10:43:00 AM","","","","","","","NA","-1000.00"
"349.1","2024-09-17"," 9:45:00 AM","2024-09-17"," 10:43:00 AM","CE","83000","Sell","20","418.50","418.50","","0.00"
"349.2","2024-09-17"," 9:45:00 AM","2024-09-17"," 9:56:00 AM","PE","83000","Sell","20","407.05","457.05","","-1000.00"
"350","2024-09-17"," 11:45:00 AM","2024-09-17"," 3:15:00 PM","","","","","","","NA","-585.00"
"350.1","2024-09-17"," 11:45:00 AM","2024-09-17"," 1:41:00 PM","CE","83000","Sell","20","414.25","464.25","","-1000.00"
"350.2","2024-09-17"," 11:45:00 AM","2024-09-17"," 3:15:00 PM","PE","83000","Sell","20","383.65","362.90","","415.00"
"351","2024-09-18"," 9:45:00 AM","2024-09-18"," 12:59:00 PM","","","","","","","NA","-1000.00"
"351.1","2024-09-18"," 9:45:00 AM","2024-09-18"," 10:42:00 AM","CE","83100","Sell","20","422.65","472.65","","-1000.00"
"351.2","2024-09-18"," 9:45:00 AM","2024-09-18"," 12:59:00 PM","PE","83100","Sell","20","388.20","388.20","","0.00"
"352","2024-09-18"," 11:45:00 AM","2024-09-18"," 12:59:00 PM","","","","","","","NA","-1000.00"
"352.1","2024-09-18"," 11:45:00 AM","2024-09-18"," 12:27:00 PM","CE","83200","Sell","20","425.00","475.00","","-1000.00"
"352.2","2024-09-18"," 11:45:00 AM","2024-09-18"," 12:59:00 PM","PE","83200","Sell","20","417.85","417.85","","0.00"
"353","2024-09-19"," 9:45:00 AM","2024-09-19"," 3:15:00 PM","","","","","","","NA","3395.00"
"353.1","2024-09-19"," 9:45:00 AM","2024-09-19"," 3:15:00 PM","CE","83700","Sell","20","336.00","116.25","","4395.00"
"353.2","2024-09-19"," 9:45:00 AM","2024-09-19"," 9:51:00 AM","PE","83700","Sell","20","278.90","328.90","","-1000.00"
"354","2024-09-19"," 11:45:00 AM","2024-09-19"," 3:15:00 PM","","","","","","","NA","2093.00"
"354.1","2024-09-19"," 11:45:00 AM","2024-09-19"," 12:13:00 PM","CE","83200","Sell","20","313.35","363.35","","-1000.00"
"354.2","2024-09-19"," 11:45:00 AM","2024-09-19"," 3:15:00 PM","PE","83200","Sell","20","322.25","167.60","","3093.00"
"355","2024-09-20"," 9:45:00 AM","2024-09-20"," 1:38:00 PM","","","","","","","NA","-1000.00"
"355.1","2024-09-20"," 9:45:00 AM","2024-09-20"," 9:49:00 AM","CE","83300","Sell","20","197.65","247.65","","-1000.00"
"355.2","2024-09-20"," 9:45:00 AM","2024-09-20"," 1:38:00 PM","PE","83300","Sell","20","225.60","225.60","","0.00"
"356","2024-09-20"," 11:45:00 AM","2024-09-20"," 12:21:00 PM","","","","","","","NA","-1000.00"
"356.1","2024-09-20"," 11:45:00 AM","2024-09-20"," 11:51:00 AM","CE","84100","Sell","20","263.20","313.20","","-1000.00"
"356.2","2024-09-20"," 11:45:00 AM","2024-09-20"," 12:21:00 PM","PE","84100","Sell","20","177.85","177.85","","0.00"
"357","2024-09-23"," 9:45:00 AM","2024-09-23"," 10:15:00 AM","","","","","","","NA","-1000.00"
"357.1","2024-09-23"," 9:45:00 AM","2024-09-23"," 9:52:00 AM","CE","84800","Sell","20","520.40","570.40","","-1000.00"
"357.2","2024-09-23"," 9:45:00 AM","2024-09-23"," 10:15:00 AM","PE","84800","Sell","20","583.45","583.45","","0.00"
"358","2024-09-23"," 11:45:00 AM","2024-09-23"," 3:15:00 PM","","","","","","","NA","497.00"
"358.1","2024-09-23"," 11:45:00 AM","2024-09-23"," 2:18:00 PM","CE","84700","Sell","20","511.10","561.10","","-1000.00"
"358.2","2024-09-23"," 11:45:00 AM","2024-09-23"," 3:15:00 PM","PE","84700","Sell","20","529.25","454.40","","1497.00"
"359","2024-09-24"," 9:45:00 AM","2024-09-24"," 3:15:00 PM","","","","","","","NA","1938.00"
"359.1","2024-09-24"," 9:45:00 AM","2024-09-24"," 3:15:00 PM","CE","85000","Sell","20","425.50","372.75","","1055.00"
"359.2","2024-09-24"," 9:45:00 AM","2024-09-24"," 3:15:00 PM","PE","85000","Sell","20","494.15","450.00","","883.00"
"360","2024-09-24"," 11:45:00 AM","2024-09-24"," 3:15:00 PM","","","","","","","NA","94.00"
"360.1","2024-09-24"," 11:45:00 AM","2024-09-24"," 12:51:00 PM","CE","84900","Sell","20","433.05","483.05","","-1000.00"
"360.2","2024-09-24"," 11:45:00 AM","2024-09-24"," 3:15:00 PM","PE","84900","Sell","20","457.70","403.00","","1094.00"
"361","2024-09-25"," 9:45:00 AM","2024-09-25"," 2:07:00 PM","","","","","","","NA","-1000.00"
"361.1","2024-09-25"," 9:45:00 AM","2024-09-25"," 2:07:00 PM","CE","84900","Sell","20","389.40","389.40","","0.00"
"361.2","2024-09-25"," 9:45:00 AM","2024-09-25"," 11:47:00 AM","PE","84900","Sell","20","391.80","441.80","","-1000.00"
"362","2024-09-25"," 11:45:00 AM","2024-09-25"," 11:50:00 AM","","","","","","","NA","-1000.00"
"362.1","2024-09-25"," 11:45:00 AM","2024-09-25"," 11:50:00 AM","CE","84800","Sell","20","385.50","385.50","","0.00"
"362.2","2024-09-25"," 11:45:00 AM","2024-09-25"," 11:47:00 AM","PE","84800","Sell","20","359.80","409.80","","-1000.00"
"363","2024-09-26"," 9:45:00 AM","2024-09-26"," 2:10:00 PM","","","","","","","NA","-1000.00"
"363.1","2024-09-26"," 9:45:00 AM","2024-09-26"," 10:10:00 AM","CE","85300","Sell","20","319.60","369.60","","-1000.00"
"363.2","2024-09-26"," 9:45:00 AM","2024-09-26"," 2:10:00 PM","PE","85300","Sell","20","337.45","337.45","","0.00"
"364","2024-09-26"," 11:45:00 AM","2024-09-26"," 1:11:00 PM","","","","","","","NA","-1000.00"
"364.1","2024-09-26"," 11:45:00 AM","2024-09-26"," 12:21:00 PM","CE","85400","Sell","20","313.00","363.00","","-1000.00"
"364.2","2024-09-26"," 11:45:00 AM","2024-09-26"," 1:11:00 PM","PE","85400","Sell","20","318.40","318.40","","0.00"
"365","2024-09-27"," 9:45:00 AM","2024-09-27"," 10:59:00 AM","","","","","","","NA","-1000.00"
"365.1","2024-09-27"," 9:45:00 AM","2024-09-27"," 9:47:00 AM","CE","85900","Sell","20","129.95","179.95","","-1000.00"
"365.2","2024-09-27"," 9:45:00 AM","2024-09-27"," 10:59:00 AM","PE","85900","Sell","20","143.00","143.00","","0.00"
"366","2024-09-27"," 11:45:00 AM","2024-09-27"," 3:15:00 PM","","","","","","","NA","952.00"
"366.1","2024-09-27"," 11:45:00 AM","2024-09-27"," 3:15:00 PM","CE","85800","Sell","20","97.90","0.30","","1952.00"
"366.2","2024-09-27"," 11:45:00 AM","2024-09-27"," 12:53:00 PM","PE","85800","Sell","20","125.55","175.55","","-1000.00"
"367","2024-09-30"," 9:45:00 AM","2024-09-30"," 3:15:00 PM","","","","","","","NA","4450.00"
"367.1","2024-09-30"," 9:45:00 AM","2024-09-30"," 3:15:00 PM","CE","85000","Sell","20","549.00","276.50","","5450.00"
"367.2","2024-09-30"," 9:45:00 AM","2024-09-30"," 9:48:00 AM","PE","85000","Sell","20","398.10","448.10","","-1000.00"
"368","2024-09-30"," 11:45:00 AM","2024-09-30"," 3:15:00 PM","","","","","","","NA","1965.00"
"368.1","2024-09-30"," 11:45:00 AM","2024-09-30"," 3:15:00 PM","CE","84600","Sell","20","583.00","434.75","","2965.00"
"368.2","2024-09-30"," 11:45:00 AM","2024-09-30"," 1:09:00 PM","PE","84600","Sell","20","429.90","479.90","","-1000.00"
"369","2024-10-01"," 9:45:00 AM","2024-10-01"," 3:15:00 PM","","","","","","","NA","2911.00"
"369.1","2024-10-01"," 9:45:00 AM","2024-10-01"," 3:15:00 PM","CE","84500","Sell","20","493.00","297.45","","3911.00"
"369.2","2024-10-01"," 9:45:00 AM","2024-10-01"," 9:57:00 AM","PE","84500","Sell","20","346.15","396.15","","-1000.00"
"370","2024-10-01"," 11:45:00 AM","2024-10-01"," 12:31:00 PM","","","","","","","NA","-1000.00"
"370.1","2024-10-01"," 11:45:00 AM","2024-10-01"," 11:46:00 AM","CE","84300","Sell","20","447.90","497.90","","-1000.00"
"370.2","2024-10-01"," 11:45:00 AM","2024-10-01"," 12:31:00 PM","PE","84300","Sell","20","357.05","357.05","","0.00"
"371","2024-10-03"," 9:45:00 AM","2024-10-03"," 3:15:00 PM","","","","","","","NA","7093.00"
"371.1","2024-10-03"," 9:45:00 AM","2024-10-03"," 3:15:00 PM","CE","83700","Sell","20","438.70","34.05","","8093.00"
"371.2","2024-10-03"," 9:45:00 AM","2024-10-03"," 9:56:00 AM","PE","83700","Sell","20","377.70","427.70","","-1000.00"
"372","2024-10-03"," 11:45:00 AM","2024-10-03"," 3:15:00 PM","","","","","","","NA","4389.00"
"372.1","2024-10-03"," 11:45:00 AM","2024-10-03"," 3:15:00 PM","CE","83000","Sell","20","419.55","150.10","","5389.00"
"372.2","2024-10-03"," 11:45:00 AM","2024-10-03"," 12:02:00 PM","PE","83000","Sell","20","333.00","383.00","","-1000.00"
"373","2024-10-04"," 9:45:00 AM","2024-10-04"," 9:51:00 AM","","","","","","","NA","-1000.00"
"373.1","2024-10-04"," 9:45:00 AM","2024-10-04"," 9:51:00 AM","CE","82300","Sell","20","232.90","232.90","","0.00"
"373.2","2024-10-04"," 9:45:00 AM","2024-10-04"," 9:47:00 AM","PE","82300","Sell","20","185.45","235.45","","-1000.00"
"374","2024-10-04"," 11:45:00 AM","2024-10-04"," 12:38:00 PM","","","","","","","NA","-1000.00"
"374.1","2024-10-04"," 11:45:00 AM","2024-10-04"," 11:51:00 AM","CE","82800","Sell","20","363.50","413.50","","-1000.00"
"374.2","2024-10-04"," 11:45:00 AM","2024-10-04"," 12:38:00 PM","PE","82800","Sell","20","290.85","290.85","","0.00"
"375","2024-10-07"," 9:45:00 AM","2024-10-07"," 9:54:00 AM","","","","","","","NA","-1000.00"
"375.1","2024-10-07"," 9:45:00 AM","2024-10-07"," 9:54:00 AM","CE","81900","Sell","20","744.60","744.60","","0.00"
"375.2","2024-10-07"," 9:45:00 AM","2024-10-07"," 9:50:00 AM","PE","81900","Sell","20","544.85","594.85","","-1000.00"
"376","2024-10-07"," 11:45:00 AM","2024-10-07"," 11:49:00 AM","","","","","","","NA","-1000.00"
"376.1","2024-10-07"," 11:45:00 AM","2024-10-07"," 11:47:00 AM","CE","81600","Sell","20","775.80","825.80","","-1000.00"
"376.2","2024-10-07"," 11:45:00 AM","2024-10-07"," 11:49:00 AM","PE","81600","Sell","20","640.65","640.65","","0.00"
"377","2024-10-08"," 9:45:00 AM","2024-10-08"," 10:02:00 AM","","","","","","","NA","-1000.00"
"377.1","2024-10-08"," 9:45:00 AM","2024-10-08"," 9:47:00 AM","CE","81100","Sell","20","738.60","788.60","","-1000.00"
"377.2","2024-10-08"," 9:45:00 AM","2024-10-08"," 10:02:00 AM","PE","81100","Sell","20","606.15","606.15","","0.00"
"378","2024-10-08"," 11:45:00 AM","2024-10-08"," 1:35:00 PM","","","","","","","NA","-1000.00"
"378.1","2024-10-08"," 11:45:00 AM","2024-10-08"," 1:35:00 PM","CE","81500","Sell","20","641.50","641.50","","0.00"
"378.2","2024-10-08"," 11:45:00 AM","2024-10-08"," 11:58:00 AM","PE","81500","Sell","20","532.90","582.90","","-1000.00"
"379","2024-10-09"," 9:45:00 AM","2024-10-09"," 2:25:00 PM","","","","","","","NA","-1000.00"
"379.1","2024-10-09"," 9:45:00 AM","2024-10-09"," 10:08:00 AM","CE","81800","Sell","20","543.10","593.10","","-1000.00"
"379.2","2024-10-09"," 9:45:00 AM","2024-10-09"," 2:25:00 PM","PE","81800","Sell","20","514.55","514.55","","0.00"
"380","2024-10-09"," 11:45:00 AM","2024-10-09"," 3:15:00 PM","","","","","","","NA","4398.00"
"380.1","2024-10-09"," 11:45:00 AM","2024-10-09"," 3:15:00 PM","CE","82100","Sell","20","457.60","187.70","","5398.00"
"380.2","2024-10-09"," 11:45:00 AM","2024-10-09"," 11:55:00 AM","PE","82100","Sell","20","438.15","488.15","","-1000.00"
"381","2024-10-10"," 9:45:00 AM","2024-10-10"," 3:15:00 PM","","","","","","","NA","617.00"
"381.1","2024-10-10"," 9:45:00 AM","2024-10-10"," 9:57:00 AM","CE","81600","Sell","20","410.00","460.00","","-1000.00"
"381.2","2024-10-10"," 9:45:00 AM","2024-10-10"," 3:15:00 PM","PE","81600","Sell","20","362.85","282.00","","1617.00"
"382","2024-10-10"," 11:45:00 AM","2024-10-10"," 12:59:00 PM","","","","","","","NA","-1000.00"
"382.1","2024-10-10"," 11:45:00 AM","2024-10-10"," 11:56:00 AM","CE","81600","Sell","20","363.70","413.70","","-1000.00"
"382.2","2024-10-10"," 11:45:00 AM","2024-10-10"," 12:59:00 PM","PE","81600","Sell","20","318.90","318.90","","0.00"
"383","2024-10-11"," 9:45:00 AM","2024-10-11"," 10:36:00 AM","","","","","","","NA","-1000.00"
"383.1","2024-10-11"," 9:45:00 AM","2024-10-11"," 9:46:00 AM","CE","81500","Sell","20","116.15","166.15","","-1000.00"
"383.2","2024-10-11"," 9:45:00 AM","2024-10-11"," 10:36:00 AM","PE","81500","Sell","20","152.40","152.40","","0.00"
"384","2024-10-11"," 11:45:00 AM","2024-10-11"," 3:15:00 PM","","","","","","","NA","2950.00"
"384.1","2024-10-11"," 11:45:00 AM","2024-10-11"," 3:15:00 PM","CE","81400","Sell","20","82.75","2.70","","1601.00"
"384.2","2024-10-11"," 11:45:00 AM","2024-10-11"," 3:15:00 PM","PE","81400","Sell","20","76.45","9.00","","1349.00"
"385","2024-10-14"," 9:45:00 AM","2024-10-14"," 10:45:00 AM","","","","","","","NA","-1000.00"
"385.1","2024-10-14"," 9:45:00 AM","2024-10-14"," 9:47:00 AM","CE","81800","Sell","20","516.95","566.95","","-1000.00"
"385.2","2024-10-14"," 9:45:00 AM","2024-10-14"," 10:45:00 AM","PE","81800","Sell","20","403.00","403.00","","0.00"
"386","2024-10-14"," 11:45:00 AM","2024-10-14"," 12:28:00 PM","","","","","","","NA","-1000.00"
"386.1","2024-10-14"," 11:45:00 AM","2024-10-14"," 11:48:00 AM","CE","82000","Sell","20","453.35","503.35","","-1000.00"
"386.2","2024-10-14"," 11:45:00 AM","2024-10-14"," 12:28:00 PM","PE","82000","Sell","20","414.80","414.80","","0.00"
"387","2024-10-15"," 9:45:00 AM","2024-10-15"," 3:15:00 PM","","","","","","","NA","2433.00"
"387.1","2024-10-15"," 9:45:00 AM","2024-10-15"," 3:15:00 PM","CE","82100","Sell","20","428.55","256.90","","3433.00"
"387.2","2024-10-15"," 9:45:00 AM","2024-10-15"," 9:47:00 AM","PE","82100","Sell","20","333.20","383.20","","-1000.00"
"388","2024-10-15"," 11:45:00 AM","2024-10-15"," 1:01:00 PM","","","","","","","NA","-1000.00"
"388.1","2024-10-15"," 11:45:00 AM","2024-10-15"," 12:03:00 PM","CE","81800","Sell","20","410.25","460.25","","-1000.00"
"388.2","2024-10-15"," 11:45:00 AM","2024-10-15"," 1:01:00 PM","PE","81800","Sell","20","411.65","411.65","","0.00"
"389","2024-10-16"," 9:45:00 AM","2024-10-16"," 3:15:00 PM","","","","","","","NA","2797.00"
"389.1","2024-10-16"," 9:45:00 AM","2024-10-16"," 3:15:00 PM","CE","81900","Sell","20","398.85","209.00","","3797.00"
"389.2","2024-10-16"," 9:45:00 AM","2024-10-16"," 10:40:00 AM","PE","81900","Sell","20","334.95","384.95","","-1000.00"
"390","2024-10-16"," 11:45:00 AM","2024-10-16"," 3:15:00 PM","","","","","","","NA","1126.00"
"390.1","2024-10-16"," 11:45:00 AM","2024-10-16"," 1:14:00 PM","CE","81400","Sell","20","409.25","459.25","","-1000.00"
"390.2","2024-10-16"," 11:45:00 AM","2024-10-16"," 3:15:00 PM","PE","81400","Sell","20","342.40","236.10","","2126.00"
"391","2024-10-17"," 9:45:00 AM","2024-10-17"," 10:16:00 AM","","","","","","","NA","-1000.00"
"391.1","2024-10-17"," 9:45:00 AM","2024-10-17"," 10:16:00 AM","CE","81300","Sell","20","342.40","342.40","","0.00"
"391.2","2024-10-17"," 9:45:00 AM","2024-10-17"," 9:46:00 AM","PE","81300","Sell","20","328.85","378.85","","-1000.00"
"392","2024-10-17"," 11:45:00 AM","2024-10-17"," 3:15:00 PM","","","","","","","NA","1828.00"
"392.1","2024-10-17"," 11:45:00 AM","2024-10-17"," 3:15:00 PM","CE","81000","Sell","20","370.00","312.00","","1160.00"
"392.2","2024-10-17"," 11:45:00 AM","2024-10-17"," 3:15:00 PM","PE","81000","Sell","20","220.30","186.90","","668.00"
"393","2024-10-18"," 9:45:00 AM","2024-10-18"," 9:55:00 AM","","","","","","","NA","-1000.00"
"393.1","2024-10-18"," 9:45:00 AM","2024-10-18"," 9:49:00 AM","CE","80600","Sell","20","205.20","255.20","","-1000.00"
"393.2","2024-10-18"," 9:45:00 AM","2024-10-18"," 9:55:00 AM","PE","80600","Sell","20","131.25","131.25","","0.00"
"394","2024-10-18"," 11:45:00 AM","2024-10-18"," 3:15:00 PM","","","","","","","NA","1370.00"
"394.1","2024-10-18"," 11:45:00 AM","2024-10-18"," 12:26:00 PM","CE","81000","Sell","20","181.25","231.25","","-1000.00"
"394.2","2024-10-18"," 11:45:00 AM","2024-10-18"," 3:15:00 PM","PE","81000","Sell","20","118.80","0.30","","2370.00"
"395","2024-10-21"," 9:45:00 AM","2024-10-21"," 10:02:00 AM","","","","","","","NA","-1000.00"
"395.1","2024-10-21"," 9:45:00 AM","2024-10-21"," 10:02:00 AM","CE","81100","Sell","20","508.65","508.65","","0.00"
"395.2","2024-10-21"," 9:45:00 AM","2024-10-21"," 9:46:00 AM","PE","81100","Sell","20","482.75","532.75","","-1000.00"
"396","2024-10-21"," 11:45:00 AM","2024-10-21"," 11:49:00 AM","","","","","","","NA","-1039.00"
"396.1","2024-10-21"," 11:45:00 AM","2024-10-21"," 11:49:00 AM","CE","81100","Sell","20","462.15","464.10","","-39.00"
"396.2","2024-10-21"," 11:45:00 AM","2024-10-21"," 11:47:00 AM","PE","81100","Sell","20","513.35","563.35","","-1000.00"
"397","2024-10-22"," 9:45:00 AM","2024-10-22"," 10:07:00 AM","","","","","","","NA","-1000.00"
"397.1","2024-10-22"," 9:45:00 AM","2024-10-22"," 10:01:00 AM","CE","81400","Sell","20","434.05","484.05","","-1000.00"
"397.2","2024-10-22"," 9:45:00 AM","2024-10-22"," 10:07:00 AM","PE","81400","Sell","20","372.60","372.60","","0.00"
"398","2024-10-22"," 11:45:00 AM","2024-10-22"," 12:30:00 PM","","","","","","","NA","-1000.00"
"398.1","2024-10-22"," 11:45:00 AM","2024-10-22"," 12:25:00 PM","CE","80700","Sell","20","557.25","607.25","","-1000.00"
"398.2","2024-10-22"," 11:45:00 AM","2024-10-22"," 12:30:00 PM","PE","80700","Sell","20","404.85","404.85","","0.00"
"399","2024-10-23"," 9:45:00 AM","2024-10-23"," 3:15:00 PM","","","","","","","NA","240.00"
"399.1","2024-10-23"," 9:45:00 AM","2024-10-23"," 9:48:00 AM","CE","80100","Sell","20","524.80","585.00","","-1204.00"
"399.2","2024-10-23"," 9:45:00 AM","2024-10-23"," 3:15:00 PM","PE","80100","Sell","20","443.20","371.00","","1444.00"
"400","2024-10-23"," 11:45:00 AM","2024-10-23"," 11:51:00 AM","","","","","","","NA","-1000.00"
"400.1","2024-10-23"," 11:45:00 AM","2024-10-23"," 11:47:00 AM","CE","80600","Sell","20","450.40","500.40","","-1000.00"
"400.2","2024-10-23"," 11:45:00 AM","2024-10-23"," 11:51:00 AM","PE","80600","Sell","20","398.20","398.20","","0.00"
"401","2024-10-24"," 9:45:00 AM","2024-10-24"," 3:15:00 PM","","","","","","","NA","2908.00"
"401.1","2024-10-24"," 9:45:00 AM","2024-10-24"," 9:59:00 AM","CE","79900","Sell","20","339.60","389.60","","-1000.00"
"401.2","2024-10-24"," 9:45:00 AM","2024-10-24"," 3:15:00 PM","PE","79900","Sell","20","324.50","129.10","","3908.00"
"402","2024-10-24"," 11:45:00 AM","2024-10-24"," 3:15:00 PM","","","","","","","NA","1131.00"
"402.1","2024-10-24"," 11:45:00 AM","2024-10-24"," 3:15:00 PM","CE","80100","Sell","20","266.65","256.90","","195.00"
"402.2","2024-10-24"," 11:45:00 AM","2024-10-24"," 3:15:00 PM","PE","80100","Sell","20","251.10","204.30","","936.00"
"403","2024-10-25"," 9:45:00 AM","2024-10-25"," 9:47:00 AM","","","","","","","NA","-1000.00"
"403.1","2024-10-25"," 9:45:00 AM","2024-10-25"," 9:46:00 AM","CE","79900","Sell","20","243.45","293.45","","-1000.00"
"403.2","2024-10-25"," 9:45:00 AM","2024-10-25"," 9:47:00 AM","PE","79900","Sell","20","181.55","181.55","","0.00"
"404","2024-10-25"," 11:45:00 AM","2024-10-25"," 3:15:00 PM","","","","","","","NA","2786.00"
"404.1","2024-10-25"," 11:45:00 AM","2024-10-25"," 3:15:00 PM","CE","79400","Sell","20","194.90","5.60","","3786.00"
"404.2","2024-10-25"," 11:45:00 AM","2024-10-25"," 12:25:00 PM","PE","79400","Sell","20","137.25","187.25","","-1000.00"
"405","2024-10-28"," 9:45:00 AM","2024-10-28"," 3:15:00 PM","","","","","","","NA","5618.00"
"405.1","2024-10-28"," 9:45:00 AM","2024-10-28"," 9:48:00 AM","CE","79500","Sell","20","490.95","540.95","","-1000.00"
"405.2","2024-10-28"," 9:45:00 AM","2024-10-28"," 3:15:00 PM","PE","79500","Sell","20","517.65","186.75","","6618.00"
"406","2024-10-28"," 11:45:00 AM","2024-10-28"," 12:51:00 PM","","","","","","","NA","-1000.00"
"406.1","2024-10-28"," 11:45:00 AM","2024-10-28"," 12:14:00 PM","CE","80300","Sell","20","414.65","464.65","","-1000.00"
"406.2","2024-10-28"," 11:45:00 AM","2024-10-28"," 12:51:00 PM","PE","80300","Sell","20","437.35","437.35","","0.00"
"407","2024-10-29"," 9:45:00 AM","2024-10-29"," 9:51:00 AM","","","","","","","NA","-1000.00"
"407.1","2024-10-29"," 9:45:00 AM","2024-10-29"," 9:51:00 AM","CE","79600","Sell","20","473.60","473.60","","0.00"
"407.2","2024-10-29"," 9:45:00 AM","2024-10-29"," 9:49:00 AM","PE","79600","Sell","20","369.65","419.65","","-1000.00"
"408","2024-10-29"," 11:45:00 AM","2024-10-29"," 3:15:00 PM","","","","","","","NA","4265.00"
"408.1","2024-10-29"," 11:45:00 AM","2024-10-29"," 12:03:00 PM","CE","79700","Sell","20","437.65","487.65","","-1000.00"
"408.2","2024-10-29"," 11:45:00 AM","2024-10-29"," 3:15:00 PM","PE","79700","Sell","20","354.50","91.25","","5265.00"
"409","2024-10-30"," 9:45:00 AM","2024-10-30"," 1:18:00 PM","","","","","","","NA","-1000.00"
"409.1","2024-10-30"," 9:45:00 AM","2024-10-30"," 10:55:00 AM","CE","80100","Sell","20","392.20","442.20","","-1000.00"
"409.2","2024-10-30"," 9:45:00 AM","2024-10-30"," 1:18:00 PM","PE","80100","Sell","20","277.20","277.20","","0.00"
"410","2024-10-30"," 11:45:00 AM","2024-10-30"," 1:05:00 PM","","","","","","","NA","-1000.00"
"410.1","2024-10-30"," 11:45:00 AM","2024-10-30"," 1:05:00 PM","CE","80300","Sell","20","319.30","319.30","","0.00"
"410.2","2024-10-30"," 11:45:00 AM","2024-10-30"," 12:06:00 PM","PE","80300","Sell","20","253.85","303.85","","-1000.00"
"411","2024-10-31"," 9:45:00 AM","2024-10-31"," 10:21:00 AM","","","","","","","NA","-1000.00"
"411.1","2024-10-31"," 9:45:00 AM","2024-10-31"," 9:46:00 AM","CE","79700","Sell","20","145.90","195.90","","-1000.00"
"411.2","2024-10-31"," 9:45:00 AM","2024-10-31"," 10:21:00 AM","PE","79700","Sell","20","139.50","139.50","","0.00"
"412","2024-10-31"," 11:45:00 AM","2024-10-31"," 1:46:00 PM","","","","","","","NA","-1000.00"
"412.1","2024-10-31"," 11:45:00 AM","2024-10-31"," 1:46:00 PM","CE","79600","Sell","20","48.75","48.75","","0.00"
"412.2","2024-10-31"," 11:45:00 AM","2024-10-31"," 12:21:00 PM","PE","79600","Sell","20","108.00","158.00","","-1000.00"
"413","2024-11-04"," 9:45:00 AM","2024-11-04"," 10:01:00 AM","","","","","","","NA","-1000.00"
"413.1","2024-11-04"," 9:45:00 AM","2024-11-04"," 10:01:00 AM","CE","79000","Sell","20","724.45","724.45","","0.00"
"413.2","2024-11-04"," 9:45:00 AM","2024-11-04"," 9:46:00 AM","PE","79000","Sell","20","674.35","724.35","","-1000.00"
"414","2024-11-04"," 11:45:00 AM","2024-11-04"," 12:50:00 PM","","","","","","","NA","-1000.00"
"414.1","2024-11-04"," 11:45:00 AM","2024-11-04"," 12:01:00 PM","CE","78400","Sell","20","790.30","840.30","","-1000.00"
"414.2","2024-11-04"," 11:45:00 AM","2024-11-04"," 12:50:00 PM","PE","78400","Sell","20","792.60","792.60","","0.00"
"415","2024-11-05"," 9:45:00 AM","2024-11-05"," 11:25:00 AM","","","","","","","NA","-1000.00"
"415.1","2024-11-05"," 9:45:00 AM","2024-11-05"," 9:57:00 AM","CE","78600","Sell","20","735.30","785.30","","-1000.00"
"415.2","2024-11-05"," 9:45:00 AM","2024-11-05"," 11:25:00 AM","PE","78600","Sell","20","626.45","626.45","","0.00"
"416","2024-11-05"," 11:45:00 AM","2024-11-05"," 3:15:00 PM","","","","","","","NA","7828.00"
"416.1","2024-11-05"," 11:45:00 AM","2024-11-05"," 12:46:00 PM","CE","78400","Sell","20","722.75","772.75","","-1000.00"
"416.2","2024-11-05"," 11:45:00 AM","2024-11-05"," 3:15:00 PM","PE","78400","Sell","20","708.55","267.15","","8828.00"
"417","2024-11-06"," 9:45:00 AM","2024-11-06"," 9:57:00 AM","","","","","","","NA","-1000.00"
"417.1","2024-11-06"," 9:45:00 AM","2024-11-06"," 9:49:00 AM","CE","79900","Sell","20","514.15","564.15","","-1000.00"
"417.2","2024-11-06"," 9:45:00 AM","2024-11-06"," 9:57:00 AM","PE","79900","Sell","20","453.70","453.70","","0.00"
"418","2024-11-06"," 11:45:00 AM","2024-11-06"," 3:15:00 PM","","","","","","","NA","2004.00"
"418.1","2024-11-06"," 11:45:00 AM","2024-11-06"," 11:54:00 AM","CE","80000","Sell","20","483.55","533.55","","-1000.00"
"418.2","2024-11-06"," 11:45:00 AM","2024-11-06"," 3:15:00 PM","PE","80000","Sell","20","408.00","257.80","","3004.00"
"419","2024-11-07"," 9:45:00 AM","2024-11-07"," 9:49:00 AM","","","","","","","NA","-1000.00"
"419.1","2024-11-07"," 9:45:00 AM","2024-11-07"," 9:48:00 AM","CE","80000","Sell","20","367.85","417.85","","-1000.00"
"419.2","2024-11-07"," 9:45:00 AM","2024-11-07"," 9:49:00 AM","PE","80000","Sell","20","326.60","326.60","","0.00"
"420","2024-11-07"," 11:45:00 AM","2024-11-07"," 3:15:00 PM","","","","","","","NA","1827.00"
"420.1","2024-11-07"," 11:45:00 AM","2024-11-07"," 3:15:00 PM","CE","79500","Sell","20","364.45","319.00","","909.00"
"420.2","2024-11-07"," 11:45:00 AM","2024-11-07"," 3:15:00 PM","PE","79500","Sell","20","273.35","227.45","","918.00"
"421","2024-11-08"," 9:45:00 AM","2024-11-08"," 9:54:00 AM","","","","","","","NA","-1000.00"
"421.1","2024-11-08"," 9:45:00 AM","2024-11-08"," 9:46:00 AM","CE","79500","Sell","20","249.65","299.65","","-1000.00"
"421.2","2024-11-08"," 9:45:00 AM","2024-11-08"," 9:54:00 AM","PE","79500","Sell","20","217.05","217.05","","0.00"
"422","2024-11-08"," 11:45:00 AM","2024-11-08"," 3:15:00 PM","","","","","","","NA","-252.00"
"422.1","2024-11-08"," 11:45:00 AM","2024-11-08"," 1:26:00 PM","CE","79400","Sell","20","91.40","141.40","","-1000.00"
"422.2","2024-11-08"," 11:45:00 AM","2024-11-08"," 3:15:00 PM","PE","79400","Sell","20","37.75","0.35","","748.00"
"423","2024-11-11"," 9:45:00 AM","2024-11-11"," 10:04:00 AM","","","","","","","NA","-1000.00"
"423.1","2024-11-11"," 9:45:00 AM","2024-11-11"," 9:59:00 AM","CE","79500","Sell","20","450.00","500.00","","-1000.00"
"423.2","2024-11-11"," 9:45:00 AM","2024-11-11"," 10:04:00 AM","PE","79500","Sell","20","447.65","447.65","","0.00"
"424","2024-11-11"," 11:45:00 AM","2024-11-11"," 3:15:00 PM","","","","","","","NA","4046.00"
"424.1","2024-11-11"," 11:45:00 AM","2024-11-11"," 3:15:00 PM","CE","80100","Sell","20","434.70","182.40","","5046.00"
"424.2","2024-11-11"," 11:45:00 AM","2024-11-11"," 11:51:00 AM","PE","80100","Sell","20","377.20","427.20","","-1000.00"
"425","2024-11-12"," 9:45:00 AM","2024-11-12"," 10:37:00 AM","","","","","","","NA","-1000.00"
"425.1","2024-11-12"," 9:45:00 AM","2024-11-12"," 9:58:00 AM","CE","79500","Sell","20","398.55","448.55","","-1000.00"
"425.2","2024-11-12"," 9:45:00 AM","2024-11-12"," 10:37:00 AM","PE","79500","Sell","20","370.60","370.60","","0.00"
"426","2024-11-12"," 11:45:00 AM","2024-11-12"," 3:15:00 PM","","","","","","","NA","4083.00"
"426.1","2024-11-12"," 11:45:00 AM","2024-11-12"," 3:15:00 PM","CE","79400","Sell","20","393.50","139.35","","5083.00"
"426.2","2024-11-12"," 11:45:00 AM","2024-11-12"," 12:41:00 PM","PE","79400","Sell","20","332.50","382.50","","-1000.00"
"427","2024-11-13"," 9:45:00 AM","2024-11-13"," 9:53:00 AM","","","","","","","NA","-1041.00"
"427.1","2024-11-13"," 9:45:00 AM","2024-11-13"," 9:53:00 AM","CE","78400","Sell","20","392.35","394.40","","-41.00"
"427.2","2024-11-13"," 9:45:00 AM","2024-11-13"," 9:48:00 AM","PE","78400","Sell","20","372.20","422.20","","-1000.00"
"428","2024-11-13"," 11:45:00 AM","2024-11-13"," 12:48:00 PM","","","","","","","NA","-1000.00"
"428.1","2024-11-13"," 11:45:00 AM","2024-11-13"," 11:48:00 AM","CE","78100","Sell","20","358.90","408.90","","-1000.00"
"428.2","2024-11-13"," 11:45:00 AM","2024-11-13"," 12:48:00 PM","PE","78100","Sell","20","319.60","319.60","","0.00"
"429","2024-11-14"," 9:45:00 AM","2024-11-14"," 9:50:00 AM","","","","","","","NA","-1000.00"
"429.1","2024-11-14"," 9:45:00 AM","2024-11-14"," 9:47:00 AM","CE","77800","Sell","20","198.45","248.45","","-1000.00"
"429.2","2024-11-14"," 9:45:00 AM","2024-11-14"," 9:50:00 AM","PE","77800","Sell","20","289.50","289.50","","0.00"
"430","2024-11-14"," 11:45:00 AM","2024-11-14"," 3:15:00 PM","","","","","","","NA","1318.00"
"430.1","2024-11-14"," 11:45:00 AM","2024-11-14"," 12:15:00 PM","CE","77500","Sell","20","78.20","128.20","","-1000.00"
"430.2","2024-11-14"," 11:45:00 AM","2024-11-14"," 3:15:00 PM","PE","77500","Sell","20","116.30","0.40","","2318.00"
"431","2024-11-18"," 9:45:00 AM","2024-11-18"," 10:49:00 AM","","","","","","","NA","-1000.00"
"431.1","2024-11-18"," 9:45:00 AM","2024-11-18"," 9:48:00 AM","CE","77000","Sell","20","571.20","621.20","","-1000.00"
"431.2","2024-11-18"," 9:45:00 AM","2024-11-18"," 10:49:00 AM","PE","77000","Sell","20","525.60","525.60","","0.00"
"432","2024-11-18"," 11:45:00 AM","2024-11-18"," 2:33:00 PM","","","","","","","NA","-1000.00"
"432.1","2024-11-18"," 11:45:00 AM","2024-11-18"," 12:01:00 PM","CE","77300","Sell","20","481.20","531.20","","-1000.00"
"432.2","2024-11-18"," 11:45:00 AM","2024-11-18"," 2:33:00 PM","PE","77300","Sell","20","511.30","511.30","","0.00"
"433","2024-11-19"," 9:45:00 AM","2024-11-19"," 10:12:00 AM","","","","","","","NA","-1019.00"
"433.1","2024-11-19"," 9:45:00 AM","2024-11-19"," 10:12:00 AM","CE","78100","Sell","20","448.75","449.70","","-19.00"
"433.2","2024-11-19"," 9:45:00 AM","2024-11-19"," 9:51:00 AM","PE","78100","Sell","20","356.25","406.25","","-1000.00"
"434","2024-11-19"," 11:45:00 AM","2024-11-19"," 3:15:00 PM","","","","","","","NA","4922.00"
"434.1","2024-11-19"," 11:45:00 AM","2024-11-19"," 3:15:00 PM","CE","78400","Sell","20","409.65","113.55","","5922.00"
"434.2","2024-11-19"," 11:45:00 AM","2024-11-19"," 12:10:00 PM","PE","78400","Sell","20","360.15","410.15","","-1000.00"
"435","2024-11-21"," 9:45:00 AM","2024-11-21"," 3:15:00 PM","","","","","","","NA","2518.00"
"435.1","2024-11-21"," 9:45:00 AM","2024-11-21"," 10:06:00 AM","CE","77000","Sell","20","302.25","352.25","","-1000.00"
"435.2","2024-11-21"," 9:45:00 AM","2024-11-21"," 3:15:00 PM","PE","77000","Sell","20","405.85","229.95","","3518.00"
"436","2024-11-21"," 11:45:00 AM","2024-11-21"," 12:45:00 PM","","","","","","","NA","-1000.00"
"436.1","2024-11-21"," 11:45:00 AM","2024-11-21"," 12:01:00 PM","CE","77100","Sell","20","263.10","313.10","","-1000.00"
"436.2","2024-11-21"," 11:45:00 AM","2024-11-21"," 12:45:00 PM","PE","77100","Sell","20","275.15","275.15","","0.00"
"437","2024-11-22"," 9:45:00 AM","2024-11-22"," 9:56:00 AM","","","","","","","NA","-1000.00"
"437.1","2024-11-22"," 9:45:00 AM","2024-11-22"," 9:56:00 AM","CE","77500","Sell","20","344.55","344.55","","0.00"
"437.2","2024-11-22"," 9:45:00 AM","2024-11-22"," 9:48:00 AM","PE","77500","Sell","20","342.15","392.15","","-1000.00"
"438","2024-11-22"," 11:45:00 AM","2024-11-22"," 3:15:00 PM","","","","","","","NA","5655.00"
"438.1","2024-11-22"," 11:45:00 AM","2024-11-22"," 11:54:00 AM","CE","77800","Sell","20","355.45","405.45","","-1000.00"
"438.2","2024-11-22"," 11:45:00 AM","2024-11-22"," 3:15:00 PM","PE","77800","Sell","20","333.20","0.45","","6655.00"
"439","2024-11-25"," 9:45:00 AM","2024-11-25"," 10:26:00 AM","","","","","","","NA","-1000.00"
"439.1","2024-11-25"," 9:45:00 AM","2024-11-25"," 10:26:00 AM","CE","80300","Sell","20","637.35","637.35","","0.00"
"439.2","2024-11-25"," 9:45:00 AM","2024-11-25"," 9:56:00 AM","PE","80300","Sell","20","617.90","667.90","","-1000.00"
"440","2024-11-25"," 11:45:00 AM","2024-11-25"," 12:12:00 PM","","","","","","","NA","-1000.00"
"440.1","2024-11-25"," 11:45:00 AM","2024-11-25"," 12:12:00 PM","CE","80300","Sell","20","597.60","597.60","","0.00"
"440.2","2024-11-25"," 11:45:00 AM","2024-11-25"," 11:52:00 AM","PE","80300","Sell","20","546.95","596.95","","-1000.00"
"441","2024-11-26"," 9:45:00 AM","2024-11-26"," 3:15:00 PM","","","","","","","NA","1105.00"
"441.1","2024-11-26"," 9:45:00 AM","2024-11-26"," 3:15:00 PM","CE","80200","Sell","20","504.45","399.20","","2105.00"
"441.2","2024-11-26"," 9:45:00 AM","2024-11-26"," 9:59:00 AM","PE","80200","Sell","20","519.70","569.70","","-1000.00"
"442","2024-11-26"," 11:45:00 AM","2024-11-26"," 2:41:00 PM","","","","","","","NA","-1000.00"
"442.1","2024-11-26"," 11:45:00 AM","2024-11-26"," 2:41:00 PM","CE","80100","Sell","20","473.85","473.85","","0.00"
"442.2","2024-11-26"," 11:45:00 AM","2024-11-26"," 12:06:00 PM","PE","80100","Sell","20","467.95","517.95","","-1000.00"
"443","2024-11-27"," 9:45:00 AM","2024-11-27"," 3:15:00 PM","","","","","","","NA","2948.00"
"443.1","2024-11-27"," 9:45:00 AM","2024-11-27"," 9:51:00 AM","CE","79900","Sell","20","413.10","463.10","","-1000.00"
"443.2","2024-11-27"," 9:45:00 AM","2024-11-27"," 3:15:00 PM","PE","79900","Sell","20","383.15","185.75","","3948.00"
"444","2024-11-27"," 11:45:00 AM","2024-11-27"," 12:01:00 PM","","","","","","","NA","-1000.00"
"444.1","2024-11-27"," 11:45:00 AM","2024-11-27"," 12:01:00 PM","CE","80100","Sell","20","327.00","327.00","","0.00"
"444.2","2024-11-27"," 11:45:00 AM","2024-11-27"," 11:54:00 AM","PE","80100","Sell","20","376.90","426.90","","-1000.00"
"445","2024-11-28"," 9:45:00 AM","2024-11-28"," 10:34:00 AM","","","","","","","NA","-1000.00"
"445.1","2024-11-28"," 9:45:00 AM","2024-11-28"," 9:52:00 AM","CE","80200","Sell","20","378.45","428.45","","-1000.00"
"445.2","2024-11-28"," 9:45:00 AM","2024-11-28"," 10:34:00 AM","PE","80200","Sell","20","317.55","317.55","","0.00"
"446","2024-11-28"," 11:45:00 AM","2024-11-28"," 11:59:00 AM","","","","","","","NA","-1000.00"
"446.1","2024-11-28"," 11:45:00 AM","2024-11-28"," 11:50:00 AM","CE","79500","Sell","20","464.00","514.00","","-1000.00"
"446.2","2024-11-28"," 11:45:00 AM","2024-11-28"," 11:59:00 AM","PE","79500","Sell","20","391.45","391.45","","0.00"
"447","2024-11-29"," 9:45:00 AM","2024-11-29"," 3:15:00 PM","","","","","","","NA","5879.00"
"447.1","2024-11-29"," 9:45:00 AM","2024-11-29"," 9:48:00 AM","CE","79300","Sell","20","367.45","417.45","","-1000.00"
"447.2","2024-11-29"," 9:45:00 AM","2024-11-29"," 3:15:00 PM","PE","79300","Sell","20","344.20","0.25","","6879.00"
"448","2024-11-29"," 11:45:00 AM","2024-11-29"," 3:15:00 PM","","","","","","","NA","1089.00"
"448.1","2024-11-29"," 11:45:00 AM","2024-11-29"," 2:43:00 PM","CE","79700","Sell","20","141.70","191.70","","-1000.00"
"448.2","2024-11-29"," 11:45:00 AM","2024-11-29"," 3:15:00 PM","PE","79700","Sell","20","105.05","0.60","","2089.00"
"449","2024-12-02"," 9:45:00 AM","2024-12-02"," 9:48:00 AM","","","","","","","NA","-1000.00"
"449.1","2024-12-02"," 9:45:00 AM","2024-12-02"," 9:47:00 AM","CE","79700","Sell","20","645.75","695.75","","-1000.00"
"449.2","2024-12-02"," 9:45:00 AM","2024-12-02"," 9:48:00 AM","PE","79700","Sell","20","549.70","549.70","","0.00"
"450","2024-12-02"," 11:45:00 AM","2024-12-02"," 12:11:00 PM","","","","","","","NA","-1000.00"
"450.1","2024-12-02"," 11:45:00 AM","2024-12-02"," 12:11:00 PM","CE","79800","Sell","20","689.00","689.00","","0.00"
"450.2","2024-12-02"," 11:45:00 AM","2024-12-02"," 11:51:00 AM","PE","79800","Sell","20","548.00","598.00","","-1000.00"
"451","2024-12-03"," 9:45:00 AM","2024-12-03"," 3:15:00 PM","","","","","","","NA","3506.00"
"451.1","2024-12-03"," 9:45:00 AM","2024-12-03"," 10:19:00 AM","CE","80400","Sell","20","639.40","689.40","","-1000.00"
"451.2","2024-12-03"," 9:45:00 AM","2024-12-03"," 3:15:00 PM","PE","80400","Sell","20","600.30","375.00","","4506.00"
"452","2024-12-03"," 11:45:00 AM","2024-12-03"," 12:38:00 PM","","","","","","","NA","-1000.00"
"452.1","2024-12-03"," 11:45:00 AM","2024-12-03"," 12:38:00 PM","CE","80800","Sell","20","559.35","559.35","","0.00"
"452.2","2024-12-03"," 11:45:00 AM","2024-12-03"," 12:23:00 PM","PE","80800","Sell","20","539.35","589.35","","-1000.00"
"453","2024-12-04"," 9:45:00 AM","2024-12-04"," 3:15:00 PM","","","","","","","NA","1613.00"
"453.1","2024-12-04"," 9:45:00 AM","2024-12-04"," 3:15:00 PM","CE","81200","Sell","20","539.75","409.10","","2613.00"
"453.2","2024-12-04"," 9:45:00 AM","2024-12-04"," 10:22:00 AM","PE","81200","Sell","20","528.80","578.80","","-1000.00"
"454","2024-12-04"," 11:45:00 AM","2024-12-04"," 2:08:00 PM","","","","","","","NA","-1000.00"
"454.1","2024-12-04"," 11:45:00 AM","2024-12-04"," 2:08:00 PM","CE","81200","Sell","20","512.30","512.30","","0.00"
"454.2","2024-12-04"," 11:45:00 AM","2024-12-04"," 11:56:00 AM","PE","81200","Sell","20","519.95","569.95","","-1000.00"
"455","2024-12-05"," 9:45:00 AM","2024-12-05"," 12:06:00 PM","","","","","","","NA","-1000.00"
"455.1","2024-12-05"," 9:45:00 AM","2024-12-05"," 12:06:00 PM","CE","81000","Sell","20","590.80","590.80","","0.00"
"455.2","2024-12-05"," 9:45:00 AM","2024-12-05"," 9:47:00 AM","PE","81000","Sell","20","559.80","609.80","","-1000.00"
"456","2024-12-05"," 11:45:00 AM","2024-12-05"," 3:15:00 PM","","","","","","","NA","9730.00"
"456.1","2024-12-05"," 11:45:00 AM","2024-12-05"," 12:02:00 PM","CE","80700","Sell","20","592.00","642.00","","-1000.00"
"456.2","2024-12-05"," 11:45:00 AM","2024-12-05"," 3:15:00 PM","PE","80700","Sell","20","629.20","92.70","","10730.00"
"457","2024-12-06"," 9:45:00 AM","2024-12-06"," 9:52:00 AM","","","","","","","NA","-1032.00"
"457.1","2024-12-06"," 9:45:00 AM","2024-12-06"," 9:52:00 AM","CE","81800","Sell","20","293.50","305.55","","-241.00"
"457.2","2024-12-06"," 9:45:00 AM","2024-12-06"," 9:52:00 AM","PE","81800","Sell","20","217.60","257.15","","-791.00"
"458","2024-12-06"," 11:45:00 AM","2024-12-06"," 3:15:00 PM","","","","","","","NA","4286.00"
"458.1","2024-12-06"," 11:45:00 AM","2024-12-06"," 3:15:00 PM","CE","81700","Sell","20","143.90","10.35","","2671.00"
"458.2","2024-12-06"," 11:45:00 AM","2024-12-06"," 3:15:00 PM","PE","81700","Sell","20","83.45","2.70","","1615.00"
"459","2024-12-09"," 9:45:00 AM","2024-12-09"," 9:51:00 AM","","","","","","","NA","-1000.00"
"459.1","2024-12-09"," 9:45:00 AM","2024-12-09"," 9:47:00 AM","CE","81600","Sell","20","642.55","692.55","","-1000.00"
"459.2","2024-12-09"," 9:45:00 AM","2024-12-09"," 9:51:00 AM","PE","81600","Sell","20","637.55","637.55","","0.00"
"460","2024-12-09"," 11:45:00 AM","2024-12-09"," 3:15:00 PM","","","","","","","NA","2316.00"
"460.1","2024-12-09"," 11:45:00 AM","2024-12-09"," 3:15:00 PM","CE","81800","Sell","20","617.10","451.30","","3316.00"
"460.2","2024-12-09"," 11:45:00 AM","2024-12-09"," 12:10:00 PM","PE","81800","Sell","20","598.60","648.60","","-1000.00"
"461","2024-12-10"," 9:45:00 AM","2024-12-10"," 10:39:00 AM","","","","","","","NA","-1000.00"
"461.1","2024-12-10"," 9:45:00 AM","2024-12-10"," 9:59:00 AM","CE","81600","Sell","20","539.55","589.55","","-1000.00"
"461.2","2024-12-10"," 9:45:00 AM","2024-12-10"," 10:39:00 AM","PE","81600","Sell","20","507.00","507.00","","0.00"
"462","2024-12-10"," 11:45:00 AM","2024-12-10"," 3:15:00 PM","","","","","","","NA","547.00"
"462.1","2024-12-10"," 11:45:00 AM","2024-12-10"," 3:15:00 PM","CE","81600","Sell","20","521.05","443.70","","1547.00"
"462.2","2024-12-10"," 11:45:00 AM","2024-12-10"," 12:12:00 PM","PE","81600","Sell","20","454.20","504.20","","-1000.00"
"463","2024-12-11"," 9:45:00 AM","2024-12-11"," 9:56:00 AM","","","","","","","NA","-1000.00"
"463.1","2024-12-11"," 9:45:00 AM","2024-12-11"," 9:56:00 AM","CE","81500","Sell","20","434.90","434.90","","0.00"
"463.2","2024-12-11"," 9:45:00 AM","2024-12-11"," 9:51:00 AM","PE","81500","Sell","20","389.60","439.60","","-1000.00"
"464","2024-12-11"," 11:45:00 AM","2024-12-11"," 3:15:00 PM","","","","","","","NA","1770.00"
"464.1","2024-12-11"," 11:45:00 AM","2024-12-11"," 3:15:00 PM","CE","81700","Sell","20","443.35","304.85","","2770.00"
"464.2","2024-12-11"," 11:45:00 AM","2024-12-11"," 12:16:00 PM","PE","81700","Sell","20","343.25","393.25","","-1000.00"
"465","2024-12-12"," 9:45:00 AM","2024-12-12"," 3:15:00 PM","","","","","","","NA","1974.00"
"465.1","2024-12-12"," 9:45:00 AM","2024-12-12"," 3:15:00 PM","CE","81600","Sell","20","314.60","165.90","","2974.00"
"465.2","2024-12-12"," 9:45:00 AM","2024-12-12"," 9:47:00 AM","PE","81600","Sell","20","249.35","299.35","","-1000.00"
"466","2024-12-12"," 11:45:00 AM","2024-12-12"," 3:15:00 PM","","","","","","","NA","1196.00"
"466.1","2024-12-12"," 11:45:00 AM","2024-12-12"," 3:15:00 PM","CE","81500","Sell","20","311.80","202.00","","2196.00"
"466.2","2024-12-12"," 11:45:00 AM","2024-12-12"," 12:07:00 PM","PE","81500","Sell","20","319.80","369.80","","-1000.00"
"467","2024-12-13"," 9:45:00 AM","2024-12-13"," 11:13:00 AM","","","","","","","NA","-1000.00"
"467.1","2024-12-13"," 9:45:00 AM","2024-12-13"," 11:13:00 AM","CE","80800","Sell","20","194.70","194.70","","0.00"
"467.2","2024-12-13"," 9:45:00 AM","2024-12-13"," 10:16:00 AM","PE","80800","Sell","20","200.30","250.30","","-1000.00"
"468","2024-12-13"," 11:45:00 AM","2024-12-13"," 3:15:00 PM","","","","","","","NA","5060.00"
"468.1","2024-12-13"," 11:45:00 AM","2024-12-13"," 11:52:00 AM","CE","80700","Sell","20","348.80","398.80","","-1000.00"
"468.2","2024-12-13"," 11:45:00 AM","2024-12-13"," 3:15:00 PM","PE","80700","Sell","20","303.35","0.35","","6060.00"
"469","2024-12-16"," 9:45:00 AM","2024-12-16"," 3:15:00 PM","","","","","","","NA","1791.00"
"469.1","2024-12-16"," 9:45:00 AM","2024-12-16"," 3:15:00 PM","CE","82000","Sell","20","679.00","539.45","","2791.00"
"469.2","2024-12-16"," 9:45:00 AM","2024-12-16"," 10:03:00 AM","PE","82000","Sell","20","555.50","605.50","","-1000.00"
"470","2024-12-16"," 11:45:00 AM","2024-12-16"," 12:35:00 PM","","","","","","","NA","-1000.00"
"470.1","2024-12-16"," 11:45:00 AM","2024-12-16"," 12:35:00 PM","CE","81700","Sell","20","699.80","699.80","","0.00"
"470.2","2024-12-16"," 11:45:00 AM","2024-12-16"," 12:10:00 PM","PE","81700","Sell","20","614.20","664.20","","-1000.00"
"471","2024-12-17"," 9:45:00 AM","2024-12-17"," 3:15:00 PM","","","","","","","NA","5950.00"
"471.1","2024-12-17"," 9:45:00 AM","2024-12-17"," 3:15:00 PM","CE","81400","Sell","20","680.50","333.00","","6950.00"
"471.2","2024-12-17"," 9:45:00 AM","2024-12-17"," 9:49:00 AM","PE","81400","Sell","20","525.80","575.80","","-1000.00"
"472","2024-12-17"," 11:45:00 AM","2024-12-17"," 12:03:00 PM","","","","","","","NA","-1000.00"
"472.1","2024-12-17"," 11:45:00 AM","2024-12-17"," 12:03:00 PM","CE","80800","Sell","20","708.70","708.70","","0.00"
"472.2","2024-12-17"," 11:45:00 AM","2024-12-17"," 12:02:00 PM","PE","80800","Sell","20","536.85","586.85","","-1000.00"
"473","2024-12-18"," 9:45:00 AM","2024-12-18"," 3:15:00 PM","","","","","","","NA","6945.00"
"473.1","2024-12-18"," 9:45:00 AM","2024-12-18"," 3:15:00 PM","CE","80800","Sell","20","622.15","224.90","","7945.00"
"473.2","2024-12-18"," 9:45:00 AM","2024-12-18"," 9:52:00 AM","PE","80800","Sell","20","424.35","474.35","","-1000.00"
"474","2024-12-18"," 11:45:00 AM","2024-12-18"," 1:09:00 PM","","","","","","","NA","-1000.00"
"474.1","2024-12-18"," 11:45:00 AM","2024-12-18"," 1:09:00 PM","CE","80300","Sell","20","505.50","505.50","","0.00"
"474.2","2024-12-18"," 11:45:00 AM","2024-12-18"," 12:37:00 PM","PE","80300","Sell","20","363.30","413.30","","-1000.00"
"475","2024-12-19"," 9:45:00 AM","2024-12-19"," 9:56:00 AM","","","","","","","NA","-1000.00"
"475.1","2024-12-19"," 9:45:00 AM","2024-12-19"," 9:56:00 AM","CE","79500","Sell","20","438.25","438.25","","0.00"
"475.2","2024-12-19"," 9:45:00 AM","2024-12-19"," 9:46:00 AM","PE","79500","Sell","20","429.25","479.25","","-1000.00"
"476","2024-12-19"," 11:45:00 AM","2024-12-19"," 2:03:00 PM","","","","","","","NA","-1000.00"
"476.1","2024-12-19"," 11:45:00 AM","2024-12-19"," 2:03:00 PM","CE","79300","Sell","20","343.35","343.35","","0.00"
"476.2","2024-12-19"," 11:45:00 AM","2024-12-19"," 1:19:00 PM","PE","79300","Sell","20","332.55","382.55","","-1000.00"
"477","2024-12-20"," 9:45:00 AM","2024-12-20"," 3:15:00 PM","","","","","","","NA","6879.00"
"477.1","2024-12-20"," 9:45:00 AM","2024-12-20"," 3:15:00 PM","CE","79500","Sell","20","394.35","0.40","","7879.00"
"477.2","2024-12-20"," 9:45:00 AM","2024-12-20"," 9:47:00 AM","PE","79500","Sell","20","389.30","439.30","","-1000.00"
"478","2024-12-20"," 11:45:00 AM","2024-12-20"," 3:15:00 PM","","","","","","","NA","2596.00"
"478.1","2024-12-20"," 11:45:00 AM","2024-12-20"," 3:15:00 PM","CE","79000","Sell","20","180.15","0.35","","3596.00"
"478.2","2024-12-20"," 11:45:00 AM","2024-12-20"," 12:15:00 PM","PE","79000","Sell","20","163.55","213.55","","-1000.00"
"479","2024-12-23"," 9:45:00 AM","2024-12-23"," 12:31:00 PM","","","","","","","NA","-1000.00"
"479.1","2024-12-23"," 9:45:00 AM","2024-12-23"," 10:05:00 AM","CE","78600","Sell","20","611.65","661.65","","-1000.00"
"479.2","2024-12-23"," 9:45:00 AM","2024-12-23"," 12:31:00 PM","PE","78600","Sell","20","524.45","524.45","","0.00"
"480","2024-12-23"," 11:45:00 AM","2024-12-23"," 3:15:00 PM","","","","","","","NA","3024.00"
"480.1","2024-12-23"," 11:45:00 AM","2024-12-23"," 3:15:00 PM","CE","78800","Sell","20","594.55","393.35","","4024.00"
"480.2","2024-12-23"," 11:45:00 AM","2024-12-23"," 11:56:00 AM","PE","78800","Sell","20","382.65","432.65","","-1000.00"
"481","2024-12-24"," 9:45:00 AM","2024-12-24"," 3:15:00 PM","","","","","","","NA","1285.00"
"481.1","2024-12-24"," 9:45:00 AM","2024-12-24"," 9:48:00 AM","CE","78500","Sell","20","447.30","497.30","","-1000.00"
"481.2","2024-12-24"," 9:45:00 AM","2024-12-24"," 3:15:00 PM","PE","78500","Sell","20","412.10","297.85","","2285.00"
"482","2024-12-24"," 11:45:00 AM","2024-12-24"," 3:15:00 PM","","","","","","","NA","2746.00"
"482.1","2024-12-24"," 11:45:00 AM","2024-12-24"," 3:15:00 PM","CE","78800","Sell","20","464.50","277.20","","3746.00"
"482.2","2024-12-24"," 11:45:00 AM","2024-12-24"," 12:04:00 PM","PE","78800","Sell","20","350.50","400.50","","-1000.00"
"483","2024-12-26"," 9:45:00 AM","2024-12-26"," 3:15:00 PM","","","","","","","NA","1715.00"
"483.1","2024-12-26"," 9:45:00 AM","2024-12-26"," 3:15:00 PM","CE","78700","Sell","20","380.35","244.60","","2715.00"
"483.2","2024-12-26"," 9:45:00 AM","2024-12-26"," 10:02:00 AM","PE","78700","Sell","20","253.35","303.35","","-1000.00"
"484","2024-12-26"," 11:45:00 AM","2024-12-26"," 1:44:00 PM","","","","","","","NA","-1000.00"
"484.1","2024-12-26"," 11:45:00 AM","2024-12-26"," 1:44:00 PM","CE","78500","Sell","20","373.60","373.60","","0.00"
"484.2","2024-12-26"," 11:45:00 AM","2024-12-26"," 1:35:00 PM","PE","78500","Sell","20","279.25","329.25","","-1000.00"
"485","2024-12-27"," 9:45:00 AM","2024-12-27"," 3:15:00 PM","","","","","","","NA","1032.00"
"485.1","2024-12-27"," 9:45:00 AM","2024-12-27"," 9:46:00 AM","CE","78800","Sell","20","183.70","233.70","","-1000.00"
"485.2","2024-12-27"," 9:45:00 AM","2024-12-27"," 3:15:00 PM","PE","78800","Sell","20","201.60","100.00","","2032.00"
"486","2024-12-27"," 11:45:00 AM","2024-12-27"," 3:15:00 PM","","","","","","","NA","1466.00"
"486.1","2024-12-27"," 11:45:00 AM","2024-12-27"," 3:15:00 PM","CE","78800","Sell","20","94.05","0.15","","1878.00"
"486.2","2024-12-27"," 11:45:00 AM","2024-12-27"," 3:15:00 PM","PE","78800","Sell","20","79.40","100.00","","-412.00"
"487","2024-12-30"," 9:45:00 AM","2024-12-30"," 1:26:00 PM","","","","","","","NA","-1000.00"
"487.1","2024-12-30"," 9:45:00 AM","2024-12-30"," 9:51:00 AM","CE","78400","Sell","20","580.55","630.55","","-1000.00"
"487.2","2024-12-30"," 9:45:00 AM","2024-12-30"," 1:26:00 PM","PE","78400","Sell","20","428.60","428.60","","0.00"
"488","2024-12-30"," 11:45:00 AM","2024-12-30"," 12:02:00 PM","","","","","","","NA","-1000.00"
"488.1","2024-12-30"," 11:45:00 AM","2024-12-30"," 11:51:00 AM","CE","79000","Sell","20","543.40","593.40","","-1000.00"
"488.2","2024-12-30"," 11:45:00 AM","2024-12-30"," 12:02:00 PM","PE","79000","Sell","20","470.30","470.30","","0.00"
"489","2024-12-31"," 9:45:00 AM","2024-12-31"," 9:55:00 AM","","","","","","","NA","-1000.00"
"489.1","2024-12-31"," 9:45:00 AM","2024-12-31"," 9:55:00 AM","CE","77800","Sell","20","568.10","568.10","","0.00"
"489.2","2024-12-31"," 9:45:00 AM","2024-12-31"," 9:52:00 AM","PE","77800","Sell","20","492.75","542.75","","-1000.00"
"490","2024-12-31"," 11:45:00 AM","2024-12-31"," 12:30:00 PM","","","","","","","NA","-1000.00"
"490.1","2024-12-31"," 11:45:00 AM","2024-12-31"," 12:30:00 PM","CE","78100","Sell","20","619.65","619.65","","0.00"
"490.2","2024-12-31"," 11:45:00 AM","2024-12-31"," 11:56:00 AM","PE","78100","Sell","20","497.35","547.35","","-1000.00"
"491","2025-01-01"," 9:45:00 AM","2025-01-01"," 9:57:00 AM","","","","","","","NA","-1000.00"
"491.1","2025-01-01"," 9:45:00 AM","2025-01-01"," 9:57:00 AM","CE","78000","Sell","20","589.00","589.00","","0.00"
"491.2","2025-01-01"," 9:45:00 AM","2025-01-01"," 9:49:00 AM","PE","78000","Sell","20","471.05","521.05","","-1000.00"
"492","2025-01-01"," 11:45:00 AM","2025-01-01"," 12:09:00 PM","","","","","","","NA","-1000.00"
"492.1","2025-01-01"," 11:45:00 AM","2025-01-01"," 12:09:00 PM","CE","78400","Sell","20","649.85","649.85","","0.00"
"492.2","2025-01-01"," 11:45:00 AM","2025-01-01"," 11:56:00 AM","PE","78400","Sell","20","497.00","547.00","","-1000.00"
"493","2025-01-02"," 9:45:00 AM","2025-01-02"," 9:56:00 AM","","","","","","","NA","-1000.00"
"493.1","2025-01-02"," 9:45:00 AM","2025-01-02"," 9:56:00 AM","CE","78800","Sell","20","531.90","531.90","","0.00"
"493.2","2025-01-02"," 9:45:00 AM","2025-01-02"," 9:53:00 AM","PE","78800","Sell","20","503.35","553.35","","-1000.00"
"494","2025-01-02"," 11:45:00 AM","2025-01-02"," 3:15:00 PM","","","","","","","NA","7092.00"
"494.1","2025-01-02"," 11:45:00 AM","2025-01-02"," 12:26:00 PM","CE","79200","Sell","20","499.35","549.35","","-1000.00"
"494.2","2025-01-02"," 11:45:00 AM","2025-01-02"," 3:15:00 PM","PE","79200","Sell","20","502.90","98.30","","8092.00"
"495","2025-01-03"," 9:45:00 AM","2025-01-03"," 9:46:00 AM","","","","","","","NA","-1163.00"
"495.1","2025-01-03"," 9:45:00 AM","2025-01-03"," 9:46:00 AM","CE","79500","Sell","20","274.75","282.90","","-163.00"
"495.2","2025-01-03"," 9:45:00 AM","2025-01-03"," 9:46:00 AM","PE","79500","Sell","20","301.35","351.35","","-1000.00"
"496","2025-01-03"," 11:45:00 AM","2025-01-03"," 3:15:00 PM","","","","","","","NA","2167.00"
"496.1","2025-01-03"," 11:45:00 AM","2025-01-03"," 3:15:00 PM","CE","79700","Sell","20","158.65","0.30","","3167.00"
"496.2","2025-01-03"," 11:45:00 AM","2025-01-03"," 12:08:00 PM","PE","79700","Sell","20","106.45","156.45","","-1000.00"
"497","2025-01-06"," 9:45:00 AM","2025-01-06"," 9:52:00 AM","","","","","","","NA","-1000.00"
"497.1","2025-01-06"," 9:45:00 AM","2025-01-06"," 9:50:00 AM","CE","79100","Sell","20","353.35","403.35","","-1000.00"
"497.2","2025-01-06"," 9:45:00 AM","2025-01-06"," 9:52:00 AM","PE","79100","Sell","20","427.75","427.75","","0.00"
"498","2025-01-06"," 11:45:00 AM","2025-01-06"," 12:05:00 PM","","","","","","","NA","-1000.00"
"498.1","2025-01-06"," 11:45:00 AM","2025-01-06"," 12:05:00 PM","CE","78300","Sell","20","422.75","422.75","","0.00"
"498.2","2025-01-06"," 11:45:00 AM","2025-01-06"," 11:48:00 AM","PE","78300","Sell","20","416.75","466.75","","-1000.00"
"499","2025-01-07"," 9:45:00 AM","2025-01-07"," 10:16:00 AM","","","","","","","NA","-1114.00"
"499.1","2025-01-07"," 9:45:00 AM","2025-01-07"," 10:16:00 AM","CE","78400","Sell","20","202.75","208.45","","-114.00"
"499.2","2025-01-07"," 9:45:00 AM","2025-01-07"," 9:46:00 AM","PE","78400","Sell","20","161.70","211.70","","-1000.00"
"500","2025-01-07"," 11:45:00 AM","2025-01-07"," 3:15:00 PM","","","","","","","NA","496.00"
"500.1","2025-01-07"," 11:45:00 AM","2025-01-07"," 3:15:00 PM","CE","78300","Sell","20","75.05","0.25","","1496.00"
"500.2","2025-01-07"," 11:45:00 AM","2025-01-07"," 1:55:00 PM","PE","78300","Sell","20","112.10","162.10","","-1000.00"
"501","2025-01-08"," 9:45:00 AM","2025-01-08"," 10:22:00 AM","","","","","","","NA","-1000.00"
"501.1","2025-01-08"," 9:45:00 AM","2025-01-08"," 9:56:00 AM","CE","78000","Sell","20","624.95","674.95","","-1000.00"
"501.2","2025-01-08"," 9:45:00 AM","2025-01-08"," 10:22:00 AM","PE","78000","Sell","20","570.35","570.35","","0.00"
"502","2025-01-08"," 11:45:00 AM","2025-01-08"," 1:29:00 PM","","","","","","","NA","-1000.00"
"502.1","2025-01-08"," 11:45:00 AM","2025-01-08"," 1:29:00 PM","CE","77700","Sell","20","604.20","604.20","","0.00"
"502.2","2025-01-08"," 11:45:00 AM","2025-01-08"," 12:02:00 PM","PE","77700","Sell","20","519.30","569.30","","-1000.00"
"503","2025-01-09"," 9:45:00 AM","2025-01-09"," 10:03:00 AM","","","","","","","NA","-1000.00"
"503.1","2025-01-09"," 9:45:00 AM","2025-01-09"," 9:56:00 AM","CE","77900","Sell","20","489.80","539.80","","-1000.00"
"503.2","2025-01-09"," 9:45:00 AM","2025-01-09"," 10:03:00 AM","PE","77900","Sell","20","458.75","458.75","","0.00"
"504","2025-01-09"," 11:45:00 AM","2025-01-09"," 12:30:00 PM","","","","","","","NA","-1000.00"
"504.1","2025-01-09"," 11:45:00 AM","2025-01-09"," 12:17:00 PM","CE","77700","Sell","20","511.85","561.85","","-1000.00"
"504.2","2025-01-09"," 11:45:00 AM","2025-01-09"," 12:30:00 PM","PE","77700","Sell","20","429.25","429.25","","0.00"
"505","2025-01-10"," 9:45:00 AM","2025-01-10"," 11:01:00 AM","","","","","","","NA","-1000.00"
"505.1","2025-01-10"," 9:45:00 AM","2025-01-10"," 11:01:00 AM","CE","77500","Sell","20","504.40","504.40","","0.00"
"505.2","2025-01-10"," 9:45:00 AM","2025-01-10"," 9:46:00 AM","PE","77500","Sell","20","487.65","537.65","","-1000.00"
"506","2025-01-10"," 11:45:00 AM","2025-01-10"," 12:11:00 PM","","","","","","","NA","-1000.00"
"506.1","2025-01-10"," 11:45:00 AM","2025-01-10"," 12:03:00 PM","CE","77600","Sell","20","467.10","517.10","","-1000.00"
"506.2","2025-01-10"," 11:45:00 AM","2025-01-10"," 12:11:00 PM","PE","77600","Sell","20","392.80","392.80","","0.00"
"507","2025-01-13"," 9:45:00 AM","2025-01-13"," 10:03:00 AM","","","","","","","NA","-1000.00"
"507.1","2025-01-13"," 9:45:00 AM","2025-01-13"," 10:03:00 AM","CE","76800","Sell","20","336.60","336.60","","0.00"
"507.2","2025-01-13"," 9:45:00 AM","2025-01-13"," 9:48:00 AM","PE","76800","Sell","20","359.00","409.00","","-1000.00"
"508","2025-01-13"," 11:45:00 AM","2025-01-13"," 3:15:00 PM","","","","","","","NA","3254.00"
"508.1","2025-01-13"," 11:45:00 AM","2025-01-13"," 3:15:00 PM","CE","76800","Sell","20","315.10","102.40","","4254.00"
"508.2","2025-01-13"," 11:45:00 AM","2025-01-13"," 12:59:00 PM","PE","76800","Sell","20","290.25","340.25","","-1000.00"
"509","2025-01-14"," 9:45:00 AM","2025-01-14"," 11:08:00 AM","","","","","","","NA","-1000.00"
"509.1","2025-01-14"," 9:45:00 AM","2025-01-14"," 11:08:00 AM","CE","76700","Sell","20","108.35","108.35","","0.00"
"509.2","2025-01-14"," 9:45:00 AM","2025-01-14"," 10:04:00 AM","PE","76700","Sell","20","143.40","193.40","","-1000.00"
"510","2025-01-14"," 11:45:00 AM","2025-01-14"," 3:15:00 PM","","","","","","","NA","585.00"
"510.1","2025-01-14"," 11:45:00 AM","2025-01-14"," 3:15:00 PM","CE","76600","Sell","20","79.45","0.20","","1585.00"
"510.2","2025-01-14"," 11:45:00 AM","2025-01-14"," 1:00:00 PM","PE","76600","Sell","20","77.60","127.60","","-1000.00"
"511","2025-01-15"," 9:45:00 AM","2025-01-15"," 1:22:00 PM","","","","","","","NA","-1000.00"
"511.1","2025-01-15"," 9:45:00 AM","2025-01-15"," 10:25:00 AM","CE","76700","Sell","20","548.70","598.70","","-1000.00"
"511.2","2025-01-15"," 9:45:00 AM","2025-01-15"," 1:22:00 PM","PE","76700","Sell","20","542.50","542.50","","0.00"
"512","2025-01-15"," 11:45:00 AM","2025-01-15"," 1:16:00 PM","","","","","","","NA","-1000.00"
"512.1","2025-01-15"," 11:45:00 AM","2025-01-15"," 12:46:00 PM","CE","76700","Sell","20","531.05","581.05","","-1000.00"
"512.2","2025-01-15"," 11:45:00 AM","2025-01-15"," 1:16:00 PM","PE","76700","Sell","20","470.95","470.95","","0.00"
"513","2025-01-16"," 9:45:00 AM","2025-01-16"," 10:01:00 AM","","","","","","","NA","-1000.00"
"513.1","2025-01-16"," 9:45:00 AM","2025-01-16"," 10:01:00 AM","CE","77000","Sell","20","484.80","484.80","","0.00"
"513.2","2025-01-16"," 9:45:00 AM","2025-01-16"," 9:56:00 AM","PE","77000","Sell","20","388.10","438.10","","-1000.00"
"514","2025-01-16"," 11:45:00 AM","2025-01-16"," 1:07:00 PM","","","","","","","NA","-1000.00"
"514.1","2025-01-16"," 11:45:00 AM","2025-01-16"," 12:56:00 PM","CE","77000","Sell","20","484.50","534.50","","-1000.00"
"514.2","2025-01-16"," 11:45:00 AM","2025-01-16"," 1:07:00 PM","PE","77000","Sell","20","416.90","416.90","","0.00"
"515","2025-01-17"," 9:45:00 AM","2025-01-17"," 10:46:00 AM","","","","","","","NA","-1000.00"
"515.1","2025-01-17"," 9:45:00 AM","2025-01-17"," 10:00:00 AM","CE","76600","Sell","20","443.65","493.65","","-1000.00"
"515.2","2025-01-17"," 9:45:00 AM","2025-01-17"," 10:46:00 AM","PE","76600","Sell","20","393.65","393.65","","0.00"
"516","2025-01-17"," 11:45:00 AM","2025-01-17"," 11:54:00 AM","","","","","","","NA","-1046.00"
"516.1","2025-01-17"," 11:45:00 AM","2025-01-17"," 11:54:00 AM","CE","76500","Sell","20","442.00","492.00","","-1000.00"
"516.2","2025-01-17"," 11:45:00 AM","2025-01-17"," 11:54:00 AM","PE","76500","Sell","20","478.00","480.30","","-46.00"
"517","2025-01-20"," 9:45:00 AM","2025-01-20"," 3:15:00 PM","","","","","","","NA","4113.00"
"517.1","2025-01-20"," 9:45:00 AM","2025-01-20"," 11:18:00 AM","CE","76700","Sell","20","414.75","464.75","","-1000.00"
"517.2","2025-01-20"," 9:45:00 AM","2025-01-20"," 3:15:00 PM","PE","76700","Sell","20","361.25","105.60","","5113.00"
"518","2025-01-20"," 11:45:00 AM","2025-01-20"," 3:15:00 PM","","","","","","","NA","1694.00"
"518.1","2025-01-20"," 11:45:00 AM","2025-01-20"," 3:15:00 PM","CE","77200","Sell","20","325.00","275.55","","989.00"
"518.2","2025-01-20"," 11:45:00 AM","2025-01-20"," 3:15:00 PM","PE","77200","Sell","20","309.15","273.90","","705.00"
"519","2025-01-21"," 9:45:00 AM","2025-01-21"," 9:46:00 AM","","","","","","","NA","-1536.00"
"519.1","2025-01-21"," 9:45:00 AM","2025-01-21"," 9:46:00 AM","CE","76900","Sell","20","314.35","341.15","","-536.00"
"519.2","2025-01-21"," 9:45:00 AM","2025-01-21"," 9:46:00 AM","PE","76900","Sell","20","347.75","397.75","","-1000.00"
"520","2025-01-21"," 11:45:00 AM","2025-01-21"," 12:17:00 PM","","","","","","","NA","-1000.00"
"520.1","2025-01-21"," 11:45:00 AM","2025-01-21"," 11:46:00 AM","CE","76500","Sell","20","325.55","375.55","","-1000.00"
"520.2","2025-01-21"," 11:45:00 AM","2025-01-21"," 12:17:00 PM","PE","76500","Sell","20","389.75","389.75","","0.00"
"521","2025-01-22"," 9:45:00 AM","2025-01-22"," 11:17:00 AM","","","","","","","NA","-1000.00"
"521.1","2025-01-22"," 9:45:00 AM","2025-01-22"," 9:57:00 AM","CE","76100","Sell","20","680.00","730.00","","-1000.00"
"521.2","2025-01-22"," 9:45:00 AM","2025-01-22"," 11:17:00 AM","PE","76100","Sell","20","631.00","631.00","","0.00"
"522","2025-01-22"," 11:45:00 AM","2025-01-22"," 2:13:00 PM","","","","","","","NA","-1000.00"
"522.1","2025-01-22"," 11:45:00 AM","2025-01-22"," 2:13:00 PM","CE","76000","Sell","20","666.00","666.00","","0.00"
"522.2","2025-01-22"," 11:45:00 AM","2025-01-22"," 12:08:00 PM","PE","76000","Sell","20","564.45","614.45","","-1000.00"
"523","2025-01-23"," 9:45:00 AM","2025-01-23"," 3:15:00 PM","","","","","","","NA","-120.00"
"523.1","2025-01-23"," 9:45:00 AM","2025-01-23"," 12:33:00 PM","CE","76500","Sell","20","610.20","660.20","","-1000.00"
"523.2","2025-01-23"," 9:45:00 AM","2025-01-23"," 3:15:00 PM","PE","76500","Sell","20","503.15","459.15","","880.00"
"524","2025-01-23"," 11:45:00 AM","2025-01-23"," 3:15:00 PM","","","","","","","NA","-508.00"
"524.1","2025-01-23"," 11:45:00 AM","2025-01-23"," 12:21:00 PM","CE","76600","Sell","20","523.20","573.20","","-1000.00"
"524.2","2025-01-23"," 11:45:00 AM","2025-01-23"," 3:15:00 PM","PE","76600","Sell","20","531.30","506.70","","492.00"
"525","2025-01-24"," 9:45:00 AM","2025-01-24"," 11:14:00 AM","","","","","","","NA","-1000.00"
"525.1","2025-01-24"," 9:45:00 AM","2025-01-24"," 11:14:00 AM","CE","76600","Sell","20","507.95","507.95","","0.00"
"525.2","2025-01-24"," 9:45:00 AM","2025-01-24"," 9:50:00 AM","PE","76600","Sell","20","510.00","560.00","","-1000.00"
"526","2025-01-24"," 11:45:00 AM","2025-01-24"," 3:15:00 PM","","","","","","","NA","4454.00"
"526.1","2025-01-24"," 11:45:00 AM","2025-01-24"," 3:15:00 PM","CE","76900","Sell","20","428.00","155.30","","5454.00"
"526.2","2025-01-24"," 11:45:00 AM","2025-01-24"," 12:32:00 PM","PE","76900","Sell","20","413.90","463.90","","-1000.00"
"527","2025-01-27"," 9:45:00 AM","2025-01-27"," 3:15:00 PM","","","","","","","NA","4815.00"
"527.1","2025-01-27"," 9:45:00 AM","2025-01-27"," 3:15:00 PM","CE","75900","Sell","20","398.70","107.95","","5815.00"
"527.2","2025-01-27"," 9:45:00 AM","2025-01-27"," 10:18:00 AM","PE","75900","Sell","20","419.60","469.60","","-1000.00"
"528","2025-01-27"," 11:45:00 AM","2025-01-27"," 12:14:00 PM","","","","","","","NA","-1000.00"
"528.1","2025-01-27"," 11:45:00 AM","2025-01-27"," 11:58:00 AM","CE","75500","Sell","20","310.30","360.30","","-1000.00"
"528.2","2025-01-27"," 11:45:00 AM","2025-01-27"," 12:14:00 PM","PE","75500","Sell","20","307.60","307.60","","0.00"
"529","2025-01-28"," 9:45:00 AM","2025-01-28"," 3:15:00 PM","","","","","","","NA","5991.00"
"529.1","2025-01-28"," 9:45:00 AM","2025-01-28"," 9:49:00 AM","CE","75700","Sell","20","262.75","312.75","","-1000.00"
"529.2","2025-01-28"," 9:45:00 AM","2025-01-28"," 3:15:00 PM","PE","75700","Sell","20","350.00","0.45","","6991.00"
"530","2025-01-28"," 11:45:00 AM","2025-01-28"," 2:48:00 PM","","","","","","","NA","-1000.00"
"530.1","2025-01-28"," 11:45:00 AM","2025-01-28"," 2:26:00 PM","CE","76100","Sell","20","228.60","278.60","","-1000.00"
"530.2","2025-01-28"," 11:45:00 AM","2025-01-28"," 2:48:00 PM","PE","76100","Sell","20","207.05","207.05","","0.00"
"531","2025-01-29"," 9:45:00 AM","2025-01-29"," 11:24:00 AM","","","","","","","NA","-1000.00"
"531.1","2025-01-29"," 9:45:00 AM","2025-01-29"," 10:10:00 AM","CE","76200","Sell","20","1044.20","1094.20","","-1000.00"
"531.2","2025-01-29"," 9:45:00 AM","2025-01-29"," 11:24:00 AM","PE","76200","Sell","20","972.80","972.80","","0.00"
"532","2025-01-29"," 11:45:00 AM","2025-01-29"," 12:06:00 PM","","","","","","","NA","-1000.00"
"532.1","2025-01-29"," 11:45:00 AM","2025-01-29"," 11:49:00 AM","CE","76300","Sell","20","1082.30","1132.30","","-1000.00"
"532.2","2025-01-29"," 11:45:00 AM","2025-01-29"," 12:06:00 PM","PE","76300","Sell","20","940.70","940.70","","0.00"
"533","2025-01-30"," 9:45:00 AM","2025-01-30"," 2:09:00 PM","","","","","","","NA","-1000.00"
"533.1","2025-01-30"," 9:45:00 AM","2025-01-30"," 9:48:00 AM","CE","76600","Sell","20","1085.05","1135.05","","-1000.00"
"533.2","2025-01-30"," 9:45:00 AM","2025-01-30"," 2:09:00 PM","PE","76600","Sell","20","1005.65","1005.65","","0.00"
"534","2025-01-30"," 11:45:00 AM","2025-01-30"," 12:15:00 PM","","","","","","","NA","-1000.00"
"534.1","2025-01-30"," 11:45:00 AM","2025-01-30"," 11:49:00 AM","CE","76700","Sell","20","1060.80","1110.80","","-1000.00"
"534.2","2025-01-30"," 11:45:00 AM","2025-01-30"," 12:15:00 PM","PE","76700","Sell","20","936.20","936.20","","0.00"
"535","2025-01-31"," 9:45:00 AM","2025-01-31"," 3:15:00 PM","","","","","","","NA","7243.00"
"535.1","2025-01-31"," 9:45:00 AM","2025-01-31"," 12:36:00 PM","CE","77000","Sell","20","984.85","1034.85","","-1000.00"
"535.2","2025-01-31"," 9:45:00 AM","2025-01-31"," 3:15:00 PM","PE","77000","Sell","20","900.05","487.90","","8243.00"
"536","2025-01-31"," 11:45:00 AM","2025-01-31"," 3:15:00 PM","","","","","","","NA","3352.00"
"536.1","2025-01-31"," 11:45:00 AM","2025-01-31"," 12:14:00 PM","CE","77200","Sell","20","838.15","889.90","","-1035.00"
"536.2","2025-01-31"," 11:45:00 AM","2025-01-31"," 3:15:00 PM","PE","77200","Sell","20","772.55","553.20","","4387.00"
"537","2025-02-03"," 9:45:00 AM","2025-02-03"," 3:15:00 PM","","","","","","","NA","1249.00"
"537.1","2025-02-03"," 9:45:00 AM","2025-02-03"," 10:43:00 AM","CE","76900","Sell","20","313.50","363.50","","-1000.00"
"537.2","2025-02-03"," 9:45:00 AM","2025-02-03"," 3:15:00 PM","PE","76900","Sell","20","261.40","148.95","","2249.00"
"538","2025-02-03"," 11:45:00 AM","2025-02-03"," 3:15:00 PM","","","","","","","NA","463.00"
"538.1","2025-02-03"," 11:45:00 AM","2025-02-03"," 12:07:00 PM","CE","76900","Sell","20","307.95","357.95","","-1000.00"
"538.2","2025-02-03"," 11:45:00 AM","2025-02-03"," 3:15:00 PM","PE","76900","Sell","20","222.10","148.95","","1463.00"
"539","2025-02-04"," 9:45:00 AM","2025-02-04"," 10:06:00 AM","","","","","","","NA","-1090.00"
"539.1","2025-02-04"," 9:45:00 AM","2025-02-04"," 10:06:00 AM","CE","77900","Sell","20","358.85","345.80","","261.00"
"539.2","2025-02-04"," 9:45:00 AM","2025-02-04"," 10:04:00 AM","PE","77900","Sell","20","368.80","436.35","","-1351.00"
"540","2025-02-04"," 11:45:00 AM","2025-02-04"," 11:50:00 AM","","","","","","","NA","-2000.00"
"540.1","2025-02-04"," 11:45:00 AM","2025-02-04"," 11:50:00 AM","CE","77800","Sell","20","287.25","337.25","","-1000.00"
"540.2","2025-02-04"," 11:45:00 AM","2025-02-04"," 11:50:00 AM","PE","77800","Sell","20","287.85","337.85","","-1000.00"
"541","2025-02-05"," 9:45:00 AM","2025-02-05"," 3:15:00 PM","","","","","","","NA","2001.00"
"541.1","2025-02-05"," 9:45:00 AM","2025-02-05"," 3:15:00 PM","CE","78700","Sell","20","569.90","419.85","","3001.00"
"541.2","2025-02-05"," 9:45:00 AM","2025-02-05"," 9:53:00 AM","PE","78700","Sell","20","608.75","658.75","","-1000.00"
"542","2025-02-05"," 11:45:00 AM","2025-02-05"," 3:15:00 PM","","","","","","","NA","763.00"
"542.1","2025-02-05"," 11:45:00 AM","2025-02-05"," 3:15:00 PM","CE","78400","Sell","20","623.40","551.10","","1446.00"
"542.2","2025-02-05"," 11:45:00 AM","2025-02-05"," 3:15:00 PM","PE","78400","Sell","20","532.65","566.80","","-683.00"
"543","2025-02-06"," 9:45:00 AM","2025-02-06"," 3:15:00 PM","","","","","","","NA","1702.00"
"543.1","2025-02-06"," 9:45:00 AM","2025-02-06"," 3:15:00 PM","CE","78200","Sell","20","639.10","504.00","","2702.00"
"543.2","2025-02-06"," 9:45:00 AM","2025-02-06"," 11:08:00 AM","PE","78200","Sell","20","552.00","602.00","","-1000.00"
"544","2025-02-06"," 11:45:00 AM","2025-02-06"," 3:06:00 PM","","","","","","","NA","-1000.00"
"544.1","2025-02-06"," 11:45:00 AM","2025-02-06"," 3:06:00 PM","CE","78000","Sell","20","615.80","615.80","","0.00"
"544.2","2025-02-06"," 11:45:00 AM","2025-02-06"," 1:51:00 PM","PE","78000","Sell","20","502.20","552.20","","-1000.00"
"545","2025-02-07"," 9:45:00 AM","2025-02-07"," 9:47:00 AM","","","","","","","NA","-1000.00"
"545.1","2025-02-07"," 9:45:00 AM","2025-02-07"," 9:47:00 AM","CE","78100","Sell","20","564.30","564.30","","0.00"
"545.2","2025-02-07"," 9:45:00 AM","2025-02-07"," 9:46:00 AM","PE","78100","Sell","20","500.70","550.70","","-1000.00"
"546","2025-02-07"," 11:45:00 AM","2025-02-07"," 3:15:00 PM","","","","","","","NA","3613.00"
"546.1","2025-02-07"," 11:45:00 AM","2025-02-07"," 3:15:00 PM","CE","78300","Sell","20","471.85","241.20","","4613.00"
"546.2","2025-02-07"," 11:45:00 AM","2025-02-07"," 11:53:00 AM","PE","78300","Sell","20","373.20","423.20","","-1000.00"
"547","2025-02-10"," 9:45:00 AM","2025-02-10"," 10:08:00 AM","","","","","","","NA","-1000.00"
"547.1","2025-02-10"," 9:45:00 AM","2025-02-10"," 10:04:00 AM","CE","77400","Sell","20","420.00","470.00","","-1000.00"
"547.2","2025-02-10"," 9:45:00 AM","2025-02-10"," 10:08:00 AM","PE","77400","Sell","20","279.30","279.30","","0.00"
"548","2025-02-10"," 11:45:00 AM","2025-02-10"," 2:41:00 PM","","","","","","","NA","-1000.00"
"548.1","2025-02-10"," 11:45:00 AM","2025-02-10"," 2:41:00 PM","CE","77300","Sell","20","375.95","375.95","","0.00"
"548.2","2025-02-10"," 11:45:00 AM","2025-02-10"," 12:00:00 PM","PE","77300","Sell","20","277.75","327.75","","-1000.00"
"549","2025-02-11"," 9:45:00 AM","2025-02-11"," 3:15:00 PM","","","","","","","NA","3746.00"
"549.1","2025-02-11"," 9:45:00 AM","2025-02-11"," 3:15:00 PM","CE","77200","Sell","20","237.55","0.25","","4746.00"
"549.2","2025-02-11"," 9:45:00 AM","2025-02-11"," 9:50:00 AM","PE","77200","Sell","20","205.60","255.60","","-1000.00"
"550","2025-02-11"," 11:45:00 AM","2025-02-11"," 3:15:00 PM","","","","","","","NA","725.00"
"550.1","2025-02-11"," 11:45:00 AM","2025-02-11"," 3:15:00 PM","CE","77000","Sell","20","92.70","0.30","","1848.00"
"550.2","2025-02-11"," 11:45:00 AM","2025-02-11"," 12:49:00 PM","PE","77000","Sell","20","88.65","144.80","","-1123.00"
"551","2025-02-12"," 9:45:00 AM","2025-02-12"," 10:50:00 AM","","","","","","","NA","-1000.00"
"551.1","2025-02-12"," 9:45:00 AM","2025-02-12"," 10:50:00 AM","CE","75700","Sell","20","748.55","748.55","","0.00"
"551.2","2025-02-12"," 9:45:00 AM","2025-02-12"," 9:47:00 AM","PE","75700","Sell","20","472.40","522.40","","-1000.00"
"552","2025-02-12"," 11:45:00 AM","2025-02-12"," 11:47:00 AM","","","","","","","NA","-1000.00"
"552.1","2025-02-12"," 11:45:00 AM","2025-02-12"," 11:46:00 AM","CE","76000","Sell","20","722.90","772.90","","-1000.00"
"552.2","2025-02-12"," 11:45:00 AM","2025-02-12"," 11:47:00 AM","PE","76000","Sell","20","485.10","485.10","","0.00"
"553","2025-02-13"," 9:45:00 AM","2025-02-13"," 1:36:00 PM","","","","","","","NA","-1000.00"
"553.1","2025-02-13"," 9:45:00 AM","2025-02-13"," 9:54:00 AM","CE","76400","Sell","20","621.55","671.55","","-1000.00"
"553.2","2025-02-13"," 9:45:00 AM","2025-02-13"," 1:36:00 PM","PE","76400","Sell","20","485.65","485.65","","0.00"
"554","2025-02-13"," 11:45:00 AM","2025-02-13"," 3:15:00 PM","","","","","","","NA","4158.00"
"554.1","2025-02-13"," 11:45:00 AM","2025-02-13"," 3:15:00 PM","CE","76700","Sell","20","567.75","309.85","","5158.00"
"554.2","2025-02-13"," 11:45:00 AM","2025-02-13"," 1:14:00 PM","PE","76700","Sell","20","440.85","490.85","","-1000.00"
"555","2025-02-14"," 9:45:00 AM","2025-02-14"," 9:55:00 AM","","","","","","","NA","-1000.00"
"555.1","2025-02-14"," 9:45:00 AM","2025-02-14"," 9:52:00 AM","CE","76200","Sell","20","530.00","580.00","","-1000.00"
"555.2","2025-02-14"," 9:45:00 AM","2025-02-14"," 9:55:00 AM","PE","76200","Sell","20","410.80","410.80","","0.00"
"556","2025-02-14"," 11:45:00 AM","2025-02-14"," 2:33:00 PM","","","","","","","NA","-1000.00"
"556.1","2025-02-14"," 11:45:00 AM","2025-02-14"," 2:33:00 PM","CE","75800","Sell","20","497.95","497.95","","0.00"
"556.2","2025-02-14"," 11:45:00 AM","2025-02-14"," 12:05:00 PM","PE","75800","Sell","20","409.60","459.60","","-1000.00"
"557","2025-02-17"," 9:45:00 AM","2025-02-17"," 9:54:00 AM","","","","","","","NA","-1000.00"
"557.1","2025-02-17"," 9:45:00 AM","2025-02-17"," 9:49:00 AM","CE","75400","Sell","20","473.70","523.70","","-1000.00"
"557.2","2025-02-17"," 9:45:00 AM","2025-02-17"," 9:54:00 AM","PE","75400","Sell","20","323.75","323.75","","0.00"
"558","2025-02-17"," 11:45:00 AM","2025-02-17"," 12:48:00 PM","","","","","","","NA","-1000.00"
"558.1","2025-02-17"," 11:45:00 AM","2025-02-17"," 12:48:00 PM","CE","75700","Sell","20","437.80","437.80","","0.00"
"558.2","2025-02-17"," 11:45:00 AM","2025-02-17"," 12:15:00 PM","PE","75700","Sell","20","326.10","376.10","","-1000.00"
"559","2025-02-18"," 9:45:00 AM","2025-02-18"," 10:10:00 AM","","","","","","","NA","-1000.00"
"559.1","2025-02-18"," 9:45:00 AM","2025-02-18"," 9:49:00 AM","CE","75900","Sell","20","271.80","321.80","","-1000.00"
"559.2","2025-02-18"," 9:45:00 AM","2025-02-18"," 10:10:00 AM","PE","75900","Sell","20","219.20","219.20","","0.00"
"560","2025-02-18"," 11:45:00 AM","2025-02-18"," 11:49:00 AM","","","","","","","NA","-1000.00"
"560.1","2025-02-18"," 11:45:00 AM","2025-02-18"," 11:46:00 AM","CE","75700","Sell","20","173.00","223.00","","-1000.00"
"560.2","2025-02-18"," 11:45:00 AM","2025-02-18"," 11:49:00 AM","PE","75700","Sell","20","144.25","144.25","","0.00"
"561","2025-02-19"," 9:45:00 AM","2025-02-19"," 2:20:00 PM","","","","","","","NA","-1000.00"
"561.1","2025-02-19"," 9:45:00 AM","2025-02-19"," 9:49:00 AM","CE","75900","Sell","20","621.70","671.70","","-1000.00"
"561.2","2025-02-19"," 9:45:00 AM","2025-02-19"," 2:20:00 PM","PE","75900","Sell","20","538.40","538.40","","0.00"
"562","2025-02-19"," 11:45:00 AM","2025-02-19"," 12:34:00 PM","","","","","","","NA","-1000.00"
"562.1","2025-02-19"," 11:45:00 AM","2025-02-19"," 11:58:00 AM","CE","76100","Sell","20","624.40","674.40","","-1000.00"
"562.2","2025-02-19"," 11:45:00 AM","2025-02-19"," 12:34:00 PM","PE","76100","Sell","20","535.00","535.00","","0.00"
"563","2025-02-20"," 9:45:00 AM","2025-02-20"," 10:00:00 AM","","","","","","","NA","-1000.00"
"563.1","2025-02-20"," 9:45:00 AM","2025-02-20"," 10:00:00 AM","CE","75700","Sell","20","600.25","600.25","","0.00"
"563.2","2025-02-20"," 9:45:00 AM","2025-02-20"," 9:46:00 AM","PE","75700","Sell","20","458.35","508.35","","-1000.00"
"564","2025-02-20"," 11:45:00 AM","2025-02-20"," 3:15:00 PM","","","","","","","NA","1266.00"
"564.1","2025-02-20"," 11:45:00 AM","2025-02-20"," 3:15:00 PM","CE","75800","Sell","20","532.55","494.80","","755.00"
"564.2","2025-02-20"," 11:45:00 AM","2025-02-20"," 3:15:00 PM","PE","75800","Sell","20","446.25","420.70","","511.00"
"565","2025-02-21"," 9:45:00 AM","2025-02-21"," 3:15:00 PM","","","","","","","NA","2324.00"
"565.1","2025-02-21"," 9:45:00 AM","2025-02-21"," 3:15:00 PM","CE","75500","Sell","20","515.00","348.80","","3324.00"
"565.2","2025-02-21"," 9:45:00 AM","2025-02-21"," 10:01:00 AM","PE","75500","Sell","20","355.05","405.05","","-1000.00"
"566","2025-02-21"," 11:45:00 AM","2025-02-21"," 3:15:00 PM","","","","","","","NA","594.00"
"566.1","2025-02-21"," 11:45:00 AM","2025-02-21"," 3:15:00 PM","CE","75400","Sell","20","477.90","398.20","","1594.00"
"566.2","2025-02-21"," 11:45:00 AM","2025-02-21"," 1:02:00 PM","PE","75400","Sell","20","364.80","414.80","","-1000.00"
"567","2025-02-24"," 9:45:00 AM","2025-02-24"," 1:39:00 PM","","","","","","","NA","-1000.00"
"567.1","2025-02-24"," 9:45:00 AM","2025-02-24"," 11:46:00 AM","CE","74600","Sell","20","366.90","416.90","","-1000.00"
"567.2","2025-02-24"," 9:45:00 AM","2025-02-24"," 1:39:00 PM","PE","74600","Sell","20","262.05","262.05","","0.00"
"568","2025-02-24"," 11:45:00 AM","2025-02-24"," 3:15:00 PM","","","","","","","NA","1308.00"
"568.1","2025-02-24"," 11:45:00 AM","2025-02-24"," 3:15:00 PM","CE","74700","Sell","20","338.35","222.95","","2308.00"
"568.2","2025-02-24"," 11:45:00 AM","2025-02-24"," 12:06:00 PM","PE","74700","Sell","20","215.25","265.25","","-1000.00"
"569","2025-02-25"," 9:45:00 AM","2025-02-25"," 3:15:00 PM","","","","","","","NA","4469.00"
"569.1","2025-02-25"," 9:45:00 AM","2025-02-25"," 3:15:00 PM","CE","74700","Sell","20","184.80","0.40","","3688.00"
"569.2","2025-02-25"," 9:45:00 AM","2025-02-25"," 3:15:00 PM","PE","74700","Sell","20","106.75","67.70","","781.00"
"570","2025-02-25"," 11:45:00 AM","2025-02-25"," 3:15:00 PM","","","","","","","NA","-301.00"
"570.1","2025-02-25"," 11:45:00 AM","2025-02-25"," 1:09:00 PM","CE","74600","Sell","20","127.75","179.85","","-1042.00"
"570.2","2025-02-25"," 11:45:00 AM","2025-02-25"," 3:15:00 PM","PE","74600","Sell","20","40.45","3.40","","741.00"
"571","2025-02-27"," 9:45:00 AM","2025-02-27"," 3:15:00 PM","","","","","","","NA","76.00"
"571.1","2025-02-27"," 9:45:00 AM","2025-02-27"," 3:15:00 PM","CE","74600","Sell","20","488.30","500.55","","-245.00"
"571.2","2025-02-27"," 9:45:00 AM","2025-02-27"," 3:15:00 PM","PE","74600","Sell","20","296.05","280.00","","321.00"
"572","2025-02-27"," 11:45:00 AM","2025-02-27"," 3:15:00 PM","","","","","","","NA","-584.00"
"572.1","2025-02-27"," 11:45:00 AM","2025-02-27"," 3:15:00 PM","CE","74600","Sell","20","471.05","500.55","","-590.00"
"572.2","2025-02-27"," 11:45:00 AM","2025-02-27"," 3:15:00 PM","PE","74600","Sell","20","280.30","280.00","","6.00"
"573","2025-02-28"," 9:45:00 AM","2025-02-28"," 10:16:00 AM","","","","","","","NA","-1000.00"
"573.1","2025-02-28"," 9:45:00 AM","2025-02-28"," 10:16:00 AM","CE","73700","Sell","20","490.00","490.00","","0.00"
"573.2","2025-02-28"," 9:45:00 AM","2025-02-28"," 10:02:00 AM","PE","73700","Sell","20","306.50","356.50","","-1000.00"
"574","2025-02-28"," 11:45:00 AM","2025-02-28"," 3:15:00 PM","","","","","","","NA","2255.00"
"574.1","2025-02-28"," 11:45:00 AM","2025-02-28"," 3:15:00 PM","CE","73600","Sell","20","470.00","307.25","","3255.00"
"574.2","2025-02-28"," 11:45:00 AM","2025-02-28"," 12:35:00 PM","PE","73600","Sell","20","267.80","317.80","","-1000.00"
"575","2025-03-03"," 9:45:00 AM","2025-03-03"," 3:15:00 PM","","","","","","","NA","2439.00"
"575.1","2025-03-03"," 9:45:00 AM","2025-03-03"," 3:15:00 PM","CE","73200","Sell","20","394.75","222.80","","3439.00"
"575.2","2025-03-03"," 9:45:00 AM","2025-03-03"," 9:46:00 AM","PE","73200","Sell","20","268.60","318.60","","-1000.00"
"576","2025-03-03"," 11:45:00 AM","2025-03-03"," 3:15:00 PM","","","","","","","NA","1175.00"
"576.1","2025-03-03"," 11:45:00 AM","2025-03-03"," 12:14:00 PM","CE","72800","Sell","20","353.00","403.00","","-1000.00"
"576.2","2025-03-03"," 11:45:00 AM","2025-03-03"," 3:15:00 PM","PE","72800","Sell","20","223.00","114.25","","2175.00"
"577","2025-03-04"," 9:45:00 AM","2025-03-04"," 9:49:00 AM","","","","","","","NA","-1000.00"
"577.1","2025-03-04"," 9:45:00 AM","2025-03-04"," 9:49:00 AM","CE","72900","Sell","20","110.50","110.50","","0.00"
"577.2","2025-03-04"," 9:45:00 AM","2025-03-04"," 9:47:00 AM","PE","72900","Sell","20","162.40","212.40","","-1000.00"
"578","2025-03-04"," 11:45:00 AM","2025-03-04"," 3:15:00 PM","","","","","","","NA","734.00"
"578.1","2025-03-04"," 11:45:00 AM","2025-03-04"," 3:15:00 PM","CE","72900","Sell","20","82.20","89.00","","-136.00"
"578.2","2025-03-04"," 11:45:00 AM","2025-03-04"," 3:15:00 PM","PE","72900","Sell","20","43.70","0.20","","870.00"
"579","2025-03-05"," 9:45:00 AM","2025-03-05"," 9:54:00 AM","","","","","","","NA","-1000.00"
"579.1","2025-03-05"," 9:45:00 AM","2025-03-05"," 9:49:00 AM","CE","73500","Sell","20","543.40","593.40","","-1000.00"
"579.2","2025-03-05"," 9:45:00 AM","2025-03-05"," 9:54:00 AM","PE","73500","Sell","20","449.55","449.55","","0.00"
"580","2025-03-05"," 11:45:00 AM","2025-03-05"," 1:08:00 PM","","","","","","","NA","-1000.00"
"580.1","2025-03-05"," 11:45:00 AM","2025-03-05"," 11:51:00 AM","CE","73700","Sell","20","555.25","605.25","","-1000.00"
"580.2","2025-03-05"," 11:45:00 AM","2025-03-05"," 1:08:00 PM","PE","73700","Sell","20","411.00","411.00","","0.00"
"581","2025-03-06"," 9:45:00 AM","2025-03-06"," 10:06:00 AM","","","","","","","NA","-1000.00"
"581.1","2025-03-06"," 9:45:00 AM","2025-03-06"," 10:06:00 AM","CE","73600","Sell","20","531.00","531.00","","0.00"
"581.2","2025-03-06"," 9:45:00 AM","2025-03-06"," 9:48:00 AM","PE","73600","Sell","20","413.65","463.65","","-1000.00"
"582","2025-03-06"," 11:45:00 AM","2025-03-06"," 3:15:00 PM","","","","","","","NA","2353.00"
"582.1","2025-03-06"," 11:45:00 AM","2025-03-06"," 11:51:00 AM","CE","73800","Sell","20","457.85","507.85","","-1000.00"
"582.2","2025-03-06"," 11:45:00 AM","2025-03-06"," 3:15:00 PM","PE","73800","Sell","20","404.75","237.10","","3353.00"
"583","2025-03-07"," 9:45:00 AM","2025-03-07"," 3:15:00 PM","","","","","","","NA","1700.00"
"583.1","2025-03-07"," 9:45:00 AM","2025-03-07"," 10:00:00 AM","CE","74100","Sell","20","438.55","488.55","","-1000.00"
"583.2","2025-03-07"," 9:45:00 AM","2025-03-07"," 3:15:00 PM","PE","74100","Sell","20","353.55","218.55","","2700.00"
"584","2025-03-07"," 11:45:00 AM","2025-03-07"," 3:15:00 PM","","","","","","","NA","394.00"
"584.1","2025-03-07"," 11:45:00 AM","2025-03-07"," 3:15:00 PM","CE","74500","Sell","20","348.75","279.05","","1394.00"
"584.2","2025-03-07"," 11:45:00 AM","2025-03-07"," 11:49:00 AM","PE","74500","Sell","20","358.70","408.70","","-1000.00"
"585","2025-03-10"," 9:45:00 AM","2025-03-10"," 10:03:00 AM","","","","","","","NA","-1000.00"
"585.1","2025-03-10"," 9:45:00 AM","2025-03-10"," 9:59:00 AM","CE","74700","Sell","20","182.30","232.30","","-1000.00"
"585.2","2025-03-10"," 9:45:00 AM","2025-03-10"," 10:03:00 AM","PE","74700","Sell","20","337.85","337.85","","0.00"
"586","2025-03-10"," 11:45:00 AM","2025-03-10"," 3:15:00 PM","","","","","","","NA","1970.00"
"586.1","2025-03-10"," 11:45:00 AM","2025-03-10"," 3:15:00 PM","CE","74600","Sell","20","198.35","49.85","","2970.00"
"586.2","2025-03-10"," 11:45:00 AM","2025-03-10"," 12:03:00 PM","PE","74600","Sell","20","226.05","276.05","","-1000.00"
"587","2025-03-11"," 9:45:00 AM","2025-03-11"," 3:15:00 PM","","","","","","","NA","1581.00"
"587.1","2025-03-11"," 9:45:00 AM","2025-03-11"," 9:50:00 AM","CE","73800","Sell","20","128.70","178.70","","-1000.00"
"587.2","2025-03-11"," 9:45:00 AM","2025-03-11"," 3:15:00 PM","PE","73800","Sell","20","129.20","0.15","","2581.00"
"588","2025-03-11"," 11:45:00 AM","2025-03-11"," 3:15:00 PM","","","","","","","NA","14.00"
"588.1","2025-03-11"," 11:45:00 AM","2025-03-11"," 1:28:00 PM","CE","73900","Sell","20","121.60","171.60","","-1000.00"
"588.2","2025-03-11"," 11:45:00 AM","2025-03-11"," 3:15:00 PM","PE","73900","Sell","20","50.90","0.20","","1014.00"
"589","2025-03-12"," 9:45:00 AM","2025-03-12"," 9:49:00 AM","","","","","","","NA","-1000.00"
"589.1","2025-03-12"," 9:45:00 AM","2025-03-12"," 9:49:00 AM","CE","74100","Sell","20","474.05","474.05","","0.00"
"589.2","2025-03-12"," 9:45:00 AM","2025-03-12"," 9:46:00 AM","PE","74100","Sell","20","448.50","498.50","","-1000.00"
"590","2025-03-12"," 11:45:00 AM","2025-03-12"," 3:15:00 PM","","","","","","","NA","2703.00"
"590.1","2025-03-12"," 11:45:00 AM","2025-03-12"," 1:15:00 PM","CE","73700","Sell","20","453.00","503.00","","-1000.00"
"590.2","2025-03-12"," 11:45:00 AM","2025-03-12"," 3:15:00 PM","PE","73700","Sell","20","430.20","245.05","","3703.00"
"591","2025-03-13"," 9:45:00 AM","2025-03-13"," 10:53:00 AM","","","","","","","NA","-1000.00"
"591.1","2025-03-13"," 9:45:00 AM","2025-03-13"," 9:57:00 AM","CE","74100","Sell","20","379.65","429.65","","-1000.00"
"591.2","2025-03-13"," 9:45:00 AM","2025-03-13"," 10:53:00 AM","PE","74100","Sell","20","315.70","315.70","","0.00"
"592","2025-03-13"," 11:45:00 AM","2025-03-13"," 3:15:00 PM","","","","","","","NA","701.00"
"592.1","2025-03-13"," 11:45:00 AM","2025-03-13"," 3:15:00 PM","CE","74000","Sell","20","362.35","277.30","","1701.00"
"592.2","2025-03-13"," 11:45:00 AM","2025-03-13"," 11:47:00 AM","PE","74000","Sell","20","348.60","398.60","","-1000.00"
"593","2025-03-17"," 9:45:00 AM","2025-03-17"," 3:15:00 PM","","","","","","","NA","909.00"
"593.1","2025-03-17"," 9:45:00 AM","2025-03-17"," 3:15:00 PM","CE","74300","Sell","20","270.95","175.50","","1909.00"
"593.2","2025-03-17"," 9:45:00 AM","2025-03-17"," 10:03:00 AM","PE","74300","Sell","20","211.85","261.85","","-1000.00"
"594","2025-03-17"," 11:45:00 AM","2025-03-17"," 3:15:00 PM","","","","","","","NA","151.00"
"594.1","2025-03-17"," 11:45:00 AM","2025-03-17"," 3:15:00 PM","CE","74200","Sell","20","275.65","218.10","","1151.00"
"594.2","2025-03-17"," 11:45:00 AM","2025-03-17"," 12:22:00 PM","PE","74200","Sell","20","210.75","260.75","","-1000.00"
"595","2025-03-18"," 9:45:00 AM","2025-03-18"," 3:15:00 PM","","","","","","","NA","2357.00"
"595.1","2025-03-18"," 9:45:00 AM","2025-03-18"," 10:01:00 AM","CE","74700","Sell","20","208.95","258.95","","-1000.00"
"595.2","2025-03-18"," 9:45:00 AM","2025-03-18"," 3:15:00 PM","PE","74700","Sell","20","168.15","0.30","","3357.00"
"596","2025-03-18"," 11:45:00 AM","2025-03-18"," 1:19:00 PM","","","","","","","NA","-1000.00"
"596.1","2025-03-18"," 11:45:00 AM","2025-03-18"," 1:19:00 PM","CE","75000","Sell","20","163.25","163.25","","0.00"
"596.2","2025-03-18"," 11:45:00 AM","2025-03-18"," 12:29:00 PM","PE","75000","Sell","20","84.00","134.00","","-1000.00"
"597","2025-03-19"," 9:45:00 AM","2025-03-19"," 10:53:00 AM","","","","","","","NA","-1000.00"
"597.1","2025-03-19"," 9:45:00 AM","2025-03-19"," 10:19:00 AM","CE","75400","Sell","20","535.40","585.40","","-1000.00"
"597.2","2025-03-19"," 9:45:00 AM","2025-03-19"," 10:53:00 AM","PE","75400","Sell","20","428.15","428.15","","0.00"
"598","2025-03-19"," 11:45:00 AM","2025-03-19"," 1:10:00 PM","","","","","","","NA","-1000.00"
"598.1","2025-03-19"," 11:45:00 AM","2025-03-19"," 12:50:00 PM","CE","75400","Sell","20","552.10","602.10","","-1000.00"
"598.2","2025-03-19"," 11:45:00 AM","2025-03-19"," 1:10:00 PM","PE","75400","Sell","20","387.55","387.55","","0.00"
"599","2025-03-20"," 9:45:00 AM","2025-03-20"," 11:14:00 AM","","","","","","","NA","-1000.00"
"599.1","2025-03-20"," 9:45:00 AM","2025-03-20"," 11:14:00 AM","CE","76000","Sell","20","427.25","427.25","","0.00"
"599.2","2025-03-20"," 9:45:00 AM","2025-03-20"," 9:52:00 AM","PE","76000","Sell","20","375.45","425.45","","-1000.00"
"600","2025-03-20"," 11:45:00 AM","2025-03-20"," 3:15:00 PM","","","","","","","NA","1507.00"
"600.1","2025-03-20"," 11:45:00 AM","2025-03-20"," 12:48:00 PM","CE","75900","Sell","20","468.65","518.65","","-1000.00"
"600.2","2025-03-20"," 11:45:00 AM","2025-03-20"," 3:15:00 PM","PE","75900","Sell","20","310.35","185.00","","2507.00"
"601","2025-03-21"," 9:45:00 AM","2025-03-21"," 3:15:00 PM","","","","","","","NA","1681.00"
"601.1","2025-03-21"," 9:45:00 AM","2025-03-21"," 10:39:00 AM","CE","76600","Sell","20","373.65","423.65","","-1000.00"
"601.2","2025-03-21"," 9:45:00 AM","2025-03-21"," 3:15:00 PM","PE","76600","Sell","20","304.25","170.20","","2681.00"
"602","2025-03-21"," 11:45:00 AM","2025-03-21"," 1:50:00 PM","","","","","","","NA","-1000.00"
"602.1","2025-03-21"," 11:45:00 AM","2025-03-21"," 12:08:00 PM","CE","76800","Sell","20","397.55","447.55","","-1000.00"
"602.2","2025-03-21"," 11:45:00 AM","2025-03-21"," 1:50:00 PM","PE","76800","Sell","20","312.65","312.65","","0.00"
"603","2025-03-24"," 9:45:00 AM","2025-03-24"," 3:15:00 PM","","","","","","","NA","2894.00"
"603.1","2025-03-24"," 9:45:00 AM","2025-03-24"," 9:51:00 AM","CE","77300","Sell","20","328.65","378.65","","-1000.00"
"603.2","2025-03-24"," 9:45:00 AM","2025-03-24"," 3:15:00 PM","PE","77300","Sell","20","264.60","69.90","","3894.00"
"604","2025-03-24"," 11:45:00 AM","2025-03-24"," 3:15:00 PM","","","","","","","NA","1547.00"
"604.1","2025-03-24"," 11:45:00 AM","2025-03-24"," 11:47:00 AM","CE","77700","Sell","20","338.25","388.25","","-1000.00"
"604.2","2025-03-24"," 11:45:00 AM","2025-03-24"," 3:15:00 PM","PE","77700","Sell","20","270.60","143.25","","2547.00"
"605","2025-03-25"," 9:45:00 AM","2025-03-25"," 10:11:00 AM","","","","","","","NA","-1000.00"
"605.1","2025-03-25"," 9:45:00 AM","2025-03-25"," 9:51:00 AM","CE","78500","Sell","20","204.70","254.70","","-1000.00"
"605.2","2025-03-25"," 9:45:00 AM","2025-03-25"," 10:11:00 AM","PE","78500","Sell","20","179.15","179.15","","0.00"
"606","2025-03-25"," 11:45:00 AM","2025-03-25"," 1:18:00 PM","","","","","","","NA","-1000.00"
"606.1","2025-03-25"," 11:45:00 AM","2025-03-25"," 11:54:00 AM","CE","77900","Sell","20","219.00","269.00","","-1000.00"
"606.2","2025-03-25"," 11:45:00 AM","2025-03-25"," 1:18:00 PM","PE","77900","Sell","20","104.35","104.35","","0.00"
"607","2025-03-26"," 9:45:00 AM","2025-03-26"," 9:49:00 AM","","","","","","","NA","-1000.00"
"607.1","2025-03-26"," 9:45:00 AM","2025-03-26"," 9:49:00 AM","CE","77900","Sell","20","595.75","595.75","","0.00"
"607.2","2025-03-26"," 9:45:00 AM","2025-03-26"," 9:46:00 AM","PE","77900","Sell","20","418.85","468.85","","-1000.00"
"608","2025-03-26"," 11:45:00 AM","2025-03-26"," 3:15:00 PM","","","","","","","NA","4056.00"
"608.1","2025-03-26"," 11:45:00 AM","2025-03-26"," 3:15:00 PM","CE","77800","Sell","20","645.10","392.30","","5056.00"
"608.2","2025-03-26"," 11:45:00 AM","2025-03-26"," 11:59:00 AM","PE","77800","Sell","20","358.50","408.50","","-1000.00"
"609","2025-03-27"," 9:45:00 AM","2025-03-27"," 9:54:00 AM","","","","","","","NA","-1000.00"
"609.1","2025-03-27"," 9:45:00 AM","2025-03-27"," 9:54:00 AM","CE","77500","Sell","20","559.40","559.40","","0.00"
"609.2","2025-03-27"," 9:45:00 AM","2025-03-27"," 9:51:00 AM","PE","77500","Sell","20","343.95","393.95","","-1000.00"
"610","2025-03-27"," 11:45:00 AM","2025-03-27"," 3:15:00 PM","","","","","","","NA","749.00"
"610.1","2025-03-27"," 11:45:00 AM","2025-03-27"," 3:15:00 PM","CE","77700","Sell","20","537.50","524.70","","256.00"
"610.2","2025-03-27"," 11:45:00 AM","2025-03-27"," 3:15:00 PM","PE","77700","Sell","20","318.40","293.75","","493.00"
"611","2025-03-28"," 9:45:00 AM","2025-03-28"," 1:05:00 PM","","","","","","","NA","-1000.00"
"611.1","2025-03-28"," 9:45:00 AM","2025-03-28"," 9:55:00 AM","CE","77400","Sell","20","372.40","422.40","","-1000.00"
"611.2","2025-03-28"," 9:45:00 AM","2025-03-28"," 1:05:00 PM","PE","77400","Sell","20","325.60","325.60","","0.00"
"612","2025-03-28"," 11:45:00 AM","2025-03-28"," 12:18:00 PM","","","","","","","NA","-1000.00"
"612.1","2025-03-28"," 11:45:00 AM","2025-03-28"," 12:13:00 PM","CE","77500","Sell","20","360.30","410.30","","-1000.00"
"612.2","2025-03-28"," 11:45:00 AM","2025-03-28"," 12:18:00 PM","PE","77500","Sell","20","256.55","256.55","","0.00"
"613","2025-04-01"," 9:45:00 AM","2025-04-01"," 3:15:00 PM","","","","","","","NA","3940.00"
"613.1","2025-04-01"," 9:45:00 AM","2025-04-01"," 3:15:00 PM","CE","77400","Sell","20","247.35","0.35","","4940.00"
"613.2","2025-04-01"," 9:45:00 AM","2025-04-01"," 9:52:00 AM","PE","77400","Sell","20","148.85","198.85","","-1000.00"
"614","2025-04-01"," 11:45:00 AM","2025-04-01"," 12:10:00 PM","","","","","","","NA","-1000.00"
"614.1","2025-04-01"," 11:45:00 AM","2025-04-01"," 12:10:00 PM","CE","76200","Sell","20","140.50","140.50","","0.00"
"614.2","2025-04-01"," 11:45:00 AM","2025-04-01"," 12:04:00 PM","PE","76200","Sell","20","212.65","262.65","","-1000.00"
"615","2025-04-02"," 9:45:00 AM","2025-04-02"," 9:57:00 AM","","","","","","","NA","-1000.00"
"615.1","2025-04-02"," 9:45:00 AM","2025-04-02"," 9:57:00 AM","CE","76300","Sell","20","622.50","622.50","","0.00"
"615.2","2025-04-02"," 9:45:00 AM","2025-04-02"," 9:46:00 AM","PE","76300","Sell","20","474.90","524.90","","-1000.00"
"616","2025-04-02"," 11:45:00 AM","2025-04-02"," 3:15:00 PM","","","","","","","NA","184.00"
"616.1","2025-04-02"," 11:45:00 AM","2025-04-02"," 12:13:00 PM","CE","76400","Sell","20","554.25","604.25","","-1000.00"
"616.2","2025-04-02"," 11:45:00 AM","2025-04-02"," 3:15:00 PM","PE","76400","Sell","20","467.10","407.90","","1184.00"
"617","2025-04-03"," 9:45:00 AM","2025-04-03"," 3:15:00 PM","","","","","","","NA","606.00"
"617.1","2025-04-03"," 9:45:00 AM","2025-04-03"," 10:14:00 AM","CE","76300","Sell","20","466.55","516.55","","-1000.00"
"617.2","2025-04-03"," 9:45:00 AM","2025-04-03"," 3:15:00 PM","PE","76300","Sell","20","507.85","427.55","","1606.00"
"618","2025-04-03"," 11:45:00 AM","2025-04-03"," 3:15:00 PM","","","","","","","NA","-83.00"
"618.1","2025-04-03"," 11:45:00 AM","2025-04-03"," 3:15:00 PM","CE","76400","Sell","20","446.85","401.00","","917.00"
"618.2","2025-04-03"," 11:45:00 AM","2025-04-03"," 2:32:00 PM","PE","76400","Sell","20","425.00","475.00","","-1000.00"
"619","2025-04-04"," 9:45:00 AM","2025-04-04"," 3:15:00 PM","","","","","","","NA","3680.00"
"619.1","2025-04-04"," 9:45:00 AM","2025-04-04"," 3:15:00 PM","CE","75900","Sell","20","339.95","105.95","","4680.00"
"619.2","2025-04-04"," 9:45:00 AM","2025-04-04"," 9:51:00 AM","PE","75900","Sell","20","477.00","527.00","","-1000.00"
"620","2025-04-04"," 11:45:00 AM","2025-04-04"," 3:15:00 PM","","","","","","","NA","1032.00"
"620.1","2025-04-04"," 11:45:00 AM","2025-04-04"," 3:15:00 PM","CE","75600","Sell","20","290.35","188.75","","2032.00"
"620.2","2025-04-04"," 11:45:00 AM","2025-04-04"," 1:38:00 PM","PE","75600","Sell","20","405.00","455.00","","-1000.00"
"621","2025-04-07"," 9:45:00 AM","2025-04-07"," 9:49:00 AM","","","","","","","NA","-1000.00"
"621.1","2025-04-07"," 9:45:00 AM","2025-04-07"," 9:49:00 AM","CE","72700","Sell","20","847.40","847.40","","0.00"
"621.2","2025-04-07"," 9:45:00 AM","2025-04-07"," 9:47:00 AM","PE","72700","Sell","20","685.25","735.25","","-1000.00"
"622","2025-04-07"," 11:45:00 AM","2025-04-07"," 1:47:00 PM","","","","","","","NA","-1000.00"
"622.1","2025-04-07"," 11:45:00 AM","2025-04-07"," 1:47:00 PM","CE","72600","Sell","20","731.15","731.15","","0.00"
"622.2","2025-04-07"," 11:45:00 AM","2025-04-07"," 11:58:00 AM","PE","72600","Sell","20","688.70","738.70","","-1000.00"
"623","2025-04-08"," 9:45:00 AM","2025-04-08"," 9:48:00 AM","","","","","","","NA","-1000.00"
"623.1","2025-04-08"," 9:45:00 AM","2025-04-08"," 9:46:00 AM","CE","74200","Sell","20","233.95","283.95","","-1000.00"
"623.2","2025-04-08"," 9:45:00 AM","2025-04-08"," 9:48:00 AM","PE","74200","Sell","20","225.95","225.95","","0.00"
"624","2025-04-08"," 11:45:00 AM","2025-04-08"," 3:15:00 PM","","","","","","","NA","6944.00"
"624.1","2025-04-08"," 11:45:00 AM","2025-04-08"," 11:46:00 AM","CE","73700","Sell","20","353.90","403.90","","-1000.00"
"624.2","2025-04-08"," 11:45:00 AM","2025-04-08"," 3:15:00 PM","PE","73700","Sell","20","397.55","0.35","","7944.00"
"625","2025-04-09"," 9:45:00 AM","2025-04-09"," 3:15:00 PM","","","","","","","NA","420.00"
"625.1","2025-04-09"," 9:45:00 AM","2025-04-09"," 3:15:00 PM","CE","74100","Sell","20","808.85","737.85","","1420.00"
"625.2","2025-04-09"," 9:45:00 AM","2025-04-09"," 9:49:00 AM","PE","74100","Sell","20","817.90","867.90","","-1000.00"
"626","2025-04-09"," 11:45:00 AM","2025-04-09"," 3:14:00 PM","","","","","","","NA","-1442.00"
"626.1","2025-04-09"," 11:45:00 AM","2025-04-09"," 3:14:00 PM","CE","73900","Sell","20","825.00","848.90","","-478.00"
"626.2","2025-04-09"," 11:45:00 AM","2025-04-09"," 3:14:00 PM","PE","73900","Sell","20","738.55","786.75","","-964.00"
"627","2025-04-11"," 9:45:00 AM","2025-04-11"," 9:51:00 AM","","","","","","","NA","-1000.00"
"627.1","2025-04-11"," 9:45:00 AM","2025-04-11"," 9:50:00 AM","CE","75300","Sell","20","650.10","700.10","","-1000.00"
"627.2","2025-04-11"," 9:45:00 AM","2025-04-11"," 9:51:00 AM","PE","75300","Sell","20","594.30","594.30","","0.00"
"628","2025-04-11"," 11:45:00 AM","2025-04-11"," 12:22:00 PM","","","","","","","NA","-1000.00"
"628.1","2025-04-11"," 11:45:00 AM","2025-04-11"," 12:13:00 PM","CE","75300","Sell","20","531.80","581.80","","-1000.00"
"628.2","2025-04-11"," 11:45:00 AM","2025-04-11"," 12:22:00 PM","PE","75300","Sell","20","465.80","465.80","","0.00"
"629","2025-04-15"," 9:45:00 AM","2025-04-15"," 3:15:00 PM","","","","","","","NA","5668.00"
"629.1","2025-04-15"," 9:45:00 AM","2025-04-15"," 3:15:00 PM","CE","76700","Sell","20","162.95","5.70","","3145.00"
"629.2","2025-04-15"," 9:45:00 AM","2025-04-15"," 3:15:00 PM","PE","76700","Sell","20","127.80","1.65","","2523.00"
"630","2025-04-15"," 11:45:00 AM","2025-04-15"," 3:15:00 PM","","","","","","","NA","-52.00"
"630.1","2025-04-15"," 11:45:00 AM","2025-04-15"," 12:20:00 PM","CE","76700","Sell","20","74.30","124.30","","-1000.00"
"630.2","2025-04-15"," 11:45:00 AM","2025-04-15"," 3:15:00 PM","PE","76700","Sell","20","49.05","1.65","","948.00"
"631","2025-04-16"," 9:45:00 AM","2025-04-16"," 1:59:00 PM","","","","","","","NA","-1000.00"
"631.1","2025-04-16"," 9:45:00 AM","2025-04-16"," 1:59:00 PM","CE","76800","Sell","20","558.25","558.25","","0.00"
"631.2","2025-04-16"," 9:45:00 AM","2025-04-16"," 10:18:00 AM","PE","76800","Sell","20","496.25","546.25","","-1000.00"
"632","2025-04-16"," 11:45:00 AM","2025-04-16"," 1:58:00 PM","","","","","","","NA","-1000.00"
"632.1","2025-04-16"," 11:45:00 AM","2025-04-16"," 1:58:00 PM","CE","76700","Sell","20","547.80","547.80","","0.00"
"632.2","2025-04-16"," 11:45:00 AM","2025-04-16"," 1:29:00 PM","PE","76700","Sell","20","525.10","575.10","","-1000.00"
"633","2025-04-17"," 9:45:00 AM","2025-04-17"," 10:08:00 AM","","","","","","","NA","-1000.00"
"633.1","2025-04-17"," 9:45:00 AM","2025-04-17"," 9:46:00 AM","CE","77000","Sell","20","490.10","540.10","","-1000.00"
"633.2","2025-04-17"," 9:45:00 AM","2025-04-17"," 10:08:00 AM","PE","77000","Sell","20","538.60","538.60","","0.00"
"634","2025-04-17"," 11:45:00 AM","2025-04-17"," 11:56:00 AM","","","","","","","NA","-1000.00"
"634.1","2025-04-17"," 11:45:00 AM","2025-04-17"," 11:52:00 AM","CE","77600","Sell","20","584.55","634.55","","-1000.00"
"634.2","2025-04-17"," 11:45:00 AM","2025-04-17"," 11:56:00 AM","PE","77600","Sell","20","634.25","634.25","","0.00"
"635","2025-04-21"," 9:45:00 AM","2025-04-21"," 9:56:00 AM","","","","","","","NA","-1000.00"
"635.1","2025-04-21"," 9:45:00 AM","2025-04-21"," 9:56:00 AM","CE","79200","Sell","20","322.45","322.45","","0.00"
"635.2","2025-04-21"," 9:45:00 AM","2025-04-21"," 9:47:00 AM","PE","79200","Sell","20","403.25","453.25","","-1000.00"
"636","2025-04-21"," 11:45:00 AM","2025-04-21"," 1:42:00 PM","","","","","","","NA","-1000.00"
"636.1","2025-04-21"," 11:45:00 AM","2025-04-21"," 11:58:00 AM","CE","79300","Sell","20","298.05","348.05","","-1000.00"
"636.2","2025-04-21"," 11:45:00 AM","2025-04-21"," 1:42:00 PM","PE","79300","Sell","20","286.15","286.15","","0.00"
"637","2025-04-22"," 9:45:00 AM","2025-04-22"," 10:26:00 AM","","","","","","","NA","-1000.00"
"637.1","2025-04-22"," 9:45:00 AM","2025-04-22"," 10:26:00 AM","CE","79600","Sell","20","125.70","125.70","","0.00"
"637.2","2025-04-22"," 9:45:00 AM","2025-04-22"," 9:54:00 AM","PE","79600","Sell","20","140.05","190.05","","-1000.00"
"638","2025-04-22"," 11:45:00 AM","2025-04-22"," 3:15:00 PM","","","","","","","NA","93.00"
"638.1","2025-04-22"," 11:45:00 AM","2025-04-22"," 3:15:00 PM","CE","79700","Sell","20","55.00","0.35","","1093.00"
"638.2","2025-04-22"," 11:45:00 AM","2025-04-22"," 12:22:00 PM","PE","79700","Sell","20","96.75","146.75","","-1000.00"
"639","2025-04-23"," 9:45:00 AM","2025-04-23"," 3:15:00 PM","","","","","","","NA","-401.00"
"639.1","2025-04-23"," 9:45:00 AM","2025-04-23"," 3:15:00 PM","CE","80100","Sell","20","642.65","612.70","","599.00"
"639.2","2025-04-23"," 9:45:00 AM","2025-04-23"," 10:05:00 AM","PE","80100","Sell","20","553.10","603.10","","-1000.00"
"640","2025-04-23"," 11:45:00 AM","2025-04-23"," 1:03:00 PM","","","","","","","NA","-1000.00"
"640.1","2025-04-23"," 11:45:00 AM","2025-04-23"," 1:03:00 PM","CE","79900","Sell","20","624.30","624.30","","0.00"
"640.2","2025-04-23"," 11:45:00 AM","2025-04-23"," 12:10:00 PM","PE","79900","Sell","20","569.45","619.45","","-1000.00"
"641","2025-04-24"," 9:45:00 AM","2025-04-24"," 9:57:00 AM","","","","","","","NA","-1000.00"
"641.1","2025-04-24"," 9:45:00 AM","2025-04-24"," 9:55:00 AM","CE","79900","Sell","20","599.30","649.30","","-1000.00"
"641.2","2025-04-24"," 9:45:00 AM","2025-04-24"," 9:57:00 AM","PE","79900","Sell","20","506.40","506.40","","0.00"
"642","2025-04-24"," 11:45:00 AM","2025-04-24"," 3:15:00 PM","","","","","","","NA","-209.00"
"642.1","2025-04-24"," 11:45:00 AM","2025-04-24"," 3:15:00 PM","CE","79900","Sell","20","564.45","522.45","","840.00"
"642.2","2025-04-24"," 11:45:00 AM","2025-04-24"," 2:38:00 PM","PE","79900","Sell","20","524.45","576.90","","-1049.00"
"643","2025-04-25"," 9:45:00 AM","2025-04-25"," 3:15:00 PM","","","","","","","NA","4440.00"
"643.1","2025-04-25"," 9:45:00 AM","2025-04-25"," 3:15:00 PM","CE","79700","Sell","20","542.90","270.90","","5440.00"
"643.2","2025-04-25"," 9:45:00 AM","2025-04-25"," 9:48:00 AM","PE","79700","Sell","20","491.90","541.90","","-1000.00"
"644","2025-04-25"," 11:45:00 AM","2025-04-25"," 12:13:00 PM","","","","","","","NA","-1000.00"
"644.1","2025-04-25"," 11:45:00 AM","2025-04-25"," 12:13:00 PM","CE","78800","Sell","20","492.05","492.05","","0.00"
"644.2","2025-04-25"," 11:45:00 AM","2025-04-25"," 11:48:00 AM","PE","78800","Sell","20","517.35","567.35","","-1000.00"
"645","2025-04-28"," 9:45:00 AM","2025-04-28"," 9:50:00 AM","","","","","","","NA","-1000.00"
"645.1","2025-04-28"," 9:45:00 AM","2025-04-28"," 9:48:00 AM","CE","79800","Sell","20","323.50","373.50","","-1000.00"
"645.2","2025-04-28"," 9:45:00 AM","2025-04-28"," 9:50:00 AM","PE","79800","Sell","20","345.20","345.20","","0.00"
"646","2025-04-28"," 11:45:00 AM","2025-04-28"," 2:29:00 PM","","","","","","","NA","-1000.00"
"646.1","2025-04-28"," 11:45:00 AM","2025-04-28"," 12:16:00 PM","CE","80000","Sell","20","320.75","370.75","","-1000.00"
"646.2","2025-04-28"," 11:45:00 AM","2025-04-28"," 2:29:00 PM","PE","80000","Sell","20","259.80","259.80","","0.00"
"647","2025-04-29"," 9:45:00 AM","2025-04-29"," 9:48:00 AM","","","","","","","NA","-1000.00"
"647.1","2025-04-29"," 9:45:00 AM","2025-04-29"," 9:46:00 AM","CE","80200","Sell","20","190.65","240.65","","-1000.00"
"647.2","2025-04-29"," 9:45:00 AM","2025-04-29"," 9:48:00 AM","PE","80200","Sell","20","243.35","243.35","","0.00"
"648","2025-04-29"," 11:45:00 AM","2025-04-29"," 12:52:00 PM","","","","","","","NA","-1000.00"
"648.1","2025-04-29"," 11:45:00 AM","2025-04-29"," 12:52:00 PM","CE","80400","Sell","20","32.80","32.80","","0.00"
"648.2","2025-04-29"," 11:45:00 AM","2025-04-29"," 11:55:00 AM","PE","80400","Sell","20","129.90","179.90","","-1000.00"
"649","2025-04-30"," 9:45:00 AM","2025-04-30"," 10:17:00 AM","","","","","","","NA","-1000.00"
"649.1","2025-04-30"," 9:45:00 AM","2025-04-30"," 9:50:00 AM","CE","80300","Sell","20","679.05","729.05","","-1000.00"
"649.2","2025-04-30"," 9:45:00 AM","2025-04-30"," 10:17:00 AM","PE","80300","Sell","20","628.85","628.85","","0.00"
"650","2025-04-30"," 11:45:00 AM","2025-04-30"," 1:01:00 PM","","","","","","","NA","-1000.00"
"650.1","2025-04-30"," 11:45:00 AM","2025-04-30"," 12:33:00 PM","CE","80300","Sell","20","632.25","682.25","","-1000.00"
"650.2","2025-04-30"," 11:45:00 AM","2025-04-30"," 1:01:00 PM","PE","80300","Sell","20","626.65","626.65","","0.00"
"651","2025-05-02"," 9:45:00 AM","2025-05-02"," 10:06:00 AM","","","","","","","NA","-1000.00"
"651.1","2025-05-02"," 9:45:00 AM","2025-05-02"," 9:50:00 AM","CE","81000","Sell","20","562.05","612.05","","-1000.00"
"651.2","2025-05-02"," 9:45:00 AM","2025-05-02"," 10:06:00 AM","PE","81000","Sell","20","462.40","462.40","","0.00"
"652","2025-05-02"," 11:45:00 AM","2025-05-02"," 12:03:00 PM","","","","","","","NA","-1000.00"
"652.1","2025-05-02"," 11:45:00 AM","2025-05-02"," 11:57:00 AM","CE","80500","Sell","20","484.45","534.45","","-1000.00"
"652.2","2025-05-02"," 11:45:00 AM","2025-05-02"," 12:03:00 PM","PE","80500","Sell","20","507.25","507.25","","0.00"
"653","2025-05-05"," 9:45:00 AM","2025-05-05"," 11:54:00 AM","","","","","","","NA","-1000.00"
"653.1","2025-05-05"," 9:45:00 AM","2025-05-05"," 9:52:00 AM","CE","80800","Sell","20","297.25","347.25","","-1000.00"
"653.2","2025-05-05"," 9:45:00 AM","2025-05-05"," 11:54:00 AM","PE","80800","Sell","20","338.10","338.10","","0.00"
"654","2025-05-05"," 11:45:00 AM","2025-05-05"," 12:02:00 PM","","","","","","","NA","-1000.00"
"654.1","2025-05-05"," 11:45:00 AM","2025-05-05"," 12:02:00 PM","CE","80800","Sell","20","256.45","256.45","","0.00"
"654.2","2025-05-05"," 11:45:00 AM","2025-05-05"," 11:53:00 AM","PE","80800","Sell","20","268.00","318.00","","-1000.00"
"655","2025-05-06"," 9:45:00 AM","2025-05-06"," 3:15:00 PM","","","","","","","NA","427.00"
"655.1","2025-05-06"," 9:45:00 AM","2025-05-06"," 3:15:00 PM","CE","80800","Sell","20","71.95","0.60","","1427.00"
"655.2","2025-05-06"," 9:45:00 AM","2025-05-06"," 9:53:00 AM","PE","80800","Sell","20","121.15","171.15","","-1000.00"
"656","2025-05-06"," 11:45:00 AM","2025-05-06"," 3:15:00 PM","","","","","","","NA","-272.00"
"656.1","2025-05-06"," 11:45:00 AM","2025-05-06"," 12:21:00 PM","CE","80500","Sell","20","116.80","166.80","","-1000.00"
"656.2","2025-05-06"," 11:45:00 AM","2025-05-06"," 3:15:00 PM","PE","80500","Sell","20","37.25","0.85","","728.00"
"657","2025-05-07"," 9:45:00 AM","2025-05-07"," 3:15:00 PM","","","","","","","NA","1402.00"
"657.1","2025-05-07"," 9:45:00 AM","2025-05-07"," 3:15:00 PM","CE","80700","Sell","20","716.80","596.70","","2402.00"
"657.2","2025-05-07"," 9:45:00 AM","2025-05-07"," 9:48:00 AM","PE","80700","Sell","20","680.20","730.20","","-1000.00"
"658","2025-05-07"," 11:45:00 AM","2025-05-07"," 2:11:00 PM","","","","","","","NA","-1000.00"
"658.1","2025-05-07"," 11:45:00 AM","2025-05-07"," 2:11:00 PM","CE","80700","Sell","20","638.70","638.70","","0.00"
"658.2","2025-05-07"," 11:45:00 AM","2025-05-07"," 11:53:00 AM","PE","80700","Sell","20","638.05","688.05","","-1000.00"
"659","2025-05-08"," 9:45:00 AM","2025-05-08"," 3:15:00 PM","","","","","","","NA","45.00"
"659.1","2025-05-08"," 9:45:00 AM","2025-05-08"," 3:15:00 PM","CE","80700","Sell","20","537.80","485.55","","1045.00"
"659.2","2025-05-08"," 9:45:00 AM","2025-05-08"," 1:39:00 PM","PE","80700","Sell","20","521.50","571.50","","-1000.00"
"660","2025-05-08"," 11:45:00 AM","2025-05-08"," 2:29:00 PM","","","","","","","NA","-1000.00"
"660.1","2025-05-08"," 11:45:00 AM","2025-05-08"," 2:29:00 PM","CE","80800","Sell","20","472.25","472.25","","0.00"
"660.2","2025-05-08"," 11:45:00 AM","2025-05-08"," 1:24:00 PM","PE","80800","Sell","20","494.60","544.60","","-1000.00"
"661","2025-05-09"," 9:45:00 AM","2025-05-09"," 10:17:00 AM","","","","","","","NA","-1000.00"
"661.1","2025-05-09"," 9:45:00 AM","2025-05-09"," 10:17:00 AM","CE","79800","Sell","20","628.25","628.25","","0.00"
"661.2","2025-05-09"," 9:45:00 AM","2025-05-09"," 9:51:00 AM","PE","79800","Sell","20","716.90","766.90","","-1000.00"
"662","2025-05-09"," 11:45:00 AM","2025-05-09"," 11:57:00 AM","","","","","","","NA","-1000.00"
"662.1","2025-05-09"," 11:45:00 AM","2025-05-09"," 11:57:00 AM","CE","79700","Sell","20","595.35","595.35","","0.00"
"662.2","2025-05-09"," 11:45:00 AM","2025-05-09"," 11:50:00 AM","PE","79700","Sell","20","671.90","721.90","","-1000.00"
"663","2025-05-12"," 9:45:00 AM","2025-05-12"," 3:15:00 PM","","","","","","","NA","4233.00"
"663.1","2025-05-12"," 9:45:00 AM","2025-05-12"," 9:52:00 AM","CE","81400","Sell","20","304.20","354.20","","-1000.00"
"663.2","2025-05-12"," 9:45:00 AM","2025-05-12"," 3:15:00 PM","PE","81400","Sell","20","398.70","137.05","","5233.00"
"664","2025-05-12"," 11:45:00 AM","2025-05-12"," 12:31:00 PM","","","","","","","NA","-1000.00"
"664.1","2025-05-12"," 11:45:00 AM","2025-05-12"," 12:31:00 PM","CE","81800","Sell","20","395.50","395.50","","0.00"
"664.2","2025-05-12"," 11:45:00 AM","2025-05-12"," 12:24:00 PM","PE","81800","Sell","20","446.90","496.90","","-1000.00"
"665","2025-05-13"," 9:45:00 AM","2025-05-13"," 9:48:00 AM","","","","","","","NA","-1000.00"
"665.1","2025-05-13"," 9:45:00 AM","2025-05-13"," 9:48:00 AM","CE","81700","Sell","20","300.80","300.80","","0.00"
"665.2","2025-05-13"," 9:45:00 AM","2025-05-13"," 9:47:00 AM","PE","81700","Sell","20","343.60","393.60","","-1000.00"
"666","2025-05-13"," 11:45:00 AM","2025-05-13"," 3:15:00 PM","","","","","","","NA","5595.00"
"666.1","2025-05-13"," 11:45:00 AM","2025-05-13"," 3:15:00 PM","CE","81800","Sell","20","330.75","1.00","","6595.00"
"666.2","2025-05-13"," 11:45:00 AM","2025-05-13"," 11:58:00 AM","PE","81800","Sell","20","433.15","483.15","","-1000.00"
"667","2025-05-14"," 9:45:00 AM","2025-05-14"," 10:15:00 AM","","","","","","","NA","-1000.00"
"667.1","2025-05-14"," 9:45:00 AM","2025-05-14"," 10:15:00 AM","CE","81600","Sell","20","728.95","728.95","","0.00"
"667.2","2025-05-14"," 9:45:00 AM","2025-05-14"," 9:52:00 AM","PE","81600","Sell","20","661.80","711.80","","-1000.00"
"668","2025-05-14"," 11:45:00 AM","2025-05-14"," 3:15:00 PM","","","","","","","NA","183.00"
"668.1","2025-05-14"," 11:45:00 AM","2025-05-14"," 3:15:00 PM","CE","81400","Sell","20","661.70","602.55","","1183.00"
"668.2","2025-05-14"," 11:45:00 AM","2025-05-14"," 11:49:00 AM","PE","81400","Sell","20","610.75","660.75","","-1000.00"
"669","2025-05-15"," 9:45:00 AM","2025-05-15"," 9:49:00 AM","","","","","","","NA","-1000.00"
"669.1","2025-05-15"," 9:45:00 AM","2025-05-15"," 9:49:00 AM","CE","80900","Sell","20","651.65","651.65","","0.00"
"669.2","2025-05-15"," 9:45:00 AM","2025-05-15"," 9:46:00 AM","PE","80900","Sell","20","531.30","581.30","","-1000.00"
"670","2025-05-15"," 11:45:00 AM","2025-05-15"," 3:15:00 PM","","","","","","","NA","6780.00"
"670.1","2025-05-15"," 11:45:00 AM","2025-05-15"," 12:08:00 PM","CE","81100","Sell","20","685.60","735.60","","-1000.00"
"670.2","2025-05-15"," 11:45:00 AM","2025-05-15"," 3:15:00 PM","PE","81100","Sell","20","575.00","186.00","","7780.00"
"671","2025-05-16"," 9:45:00 AM","2025-05-16"," 10:03:00 AM","","","","","","","NA","-1000.00"
"671.1","2025-05-16"," 9:45:00 AM","2025-05-16"," 10:03:00 AM","CE","82300","Sell","20","513.20","513.20","","0.00"
"671.2","2025-05-16"," 9:45:00 AM","2025-05-16"," 9:55:00 AM","PE","82300","Sell","20","461.50","511.50","","-1000.00"
"672","2025-05-16"," 11:45:00 AM","2025-05-16"," 3:15:00 PM","","","","","","","NA","225.00"
"672.1","2025-05-16"," 11:45:00 AM","2025-05-16"," 12:46:00 PM","CE","82200","Sell","20","512.15","562.15","","-1000.00"
"672.2","2025-05-16"," 11:45:00 AM","2025-05-16"," 3:15:00 PM","PE","82200","Sell","20","420.45","359.20","","1225.00"
"673","2025-05-19"," 9:45:00 AM","2025-05-19"," 2:01:00 PM","","","","","","","NA","-1000.00"
"673.1","2025-05-19"," 9:45:00 AM","2025-05-19"," 10:11:00 AM","CE","82200","Sell","20","409.30","459.30","","-1000.00"
"673.2","2025-05-19"," 9:45:00 AM","2025-05-19"," 2:01:00 PM","PE","82200","Sell","20","353.60","353.60","","0.00"
"674","2025-05-19"," 11:45:00 AM","2025-05-19"," 3:15:00 PM","","","","","","","NA","2455.00"
"674.1","2025-05-19"," 11:45:00 AM","2025-05-19"," 3:15:00 PM","CE","82300","Sell","20","353.55","180.80","","3455.00"
"674.2","2025-05-19"," 11:45:00 AM","2025-05-19"," 2:01:00 PM","PE","82300","Sell","20","350.45","400.45","","-1000.00"
"675","2025-05-20"," 9:45:00 AM","2025-05-20"," 10:07:00 AM","","","","","","","NA","-1000.00"
"675.1","2025-05-20"," 9:45:00 AM","2025-05-20"," 10:07:00 AM","CE","82000","Sell","20","146.05","146.05","","0.00"
"675.2","2025-05-20"," 9:45:00 AM","2025-05-20"," 9:47:00 AM","PE","82000","Sell","20","150.15","200.15","","-1000.00"
"676","2025-05-20"," 11:45:00 AM","2025-05-20"," 3:15:00 PM","","","","","","","NA","1852.00"
"676.1","2025-05-20"," 11:45:00 AM","2025-05-20"," 3:15:00 PM","CE","81800","Sell","20","143.30","0.70","","2852.00"
"676.2","2025-05-20"," 11:45:00 AM","2025-05-20"," 12:49:00 PM","PE","81800","Sell","20","199.65","249.65","","-1000.00"
"677","2025-05-21"," 9:45:00 AM","2025-05-21"," 12:10:00 PM","","","","","","","NA","-1000.00"
"677.1","2025-05-21"," 9:45:00 AM","2025-05-21"," 9:46:00 AM","CE","81600","Sell","20","731.95","781.95","","-1000.00"
"677.2","2025-05-21"," 9:45:00 AM","2025-05-21"," 12:10:00 PM","PE","81600","Sell","20","635.05","635.05","","0.00"
"678","2025-05-21"," 11:45:00 AM","2025-05-21"," 3:15:00 PM","","","","","","","NA","2080.00"
"678.1","2025-05-21"," 11:45:00 AM","2025-05-21"," 3:15:00 PM","CE","81700","Sell","20","758.80","604.80","","3080.00"
"678.2","2025-05-21"," 11:45:00 AM","2025-05-21"," 11:49:00 AM","PE","81700","Sell","20","599.60","649.60","","-1000.00"
"679","2025-05-22"," 9:45:00 AM","2025-05-22"," 11:38:00 AM","","","","","","","NA","-1000.00"
"679.1","2025-05-22"," 9:45:00 AM","2025-05-22"," 10:00:00 AM","CE","80900","Sell","20","604.50","654.50","","-1000.00"
"679.2","2025-05-22"," 9:45:00 AM","2025-05-22"," 11:38:00 AM","PE","80900","Sell","20","567.15","567.15","","0.00"
"680","2025-05-22"," 11:45:00 AM","2025-05-22"," 12:24:00 PM","","","","","","","NA","-1000.00"
"680.1","2025-05-22"," 11:45:00 AM","2025-05-22"," 11:55:00 AM","CE","80800","Sell","20","551.65","601.65","","-1000.00"
"680.2","2025-05-22"," 11:45:00 AM","2025-05-22"," 12:24:00 PM","PE","80800","Sell","20","521.60","521.60","","0.00"
"681","2025-05-23"," 9:45:00 AM","2025-05-23"," 10:21:00 AM","","","","","","","NA","-1000.00"
"681.1","2025-05-23"," 9:45:00 AM","2025-05-23"," 10:04:00 AM","CE","81500","Sell","20","502.50","552.50","","-1000.00"
"681.2","2025-05-23"," 9:45:00 AM","2025-05-23"," 10:21:00 AM","PE","81500","Sell","20","492.20","492.20","","0.00"
"682","2025-05-23"," 11:45:00 AM","2025-05-23"," 12:28:00 PM","","","","","","","NA","-1000.00"
"682.1","2025-05-23"," 11:45:00 AM","2025-05-23"," 12:28:00 PM","CE","81800","Sell","20","591.90","591.90","","0.00"
"682.2","2025-05-23"," 11:45:00 AM","2025-05-23"," 11:49:00 AM","PE","81800","Sell","20","525.55","575.55","","-1000.00"
"683","2025-05-26"," 9:45:00 AM","2025-05-26"," 10:06:00 AM","","","","","","","NA","-1000.00"
"683.1","2025-05-26"," 9:45:00 AM","2025-05-26"," 9:46:00 AM","CE","82400","Sell","20","506.85","556.85","","-1000.00"
"683.2","2025-05-26"," 9:45:00 AM","2025-05-26"," 10:06:00 AM","PE","82400","Sell","20","438.90","438.90","","0.00"
"684","2025-05-26"," 11:45:00 AM","2025-05-26"," 12:45:00 PM","","","","","","","NA","-1009.00"
"684.1","2025-05-26"," 11:45:00 AM","2025-05-26"," 11:59:00 AM","CE","82100","Sell","20","576.60","627.05","","-1009.00"
"684.2","2025-05-26"," 11:45:00 AM","2025-05-26"," 12:45:00 PM","PE","82100","Sell","20","510.85","510.85","","0.00"
"685","2025-05-27"," 9:45:00 AM","2025-05-27"," 11:05:00 AM","","","","","","","NA","-1000.00"
"685.1","2025-05-27"," 9:45:00 AM","2025-05-27"," 11:05:00 AM","CE","81600","Sell","20","409.25","409.25","","0.00"
"685.2","2025-05-27"," 9:45:00 AM","2025-05-27"," 9:46:00 AM","PE","81600","Sell","20","481.05","531.05","","-1000.00"
"686","2025-05-27"," 11:45:00 AM","2025-05-27"," 11:57:00 AM","","","","","","","NA","-1000.00"
"686.1","2025-05-27"," 11:45:00 AM","2025-05-27"," 11:57:00 AM","CE","82100","Sell","20","365.05","365.05","","0.00"
"686.2","2025-05-27"," 11:45:00 AM","2025-05-27"," 11:48:00 AM","PE","82100","Sell","20","393.35","443.35","","-1000.00"
"687","2025-05-28"," 9:45:00 AM","2025-05-28"," 3:15:00 PM","","","","","","","NA","2759.00"
"687.1","2025-05-28"," 9:45:00 AM","2025-05-28"," 3:15:00 PM","CE","81400","Sell","20","944.60","756.65","","3759.00"
"687.2","2025-05-28"," 9:45:00 AM","2025-05-28"," 9:47:00 AM","PE","81400","Sell","20","788.40","838.40","","-1000.00"
"688","2025-05-28"," 11:45:00 AM","2025-05-28"," 3:15:00 PM","","","","","","","NA","-602.00"
"688.1","2025-05-28"," 11:45:00 AM","2025-05-28"," 12:33:00 PM","CE","81300","Sell","20","856.95","906.95","","-1000.00"
"688.2","2025-05-28"," 11:45:00 AM","2025-05-28"," 3:15:00 PM","PE","81300","Sell","20","745.25","725.35","","398.00"
"689","2025-05-29"," 9:45:00 AM","2025-05-29"," 10:13:00 AM","","","","","","","NA","-1087.00"
"689.1","2025-05-29"," 9:45:00 AM","2025-05-29"," 10:06:00 AM","CE","81500","Sell","20","649.10","699.10","","-1000.00"
"689.2","2025-05-29"," 9:45:00 AM","2025-05-29"," 10:13:00 AM","PE","81500","Sell","20","538.80","543.15","","-87.00"
"690","2025-05-29"," 11:45:00 AM","2025-05-29"," 12:59:00 PM","","","","","","","NA","-1038.00"
"690.1","2025-05-29"," 11:45:00 AM","2025-05-29"," 12:59:00 PM","CE","81300","Sell","20","590.30","592.20","","-38.00"
"690.2","2025-05-29"," 11:45:00 AM","2025-05-29"," 12:40:00 PM","PE","81300","Sell","20","552.95","602.95","","-1000.00"
"691","2025-05-30"," 9:45:00 AM","2025-05-30"," 3:15:00 PM","","","","","","","NA","616.00"
"691.1","2025-05-30"," 9:45:00 AM","2025-05-30"," 3:15:00 PM","CE","81600","Sell","20","539.40","458.60","","1616.00"
"691.2","2025-05-30"," 9:45:00 AM","2025-05-30"," 10:01:00 AM","PE","81600","Sell","20","484.70","534.70","","-1000.00"
"692","2025-05-30"," 11:45:00 AM","2025-05-30"," 3:04:00 PM","","","","","","","NA","-1000.00"
"692.1","2025-05-30"," 11:45:00 AM","2025-05-30"," 1:28:00 PM","CE","81300","Sell","20","563.10","613.10","","-1000.00"
"692.2","2025-05-30"," 11:45:00 AM","2025-05-30"," 3:04:00 PM","PE","81300","Sell","20","440.30","440.30","","0.00"
"693","2025-06-02"," 9:45:00 AM","2025-06-02"," 10:16:00 AM","","","","","","","NA","-1000.00"
"693.1","2025-06-02"," 9:45:00 AM","2025-06-02"," 9:49:00 AM","CE","80800","Sell","20","363.75","413.75","","-1000.00"
"693.2","2025-06-02"," 9:45:00 AM","2025-06-02"," 10:16:00 AM","PE","80800","Sell","20","452.55","452.55","","0.00"
"694","2025-06-02"," 11:45:00 AM","2025-06-02"," 3:15:00 PM","","","","","","","NA","1996.00"
"694.1","2025-06-02"," 11:45:00 AM","2025-06-02"," 11:51:00 AM","CE","81000","Sell","20","507.05","557.05","","-1000.00"
"694.2","2025-06-02"," 11:45:00 AM","2025-06-02"," 3:15:00 PM","PE","81000","Sell","20","537.00","387.20","","2996.00"
"695","2025-06-03"," 9:45:00 AM","2025-06-03"," 9:58:00 AM","","","","","","","NA","-1000.00"
"695.1","2025-06-03"," 9:45:00 AM","2025-06-03"," 9:52:00 AM","CE","81100","Sell","20","483.40","533.40","","-1000.00"
"695.2","2025-06-03"," 9:45:00 AM","2025-06-03"," 9:58:00 AM","PE","81100","Sell","20","468.00","468.00","","0.00"
"696","2025-06-03"," 11:45:00 AM","2025-06-03"," 12:16:00 PM","","","","","","","NA","-1000.00"
"696.1","2025-06-03"," 11:45:00 AM","2025-06-03"," 11:55:00 AM","CE","81000","Sell","20","340.30","390.30","","-1000.00"
"696.2","2025-06-03"," 11:45:00 AM","2025-06-03"," 12:16:00 PM","PE","81000","Sell","20","423.50","423.50","","0.00"
"697","2025-06-04"," 9:45:00 AM","2025-06-04"," 3:15:00 PM","","","","","","","NA","2271.00"
"697.1","2025-06-04"," 9:45:00 AM","2025-06-04"," 10:22:00 AM","CE","80800","Sell","20","666.55","716.55","","-1000.00"
"697.2","2025-06-04"," 9:45:00 AM","2025-06-04"," 3:15:00 PM","PE","80800","Sell","20","625.80","462.25","","3271.00"
"698","2025-06-04"," 11:45:00 AM","2025-06-04"," 3:15:00 PM","","","","","","","NA","-472.00"
"698.1","2025-06-04"," 11:45:00 AM","2025-06-04"," 1:55:00 PM","CE","80900","Sell","20","645.40","695.40","","-1000.00"
"698.2","2025-06-04"," 11:45:00 AM","2025-06-04"," 3:15:00 PM","PE","80900","Sell","20","532.70","506.30","","528.00"
"699","2025-06-05"," 9:45:00 AM","2025-06-05"," 11:26:00 AM","","","","","","","NA","-1000.00"
"699.1","2025-06-05"," 9:45:00 AM","2025-06-05"," 11:26:00 AM","CE","81400","Sell","20","564.15","564.15","","0.00"
"699.2","2025-06-05"," 9:45:00 AM","2025-06-05"," 10:52:00 AM","PE","81400","Sell","20","500.00","550.00","","-1000.00"
"700","2025-06-05"," 11:45:00 AM","2025-06-05"," 1:32:00 PM","","","","","","","NA","-1000.00"
"700.1","2025-06-05"," 11:45:00 AM","2025-06-05"," 12:02:00 PM","CE","81400","Sell","20","498.85","548.85","","-1000.00"
"700.2","2025-06-05"," 11:45:00 AM","2025-06-05"," 1:32:00 PM","PE","81400","Sell","20","520.40","520.40","","0.00"
"701","2025-06-06"," 9:45:00 AM","2025-06-06"," 3:15:00 PM","","","","","","","NA","6416.00"
"701.1","2025-06-06"," 9:45:00 AM","2025-06-06"," 10:07:00 AM","CE","81200","Sell","20","492.65","542.65","","-1000.00"
"701.2","2025-06-06"," 9:45:00 AM","2025-06-06"," 3:15:00 PM","PE","81200","Sell","20","486.45","115.65","","7416.00"
"702","2025-06-06"," 11:45:00 AM","2025-06-06"," 11:58:00 AM","","","","","","","NA","-1000.00"
"702.1","2025-06-06"," 11:45:00 AM","2025-06-06"," 11:56:00 AM","CE","82200","Sell","20","524.80","574.80","","-1000.00"
"702.2","2025-06-06"," 11:45:00 AM","2025-06-06"," 11:58:00 AM","PE","82200","Sell","20","466.15","466.15","","0.00"
"703","2025-06-09"," 9:45:00 AM","2025-06-09"," 3:15:00 PM","","","","","","","NA","2996.00"
"703.1","2025-06-09"," 9:45:00 AM","2025-06-09"," 3:15:00 PM","CE","82500","Sell","20","348.90","235.85","","2261.00"
"703.2","2025-06-09"," 9:45:00 AM","2025-06-09"," 3:15:00 PM","PE","82500","Sell","20","328.20","291.45","","735.00"
"704","2025-06-09"," 11:45:00 AM","2025-06-09"," 3:15:00 PM","","","","","","","NA","1356.00"
"704.1","2025-06-09"," 11:45:00 AM","2025-06-09"," 3:15:00 PM","CE","82500","Sell","20","289.80","235.85","","1079.00"
"704.2","2025-06-09"," 11:45:00 AM","2025-06-09"," 3:15:00 PM","PE","82500","Sell","20","305.30","291.45","","277.00"
"705","2025-06-10"," 9:45:00 AM","2025-06-10"," 3:15:00 PM","","","","","","","NA","3643.00"
"705.1","2025-06-10"," 9:45:00 AM","2025-06-10"," 9:52:00 AM","CE","82400","Sell","20","208.95","258.95","","-1000.00"
"705.2","2025-06-10"," 9:45:00 AM","2025-06-10"," 3:15:00 PM","PE","82400","Sell","20","240.25","8.10","","4643.00"
"706","2025-06-10"," 11:45:00 AM","2025-06-10"," 3:15:00 PM","","","","","","","NA","1874.00"
"706.1","2025-06-10"," 11:45:00 AM","2025-06-10"," 3:15:00 PM","CE","82500","Sell","20","81.60","0.40","","1624.00"
"706.2","2025-06-10"," 11:45:00 AM","2025-06-10"," 3:15:00 PM","PE","82500","Sell","20","115.55","103.05","","250.00"
"707","2025-06-11"," 9:45:00 AM","2025-06-11"," 1:50:00 PM","","","","","","","NA","-1000.00"
"707.1","2025-06-11"," 9:45:00 AM","2025-06-11"," 10:45:00 AM","CE","82500","Sell","20","488.00","538.00","","-1000.00"
"707.2","2025-06-11"," 9:45:00 AM","2025-06-11"," 1:50:00 PM","PE","82500","Sell","20","460.30","460.30","","0.00"
"708","2025-06-11"," 11:45:00 AM","2025-06-11"," 1:32:00 PM","","","","","","","NA","-1000.00"
"708.1","2025-06-11"," 11:45:00 AM","2025-06-11"," 11:55:00 AM","CE","82700","Sell","20","514.45","564.45","","-1000.00"
"708.2","2025-06-11"," 11:45:00 AM","2025-06-11"," 1:32:00 PM","PE","82700","Sell","20","497.55","497.55","","0.00"
"709","2025-06-12"," 9:45:00 AM","2025-06-12"," 9:50:00 AM","","","","","","","NA","-1000.00"
"709.1","2025-06-12"," 9:45:00 AM","2025-06-12"," 9:50:00 AM","CE","82400","Sell","20","498.05","498.05","","0.00"
"709.2","2025-06-12"," 9:45:00 AM","2025-06-12"," 9:48:00 AM","PE","82400","Sell","20","456.50","506.50","","-1000.00"
"710","2025-06-12"," 11:45:00 AM","2025-06-12"," 12:07:00 PM","","","","","","","NA","-1000.00"
"710.1","2025-06-12"," 11:45:00 AM","2025-06-12"," 12:07:00 PM","CE","82200","Sell","20","475.00","475.00","","0.00"
"710.2","2025-06-12"," 11:45:00 AM","2025-06-12"," 12:05:00 PM","PE","82200","Sell","20","427.60","477.60","","-1000.00"
"711","2025-06-13"," 9:45:00 AM","2025-06-13"," 10:02:00 AM","","","","","","","NA","-1000.00"
"711.1","2025-06-13"," 9:45:00 AM","2025-06-13"," 9:54:00 AM","CE","80800","Sell","20","475.60","525.60","","-1000.00"
"711.2","2025-06-13"," 9:45:00 AM","2025-06-13"," 10:02:00 AM","PE","80800","Sell","20","482.50","482.50","","0.00"
"712","2025-06-13"," 11:45:00 AM","2025-06-13"," 12:32:00 PM","","","","","","","NA","-1000.00"
"712.1","2025-06-13"," 11:45:00 AM","2025-06-13"," 12:18:00 PM","CE","81000","Sell","20","434.05","484.05","","-1000.00"
"712.2","2025-06-13"," 11:45:00 AM","2025-06-13"," 12:32:00 PM","PE","81000","Sell","20","440.30","440.30","","0.00"
"713","2025-06-16"," 9:45:00 AM","2025-06-16"," 10:20:00 AM","","","","","","","NA","-1000.00"
"713.1","2025-06-16"," 9:45:00 AM","2025-06-16"," 10:20:00 AM","CE","81300","Sell","20","283.65","283.65","","0.00"
"713.2","2025-06-16"," 9:45:00 AM","2025-06-16"," 9:47:00 AM","PE","81300","Sell","20","318.60","368.60","","-1000.00"
"714","2025-06-16"," 11:45:00 AM","2025-06-16"," 3:15:00 PM","","","","","","","NA","597.00"
"714.1","2025-06-16"," 11:45:00 AM","2025-06-16"," 12:40:00 PM","CE","81700","Sell","20","317.90","367.90","","-1000.00"
"714.2","2025-06-16"," 11:45:00 AM","2025-06-16"," 3:15:00 PM","PE","81700","Sell","20","316.80","236.95","","1597.00"
"715","2025-06-17"," 9:45:00 AM","2025-06-17"," 3:15:00 PM","","","","","","","NA","5982.00"
"715.1","2025-06-17"," 9:45:00 AM","2025-06-17"," 3:15:00 PM","CE","81600","Sell","20","131.55","2.70","","2577.00"
"715.2","2025-06-17"," 9:45:00 AM","2025-06-17"," 3:15:00 PM","PE","81600","Sell","20","185.60","15.35","","3405.00"
"716","2025-06-17"," 11:45:00 AM","2025-06-17"," 3:15:00 PM","","","","","","","NA","455.00"
"716.1","2025-06-17"," 11:45:00 AM","2025-06-17"," 3:15:00 PM","CE","81600","Sell","20","75.45","2.70","","1455.00"
"716.2","2025-06-17"," 11:45:00 AM","2025-06-17"," 12:14:00 PM","PE","81600","Sell","20","76.30","126.30","","-1000.00"
"717","2025-06-18"," 9:45:00 AM","2025-06-18"," 3:15:00 PM","","","","","","","NA","3728.00"
"717.1","2025-06-18"," 9:45:00 AM","2025-06-18"," 3:15:00 PM","CE","81800","Sell","20","618.15","381.75","","4728.00"
"717.2","2025-06-18"," 9:45:00 AM","2025-06-18"," 10:24:00 AM","PE","81800","Sell","20","521.80","571.80","","-1000.00"
"718","2025-06-18"," 11:45:00 AM","2025-06-18"," 12:05:00 PM","","","","","","","NA","-1000.00"
"718.1","2025-06-18"," 11:45:00 AM","2025-06-18"," 12:05:00 PM","CE","81400","Sell","20","574.40","574.40","","0.00"
"718.2","2025-06-18"," 11:45:00 AM","2025-06-18"," 11:58:00 AM","PE","81400","Sell","20","507.00","557.00","","-1000.00"
"719","2025-06-19"," 9:45:00 AM","2025-06-19"," 2:00:00 PM","","","","","","","NA","-1000.00"
"719.1","2025-06-19"," 9:45:00 AM","2025-06-19"," 2:00:00 PM","CE","81500","Sell","20","495.70","495.70","","0.00"
"719.2","2025-06-19"," 9:45:00 AM","2025-06-19"," 10:36:00 AM","PE","81500","Sell","20","412.10","462.10","","-1000.00"
"720","2025-06-19"," 11:45:00 AM","2025-06-19"," 3:14:00 PM","","","","","","","NA","-1000.00"
"720.1","2025-06-19"," 11:45:00 AM","2025-06-19"," 2:00:00 PM","CE","81400","Sell","20","506.25","556.25","","-1000.00"
"720.2","2025-06-19"," 11:45:00 AM","2025-06-19"," 3:14:00 PM","PE","81400","Sell","20","443.15","443.15","","0.00"
"721","2025-06-20"," 9:45:00 AM","2025-06-20"," 9:52:00 AM","","","","","","","NA","-1000.00"
"721.1","2025-06-20"," 9:45:00 AM","2025-06-20"," 9:48:00 AM","CE","81600","Sell","20","435.75","485.75","","-1000.00"
"721.2","2025-06-20"," 9:45:00 AM","2025-06-20"," 9:52:00 AM","PE","81600","Sell","20","328.35","328.35","","0.00"
"722","2025-06-20"," 11:45:00 AM","2025-06-20"," 12:54:00 PM","","","","","","","NA","-1000.00"
"722.1","2025-06-20"," 11:45:00 AM","2025-06-20"," 12:54:00 PM","CE","82100","Sell","20","441.25","441.25","","0.00"
"722.2","2025-06-20"," 11:45:00 AM","2025-06-20"," 12:35:00 PM","PE","82100","Sell","20","333.90","383.90","","-1000.00"
"723","2025-06-23"," 9:45:00 AM","2025-06-23"," 9:51:00 AM","","","","","","","NA","-1000.00"
"723.1","2025-06-23"," 9:45:00 AM","2025-06-23"," 9:51:00 AM","CE","81600","Sell","20","342.80","342.80","","0.00"
"723.2","2025-06-23"," 9:45:00 AM","2025-06-23"," 9:48:00 AM","PE","81600","Sell","20","298.70","348.70","","-1000.00"
"724","2025-06-23"," 11:45:00 AM","2025-06-23"," 3:15:00 PM","","","","","","","NA","662.00"
"724.1","2025-06-23"," 11:45:00 AM","2025-06-23"," 1:21:00 PM","CE","81900","Sell","20","281.00","331.00","","-1000.00"
"724.2","2025-06-23"," 11:45:00 AM","2025-06-23"," 3:15:00 PM","PE","81900","Sell","20","311.70","228.60","","1662.00"
"725","2025-06-24"," 9:45:00 AM","2025-06-24"," 9:51:00 AM","","","","","","","NA","-1000.00"
"725.1","2025-06-24"," 9:45:00 AM","2025-06-24"," 9:51:00 AM","CE","82600","Sell","20","173.00","173.00","","0.00"
"725.2","2025-06-24"," 9:45:00 AM","2025-06-24"," 9:47:00 AM","PE","82600","Sell","20","174.85","224.85","","-1000.00"
"726","2025-06-24"," 11:45:00 AM","2025-06-24"," 12:27:00 PM","","","","","","","NA","-1000.00"
"726.1","2025-06-24"," 11:45:00 AM","2025-06-24"," 12:08:00 PM","CE","82900","Sell","20","257.50","307.50","","-1000.00"
"726.2","2025-06-24"," 11:45:00 AM","2025-06-24"," 12:27:00 PM","PE","82900","Sell","20","181.70","181.70","","0.00"
"727","2025-06-25"," 9:45:00 AM","2025-06-25"," 11:13:00 AM","","","","","","","NA","-1000.00"
"727.1","2025-06-25"," 9:45:00 AM","2025-06-25"," 10:54:00 AM","CE","82500","Sell","20","572.40","622.40","","-1000.00"
"727.2","2025-06-25"," 9:45:00 AM","2025-06-25"," 11:13:00 AM","PE","82500","Sell","20","470.25","470.25","","0.00"
"728","2025-06-25"," 11:45:00 AM","2025-06-25"," 3:15:00 PM","","","","","","","NA","57.00"
"728.1","2025-06-25"," 11:45:00 AM","2025-06-25"," 1:14:00 PM","CE","82600","Sell","20","528.10","578.10","","-1000.00"
"728.2","2025-06-25"," 11:45:00 AM","2025-06-25"," 3:15:00 PM","PE","82600","Sell","20","492.05","439.20","","1057.00"
"729","2025-06-26"," 9:45:00 AM","2025-06-26"," 10:42:00 AM","","","","","","","NA","-1000.00"
"729.1","2025-06-26"," 9:45:00 AM","2025-06-26"," 9:48:00 AM","CE","83100","Sell","20","493.75","543.75","","-1000.00"
"729.2","2025-06-26"," 9:45:00 AM","2025-06-26"," 10:42:00 AM","PE","83100","Sell","20","527.90","527.90","","0.00"
"730","2025-06-26"," 11:45:00 AM","2025-06-26"," 3:15:00 PM","","","","","","","NA","4029.00"
"730.1","2025-06-26"," 11:45:00 AM","2025-06-26"," 11:48:00 AM","CE","83000","Sell","20","544.60","594.60","","-1000.00"
"730.2","2025-06-26"," 11:45:00 AM","2025-06-26"," 3:15:00 PM","PE","83000","Sell","20","484.45","233.00","","5029.00"
"731","2025-06-27"," 9:45:00 AM","2025-06-27"," 3:15:00 PM","","","","","","","NA","2938.00"
"731.1","2025-06-27"," 9:45:00 AM","2025-06-27"," 9:54:00 AM","CE","83700","Sell","20","440.00","490.00","","-1000.00"
"731.2","2025-06-27"," 9:45:00 AM","2025-06-27"," 3:15:00 PM","PE","83700","Sell","20","402.25","205.35","","3938.00"
"732","2025-06-27"," 11:45:00 AM","2025-06-27"," 3:15:00 PM","","","","","","","NA","334.00"
"732.1","2025-06-27"," 11:45:00 AM","2025-06-27"," 12:42:00 PM","CE","83900","Sell","20","388.25","438.25","","-1000.00"
"732.2","2025-06-27"," 11:45:00 AM","2025-06-27"," 3:15:00 PM","PE","83900","Sell","20","338.35","271.65","","1334.00"
"733","2025-06-30"," 9:45:00 AM","2025-06-30"," 10:06:00 AM","","","","","","","NA","-1000.00"
"733.1","2025-06-30"," 9:45:00 AM","2025-06-30"," 10:06:00 AM","CE","83900","Sell","20","322.60","322.60","","0.00"
"733.2","2025-06-30"," 9:45:00 AM","2025-06-30"," 10:02:00 AM","PE","83900","Sell","20","292.95","342.95","","-1000.00"
"734","2025-06-30"," 11:45:00 AM","2025-06-30"," 3:15:00 PM","","","","","","","NA","1493.00"
"734.1","2025-06-30"," 11:45:00 AM","2025-06-30"," 3:15:00 PM","CE","83800","Sell","20","317.20","192.55","","2493.00"
"734.2","2025-06-30"," 11:45:00 AM","2025-06-30"," 1:00:00 PM","PE","83800","Sell","20","246.35","296.35","","-1000.00"
"735","2025-07-01"," 9:45:00 AM","2025-07-01"," 3:15:00 PM","","","","","","","NA","2565.00"
"735.1","2025-07-01"," 9:45:00 AM","2025-07-01"," 3:15:00 PM","CE","83800","Sell","20","178.45","0.20","","3565.00"
"735.2","2025-07-01"," 9:45:00 AM","2025-07-01"," 11:57:00 AM","PE","83800","Sell","20","166.30","216.30","","-1000.00"
"736","2025-07-01"," 11:45:00 AM","2025-07-01"," 3:15:00 PM","","","","","","","NA","1962.00"
"736.1","2025-07-01"," 11:45:00 AM","2025-07-01"," 3:15:00 PM","CE","83600","Sell","20","134.90","94.10","","816.00"
"736.2","2025-07-01"," 11:45:00 AM","2025-07-01"," 3:15:00 PM","PE","83600","Sell","20","57.50","0.20","","1146.00"
"737","2025-07-02"," 9:45:00 AM","2025-07-02"," 3:15:00 PM","","","","","","","NA","2037.00"
"737.1","2025-07-02"," 9:45:00 AM","2025-07-02"," 3:15:00 PM","CE","83700","Sell","20","510.20","358.35","","3037.00"
"737.2","2025-07-02"," 9:45:00 AM","2025-07-02"," 10:18:00 AM","PE","83700","Sell","20","438.25","488.25","","-1000.00"
"738","2025-07-02"," 11:45:00 AM","2025-07-02"," 3:15:00 PM","","","","","","","NA","141.00"
"738.1","2025-07-02"," 11:45:00 AM","2025-07-02"," 3:15:00 PM","CE","83500","Sell","20","505.25","448.20","","1141.00"
"738.2","2025-07-02"," 11:45:00 AM","2025-07-02"," 1:19:00 PM","PE","83500","Sell","20","439.40","489.40","","-1000.00"
"739","2025-07-03"," 9:45:00 AM","2025-07-03"," 11:43:00 AM","","","","","","","NA","-1000.00"
"739.1","2025-07-03"," 9:45:00 AM","2025-07-03"," 9:50:00 AM","CE","83500","Sell","20","444.70","494.70","","-1000.00"
"739.2","2025-07-03"," 9:45:00 AM","2025-07-03"," 11:43:00 AM","PE","83500","Sell","20","357.00","357.00","","0.00"
"740","2025-07-03"," 11:45:00 AM","2025-07-03"," 11:53:00 AM","","","","","","","NA","-1000.00"
"740.1","2025-07-03"," 11:45:00 AM","2025-07-03"," 11:53:00 AM","CE","83600","Sell","20","427.75","427.75","","0.00"
"740.2","2025-07-03"," 11:45:00 AM","2025-07-03"," 11:48:00 AM","PE","83600","Sell","20","388.55","438.55","","-1000.00"
"741","2025-07-04"," 9:45:00 AM","2025-07-04"," 2:37:00 PM","","","","","","","NA","-1000.00"
"741.1","2025-07-04"," 9:45:00 AM","2025-07-04"," 2:37:00 PM","CE","83200","Sell","20","376.30","376.30","","0.00"
"741.2","2025-07-04"," 9:45:00 AM","2025-07-04"," 11:43:00 AM","PE","83200","Sell","20","335.55","385.55","","-1000.00"
"742","2025-07-04"," 11:45:00 AM","2025-07-04"," 1:14:00 PM","","","","","","","NA","-1000.00"
"742.1","2025-07-04"," 11:45:00 AM","2025-07-04"," 1:14:00 PM","CE","83100","Sell","20","342.15","342.15","","0.00"
"742.2","2025-07-04"," 11:45:00 AM","2025-07-04"," 11:48:00 AM","PE","83100","Sell","20","329.00","379.00","","-1000.00"
"743","2025-07-07"," 9:45:00 AM","2025-07-07"," 10:50:00 AM","","","","","","","NA","-1000.00"
"743.1","2025-07-07"," 9:45:00 AM","2025-07-07"," 10:50:00 AM","CE","83400","Sell","20","260.50","260.50","","0.00"
"743.2","2025-07-07"," 9:45:00 AM","2025-07-07"," 10:10:00 AM","PE","83400","Sell","20","254.00","304.00","","-1000.00"
"744","2025-07-07"," 11:45:00 AM","2025-07-07"," 1:19:00 PM","","","","","","","NA","-1000.00"
"744.1","2025-07-07"," 11:45:00 AM","2025-07-07"," 1:19:00 PM","CE","83400","Sell","20","248.20","248.20","","0.00"
"744.2","2025-07-07"," 11:45:00 AM","2025-07-07"," 12:16:00 PM","PE","83400","Sell","20","238.70","288.70","","-1000.00"
"745","2025-07-08"," 9:45:00 AM","2025-07-08"," 3:02:00 PM","","","","","","","NA","-1000.00"
"745.1","2025-07-08"," 9:45:00 AM","2025-07-08"," 3:02:00 PM","CE","83500","Sell","20","118.00","118.00","","0.00"
"745.2","2025-07-08"," 9:45:00 AM","2025-07-08"," 10:01:00 AM","PE","83500","Sell","20","132.55","182.55","","-1000.00"
"746","2025-07-08"," 11:45:00 AM","2025-07-08"," 3:15:00 PM","","","","","","","NA","123.00"
"746.1","2025-07-08"," 11:45:00 AM","2025-07-08"," 12:26:00 PM","CE","83400","Sell","20","88.60","138.60","","-1000.00"
"746.2","2025-07-08"," 11:45:00 AM","2025-07-08"," 3:15:00 PM","PE","83400","Sell","20","56.80","0.65","","1123.00"
"747","2025-07-09"," 9:45:00 AM","2025-07-09"," 2:35:00 PM","","","","","","","NA","-1000.00"
"747.1","2025-07-09"," 9:45:00 AM","2025-07-09"," 9:58:00 AM","CE","83500","Sell","20","488.85","538.85","","-1000.00"
"747.2","2025-07-09"," 9:45:00 AM","2025-07-09"," 2:35:00 PM","PE","83500","Sell","20","363.60","363.60","","0.00"
"748","2025-07-09"," 11:45:00 AM","2025-07-09"," 3:15:00 PM","","","","","","","NA","727.00"
"748.1","2025-07-09"," 11:45:00 AM","2025-07-09"," 3:15:00 PM","CE","83700","Sell","20","483.20","396.85","","1727.00"
"748.2","2025-07-09"," 11:45:00 AM","2025-07-09"," 2:28:00 PM","PE","83700","Sell","20","360.75","410.75","","-1000.00"
"749","2025-07-10"," 9:45:00 AM","2025-07-10"," 3:15:00 PM","","","","","","","NA","1803.00"
"749.1","2025-07-10"," 9:45:00 AM","2025-07-10"," 3:15:00 PM","CE","83400","Sell","20","429.00","288.85","","2803.00"
"749.2","2025-07-10"," 9:45:00 AM","2025-07-10"," 9:55:00 AM","PE","83400","Sell","20","331.75","381.75","","-1000.00"
"750","2025-07-10"," 11:45:00 AM","2025-07-10"," 3:15:00 PM","","","","","","","NA","9.00"
"750.1","2025-07-10"," 11:45:00 AM","2025-07-10"," 2:07:00 PM","CE","83200","Sell","20","443.70","493.70","","-1000.00"
"750.2","2025-07-10"," 11:45:00 AM","2025-07-10"," 3:15:00 PM","PE","83200","Sell","20","355.40","304.95","","1009.00"
"751","2025-07-11"," 9:45:00 AM","2025-07-11"," 3:15:00 PM","","","","","","","NA","2794.00"
"751.1","2025-07-11"," 9:45:00 AM","2025-07-11"," 3:15:00 PM","CE","83000","Sell","20","326.30","136.60","","3794.00"
"751.2","2025-07-11"," 9:45:00 AM","2025-07-11"," 10:02:00 AM","PE","83000","Sell","20","259.10","309.10","","-1000.00"
"752","2025-07-11"," 11:45:00 AM","2025-07-11"," 3:15:00 PM","","","","","","","NA","1209.00"
"752.1","2025-07-11"," 11:45:00 AM","2025-07-11"," 3:15:00 PM","CE","82500","Sell","20","381.75","344.50","","745.00"
"752.2","2025-07-11"," 11:45:00 AM","2025-07-11"," 3:15:00 PM","PE","82500","Sell","20","247.20","224.00","","464.00"
"753","2025-07-14"," 9:45:00 AM","2025-07-14"," 10:07:00 AM","","","","","","","NA","-1000.00"
"753.1","2025-07-14"," 9:45:00 AM","2025-07-14"," 9:55:00 AM","CE","82300","Sell","20","235.75","285.75","","-1000.00"
"753.2","2025-07-14"," 9:45:00 AM","2025-07-14"," 10:07:00 AM","PE","82300","Sell","20","239.15","239.15","","0.00"
"754","2025-07-14"," 11:45:00 AM","2025-07-14"," 1:22:00 PM","","","","","","","NA","-1000.00"
"754.1","2025-07-14"," 11:45:00 AM","2025-07-14"," 1:22:00 PM","CE","82100","Sell","20","247.05","247.05","","0.00"
"754.2","2025-07-14"," 11:45:00 AM","2025-07-14"," 1:09:00 PM","PE","82100","Sell","20","193.80","243.80","","-1000.00"
"755","2025-07-15"," 9:45:00 AM","2025-07-15"," 3:15:00 PM","","","","","","","NA","1558.00"
"755.1","2025-07-15"," 9:45:00 AM","2025-07-15"," 10:40:00 AM","CE","82300","Sell","20","146.00","196.00","","-1000.00"
"755.2","2025-07-15"," 9:45:00 AM","2025-07-15"," 3:15:00 PM","PE","82300","Sell","20","128.20","0.30","","2558.00"
"756","2025-07-15"," 11:45:00 AM","2025-07-15"," 3:15:00 PM","","","","","","","NA","1239.00"
"756.1","2025-07-15"," 11:45:00 AM","2025-07-15"," 3:15:00 PM","CE","82700","Sell","20","112.95","1.00","","2239.00"
"756.2","2025-07-15"," 11:45:00 AM","2025-07-15"," 12:22:00 PM","PE","82700","Sell","20","107.00","157.00","","-1000.00"
"757","2025-07-16"," 9:45:00 AM","2025-07-16"," 11:53:00 AM","","","","","","","NA","-1000.00"
"757.1","2025-07-16"," 9:45:00 AM","2025-07-16"," 11:53:00 AM","CE","82500","Sell","20","396.90","396.90","","0.00"
"757.2","2025-07-16"," 9:45:00 AM","2025-07-16"," 10:45:00 AM","PE","82500","Sell","20","388.25","438.25","","-1000.00"
"758","2025-07-16"," 11:45:00 AM","2025-07-16"," 3:15:00 PM","","","","","","","NA","607.00"
"758.1","2025-07-16"," 11:45:00 AM","2025-07-16"," 11:54:00 AM","CE","82400","Sell","20","417.40","467.40","","-1000.00"
"758.2","2025-07-16"," 11:45:00 AM","2025-07-16"," 3:15:00 PM","PE","82400","Sell","20","344.20","263.85","","1607.00"
"759","2025-07-17"," 9:45:00 AM","2025-07-17"," 11:32:00 AM","","","","","","","NA","-1000.00"
"759.1","2025-07-17"," 9:45:00 AM","2025-07-17"," 11:32:00 AM","CE","82600","Sell","20","347.70","347.70","","0.00"
"759.2","2025-07-17"," 9:45:00 AM","2025-07-17"," 10:10:00 AM","PE","82600","Sell","20","344.20","394.20","","-1000.00"
"760","2025-07-17"," 11:45:00 AM","2025-07-17"," 3:15:00 PM","","","","","","","NA","1161.00"
"760.1","2025-07-17"," 11:45:00 AM","2025-07-17"," 3:15:00 PM","CE","82600","Sell","20","354.05","246.00","","2161.00"
"760.2","2025-07-17"," 11:45:00 AM","2025-07-17"," 1:06:00 PM","PE","82600","Sell","20","325.00","375.00","","-1000.00"
"761","2025-07-18"," 9:45:00 AM","2025-07-18"," 3:15:00 PM","","","","","","","NA","1622.00"
"761.1","2025-07-18"," 9:45:00 AM","2025-07-18"," 3:15:00 PM","CE","82000","Sell","20","384.00","252.90","","2622.00"
"761.2","2025-07-18"," 9:45:00 AM","2025-07-18"," 10:03:00 AM","PE","82000","Sell","20","253.80","303.80","","-1000.00"
"762","2025-07-18"," 11:45:00 AM","2025-07-18"," 3:15:00 PM","","","","","","","NA","597.00"
"762.1","2025-07-18"," 11:45:00 AM","2025-07-18"," 1:01:00 PM","CE","81600","Sell","20","403.00","453.00","","-1000.00"
"762.2","2025-07-18"," 11:45:00 AM","2025-07-18"," 3:15:00 PM","PE","81600","Sell","20","271.50","191.65","","1597.00"
"763","2025-07-21"," 9:45:00 AM","2025-07-21"," 3:15:00 PM","","","","","","","NA","2681.00"
"763.1","2025-07-21"," 9:45:00 AM","2025-07-21"," 9:48:00 AM","CE","81700","Sell","20","234.65","284.65","","-1000.00"
"763.2","2025-07-21"," 9:45:00 AM","2025-07-21"," 3:15:00 PM","PE","81700","Sell","20","232.00","47.95","","3681.00"
"764","2025-07-21"," 11:45:00 AM","2025-07-21"," 1:58:00 PM","","","","","","","NA","-1000.00"
"764.1","2025-07-21"," 11:45:00 AM","2025-07-21"," 12:01:00 PM","CE","82000","Sell","20","221.00","271.00","","-1000.00"
"764.2","2025-07-21"," 11:45:00 AM","2025-07-21"," 1:58:00 PM","PE","82000","Sell","20","203.40","203.40","","0.00"
"765","2025-07-22"," 9:45:00 AM","2025-07-22"," 9:56:00 AM","","","","","","","NA","-1000.00"
"765.1","2025-07-22"," 9:45:00 AM","2025-07-22"," 9:48:00 AM","CE","82300","Sell","20","131.50","181.50","","-1000.00"
"765.2","2025-07-22"," 9:45:00 AM","2025-07-22"," 9:56:00 AM","PE","82300","Sell","20","98.45","98.45","","0.00"
"766","2025-07-22"," 11:45:00 AM","2025-07-22"," 2:39:00 PM","","","","","","","NA","-1000.00"
"766.1","2025-07-22"," 11:45:00 AM","2025-07-22"," 12:24:00 PM","CE","82200","Sell","20","79.90","129.90","","-1000.00"
"766.2","2025-07-22"," 11:45:00 AM","2025-07-22"," 2:39:00 PM","PE","82200","Sell","20","87.40","87.40","","0.00"
"767","2025-07-23"," 9:45:00 AM","2025-07-23"," 3:15:00 PM","","","","","","","NA","2224.00"
"767.1","2025-07-23"," 9:45:00 AM","2025-07-23"," 10:56:00 AM","CE","82300","Sell","20","411.90","461.90","","-1000.00"
"767.2","2025-07-23"," 9:45:00 AM","2025-07-23"," 3:15:00 PM","PE","82300","Sell","20","328.80","167.60","","3224.00"
"768","2025-07-23"," 11:45:00 AM","2025-07-23"," 3:15:00 PM","","","","","","","NA","1199.00"
"768.1","2025-07-23"," 11:45:00 AM","2025-07-23"," 12:04:00 PM","CE","82400","Sell","20","395.00","445.00","","-1000.00"
"768.2","2025-07-23"," 11:45:00 AM","2025-07-23"," 3:15:00 PM","PE","82400","Sell","20","303.15","193.20","","2199.00"
"769","2025-07-24"," 9:45:00 AM","2025-07-24"," 3:15:00 PM","","","","","","","NA","1970.00"
"769.1","2025-07-24"," 9:45:00 AM","2025-07-24"," 3:15:00 PM","CE","82600","Sell","20","321.30","172.80","","2970.00"
"769.2","2025-07-24"," 9:45:00 AM","2025-07-24"," 11:16:00 AM","PE","82600","Sell","20","303.25","353.25","","-1000.00"
"770","2025-07-24"," 11:45:00 AM","2025-07-24"," 3:15:00 PM","","","","","","","NA","381.00"
"770.1","2025-07-24"," 11:45:00 AM","2025-07-24"," 3:15:00 PM","CE","82300","Sell","20","363.30","294.25","","1381.00"
"770.2","2025-07-24"," 11:45:00 AM","2025-07-24"," 11:58:00 AM","PE","82300","Sell","20","288.20","338.20","","-1000.00"
"771","2025-07-25"," 9:45:00 AM","2025-07-25"," 3:15:00 PM","","","","","","","NA","1940.00"
"771.1","2025-07-25"," 9:45:00 AM","2025-07-25"," 3:15:00 PM","CE","81800","Sell","20","312.75","165.75","","2940.00"
"771.2","2025-07-25"," 9:45:00 AM","2025-07-25"," 10:16:00 AM","PE","81800","Sell","20","295.05","345.05","","-1000.00"
"772","2025-07-25"," 11:45:00 AM","2025-07-25"," 3:15:00 PM","","","","","","","NA","771.00"
"772.1","2025-07-25"," 11:45:00 AM","2025-07-25"," 3:15:00 PM","CE","81600","Sell","20","331.50","242.95","","1771.00"
"772.2","2025-07-25"," 11:45:00 AM","2025-07-25"," 11:48:00 AM","PE","81600","Sell","20","267.00","317.00","","-1000.00"
"773","2025-07-28"," 9:45:00 AM","2025-07-28"," 10:49:00 AM","","","","","","","NA","-1000.00"
"773.1","2025-07-28"," 9:45:00 AM","2025-07-28"," 9:50:00 AM","CE","81300","Sell","20","251.95","301.95","","-1000.00"
"773.2","2025-07-28"," 9:45:00 AM","2025-07-28"," 10:49:00 AM","PE","81300","Sell","20","225.60","225.60","","0.00"
"774","2025-07-28"," 11:45:00 AM","2025-07-28"," 3:15:00 PM","","","","","","","NA","2448.00"
"774.1","2025-07-28"," 11:45:00 AM","2025-07-28"," 3:15:00 PM","CE","81300","Sell","20","251.40","79.00","","3448.00"
"774.2","2025-07-28"," 11:45:00 AM","2025-07-28"," 12:45:00 PM","PE","81300","Sell","20","182.60","232.60","","-1000.00"
"775","2025-07-29"," 9:45:00 AM","2025-07-29"," 10:12:00 AM","","","","","","","NA","-1037.00"
"775.1","2025-07-29"," 9:45:00 AM","2025-07-29"," 9:56:00 AM","CE","80900","Sell","20","168.60","220.45","","-1037.00"
"775.2","2025-07-29"," 9:45:00 AM","2025-07-29"," 10:12:00 AM","PE","80900","Sell","20","129.05","129.05","","0.00"
"776","2025-07-29"," 11:45:00 AM","2025-07-29"," 3:15:00 PM","","","","","","","NA","854.00"
"776.1","2025-07-29"," 11:45:00 AM","2025-07-29"," 12:42:00 PM","CE","80800","Sell","20","118.00","168.00","","-1000.00"
"776.2","2025-07-29"," 11:45:00 AM","2025-07-29"," 3:15:00 PM","PE","80800","Sell","20","92.90","0.20","","1854.00"
"777","2025-07-30"," 9:45:00 AM","2025-07-30"," 11:20:00 AM","","","","","","","NA","-1000.00"
"777.1","2025-07-30"," 9:45:00 AM","2025-07-30"," 11:20:00 AM","CE","81500","Sell","20","452.00","452.00","","0.00"
"777.2","2025-07-30"," 9:45:00 AM","2025-07-30"," 9:48:00 AM","PE","81500","Sell","20","386.35","436.35","","-1000.00"
"778","2025-07-30"," 11:45:00 AM","2025-07-30"," 2:28:00 PM","","","","","","","NA","-1000.00"
"778.1","2025-07-30"," 11:45:00 AM","2025-07-30"," 2:28:00 PM","CE","81500","Sell","20","456.40","456.40","","0.00"
"778.2","2025-07-30"," 11:45:00 AM","2025-07-30"," 1:23:00 PM","PE","81500","Sell","20","359.10","409.10","","-1000.00"
"779","2025-07-31"," 9:45:00 AM","2025-07-31"," 10:49:00 AM","","","","","","","NA","-1000.00"
"779.1","2025-07-31"," 9:45:00 AM","2025-07-31"," 10:49:00 AM","CE","81000","Sell","20","411.30","411.30","","0.00"
"779.2","2025-07-31"," 9:45:00 AM","2025-07-31"," 10:01:00 AM","PE","81000","Sell","20","416.65","466.65","","-1000.00"
"780","2025-07-31"," 11:45:00 AM","2025-07-31"," 12:15:00 PM","","","","","","","NA","-1000.00"
"780.1","2025-07-31"," 11:45:00 AM","2025-07-31"," 12:15:00 PM","CE","81300","Sell","20","467.90","467.90","","0.00"
"780.2","2025-07-31"," 11:45:00 AM","2025-07-31"," 12:08:00 PM","PE","81300","Sell","20","378.60","428.60","","-1000.00"
"781","2025-08-01"," 9:45:00 AM","2025-08-01"," 11:19:00 AM","","","","","","","NA","-1000.00"
"781.1","2025-08-01"," 9:45:00 AM","2025-08-01"," 10:11:00 AM","CE","81000","Sell","20","391.80","441.80","","-1000.00"
"781.2","2025-08-01"," 9:45:00 AM","2025-08-01"," 11:19:00 AM","PE","81000","Sell","20","344.00","344.00","","0.00"
"782","2025-08-01"," 11:45:00 AM","2025-08-01"," 12:36:00 PM","","","","","","","NA","-1000.00"
"782.1","2025-08-01"," 11:45:00 AM","2025-08-01"," 11:50:00 AM","CE","80800","Sell","20","385.90","435.90","","-1000.00"
"782.2","2025-08-01"," 11:45:00 AM","2025-08-01"," 12:36:00 PM","PE","80800","Sell","20","330.85","330.85","","0.00"
"783","2025-08-04"," 9:45:00 AM","2025-08-04"," 9:50:00 AM","","","","","","","NA","-1000.00"
"783.1","2025-08-04"," 9:45:00 AM","2025-08-04"," 9:50:00 AM","CE","80600","Sell","20","337.05","337.05","","0.00"
"783.2","2025-08-04"," 9:45:00 AM","2025-08-04"," 9:48:00 AM","PE","80600","Sell","20","257.40","307.40","","-1000.00"
"784","2025-08-04"," 11:45:00 AM","2025-08-04"," 1:29:00 PM","","","","","","","NA","-1000.00"
"784.1","2025-08-04"," 11:45:00 AM","2025-08-04"," 12:37:00 PM","CE","80900","Sell","20","260.50","310.50","","-1000.00"
"784.2","2025-08-04"," 11:45:00 AM","2025-08-04"," 1:29:00 PM","PE","80900","Sell","20","258.15","258.15","","0.00"
"785","2025-08-05"," 9:45:00 AM","2025-08-05"," 3:15:00 PM","","","","","","","NA","2430.00"
"785.1","2025-08-05"," 9:45:00 AM","2025-08-05"," 12:13:00 PM","CE","80700","Sell","20","172.55","222.55","","-1000.00"
"785.2","2025-08-05"," 9:45:00 AM","2025-08-05"," 3:15:00 PM","PE","80700","Sell","20","175.25","3.75","","3430.00"
"786","2025-08-05"," 11:45:00 AM","2025-08-05"," 1:12:00 PM","","","","","","","NA","-1000.00"
"786.1","2025-08-05"," 11:45:00 AM","2025-08-05"," 12:12:00 PM","CE","80700","Sell","20","112.95","162.95","","-1000.00"
"786.2","2025-08-05"," 11:45:00 AM","2025-08-05"," 1:12:00 PM","PE","80700","Sell","20","93.05","93.05","","0.00"
"787","2025-08-06"," 9:45:00 AM","2025-08-06"," 10:22:00 AM","","","","","","","NA","-1000.00"
"787.1","2025-08-06"," 9:45:00 AM","2025-08-06"," 10:22:00 AM","CE","80700","Sell","20","488.05","488.05","","0.00"
"787.2","2025-08-06"," 9:45:00 AM","2025-08-06"," 10:05:00 AM","PE","80700","Sell","20","444.65","494.65","","-1000.00"
"788","2025-08-06"," 11:45:00 AM","2025-08-06"," 2:37:00 PM","","","","","","","NA","-1000.00"
"788.1","2025-08-06"," 11:45:00 AM","2025-08-06"," 12:03:00 PM","CE","80500","Sell","20","476.95","526.95","","-1000.00"
"788.2","2025-08-06"," 11:45:00 AM","2025-08-06"," 2:37:00 PM","PE","80500","Sell","20","389.40","389.40","","0.00"
"789","2025-08-07"," 9:45:00 AM","2025-08-07"," 2:23:00 PM","","","","","","","NA","-1000.00"
"789.1","2025-08-07"," 9:45:00 AM","2025-08-07"," 2:23:00 PM","CE","80300","Sell","20","406.00","406.00","","0.00"
"789.2","2025-08-07"," 9:45:00 AM","2025-08-07"," 10:29:00 AM","PE","80300","Sell","20","341.55","391.55","","-1000.00"
"790","2025-08-07"," 11:45:00 AM","2025-08-07"," 2:13:00 PM","","","","","","","NA","-1000.00"
"790.1","2025-08-07"," 11:45:00 AM","2025-08-07"," 2:13:00 PM","CE","80100","Sell","20","373.35","373.35","","0.00"
"790.2","2025-08-07"," 11:45:00 AM","2025-08-07"," 1:19:00 PM","PE","80100","Sell","20","359.25","409.25","","-1000.00"
"791","2025-08-08"," 9:45:00 AM","2025-08-08"," 3:15:00 PM","","","","","","","NA","2433.00"
"791.1","2025-08-08"," 9:45:00 AM","2025-08-08"," 3:15:00 PM","CE","80300","Sell","20","343.60","171.95","","3433.00"
"791.2","2025-08-08"," 9:45:00 AM","2025-08-08"," 10:02:00 AM","PE","80300","Sell","20","304.90","354.90","","-1000.00"
"792","2025-08-08"," 11:45:00 AM","2025-08-08"," 12:28:00 PM","","","","","","","NA","-1000.00"
"792.1","2025-08-08"," 11:45:00 AM","2025-08-08"," 12:28:00 PM","CE","80100","Sell","20","358.40","358.40","","0.00"
"792.2","2025-08-08"," 11:45:00 AM","2025-08-08"," 12:05:00 PM","PE","80100","Sell","20","284.40","334.40","","-1000.00"
"793","2025-08-11"," 9:45:00 AM","2025-08-11"," 3:15:00 PM","","","","","","","NA","2815.00"
"793.1","2025-08-11"," 9:45:00 AM","2025-08-11"," 10:02:00 AM","CE","79900","Sell","20","323.40","373.40","","-1000.00"
"793.2","2025-08-11"," 9:45:00 AM","2025-08-11"," 3:15:00 PM","PE","79900","Sell","20","228.15","37.40","","3815.00"
"794","2025-08-11"," 11:45:00 AM","2025-08-11"," 3:15:00 PM","","","","","","","NA","1875.00"
"794.1","2025-08-11"," 11:45:00 AM","2025-08-11"," 12:28:00 PM","CE","80000","Sell","20","292.50","342.50","","-1000.00"
"794.2","2025-08-11"," 11:45:00 AM","2025-08-11"," 3:15:00 PM","PE","80000","Sell","20","191.30","47.55","","2875.00"
"795","2025-08-12"," 9:45:00 AM","2025-08-12"," 10:20:00 AM","","","","","","","NA","-1000.00"
"795.1","2025-08-12"," 9:45:00 AM","2025-08-12"," 9:54:00 AM","CE","80800","Sell","20","159.50","209.50","","-1000.00"
"795.2","2025-08-12"," 9:45:00 AM","2025-08-12"," 10:20:00 AM","PE","80800","Sell","20","142.75","142.75","","0.00"
"796","2025-08-12"," 11:45:00 AM","2025-08-12"," 11:58:00 AM","","","","","","","NA","-1000.00"
"796.1","2025-08-12"," 11:45:00 AM","2025-08-12"," 11:58:00 AM","CE","80500","Sell","20","132.95","132.95","","0.00"
"796.2","2025-08-12"," 11:45:00 AM","2025-08-12"," 11:51:00 AM","PE","80500","Sell","20","113.00","163.00","","-1000.00"
"797","2025-08-13"," 9:45:00 AM","2025-08-13"," 10:15:00 AM","","","","","","","NA","-1000.00"
"797.1","2025-08-13"," 9:45:00 AM","2025-08-13"," 9:49:00 AM","CE","80400","Sell","20","522.65","572.65","","-1000.00"
"797.2","2025-08-13"," 9:45:00 AM","2025-08-13"," 10:15:00 AM","PE","80400","Sell","20","318.15","318.15","","0.00"
"798","2025-08-13"," 11:45:00 AM","2025-08-13"," 3:15:00 PM","","","","","","","NA","147.00"
"798.1","2025-08-13"," 11:45:00 AM","2025-08-13"," 12:23:00 PM","CE","80400","Sell","20","487.45","537.45","","-1000.00"
"798.2","2025-08-13"," 11:45:00 AM","2025-08-13"," 3:15:00 PM","PE","80400","Sell","20","323.65","266.30","","1147.00"
"799","2025-08-14"," 9:45:00 AM","2025-08-14"," 10:27:00 AM","","","","","","","NA","-1000.00"
"799.1","2025-08-14"," 9:45:00 AM","2025-08-14"," 10:27:00 AM","CE","80700","Sell","20","405.50","405.50","","0.00"
"799.2","2025-08-14"," 9:45:00 AM","2025-08-14"," 10:06:00 AM","PE","80700","Sell","20","329.60","379.60","","-1000.00"
"800","2025-08-14"," 11:45:00 AM","2025-08-14"," 2:32:00 PM","","","","","","","NA","-1000.00"
"800.1","2025-08-14"," 11:45:00 AM","2025-08-14"," 12:58:00 PM","CE","80600","Sell","20","381.05","431.05","","-1000.00"
"800.2","2025-08-14"," 11:45:00 AM","2025-08-14"," 2:32:00 PM","PE","80600","Sell","20","336.55","336.55","","0.00"
"801","2025-08-18"," 9:45:00 AM","2025-08-18"," 3:15:00 PM","","","","","","","NA","3772.00"
"801.1","2025-08-18"," 9:45:00 AM","2025-08-18"," 3:15:00 PM","CE","81700","Sell","20","339.75","101.15","","4772.00"
"801.2","2025-08-18"," 9:45:00 AM","2025-08-18"," 11:06:00 AM","PE","81700","Sell","20","273.05","323.05","","-1000.00"
"802","2025-08-18"," 11:45:00 AM","2025-08-18"," 3:15:00 PM","","","","","","","NA","2077.00"
"802.1","2025-08-18"," 11:45:00 AM","2025-08-18"," 3:15:00 PM","CE","81500","Sell","20","323.95","170.10","","3077.00"
"802.2","2025-08-18"," 11:45:00 AM","2025-08-18"," 12:09:00 PM","PE","81500","Sell","20","212.70","262.70","","-1000.00"
"803","2025-08-19"," 9:45:00 AM","2025-08-19"," 3:15:00 PM","","","","","","","NA","1472.00"
"803.1","2025-08-19"," 9:45:00 AM","2025-08-19"," 9:51:00 AM","CE","81300","Sell","20","149.65","199.65","","-1000.00"
"803.2","2025-08-19"," 9:45:00 AM","2025-08-19"," 3:15:00 PM","PE","81300","Sell","20","123.85","0.25","","2472.00"
"804","2025-08-19"," 11:45:00 AM","2025-08-19"," 2:07:00 PM","","","","","","","NA","-1000.00"
"804.1","2025-08-19"," 11:45:00 AM","2025-08-19"," 12:13:00 PM","CE","81500","Sell","20","120.15","170.15","","-1000.00"
"804.2","2025-08-19"," 11:45:00 AM","2025-08-19"," 2:07:00 PM","PE","81500","Sell","20","68.25","68.25","","0.00"
"805","2025-08-20"," 9:45:00 AM","2025-08-20"," 9:56:00 AM","","","","","","","NA","-1000.00"
"805.1","2025-08-20"," 9:45:00 AM","2025-08-20"," 9:51:00 AM","CE","81600","Sell","20","438.60","488.60","","-1000.00"
"805.2","2025-08-20"," 9:45:00 AM","2025-08-20"," 9:56:00 AM","PE","81600","Sell","20","379.25","379.25","","0.00"
"806","2025-08-20"," 11:45:00 AM","2025-08-20"," 3:15:00 PM","","","","","","","NA","206.00"
"806.1","2025-08-20"," 11:45:00 AM","2025-08-20"," 12:52:00 PM","CE","81800","Sell","20","440.00","490.00","","-1000.00"
"806.2","2025-08-20"," 11:45:00 AM","2025-08-20"," 3:15:00 PM","PE","81800","Sell","20","382.40","322.10","","1206.00"
"807","2025-08-21"," 9:45:00 AM","2025-08-21"," 3:15:00 PM","","","","","","","NA","1060.00"
"807.1","2025-08-21"," 9:45:00 AM","2025-08-21"," 9:52:00 AM","CE","82000","Sell","20","342.95","392.95","","-1000.00"
"807.2","2025-08-21"," 9:45:00 AM","2025-08-21"," 3:15:00 PM","PE","82000","Sell","20","363.80","260.80","","2060.00"
"808","2025-08-21"," 11:45:00 AM","2025-08-21"," 12:50:00 PM","","","","","","","NA","-1000.00"
"808.1","2025-08-21"," 11:45:00 AM","2025-08-21"," 12:50:00 PM","CE","82200","Sell","20","335.15","335.15","","0.00"
"808.2","2025-08-21"," 11:45:00 AM","2025-08-21"," 12:02:00 PM","PE","82200","Sell","20","326.90","376.90","","-1000.00"
"809","2025-08-22"," 9:45:00 AM","2025-08-22"," 3:15:00 PM","","","","","","","NA","1764.00"
"809.1","2025-08-22"," 9:45:00 AM","2025-08-22"," 3:15:00 PM","CE","81700","Sell","20","313.95","175.75","","2764.00"
"809.2","2025-08-22"," 9:45:00 AM","2025-08-22"," 10:04:00 AM","PE","81700","Sell","20","315.05","365.05","","-1000.00"
"810","2025-08-22"," 11:45:00 AM","2025-08-22"," 3:15:00 PM","","","","","","","NA","481.00"
"810.1","2025-08-22"," 11:45:00 AM","2025-08-22"," 3:15:00 PM","CE","81500","Sell","20","328.85","254.80","","1481.00"
"810.2","2025-08-22"," 11:45:00 AM","2025-08-22"," 2:25:00 PM","PE","81500","Sell","20","255.65","305.65","","-1000.00"
"811","2025-08-25"," 9:45:00 AM","2025-08-25"," 11:46:00 AM","","","","","","","NA","-1000.00"
"811.1","2025-08-25"," 9:45:00 AM","2025-08-25"," 11:46:00 AM","CE","81600","Sell","20","256.00","256.00","","0.00"
"811.2","2025-08-25"," 9:45:00 AM","2025-08-25"," 9:57:00 AM","PE","81600","Sell","20","169.20","219.20","","-1000.00"
"812","2025-08-25"," 11:45:00 AM","2025-08-25"," 11:49:00 AM","","","","","","","NA","-1000.00"
"812.1","2025-08-25"," 11:45:00 AM","2025-08-25"," 11:46:00 AM","CE","81600","Sell","20","210.00","260.00","","-1000.00"
"812.2","2025-08-25"," 11:45:00 AM","2025-08-25"," 11:49:00 AM","PE","81600","Sell","20","167.55","167.55","","0.00"
"813","2025-08-26"," 9:45:00 AM","2025-08-26"," 3:03:00 PM","","","","","","","NA","-1000.00"
"813.1","2025-08-26"," 9:45:00 AM","2025-08-26"," 11:21:00 AM","CE","81000","Sell","20","148.00","198.00","","-1000.00"
"813.2","2025-08-26"," 9:45:00 AM","2025-08-26"," 3:03:00 PM","PE","81000","Sell","20","151.70","151.70","","0.00"
"814","2025-08-26"," 11:45:00 AM","2025-08-26"," 1:28:00 PM","","","","","","","NA","-1000.00"
"814.1","2025-08-26"," 11:45:00 AM","2025-08-26"," 1:28:00 PM","CE","81100","Sell","20","88.75","88.75","","0.00"
"814.2","2025-08-26"," 11:45:00 AM","2025-08-26"," 12:43:00 PM","PE","81100","Sell","20","91.45","141.45","","-1000.00"
"815","2025-08-28"," 9:45:00 AM","2025-08-28"," 10:19:00 AM","","","","","","","NA","-1000.00"
"815.1","2025-08-28"," 9:45:00 AM","2025-08-28"," 10:05:00 AM","CE","80300","Sell","20","554.65","604.65","","-1000.00"
"815.2","2025-08-28"," 9:45:00 AM","2025-08-28"," 10:19:00 AM","PE","80300","Sell","20","447.20","447.20","","0.00"
"816","2025-08-28"," 11:45:00 AM","2025-08-28"," 3:15:00 PM","","","","","","","NA","3123.00"
"816.1","2025-08-28"," 11:45:00 AM","2025-08-28"," 3:15:00 PM","CE","80500","Sell","20","577.15","371.00","","4123.00"
"816.2","2025-08-28"," 11:45:00 AM","2025-08-28"," 12:19:00 PM","PE","80500","Sell","20","427.50","477.50","","-1000.00"
"817","2025-08-29"," 9:45:00 AM","2025-08-29"," 10:22:00 AM","","","","","","","NA","-1000.00"
"817.1","2025-08-29"," 9:45:00 AM","2025-08-29"," 10:22:00 AM","CE","80100","Sell","20","540.50","540.50","","0.00"
"817.2","2025-08-29"," 9:45:00 AM","2025-08-29"," 10:02:00 AM","PE","80100","Sell","20","368.45","418.45","","-1000.00"
"818","2025-08-29"," 11:45:00 AM","2025-08-29"," 3:15:00 PM","","","","","","","NA","3561.00"
"818.1","2025-08-29"," 11:45:00 AM","2025-08-29"," 3:15:00 PM","CE","80300","Sell","20","483.00","254.95","","4561.00"
"818.2","2025-08-29"," 11:45:00 AM","2025-08-29"," 12:03:00 PM","PE","80300","Sell","20","354.00","404.00","","-1000.00"
"819","2025-09-01"," 9:45:00 AM","2025-09-01"," 12:28:00 PM","","","","","","","NA","-1000.00"
"819.1","2025-09-01"," 9:45:00 AM","2025-09-01"," 12:28:00 PM","CE","80200","Sell","20","413.20","413.20","","0.00"
"819.2","2025-09-01"," 9:45:00 AM","2025-09-01"," 10:23:00 AM","PE","80200","Sell","20","290.45","340.45","","-1000.00"
"820","2025-09-01"," 11:45:00 AM","2025-09-01"," 3:15:00 PM","","","","","","","NA","229.00"
"820.1","2025-09-01"," 11:45:00 AM","2025-09-01"," 12:29:00 PM","CE","80100","Sell","20","429.30","479.30","","-1000.00"
"820.2","2025-09-01"," 11:45:00 AM","2025-09-01"," 3:15:00 PM","PE","80100","Sell","20","240.35","178.90","","1229.00"
"821","2025-09-02"," 9:45:00 AM","2025-09-02"," 1:25:00 PM","","","","","","","NA","-1000.00"
"821.1","2025-09-02"," 9:45:00 AM","2025-09-02"," 9:54:00 AM","CE","80600","Sell","20","288.95","338.95","","-1000.00"
"821.2","2025-09-02"," 9:45:00 AM","2025-09-02"," 1:25:00 PM","PE","80600","Sell","20","247.15","247.15","","0.00"
"822","2025-09-02"," 11:45:00 AM","2025-09-02"," 3:15:00 PM","","","","","","","NA","3032.00"
"822.1","2025-09-02"," 11:45:00 AM","2025-09-02"," 3:15:00 PM","CE","80700","Sell","20","299.50","97.90","","4032.00"
"822.2","2025-09-02"," 11:45:00 AM","2025-09-02"," 1:22:00 PM","PE","80700","Sell","20","226.75","276.75","","-1000.00"
"823","2025-09-03"," 9:45:00 AM","2025-09-03"," 3:15:00 PM","","","","","","","NA","1876.00"
"823.1","2025-09-03"," 9:45:00 AM","2025-09-03"," 9:52:00 AM","CE","80000","Sell","20","277.20","327.20","","-1000.00"
"823.2","2025-09-03"," 9:45:00 AM","2025-09-03"," 3:15:00 PM","PE","80000","Sell","20","183.40","39.60","","2876.00"
"824","2025-09-03"," 11:45:00 AM","2025-09-03"," 12:58:00 PM","","","","","","","NA","-1000.00"
"824.1","2025-09-03"," 11:45:00 AM","2025-09-03"," 12:12:00 PM","CE","80200","Sell","20","206.40","256.40","","-1000.00"
"824.2","2025-09-03"," 11:45:00 AM","2025-09-03"," 12:58:00 PM","PE","80200","Sell","20","209.85","209.85","","0.00"
"825","2025-09-04"," 9:45:00 AM","2025-09-04"," 10:10:00 AM","","","","","","","NA","-1000.00"
"825.1","2025-09-04"," 9:45:00 AM","2025-09-04"," 9:48:00 AM","CE","81100","Sell","20","187.70","237.70","","-1000.00"
"825.2","2025-09-04"," 9:45:00 AM","2025-09-04"," 10:10:00 AM","PE","81100","Sell","20","131.20","131.20","","0.00"
"826","2025-09-04"," 11:45:00 AM","2025-09-04"," 12:09:00 PM","","","","","","","NA","-1000.00"
"826.1","2025-09-04"," 11:45:00 AM","2025-09-04"," 12:07:00 PM","CE","81000","Sell","20","140.15","190.15","","-1000.00"
"826.2","2025-09-04"," 11:45:00 AM","2025-09-04"," 12:09:00 PM","PE","81000","Sell","20","160.00","160.00","","0.00"
"827","2025-09-05"," 9:45:00 AM","2025-09-05"," 1:59:00 PM","","","","","","","NA","-1000.00"
"827.1","2025-09-05"," 9:45:00 AM","2025-09-05"," 1:59:00 PM","CE","80800","Sell","20","431.70","431.70","","0.00"
"827.2","2025-09-05"," 9:45:00 AM","2025-09-05"," 10:10:00 AM","PE","80800","Sell","20","296.80","346.80","","-1000.00"
"828","2025-09-05"," 11:45:00 AM","2025-09-05"," 1:16:00 PM","","","","","","","NA","-1000.00"
"828.1","2025-09-05"," 11:45:00 AM","2025-09-05"," 1:16:00 PM","CE","80500","Sell","20","419.20","419.20","","0.00"
"828.2","2025-09-05"," 11:45:00 AM","2025-09-05"," 12:35:00 PM","PE","80500","Sell","20","362.60","412.60","","-1000.00"
"829","2025-09-08"," 9:45:00 AM","2025-09-08"," 12:36:00 PM","","","","","","","NA","-1000.00"
"829.1","2025-09-08"," 9:45:00 AM","2025-09-08"," 12:36:00 PM","CE","81000","Sell","20","356.25","356.25","","0.00"
"829.2","2025-09-08"," 9:45:00 AM","2025-09-08"," 10:15:00 AM","PE","81000","Sell","20","288.80","338.80","","-1000.00"
"830","2025-09-08"," 11:45:00 AM","2025-09-08"," 2:49:00 PM","","","","","","","NA","-1000.00"
"830.1","2025-09-08"," 11:45:00 AM","2025-09-08"," 12:38:00 PM","CE","81000","Sell","20","330.70","380.70","","-1000.00"
"830.2","2025-09-08"," 11:45:00 AM","2025-09-08"," 2:49:00 PM","PE","81000","Sell","20","284.25","284.25","","0.00"
"831","2025-09-09"," 9:45:00 AM","2025-09-09"," 1:35:00 PM","","","","","","","NA","-1000.00"
"831.1","2025-09-09"," 9:45:00 AM","2025-09-09"," 1:35:00 PM","CE","81100","Sell","20","288.75","288.75","","0.00"
"831.2","2025-09-09"," 9:45:00 AM","2025-09-09"," 10:13:00 AM","PE","81100","Sell","20","260.40","310.40","","-1000.00"
"832","2025-09-09"," 11:45:00 AM","2025-09-09"," 3:15:00 PM","","","","","","","NA","925.00"
"832.1","2025-09-09"," 11:45:00 AM","2025-09-09"," 3:15:00 PM","CE","81000","Sell","20","321.75","322.00","","-5.00"
"832.2","2025-09-09"," 11:45:00 AM","2025-09-09"," 3:15:00 PM","PE","81000","Sell","20","240.55","194.05","","930.00"
"833","2025-09-10"," 9:45:00 AM","2025-09-10"," 3:15:00 PM","","","","","","","NA","780.00"
"833.1","2025-09-10"," 9:45:00 AM","2025-09-10"," 3:15:00 PM","CE","81600","Sell","20","218.00","129.00","","1780.00"
"833.2","2025-09-10"," 9:45:00 AM","2025-09-10"," 1:16:00 PM","PE","81600","Sell","20","243.05","293.05","","-1000.00"
"834","2025-09-10"," 11:45:00 AM","2025-09-10"," 3:15:00 PM","","","","","","","NA","80.00"
"834.1","2025-09-10"," 11:45:00 AM","2025-09-10"," 3:15:00 PM","CE","81500","Sell","20","228.25","174.25","","1080.00"
"834.2","2025-09-10"," 11:45:00 AM","2025-09-10"," 1:17:00 PM","PE","81500","Sell","20","193.00","243.00","","-1000.00"
"835","2025-09-11"," 9:45:00 AM","2025-09-11"," 3:15:00 PM","","","","","","","NA","4243.00"
"835.1","2025-09-11"," 9:45:00 AM","2025-09-11"," 3:15:00 PM","CE","81500","Sell","20","123.85","49.00","","1497.00"
"835.2","2025-09-11"," 9:45:00 AM","2025-09-11"," 3:15:00 PM","PE","81500","Sell","20","138.05","0.75","","2746.00"
"836","2025-09-11"," 11:45:00 AM","2025-09-11"," 3:15:00 PM","","","","","","","NA","618.00"
"836.1","2025-09-11"," 11:45:00 AM","2025-09-11"," 12:18:00 PM","CE","81400","Sell","20","113.20","163.20","","-1000.00"
"836.2","2025-09-11"," 11:45:00 AM","2025-09-11"," 3:15:00 PM","PE","81400","Sell","20","81.20","0.30","","1618.00"
"837","2025-09-12"," 9:45:00 AM","2025-09-12"," 3:15:00 PM","","","","","","","NA","832.00"
"837.1","2025-09-12"," 9:45:00 AM","2025-09-12"," 10:15:00 AM","CE","81700","Sell","20","401.15","451.15","","-1000.00"
"837.2","2025-09-12"," 9:45:00 AM","2025-09-12"," 3:15:00 PM","PE","81700","Sell","20","308.35","216.75","","1832.00"
"838","2025-09-12"," 11:45:00 AM","2025-09-12"," 3:15:00 PM","","","","","","","NA","501.00"
"838.1","2025-09-12"," 11:45:00 AM","2025-09-12"," 3:15:00 PM","CE","81900","Sell","20","419.30","403.55","","315.00"
"838.2","2025-09-12"," 11:45:00 AM","2025-09-12"," 3:15:00 PM","PE","81900","Sell","20","299.25","289.95","","186.00"
"839","2025-09-15"," 9:45:00 AM","2025-09-15"," 3:15:00 PM","","","","","","","NA","635.00"
"839.1","2025-09-15"," 9:45:00 AM","2025-09-15"," 3:15:00 PM","CE","81900","Sell","20","330.05","309.40","","413.00"
"839.2","2025-09-15"," 9:45:00 AM","2025-09-15"," 3:15:00 PM","PE","81900","Sell","20","291.65","280.55","","222.00"
"840","2025-09-15"," 11:45:00 AM","2025-09-15"," 1:44:00 PM","","","","","","","NA","-1000.00"
"840.1","2025-09-15"," 11:45:00 AM","2025-09-15"," 12:01:00 PM","CE","81800","Sell","20","372.35","422.35","","-1000.00"
"840.2","2025-09-15"," 11:45:00 AM","2025-09-15"," 1:44:00 PM","PE","81800","Sell","20","242.30","242.30","","0.00"
"841","2025-09-16"," 9:45:00 AM","2025-09-16"," 3:15:00 PM","","","","","","","NA","1508.00"
"841.1","2025-09-16"," 9:45:00 AM","2025-09-16"," 10:00:00 AM","CE","82000","Sell","20","316.60","366.60","","-1000.00"
"841.2","2025-09-16"," 9:45:00 AM","2025-09-16"," 3:15:00 PM","PE","82000","Sell","20","231.80","106.40","","2508.00"
"842","2025-09-16"," 11:45:00 AM","2025-09-16"," 3:15:00 PM","","","","","","","NA","683.00"
"842.1","2025-09-16"," 11:45:00 AM","2025-09-16"," 12:34:00 PM","CE","82100","Sell","20","331.55","381.55","","-1000.00"
"842.2","2025-09-16"," 11:45:00 AM","2025-09-16"," 3:15:00 PM","PE","82100","Sell","20","216.55","132.40","","1683.00"
"843","2025-09-17"," 9:45:00 AM","2025-09-17"," 3:15:00 PM","","","","","","","NA","423.00"
"843.1","2025-09-17"," 9:45:00 AM","2025-09-17"," 3:15:00 PM","CE","82700","Sell","20","220.50","230.45","","-199.00"
"843.2","2025-09-17"," 9:45:00 AM","2025-09-17"," 3:15:00 PM","PE","82700","Sell","20","192.75","161.65","","622.00"
"844","2025-09-17"," 11:45:00 AM","2025-09-17"," 3:15:00 PM","","","","","","","NA","-204.00"
"844.1","2025-09-17"," 11:45:00 AM","2025-09-17"," 3:15:00 PM","CE","82700","Sell","20","202.25","230.45","","-564.00"
"844.2","2025-09-17"," 11:45:00 AM","2025-09-17"," 3:15:00 PM","PE","82700","Sell","20","179.65","161.65","","360.00"
"845","2025-09-18"," 9:45:00 AM","2025-09-18"," 3:15:00 PM","","","","","","","NA","910.00"
"845.1","2025-09-18"," 9:45:00 AM","2025-09-18"," 3:15:00 PM","CE","83100","Sell","20","96.05","0.55","","1910.00"
"845.2","2025-09-18"," 9:45:00 AM","2025-09-18"," 12:38:00 PM","PE","83100","Sell","20","124.35","174.35","","-1000.00"
"846","2025-09-18"," 11:45:00 AM","2025-09-18"," 3:15:00 PM","","","","","","","NA","620.00"
"846.1","2025-09-18"," 11:45:00 AM","2025-09-18"," 3:15:00 PM","CE","83000","Sell","20","111.50","30.50","","1620.00"
"846.2","2025-09-18"," 11:45:00 AM","2025-09-18"," 12:38:00 PM","PE","83000","Sell","20","59.95","109.95","","-1000.00"
"847","2025-09-19"," 9:45:00 AM","2025-09-19"," 10:25:00 AM","","","","","","","NA","-1000.00"
"847.1","2025-09-19"," 9:45:00 AM","2025-09-19"," 10:25:00 AM","CE","82700","Sell","20","397.80","397.80","","0.00"
"847.2","2025-09-19"," 9:45:00 AM","2025-09-19"," 10:01:00 AM","PE","82700","Sell","20","320.90","370.90","","-1000.00"
"848","2025-09-19"," 11:45:00 AM","2025-09-19"," 3:15:00 PM","","","","","","","NA","-241.00"
"848.1","2025-09-19"," 11:45:00 AM","2025-09-19"," 1:28:00 PM","CE","82600","Sell","20","409.15","459.15","","-1000.00"
"848.2","2025-09-19"," 11:45:00 AM","2025-09-19"," 3:15:00 PM","PE","82600","Sell","20","292.50","254.55","","759.00"
"849","2025-09-22"," 9:45:00 AM","2025-09-22"," 3:15:00 PM","","","","","","","NA","2401.00"
"849.1","2025-09-22"," 9:45:00 AM","2025-09-22"," 3:15:00 PM","CE","82500","Sell","20","392.10","222.05","","3401.00"
"849.2","2025-09-22"," 9:45:00 AM","2025-09-22"," 11:38:00 AM","PE","82500","Sell","20","238.40","288.40","","-1000.00"
"850","2025-09-22"," 11:45:00 AM","2025-09-22"," 3:15:00 PM","","","","","","","NA","1551.00"
"850.1","2025-09-22"," 11:45:00 AM","2025-09-22"," 3:15:00 PM","CE","82400","Sell","20","393.50","265.95","","2551.00"
"850.2","2025-09-22"," 11:45:00 AM","2025-09-22"," 2:30:00 PM","PE","82400","Sell","20","208.75","258.75","","-1000.00"
"851","2025-09-23"," 9:45:00 AM","2025-09-23"," 12:15:00 PM","","","","","","","NA","-1000.00"
"851.1","2025-09-23"," 9:45:00 AM","2025-09-23"," 12:15:00 PM","CE","82000","Sell","20","341.15","341.15","","0.00"
"851.2","2025-09-23"," 9:45:00 AM","2025-09-23"," 11:16:00 AM","PE","82000","Sell","20","253.55","303.55","","-1000.00"
"852","2025-09-23"," 11:45:00 AM","2025-09-23"," 3:15:00 PM","","","","","","","NA","1189.00"
"852.1","2025-09-23"," 11:45:00 AM","2025-09-23"," 12:07:00 PM","CE","81800","Sell","20","399.45","449.45","","-1000.00"
"852.2","2025-09-23"," 11:45:00 AM","2025-09-23"," 3:15:00 PM","PE","81800","Sell","20","194.05","84.60","","2189.00"
"853","2025-09-24"," 9:45:00 AM","2025-09-24"," 10:50:00 AM","","","","","","","NA","-1000.00"
"853.1","2025-09-24"," 9:45:00 AM","2025-09-24"," 9:59:00 AM","CE","81700","Sell","20","288.55","338.55","","-1000.00"
"853.2","2025-09-24"," 9:45:00 AM","2025-09-24"," 10:50:00 AM","PE","81700","Sell","20","139.75","139.75","","0.00"
"854","2025-09-24"," 11:45:00 AM","2025-09-24"," 3:02:00 PM","","","","","","","NA","-1000.00"
"854.1","2025-09-24"," 11:45:00 AM","2025-09-24"," 12:14:00 PM","CE","81700","Sell","20","245.35","295.35","","-1000.00"
"854.2","2025-09-24"," 11:45:00 AM","2025-09-24"," 3:02:00 PM","PE","81700","Sell","20","148.00","148.00","","0.00"
"855","2025-09-25"," 9:45:00 AM","2025-09-25"," 3:15:00 PM","","","","","","","NA","1651.00"
"855.1","2025-09-25"," 9:45:00 AM","2025-09-25"," 3:15:00 PM","CE","81700","Sell","20","133.05","0.50","","2651.00"
"855.2","2025-09-25"," 9:45:00 AM","2025-09-25"," 10:37:00 AM","PE","81700","Sell","20","119.40","169.40","","-1000.00"
"856","2025-09-25"," 11:45:00 AM","2025-09-25"," 3:15:00 PM","","","","","","","NA","1529.00"
"856.1","2025-09-25"," 11:45:00 AM","2025-09-25"," 3:15:00 PM","CE","81500","Sell","20","126.80","0.35","","2529.00"
"856.2","2025-09-25"," 11:45:00 AM","2025-09-25"," 2:36:00 PM","PE","81500","Sell","20","87.05","137.05","","-1000.00"
"857","2025-09-26"," 9:45:00 AM","2025-09-26"," 10:08:00 AM","","","","","","","NA","-1000.00"
"857.1","2025-09-26"," 9:45:00 AM","2025-09-26"," 9:49:00 AM","CE","80800","Sell","20","462.05","512.05","","-1000.00"
"857.2","2025-09-26"," 9:45:00 AM","2025-09-26"," 10:08:00 AM","PE","80800","Sell","20","285.05","285.05","","0.00"
"858","2025-09-26"," 11:45:00 AM","2025-09-26"," 1:21:00 PM","","","","","","","NA","-1000.00"
"858.1","2025-09-26"," 11:45:00 AM","2025-09-26"," 12:26:00 PM","CE","80700","Sell","20","459.80","509.80","","-1000.00"
"858.2","2025-09-26"," 11:45:00 AM","2025-09-26"," 1:21:00 PM","PE","80700","Sell","20","277.15","277.15","","0.00"
"859","2025-09-29"," 9:45:00 AM","2025-09-29"," 10:55:00 AM","","","","","","","NA","-1000.00"
"859.1","2025-09-29"," 9:45:00 AM","2025-09-29"," 10:19:00 AM","CE","80700","Sell","20","403.25","453.25","","-1000.00"
"859.2","2025-09-29"," 9:45:00 AM","2025-09-29"," 10:55:00 AM","PE","80700","Sell","20","243.00","243.00","","0.00"
"860","2025-09-29"," 11:45:00 AM","2025-09-29"," 1:25:00 PM","","","","","","","NA","-1000.00"
"860.1","2025-09-29"," 11:45:00 AM","2025-09-29"," 1:25:00 PM","CE","80500","Sell","20","402.60","402.60","","0.00"
"860.2","2025-09-29"," 11:45:00 AM","2025-09-29"," 11:49:00 AM","PE","80500","Sell","20","249.60","299.60","","-1000.00"
"861","2025-09-30"," 9:45:00 AM","2025-09-30"," 10:04:00 AM","","","","","","","NA","-1000.00"
"861.1","2025-09-30"," 9:45:00 AM","2025-09-30"," 10:02:00 AM","CE","80400","Sell","20","327.40","377.40","","-1000.00"
"861.2","2025-09-30"," 9:45:00 AM","2025-09-30"," 10:04:00 AM","PE","80400","Sell","20","240.20","240.20","","0.00"
"862","2025-09-30"," 11:45:00 AM","2025-09-30"," 1:34:00 PM","","","","","","","NA","-1000.00"
"862.1","2025-09-30"," 11:45:00 AM","2025-09-30"," 12:23:00 PM","CE","80400","Sell","20","275.95","325.95","","-1000.00"
"862.2","2025-09-30"," 11:45:00 AM","2025-09-30"," 1:34:00 PM","PE","80400","Sell","20","238.15","238.15","","0.00"
"863","2025-10-01"," 9:45:00 AM","2025-10-01"," 11:14:00 AM","","","","","","","NA","-1000.00"
"863.1","2025-10-01"," 9:45:00 AM","2025-10-01"," 11:14:00 AM","CE","80500","Sell","20","190.45","190.45","","0.00"
"863.2","2025-10-01"," 9:45:00 AM","2025-10-01"," 10:04:00 AM","PE","80500","Sell","20","204.00","254.00","","-1000.00"
"864","2025-10-01"," 11:45:00 AM","2025-10-01"," 12:25:00 PM","","","","","","","NA","-1000.00"
"864.1","2025-10-01"," 11:45:00 AM","2025-10-01"," 12:00:00 PM","CE","80800","Sell","20","154.80","204.80","","-1000.00"
"864.2","2025-10-01"," 11:45:00 AM","2025-10-01"," 12:25:00 PM","PE","80800","Sell","20","108.45","108.45","","0.00"
"865","2025-10-03"," 9:45:00 AM","2025-10-03"," 10:11:00 AM","","","","","","","NA","-1000.00"
"865.1","2025-10-03"," 9:45:00 AM","2025-10-03"," 9:54:00 AM","CE","80900","Sell","20","411.75","461.75","","-1000.00"
"865.2","2025-10-03"," 9:45:00 AM","2025-10-03"," 10:11:00 AM","PE","80900","Sell","20","311.05","311.05","","0.00"
"866","2025-10-03"," 11:45:00 AM","2025-10-03"," 3:15:00 PM","","","","","","","NA","796.00"
"866.1","2025-10-03"," 11:45:00 AM","2025-10-03"," 2:38:00 PM","CE","81000","Sell","20","401.75","451.75","","-1000.00"
"866.2","2025-10-03"," 11:45:00 AM","2025-10-03"," 3:15:00 PM","PE","81000","Sell","20","315.80","226.00","","1796.00"
"867","2025-10-06"," 9:45:00 AM","2025-10-06"," 9:55:00 AM","","","","","","","NA","-1000.00"
"867.1","2025-10-06"," 9:45:00 AM","2025-10-06"," 9:51:00 AM","CE","81400","Sell","20","297.20","347.20","","-1000.00"
"867.2","2025-10-06"," 9:45:00 AM","2025-10-06"," 9:55:00 AM","PE","81400","Sell","20","272.35","272.35","","0.00"
"868","2025-10-06"," 11:45:00 AM","2025-10-06"," 3:15:00 PM","","","","","","","NA","921.00"
"868.1","2025-10-06"," 11:45:00 AM","2025-10-06"," 12:59:00 PM","CE","81600","Sell","20","327.80","377.80","","-1000.00"
"868.2","2025-10-06"," 11:45:00 AM","2025-10-06"," 3:15:00 PM","PE","81600","Sell","20","254.10","158.05","","1921.00"
"869","2025-10-07"," 9:45:00 AM","2025-10-07"," 11:20:00 AM","","","","","","","NA","-1000.00"
"869.1","2025-10-07"," 9:45:00 AM","2025-10-07"," 9:49:00 AM","CE","82000","Sell","20","305.80","355.80","","-1000.00"
"869.2","2025-10-07"," 9:45:00 AM","2025-10-07"," 11:20:00 AM","PE","82000","Sell","20","216.05","216.05","","0.00"
"870","2025-10-07"," 11:45:00 AM","2025-10-07"," 3:15:00 PM","","","","","","","NA","-1000.00"
"870.1","2025-10-07"," 11:45:00 AM","2025-10-07"," 12:03:00 PM","CE","82000","Sell","20","268.35","318.35","","-1000.00"
"870.2","2025-10-07"," 11:45:00 AM","2025-10-07"," 3:15:00 PM","PE","82000","Sell","20","246.55","246.55","","0.00"
"871","2025-10-08"," 9:45:00 AM","2025-10-08"," 3:15:00 PM","","","","","","","NA","2411.00"
"871.1","2025-10-08"," 9:45:00 AM","2025-10-08"," 3:15:00 PM","CE","82200","Sell","20","209.90","39.35","","3411.00"
"871.2","2025-10-08"," 9:45:00 AM","2025-10-08"," 10:14:00 AM","PE","82200","Sell","20","193.70","243.70","","-1000.00"
"872","2025-10-08"," 11:45:00 AM","2025-10-08"," 12:46:00 PM","","","","","","","NA","-1000.00"
"872.1","2025-10-08"," 11:45:00 AM","2025-10-08"," 12:46:00 PM","CE","81800","Sell","20","189.35","189.35","","0.00"
"872.2","2025-10-08"," 11:45:00 AM","2025-10-08"," 12:25:00 PM","PE","81800","Sell","20","208.35","258.35","","-1000.00"
"873","2025-10-09"," 9:45:00 AM","2025-10-09"," 10:26:00 AM","","","","","","","NA","-1000.00"
"873.1","2025-10-09"," 9:45:00 AM","2025-10-09"," 10:26:00 AM","CE","81800","Sell","20","177.15","177.15","","0.00"
"873.2","2025-10-09"," 9:45:00 AM","2025-10-09"," 9:53:00 AM","PE","81800","Sell","20","122.90","172.90","","-1000.00"
"874","2025-10-09"," 11:45:00 AM","2025-10-09"," 2:06:00 PM","","","","","","","NA","-1000.00"
"874.1","2025-10-09"," 11:45:00 AM","2025-10-09"," 2:06:00 PM","CE","82100","Sell","20","133.25","133.25","","0.00"
"874.2","2025-10-09"," 11:45:00 AM","2025-10-09"," 12:06:00 PM","PE","82100","Sell","20","114.55","164.55","","-1000.00"
"875","2025-10-10"," 9:45:00 AM","2025-10-10"," 10:44:00 AM","","","","","","","NA","-1000.00"
"875.1","2025-10-10"," 9:45:00 AM","2025-10-10"," 10:18:00 AM","CE","82500","Sell","20","417.90","467.90","","-1000.00"
"875.2","2025-10-10"," 9:45:00 AM","2025-10-10"," 10:44:00 AM","PE","82500","Sell","20","309.00","309.00","","0.00"
"876","2025-10-10"," 11:45:00 AM","2025-10-10"," 3:15:00 PM","","","","","","","NA","-730.00"
"876.1","2025-10-10"," 11:45:00 AM","2025-10-10"," 1:02:00 PM","CE","82500","Sell","20","502.70","552.70","","-1000.00"
"876.2","2025-10-10"," 11:45:00 AM","2025-10-10"," 3:15:00 PM","PE","82500","Sell","20","272.00","258.50","","270.00"
"877","2025-10-13"," 9:45:00 AM","2025-10-13"," 10:31:00 AM","","","","","","","NA","-1000.00"
"877.1","2025-10-13"," 9:45:00 AM","2025-10-13"," 10:31:00 AM","CE","82300","Sell","20","365.55","365.55","","0.00"
"877.2","2025-10-13"," 9:45:00 AM","2025-10-13"," 10:07:00 AM","PE","82300","Sell","20","345.15","395.15","","-1000.00"
"878","2025-10-13"," 11:45:00 AM","2025-10-13"," 3:15:00 PM","","","","","","","NA","796.00"
"878.1","2025-10-13"," 11:45:00 AM","2025-10-13"," 1:00:00 PM","CE","82200","Sell","20","350.25","400.25","","-1000.00"
"878.2","2025-10-13"," 11:45:00 AM","2025-10-13"," 3:15:00 PM","PE","82200","Sell","20","344.60","254.80","","1796.00"
"879","2025-10-14"," 9:45:00 AM","2025-10-14"," 3:15:00 PM","","","","","","","NA","3680.00"
"879.1","2025-10-14"," 9:45:00 AM","2025-10-14"," 3:15:00 PM","CE","82300","Sell","20","458.00","224.00","","4680.00"
"879.2","2025-10-14"," 9:45:00 AM","2025-10-14"," 10:03:00 AM","PE","82300","Sell","20","217.15","267.15","","-1000.00"
"880","2025-10-14"," 11:45:00 AM","2025-10-14"," 2:34:00 PM","","","","","","","NA","-1000.00"
"880.1","2025-10-14"," 11:45:00 AM","2025-10-14"," 2:34:00 PM","CE","82100","Sell","20","358.35","358.35","","0.00"
"880.2","2025-10-14"," 11:45:00 AM","2025-10-14"," 12:11:00 PM","PE","82100","Sell","20","307.10","357.10","","-1000.00"
"881","2025-10-15"," 9:45:00 AM","2025-10-15"," 3:15:00 PM","","","","","","","NA","1379.00"
"881.1","2025-10-15"," 9:45:00 AM","2025-10-15"," 10:16:00 AM","CE","82200","Sell","20","323.50","373.50","","-1000.00"
"881.2","2025-10-15"," 9:45:00 AM","2025-10-15"," 3:15:00 PM","PE","82200","Sell","20","163.95","45.00","","2379.00"
"882","2025-10-15"," 11:45:00 AM","2025-10-15"," 3:15:00 PM","","","","","","","NA","80.00"
"882.1","2025-10-15"," 11:45:00 AM","2025-10-15"," 1:18:00 PM","CE","82500","Sell","20","268.20","318.20","","-1000.00"
"882.2","2025-10-15"," 11:45:00 AM","2025-10-15"," 3:15:00 PM","PE","82500","Sell","20","155.85","101.85","","1080.00"
"883","2025-10-16"," 9:45:00 AM","2025-10-16"," 3:15:00 PM","","","","","","","NA","1730.00"
"883.1","2025-10-16"," 9:45:00 AM","2025-10-16"," 12:22:00 PM","CE","83000","Sell","20","124.50","174.50","","-1000.00"
"883.2","2025-10-16"," 9:45:00 AM","2025-10-16"," 3:15:00 PM","PE","83000","Sell","20","137.70","1.20","","2730.00"
"884","2025-10-16"," 11:45:00 AM","2025-10-16"," 3:15:00 PM","","","","","","","NA","724.00"
"884.1","2025-10-16"," 11:45:00 AM","2025-10-16"," 12:21:00 PM","CE","83000","Sell","20","118.05","168.05","","-1000.00"
"884.2","2025-10-16"," 11:45:00 AM","2025-10-16"," 3:15:00 PM","PE","83000","Sell","20","87.40","1.20","","1724.00"
"885","2025-10-17"," 9:45:00 AM","2025-10-17"," 10:03:00 AM","","","","","","","NA","-1000.00"
"885.1","2025-10-17"," 9:45:00 AM","2025-10-17"," 10:03:00 AM","CE","83600","Sell","20","461.80","461.80","","0.00"
"885.2","2025-10-17"," 9:45:00 AM","2025-10-17"," 9:50:00 AM","PE","83600","Sell","20","366.35","416.35","","-1000.00"
"886","2025-10-17"," 11:45:00 AM","2025-10-17"," 12:42:00 PM","","","","","","","NA","-1000.00"
"886.1","2025-10-17"," 11:45:00 AM","2025-10-17"," 12:27:00 PM","CE","84000","Sell","20","535.55","585.55","","-1000.00"
"886.2","2025-10-17"," 11:45:00 AM","2025-10-17"," 12:42:00 PM","PE","84000","Sell","20","364.55","364.55","","0.00"
"887","2025-10-20"," 9:45:00 AM","2025-10-20"," 9:49:00 AM","","","","","","","NA","-1000.00"
"887.1","2025-10-20"," 9:45:00 AM","2025-10-20"," 9:49:00 AM","CE","84400","Sell","20","413.05","413.05","","0.00"
"887.2","2025-10-20"," 9:45:00 AM","2025-10-20"," 9:47:00 AM","PE","84400","Sell","20","328.25","378.25","","-1000.00"
"888","2025-10-20"," 11:45:00 AM","2025-10-20"," 2:29:00 PM","","","","","","","NA","-1000.00"
"888.1","2025-10-20"," 11:45:00 AM","2025-10-20"," 12:51:00 PM","CE","84400","Sell","20","366.10","416.10","","-1000.00"
"888.2","2025-10-20"," 11:45:00 AM","2025-10-20"," 2:29:00 PM","PE","84400","Sell","20","277.50","277.50","","0.00"
"889","2025-10-23"," 9:45:00 AM","2025-10-23"," 10:09:00 AM","","","","","","","NA","-1000.00"
"889.1","2025-10-23"," 9:45:00 AM","2025-10-23"," 10:09:00 AM","CE","85200","Sell","20","180.90","180.90","","0.00"
"889.2","2025-10-23"," 9:45:00 AM","2025-10-23"," 9:58:00 AM","PE","85200","Sell","20","166.00","216.00","","-1000.00"
"890","2025-10-23"," 11:45:00 AM","2025-10-23"," 1:07:00 PM","","","","","","","NA","-1000.00"
"890.1","2025-10-23"," 11:45:00 AM","2025-10-23"," 12:00:00 PM","CE","85100","Sell","20","137.85","187.85","","-1000.00"
"890.2","2025-10-23"," 11:45:00 AM","2025-10-23"," 1:07:00 PM","PE","85100","Sell","20","93.95","93.95","","0.00"
"891","2025-10-24"," 9:45:00 AM","2025-10-24"," 3:15:00 PM","","","","","","","NA","4064.00"
"891.1","2025-10-24"," 9:45:00 AM","2025-10-24"," 3:15:00 PM","CE","84600","Sell","20","576.15","322.95","","5064.00"
"891.2","2025-10-24"," 9:45:00 AM","2025-10-24"," 9:51:00 AM","PE","84600","Sell","20","396.25","446.25","","-1000.00"
"892","2025-10-24"," 11:45:00 AM","2025-10-24"," 12:31:00 PM","","","","","","","NA","-1000.00"
"892.1","2025-10-24"," 11:45:00 AM","2025-10-24"," 12:26:00 PM","CE","84400","Sell","20","533.15","583.15","","-1000.00"
"892.2","2025-10-24"," 11:45:00 AM","2025-10-24"," 12:31:00 PM","PE","84400","Sell","20","370.30","370.30","","0.00"
"893","2025-10-27"," 9:45:00 AM","2025-10-27"," 1:19:00 PM","","","","","","","NA","-1000.00"
"893.1","2025-10-27"," 9:45:00 AM","2025-10-27"," 10:08:00 AM","CE","84700","Sell","20","549.70","599.70","","-1000.00"
"893.2","2025-10-27"," 9:45:00 AM","2025-10-27"," 1:19:00 PM","PE","84700","Sell","20","340.80","340.80","","0.00"
"894","2025-10-27"," 11:45:00 AM","2025-10-27"," 1:18:00 PM","","","","","","","NA","-1000.00"
"894.1","2025-10-27"," 11:45:00 AM","2025-10-27"," 11:57:00 AM","CE","84800","Sell","20","494.90","544.90","","-1000.00"
"894.2","2025-10-27"," 11:45:00 AM","2025-10-27"," 1:18:00 PM","PE","84800","Sell","20","362.25","362.25","","0.00"
"895","2025-10-28"," 9:45:00 AM","2025-10-28"," 3:15:00 PM","","","","","","","NA","3411.00"
"895.1","2025-10-28"," 9:45:00 AM","2025-10-28"," 3:15:00 PM","CE","84900","Sell","20","505.50","284.95","","4411.00"
"895.2","2025-10-28"," 9:45:00 AM","2025-10-28"," 9:53:00 AM","PE","84900","Sell","20","343.35","393.35","","-1000.00"
"896","2025-10-28"," 11:45:00 AM","2025-10-28"," 12:26:00 PM","","","","","","","NA","-1000.00"
"896.1","2025-10-28"," 11:45:00 AM","2025-10-28"," 12:26:00 PM","CE","84400","Sell","20","502.25","502.25","","0.00"
"896.2","2025-10-28"," 11:45:00 AM","2025-10-28"," 12:07:00 PM","PE","84400","Sell","20","316.00","366.00","","-1000.00"
"897","2025-10-29"," 9:45:00 AM","2025-10-29"," 9:49:00 AM","","","","","","","NA","-1000.00"
"897.1","2025-10-29"," 9:45:00 AM","2025-10-29"," 9:48:00 AM","CE","84700","Sell","20","375.65","425.65","","-1000.00"
"897.2","2025-10-29"," 9:45:00 AM","2025-10-29"," 9:49:00 AM","PE","84700","Sell","20","213.75","213.75","","0.00"
"898","2025-10-29"," 11:45:00 AM","2025-10-29"," 2:04:00 PM","","","","","","","NA","-1000.00"
"898.1","2025-10-29"," 11:45:00 AM","2025-10-29"," 12:29:00 PM","CE","84900","Sell","20","361.70","411.70","","-1000.00"
"898.2","2025-10-29"," 11:45:00 AM","2025-10-29"," 2:04:00 PM","PE","84900","Sell","20","180.85","180.85","","0.00"
"899","2025-10-30"," 9:45:00 AM","2025-10-30"," 10:06:00 AM","","","","","","","NA","-1000.00"
"899.1","2025-10-30"," 9:45:00 AM","2025-10-30"," 10:06:00 AM","CE","84600","Sell","20","187.30","187.30","","0.00"
"899.2","2025-10-30"," 9:45:00 AM","2025-10-30"," 9:56:00 AM","PE","84600","Sell","20","181.90","231.90","","-1000.00"
"900","2025-10-30"," 11:45:00 AM","2025-10-30"," 3:15:00 PM","","","","","","","NA","1651.00"
"900.1","2025-10-30"," 11:45:00 AM","2025-10-30"," 3:15:00 PM","CE","84600","Sell","20","132.95","0.40","","2651.00"
"900.2","2025-10-30"," 11:45:00 AM","2025-10-30"," 11:56:00 AM","PE","84600","Sell","20","113.85","163.85","","-1000.00"
"901","2025-10-31"," 9:45:00 AM","2025-10-31"," 3:15:00 PM","","","","","","","NA","4237.00"
"901.1","2025-10-31"," 9:45:00 AM","2025-10-31"," 3:15:00 PM","CE","84600","Sell","20","538.50","276.65","","5237.00"
"901.2","2025-10-31"," 9:45:00 AM","2025-10-31"," 10:05:00 AM","PE","84600","Sell","20","363.40","413.40","","-1000.00"
"902","2025-10-31"," 11:45:00 AM","2025-10-31"," 3:15:00 PM","","","","","","","NA","546.00"
"902.1","2025-10-31"," 11:45:00 AM","2025-10-31"," 3:15:00 PM","CE","84200","Sell","20","515.70","438.40","","1546.00"
"902.2","2025-10-31"," 11:45:00 AM","2025-10-31"," 1:28:00 PM","PE","84200","Sell","20","368.15","418.15","","-1000.00"
"903","2025-11-03"," 9:45:00 AM","2025-11-03"," 10:04:00 AM","","","","","","","NA","-1000.00"
"903.1","2025-11-03"," 9:45:00 AM","2025-11-03"," 9:48:00 AM","CE","83900","Sell","20","465.15","515.15","","-1000.00"
"903.2","2025-11-03"," 9:45:00 AM","2025-11-03"," 10:04:00 AM","PE","83900","Sell","20","345.30","345.30","","0.00"
"904","2025-11-03"," 11:45:00 AM","2025-11-03"," 3:15:00 PM","","","","","","","NA","99.00"
"904.1","2025-11-03"," 11:45:00 AM","2025-11-03"," 1:17:00 PM","CE","83900","Sell","20","434.05","484.05","","-1000.00"
"904.2","2025-11-03"," 11:45:00 AM","2025-11-03"," 3:15:00 PM","PE","83900","Sell","20","325.30","270.35","","1099.00"
"905","2025-11-04"," 9:45:00 AM","2025-11-04"," 10:02:00 AM","","","","","","","NA","-1000.00"
"905.1","2025-11-04"," 9:45:00 AM","2025-11-04"," 10:02:00 AM","CE","83900","Sell","20","312.60","312.60","","0.00"
"905.2","2025-11-04"," 9:45:00 AM","2025-11-04"," 9:48:00 AM","PE","83900","Sell","20","318.35","368.35","","-1000.00"
"906","2025-11-04"," 11:45:00 AM","2025-11-04"," 3:15:00 PM","","","","","","","NA","1318.00"
"906.1","2025-11-04"," 11:45:00 AM","2025-11-04"," 3:15:00 PM","CE","83700","Sell","20","305.80","189.90","","2318.00"
"906.2","2025-11-04"," 11:45:00 AM","2025-11-04"," 2:13:00 PM","PE","83700","Sell","20","268.85","318.85","","-1000.00"
"907","2025-11-06"," 9:45:00 AM","2025-11-06"," 10:09:00 AM","","","","","","","NA","-1000.00"
"907.1","2025-11-06"," 9:45:00 AM","2025-11-06"," 9:59:00 AM","CE","83600","Sell","20","145.80","195.80","","-1000.00"
"907.2","2025-11-06"," 9:45:00 AM","2025-11-06"," 10:09:00 AM","PE","83600","Sell","20","145.65","145.65","","0.00"
"908","2025-11-06"," 11:45:00 AM","2025-11-06"," 1:55:00 PM","","","","","","","NA","-1000.00"
"908.1","2025-11-06"," 11:45:00 AM","2025-11-06"," 12:00:00 PM","CE","83400","Sell","20","96.10","146.10","","-1000.00"
"908.2","2025-11-06"," 11:45:00 AM","2025-11-06"," 1:55:00 PM","PE","83400","Sell","20","123.45","123.45","","0.00"
"909","2025-11-07"," 9:45:00 AM","2025-11-07"," 9:55:00 AM","","","","","","","NA","-1000.00"
"909.1","2025-11-07"," 9:45:00 AM","2025-11-07"," 9:48:00 AM","CE","82800","Sell","20","493.10","543.10","","-1000.00"
"909.2","2025-11-07"," 9:45:00 AM","2025-11-07"," 9:55:00 AM","PE","82800","Sell","20","396.95","396.95","","0.00"
"910","2025-11-07"," 11:45:00 AM","2025-11-07"," 3:15:00 PM","","","","","","","NA","50.00"
"910.1","2025-11-07"," 11:45:00 AM","2025-11-07"," 12:46:00 PM","CE","83100","Sell","20","475.80","525.80","","-1000.00"
"910.2","2025-11-07"," 11:45:00 AM","2025-11-07"," 3:15:00 PM","PE","83100","Sell","20","387.05","334.55","","1050.00"
"911","2025-11-10"," 9:45:00 AM","2025-11-10"," 3:15:00 PM","","","","","","","NA","1010.00"
"911.1","2025-11-10"," 9:45:00 AM","2025-11-10"," 9:49:00 AM","CE","83400","Sell","20","425.40","475.40","","-1000.00"
"911.2","2025-11-10"," 9:45:00 AM","2025-11-10"," 3:15:00 PM","PE","83400","Sell","20","342.45","241.95","","2010.00"
"912","2025-11-10"," 11:45:00 AM","2025-11-10"," 2:26:00 PM","","","","","","","NA","-1000.00"
"912.1","2025-11-10"," 11:45:00 AM","2025-11-10"," 2:26:00 PM","CE","83700","Sell","20","387.55","387.55","","0.00"
"912.2","2025-11-10"," 11:45:00 AM","2025-11-10"," 1:48:00 PM","PE","83700","Sell","20","329.75","379.75","","-1000.00"
"913","2025-11-11"," 9:45:00 AM","2025-11-11"," 10:10:00 AM","","","","","","","NA","-1000.00"
"913.1","2025-11-11"," 9:45:00 AM","2025-11-11"," 10:10:00 AM","CE","83400","Sell","20","379.60","379.60","","0.00"
"913.2","2025-11-11"," 9:45:00 AM","2025-11-11"," 9:51:00 AM","PE","83400","Sell","20","312.55","362.55","","-1000.00"
"914","2025-11-11"," 11:45:00 AM","2025-11-11"," 3:15:00 PM","","","","","","","NA","2724.00"
"914.1","2025-11-11"," 11:45:00 AM","2025-11-11"," 11:54:00 AM","CE","83300","Sell","20","355.65","405.65","","-1000.00"
"914.2","2025-11-11"," 11:45:00 AM","2025-11-11"," 3:15:00 PM","PE","83300","Sell","20","301.70","115.50","","3724.00"
"915","2025-11-12"," 9:45:00 AM","2025-11-12"," 3:15:00 PM","","","","","","","NA","886.00"
"915.1","2025-11-12"," 9:45:00 AM","2025-11-12"," 10:41:00 AM","CE","84400","Sell","20","235.55","285.55","","-1000.00"
"915.2","2025-11-12"," 9:45:00 AM","2025-11-12"," 3:15:00 PM","PE","84400","Sell","20","233.10","138.80","","1886.00"
"916","2025-11-12"," 11:45:00 AM","2025-11-12"," 2:23:00 PM","","","","","","","NA","-1000.00"
"916.1","2025-11-12"," 11:45:00 AM","2025-11-12"," 12:38:00 PM","CE","84500","Sell","20","241.00","291.00","","-1000.00"
"916.2","2025-11-12"," 11:45:00 AM","2025-11-12"," 2:23:00 PM","PE","84500","Sell","20","197.85","197.85","","0.00"
"917","2025-11-13"," 9:45:00 AM","2025-11-13"," 3:15:00 PM","","","","","","","NA","1823.00"
"917.1","2025-11-13"," 9:45:00 AM","2025-11-13"," 9:51:00 AM","CE","84400","Sell","20","157.85","207.85","","-1000.00"
"917.2","2025-11-13"," 9:45:00 AM","2025-11-13"," 3:15:00 PM","PE","84400","Sell","20","142.00","0.85","","2823.00"
"918","2025-11-13"," 11:45:00 AM","2025-11-13"," 12:37:00 PM","","","","","","","NA","-1000.00"
"918.1","2025-11-13"," 11:45:00 AM","2025-11-13"," 12:08:00 PM","CE","84700","Sell","20","161.40","211.40","","-1000.00"
"918.2","2025-11-13"," 11:45:00 AM","2025-11-13"," 12:37:00 PM","PE","84700","Sell","20","99.80","99.80","","0.00"
"919","2025-11-14"," 9:45:00 AM","2025-11-14"," 11:00:00 AM","","","","","","","NA","-1000.00"
"919.1","2025-11-14"," 9:45:00 AM","2025-11-14"," 11:00:00 AM","CE","84400","Sell","20","605.00","605.00","","0.00"
"919.2","2025-11-14"," 9:45:00 AM","2025-11-14"," 9:52:00 AM","PE","84400","Sell","20","448.65","498.65","","-1000.00"
"920","2025-11-14"," 11:45:00 AM","2025-11-14"," 1:40:00 PM","","","","","","","NA","-1000.00"
"920.1","2025-11-14"," 11:45:00 AM","2025-11-14"," 12:12:00 PM","CE","84200","Sell","20","583.30","633.30","","-1000.00"
"920.2","2025-11-14"," 11:45:00 AM","2025-11-14"," 1:40:00 PM","PE","84200","Sell","20","432.85","432.85","","0.00"
"921","2025-11-17"," 9:45:00 AM","2025-11-17"," 12:36:00 PM","","","","","","","NA","-1000.00"
"921.1","2025-11-17"," 9:45:00 AM","2025-11-17"," 12:36:00 PM","CE","84800","Sell","20","460.70","460.70","","0.00"
"921.2","2025-11-17"," 9:45:00 AM","2025-11-17"," 10:29:00 AM","PE","84800","Sell","20","346.15","396.15","","-1000.00"
"922","2025-11-17"," 11:45:00 AM","2025-11-17"," 3:15:00 PM","","","","","","","NA","87.00"
"922.1","2025-11-17"," 11:45:00 AM","2025-11-17"," 11:58:00 AM","CE","84700","Sell","20","458.45","508.45","","-1000.00"
"922.2","2025-11-17"," 11:45:00 AM","2025-11-17"," 3:15:00 PM","PE","84700","Sell","20","307.10","252.75","","1087.00"
"923","2025-11-18"," 9:45:00 AM","2025-11-18"," 11:16:00 AM","","","","","","","NA","-1000.00"
"923.1","2025-11-18"," 9:45:00 AM","2025-11-18"," 11:16:00 AM","CE","84800","Sell","20","342.00","342.00","","0.00"
"923.2","2025-11-18"," 9:45:00 AM","2025-11-18"," 9:51:00 AM","PE","84800","Sell","20","363.80","413.80","","-1000.00"
"924","2025-11-18"," 11:45:00 AM","2025-11-18"," 12:16:00 PM","","","","","","","NA","-1000.00"
"924.1","2025-11-18"," 11:45:00 AM","2025-11-18"," 11:48:00 AM","CE","84800","Sell","20","366.05","416.05","","-1000.00"
"924.2","2025-11-18"," 11:45:00 AM","2025-11-18"," 12:16:00 PM","PE","84800","Sell","20","309.40","309.40","","0.00"
"925","2025-11-19"," 9:45:00 AM","2025-11-19"," 3:15:00 PM","","","","","","","NA","2193.00"
"925.1","2025-11-19"," 9:45:00 AM","2025-11-19"," 10:13:00 AM","CE","84700","Sell","20","252.25","302.25","","-1000.00"
"925.2","2025-11-19"," 9:45:00 AM","2025-11-19"," 3:15:00 PM","PE","84700","Sell","20","243.60","83.95","","3193.00"
"926","2025-11-19"," 11:45:00 AM","2025-11-19"," 3:15:00 PM","","","","","","","NA","785.00"
"926.1","2025-11-19"," 11:45:00 AM","2025-11-19"," 12:02:00 PM","CE","84900","Sell","20","218.85","268.85","","-1000.00"
"926.2","2025-11-19"," 11:45:00 AM","2025-11-19"," 3:15:00 PM","PE","84900","Sell","20","229.50","140.25","","1785.00"
"927","2025-11-20"," 9:45:00 AM","2025-11-20"," 3:15:00 PM","","","","","","","NA","2705.00"
"927.1","2025-11-20"," 9:45:00 AM","2025-11-20"," 10:14:00 AM","CE","85300","Sell","20","143.95","193.95","","-1000.00"
"927.2","2025-11-20"," 9:45:00 AM","2025-11-20"," 3:15:00 PM","PE","85300","Sell","20","185.45","0.20","","3705.00"
"928","2025-11-20"," 11:45:00 AM","2025-11-20"," 12:25:00 PM","","","","","","","NA","-1000.00"
"928.1","2025-11-20"," 11:45:00 AM","2025-11-20"," 12:25:00 PM","CE","85500","Sell","20","110.45","110.45","","0.00"
"928.2","2025-11-20"," 11:45:00 AM","2025-11-20"," 11:53:00 AM","PE","85500","Sell","20","116.95","166.95","","-1000.00"
"929","2025-11-21"," 9:45:00 AM","2025-11-21"," 12:19:00 PM","","","","","","","NA","-1000.00"
"929.1","2025-11-21"," 9:45:00 AM","2025-11-21"," 12:19:00 PM","CE","85500","Sell","20","500.00","500.00","","0.00"
"929.2","2025-11-21"," 9:45:00 AM","2025-11-21"," 9:56:00 AM","PE","85500","Sell","20","466.65","516.65","","-1000.00"
"930","2025-11-21"," 11:45:00 AM","2025-11-21"," 2:53:00 PM","","","","","","","NA","-1000.00"
"930.1","2025-11-21"," 11:45:00 AM","2025-11-21"," 12:13:00 PM","CE","85300","Sell","20","535.55","585.55","","-1000.00"
"930.2","2025-11-21"," 11:45:00 AM","2025-11-21"," 2:53:00 PM","PE","85300","Sell","20","420.30","420.30","","0.00"
"931","2025-11-24"," 9:45:00 AM","2025-11-24"," 11:58:00 AM","","","","","","","NA","-1000.00"
"931.1","2025-11-24"," 9:45:00 AM","2025-11-24"," 10:09:00 AM","CE","85300","Sell","20","441.10","491.10","","-1000.00"
"931.2","2025-11-24"," 9:45:00 AM","2025-11-24"," 11:58:00 AM","PE","85300","Sell","20","367.40","367.40","","0.00"
"932","2025-11-24"," 11:45:00 AM","2025-11-24"," 3:15:00 PM","","","","","","","NA","2484.00"
"932.1","2025-11-24"," 11:45:00 AM","2025-11-24"," 3:15:00 PM","CE","85400","Sell","20","436.25","262.05","","3484.00"
"932.2","2025-11-24"," 11:45:00 AM","2025-11-24"," 11:52:00 AM","PE","85400","Sell","20","310.35","360.35","","-1000.00"
"933","2025-11-25"," 9:45:00 AM","2025-11-25"," 10:55:00 AM","","","","","","","NA","-1000.00"
"933.1","2025-11-25"," 9:45:00 AM","2025-11-25"," 10:00:00 AM","CE","84900","Sell","20","415.55","465.55","","-1000.00"
"933.2","2025-11-25"," 9:45:00 AM","2025-11-25"," 10:55:00 AM","PE","84900","Sell","20","284.85","284.85","","0.00"
"934","2025-11-25"," 11:45:00 AM","2025-11-25"," 2:40:00 PM","","","","","","","NA","-1000.00"
"934.1","2025-11-25"," 11:45:00 AM","2025-11-25"," 11:56:00 AM","CE","84800","Sell","20","395.00","445.00","","-1000.00"
"934.2","2025-11-25"," 11:45:00 AM","2025-11-25"," 2:40:00 PM","PE","84800","Sell","20","277.60","277.60","","0.00"
"935","2025-11-26"," 9:45:00 AM","2025-11-26"," 3:15:00 PM","","","","","","","NA","1905.00"
"935.1","2025-11-26"," 9:45:00 AM","2025-11-26"," 9:51:00 AM","CE","85000","Sell","20","293.00","343.00","","-1000.00"
"935.2","2025-11-26"," 9:45:00 AM","2025-11-26"," 3:15:00 PM","PE","85000","Sell","20","195.10","49.85","","2905.00"
"936","2025-11-26"," 11:45:00 AM","2025-11-26"," 3:15:00 PM","","","","","","","NA","1581.00"
"936.1","2025-11-26"," 11:45:00 AM","2025-11-26"," 12:00:00 PM","CE","85400","Sell","20","189.25","239.25","","-1000.00"
"936.2","2025-11-26"," 11:45:00 AM","2025-11-26"," 3:15:00 PM","PE","85400","Sell","20","262.65","133.60","","2581.00"
"937","2025-11-27"," 9:45:00 AM","2025-11-27"," 1:12:00 PM","","","","","","","NA","-1000.00"
"937.1","2025-11-27"," 9:45:00 AM","2025-11-27"," 9:57:00 AM","CE","85700","Sell","20","206.85","256.85","","-1000.00"
"937.2","2025-11-27"," 9:45:00 AM","2025-11-27"," 1:12:00 PM","PE","85700","Sell","20","119.65","119.65","","0.00"
"938","2025-11-27"," 11:45:00 AM","2025-11-27"," 3:15:00 PM","","","","","","","NA","1442.00"
"938.1","2025-11-27"," 11:45:00 AM","2025-11-27"," 3:15:00 PM","CE","85900","Sell","20","122.30","0.20","","2442.00"
"938.2","2025-11-27"," 11:45:00 AM","2025-11-27"," 11:48:00 AM","PE","85900","Sell","20","107.20","157.20","","-1000.00"
"939","2025-11-28"," 9:45:00 AM","2025-11-28"," 10:25:00 AM","","","","","","","NA","-1000.00"
"939.1","2025-11-28"," 9:45:00 AM","2025-11-28"," 9:55:00 AM","CE","85800","Sell","20","474.60","524.60","","-1000.00"
"939.2","2025-11-28"," 9:45:00 AM","2025-11-28"," 10:25:00 AM","PE","85800","Sell","20","381.80","381.80","","0.00"
"940","2025-11-28"," 11:45:00 AM","2025-11-28"," 3:15:00 PM","","","","","","","NA","245.00"
"940.1","2025-11-28"," 11:45:00 AM","2025-11-28"," 3:15:00 PM","CE","85900","Sell","20","439.00","376.75","","1245.00"
"940.2","2025-11-28"," 11:45:00 AM","2025-11-28"," 12:28:00 PM","PE","85900","Sell","20","388.35","438.35","","-1000.00"
"941","2025-12-01"," 9:45:00 AM","2025-12-01"," 3:15:00 PM","","","","","","","NA","2628.00"
"941.1","2025-12-01"," 9:45:00 AM","2025-12-01"," 3:15:00 PM","CE","86000","Sell","20","419.15","237.75","","3628.00"
"941.2","2025-12-01"," 9:45:00 AM","2025-12-01"," 10:51:00 AM","PE","86000","Sell","20","310.95","360.95","","-1000.00"
"942","2025-12-01"," 11:45:00 AM","2025-12-01"," 11:58:00 AM","","","","","","","NA","-1000.00"
"942.1","2025-12-01"," 11:45:00 AM","2025-12-01"," 11:58:00 AM","CE","85800","Sell","20","377.75","377.75","","0.00"
"942.2","2025-12-01"," 11:45:00 AM","2025-12-01"," 11:47:00 AM","PE","85800","Sell","20","346.25","396.25","","-1000.00"
"943","2025-12-02"," 9:45:00 AM","2025-12-02"," 3:15:00 PM","","","","","","","NA","1117.00"
"943.1","2025-12-02"," 9:45:00 AM","2025-12-02"," 3:15:00 PM","CE","85300","Sell","20","385.00","279.15","","2117.00"
"943.2","2025-12-02"," 9:45:00 AM","2025-12-02"," 2:38:00 PM","PE","85300","Sell","20","275.40","325.40","","-1000.00"
"944","2025-12-02"," 11:45:00 AM","2025-12-02"," 3:15:00 PM","","","","","","","NA","177.00"
"944.1","2025-12-02"," 11:45:00 AM","2025-12-02"," 3:15:00 PM","CE","85300","Sell","20","338.00","279.15","","1177.00"
"944.2","2025-12-02"," 11:45:00 AM","2025-12-02"," 2:38:00 PM","PE","85300","Sell","20","286.20","336.20","","-1000.00"
"945","2025-12-03"," 9:45:00 AM","2025-12-03"," 3:15:00 PM","","","","","","","NA","1417.00"
"945.1","2025-12-03"," 9:45:00 AM","2025-12-03"," 3:01:00 PM","CE","84900","Sell","20","276.60","326.60","","-1000.00"
"945.2","2025-12-03"," 9:45:00 AM","2025-12-03"," 3:15:00 PM","PE","84900","Sell","20","212.30","91.45","","2417.00"
"946","2025-12-03"," 11:45:00 AM","2025-12-03"," 3:15:00 PM","","","","","","","NA","924.00"
"946.1","2025-12-03"," 11:45:00 AM","2025-12-03"," 3:01:00 PM","CE","84900","Sell","20","248.15","298.15","","-1000.00"
"946.2","2025-12-03"," 11:45:00 AM","2025-12-03"," 3:15:00 PM","PE","84900","Sell","20","187.65","91.45","","1924.00"
"947","2025-12-04"," 9:45:00 AM","2025-12-04"," 11:43:00 AM","","","","","","","NA","-1000.00"
"947.1","2025-12-04"," 9:45:00 AM","2025-12-04"," 10:23:00 AM","CE","85300","Sell","20","114.20","164.20","","-1000.00"
"947.2","2025-12-04"," 9:45:00 AM","2025-12-04"," 11:43:00 AM","PE","85300","Sell","20","161.05","161.05","","0.00"
"948","2025-12-04"," 11:45:00 AM","2025-12-04"," 3:02:00 PM","","","","","","","NA","-1000.00"
"948.1","2025-12-04"," 11:45:00 AM","2025-12-04"," 3:02:00 PM","CE","85200","Sell","20","129.30","129.30","","0.00"
"948.2","2025-12-04"," 11:45:00 AM","2025-12-04"," 12:46:00 PM","PE","85200","Sell","20","105.25","155.25","","-1000.00"
"949","2025-12-05"," 9:45:00 AM","2025-12-05"," 10:31:00 AM","","","","","","","NA","-1015.00"
"949.1","2025-12-05"," 9:45:00 AM","2025-12-05"," 10:05:00 AM","CE","85300","Sell","20","471.75","522.50","","-1015.00"
"949.2","2025-12-05"," 9:45:00 AM","2025-12-05"," 10:31:00 AM","PE","85300","Sell","20","371.30","371.30","","0.00"
"950","2025-12-05"," 11:45:00 AM","2025-12-05"," 2:34:00 PM","","","","","","","NA","-1000.00"
"950.1","2025-12-05"," 11:45:00 AM","2025-12-05"," 12:27:00 PM","CE","85600","Sell","20","454.95","504.95","","-1000.00"
"950.2","2025-12-05"," 11:45:00 AM","2025-12-05"," 2:34:00 PM","PE","85600","Sell","20","320.00","320.00","","0.00"
"951","2025-12-08"," 9:45:00 AM","2025-12-08"," 3:15:00 PM","","","","","","","NA","4085.00"
"951.1","2025-12-08"," 9:45:00 AM","2025-12-08"," 3:15:00 PM","CE","85500","Sell","20","476.90","222.65","","5085.00"
"951.2","2025-12-08"," 9:45:00 AM","2025-12-08"," 9:49:00 AM","PE","85500","Sell","20","283.80","333.80","","-1000.00"
"952","2025-12-08"," 11:45:00 AM","2025-12-08"," 3:15:00 PM","","","","","","","NA","2125.00"
"952.1","2025-12-08"," 11:45:00 AM","2025-12-08"," 3:15:00 PM","CE","85400","Sell","20","417.05","260.80","","3125.00"
"952.2","2025-12-08"," 11:45:00 AM","2025-12-08"," 12:29:00 PM","PE","85400","Sell","20","298.00","348.00","","-1000.00"
"953","2025-12-09"," 9:45:00 AM","2025-12-09"," 10:03:00 AM","","","","","","","NA","-1000.00"
"953.1","2025-12-09"," 9:45:00 AM","2025-12-09"," 10:03:00 AM","CE","84500","Sell","20","390.95","390.95","","0.00"
"953.2","2025-12-09"," 9:45:00 AM","2025-12-09"," 9:55:00 AM","PE","84500","Sell","20","294.70","344.70","","-1000.00"
"954","2025-12-09"," 11:45:00 AM","2025-12-09"," 2:25:00 PM","","","","","","","NA","-1000.00"
"954.1","2025-12-09"," 11:45:00 AM","2025-12-09"," 11:58:00 AM","CE","84700","Sell","20","326.50","376.50","","-1000.00"
"954.2","2025-12-09"," 11:45:00 AM","2025-12-09"," 2:25:00 PM","PE","84700","Sell","20","287.10","287.10","","0.00"
"955","2025-12-10"," 9:45:00 AM","2025-12-10"," 10:04:00 AM","","","","","","","NA","-1000.00"
"955.1","2025-12-10"," 9:45:00 AM","2025-12-10"," 10:04:00 AM","CE","84900","Sell","20","265.80","265.80","","0.00"
"955.2","2025-12-10"," 9:45:00 AM","2025-12-10"," 10:00:00 AM","PE","84900","Sell","20","221.90","271.90","","-1000.00"
"956","2025-12-10"," 11:45:00 AM","2025-12-10"," 1:30:00 PM","","","","","","","NA","-1000.00"
"956.1","2025-12-10"," 11:45:00 AM","2025-12-10"," 1:30:00 PM","CE","84700","Sell","20","218.05","218.05","","0.00"
"956.2","2025-12-10"," 11:45:00 AM","2025-12-10"," 12:31:00 PM","PE","84700","Sell","20","252.55","302.55","","-1000.00"
"957","2025-12-11"," 9:45:00 AM","2025-12-11"," 9:58:00 AM","","","","","","","NA","-1000.00"
"957.1","2025-12-11"," 9:45:00 AM","2025-12-11"," 9:50:00 AM","CE","84200","Sell","20","187.65","237.65","","-1000.00"
"957.2","2025-12-11"," 9:45:00 AM","2025-12-11"," 9:58:00 AM","PE","84200","Sell","20","162.45","162.45","","0.00"
"958","2025-12-11"," 11:45:00 AM","2025-12-11"," 3:15:00 PM","","","","","","","NA","1803.00"
"958.1","2025-12-11"," 11:45:00 AM","2025-12-11"," 12:02:00 PM","CE","84600","Sell","20","128.20","178.20","","-1000.00"
"958.2","2025-12-11"," 11:45:00 AM","2025-12-11"," 3:15:00 PM","PE","84600","Sell","20","140.45","0.30","","2803.00"
"959","2025-12-12"," 9:45:00 AM","2025-12-12"," 3:15:00 PM","","","","","","","NA","21.00"
"959.1","2025-12-12"," 9:45:00 AM","2025-12-12"," 3:15:00 PM","CE","85200","Sell","20","506.80","455.75","","1021.00"
"959.2","2025-12-12"," 9:45:00 AM","2025-12-12"," 10:09:00 AM","PE","85200","Sell","20","320.60","370.60","","-1000.00"
"960","2025-12-12"," 11:45:00 AM","2025-12-12"," 3:15:00 PM","","","","","","","NA","887.00"
"960.1","2025-12-12"," 11:45:00 AM","2025-12-12"," 3:15:00 PM","CE","85200","Sell","20","454.50","455.75","","-25.00"
"960.2","2025-12-12"," 11:45:00 AM","2025-12-12"," 3:15:00 PM","PE","85200","Sell","20","332.80","287.20","","912.00"
"961","2025-12-15"," 9:45:00 AM","2025-12-15"," 3:15:00 PM","","","","","","","NA","2114.00"
"961.1","2025-12-15"," 9:45:00 AM","2025-12-15"," 9:52:00 AM","CE","84900","Sell","20","374.00","424.00","","-1000.00"
"961.2","2025-12-15"," 9:45:00 AM","2025-12-15"," 3:15:00 PM","PE","84900","Sell","20","345.30","189.60","","3114.00"
"962","2025-12-15"," 11:45:00 AM","2025-12-15"," 3:15:00 PM","","","","","","","NA","721.00"
"962.1","2025-12-15"," 11:45:00 AM","2025-12-15"," 11:49:00 AM","CE","85000","Sell","20","369.90","419.90","","-1000.00"
"962.2","2025-12-15"," 11:45:00 AM","2025-12-15"," 3:15:00 PM","PE","85000","Sell","20","308.05","222.00","","1721.00"
"963","2025-12-16"," 9:45:00 AM","2025-12-16"," 3:15:00 PM","","","","","","","NA","1500.00"
"963.1","2025-12-16"," 9:45:00 AM","2025-12-16"," 3:15:00 PM","CE","84900","Sell","20","324.65","199.65","","2500.00"
"963.2","2025-12-16"," 9:45:00 AM","2025-12-16"," 10:02:00 AM","PE","84900","Sell","20","306.50","356.50","","-1000.00"
"964","2025-12-16"," 11:45:00 AM","2025-12-16"," 3:15:00 PM","","","","","","","NA","-189.00"
"964.1","2025-12-16"," 11:45:00 AM","2025-12-16"," 12:31:00 PM","CE","84700","Sell","20","345.70","395.70","","-1000.00"
"964.2","2025-12-16"," 11:45:00 AM","2025-12-16"," 3:15:00 PM","PE","84700","Sell","20","264.75","224.20","","811.00"
"965","2025-12-17"," 9:45:00 AM","2025-12-17"," 3:15:00 PM","","","","","","","NA","1657.00"
"965.1","2025-12-17"," 9:45:00 AM","2025-12-17"," 3:15:00 PM","CE","84700","Sell","20","272.65","139.80","","2657.00"
"965.2","2025-12-17"," 9:45:00 AM","2025-12-17"," 10:05:00 AM","PE","84700","Sell","20","194.65","244.65","","-1000.00"
"966","2025-12-17"," 11:45:00 AM","2025-12-17"," 3:15:00 PM","","","","","","","NA","-345.00"
"966.1","2025-12-17"," 11:45:00 AM","2025-12-17"," 3:15:00 PM","CE","84600","Sell","20","217.75","185.00","","655.00"
"966.2","2025-12-17"," 11:45:00 AM","2025-12-17"," 12:03:00 PM","PE","84600","Sell","20","197.45","247.45","","-1000.00"
"967","2025-12-18"," 9:45:00 AM","2025-12-18"," 3:15:00 PM","","","","","","","NA","1434.00"
"967.1","2025-12-18"," 9:45:00 AM","2025-12-18"," 10:12:00 AM","CE","84300","Sell","20","152.30","202.30","","-1000.00"
"967.2","2025-12-18"," 9:45:00 AM","2025-12-18"," 3:15:00 PM","PE","84300","Sell","20","121.80","0.10","","2434.00"
"968","2025-12-18"," 11:45:00 AM","2025-12-18"," 2:03:00 PM","","","","","","","NA","-1000.00"
"968.1","2025-12-18"," 11:45:00 AM","2025-12-18"," 11:55:00 AM","CE","84600","Sell","20","120.20","170.20","","-1000.00"
"968.2","2025-12-18"," 11:45:00 AM","2025-12-18"," 2:03:00 PM","PE","84600","Sell","20","100.65","100.65","","0.00"
"969","2025-12-19"," 9:45:00 AM","2025-12-19"," 3:15:00 PM","","","","","","","NA","493.00"
"969.1","2025-12-19"," 9:45:00 AM","2025-12-19"," 3:15:00 PM","CE","85000","Sell","20","396.20","321.55","","1493.00"
"969.2","2025-12-19"," 9:45:00 AM","2025-12-19"," 11:44:00 AM","PE","85000","Sell","20","329.55","379.55","","-1000.00"
"970","2025-12-19"," 11:45:00 AM","2025-12-19"," 3:15:00 PM","","","","","","","NA","446.00"
"970.1","2025-12-19"," 11:45:00 AM","2025-12-19"," 12:02:00 PM","CE","84800","Sell","20","382.90","432.90","","-1000.00"
"970.2","2025-12-19"," 11:45:00 AM","2025-12-19"," 3:15:00 PM","PE","84800","Sell","20","295.80","223.50","","1446.00"
"971","2025-12-22"," 9:45:00 AM","2025-12-22"," 3:15:00 PM","","","","","","","NA","895.00"
"971.1","2025-12-22"," 9:45:00 AM","2025-12-22"," 3:15:00 PM","CE","85400","Sell","20","311.30","321.20","","-198.00"
"971.2","2025-12-22"," 9:45:00 AM","2025-12-22"," 3:15:00 PM","PE","85400","Sell","20","253.15","198.50","","1093.00"
"972","2025-12-22"," 11:45:00 AM","2025-12-22"," 3:15:00 PM","","","","","","","NA","207.00"
"972.1","2025-12-22"," 11:45:00 AM","2025-12-22"," 3:15:00 PM","CE","85400","Sell","20","286.95","321.20","","-685.00"
"972.2","2025-12-22"," 11:45:00 AM","2025-12-22"," 3:15:00 PM","PE","85400","Sell","20","243.10","198.50","","892.00"
"973","2025-12-23"," 9:45:00 AM","2025-12-23"," 3:15:00 PM","","","","","","","NA","1319.00"
"973.1","2025-12-23"," 9:45:00 AM","2025-12-23"," 9:57:00 AM","CE","85400","Sell","20","218.55","268.55","","-1000.00"
"973.2","2025-12-23"," 9:45:00 AM","2025-12-23"," 3:15:00 PM","PE","85400","Sell","20","221.50","105.55","","2319.00"
"974","2025-12-23"," 11:45:00 AM","2025-12-23"," 3:15:00 PM","","","","","","","NA","-111.00"
"974.1","2025-12-23"," 11:45:00 AM","2025-12-23"," 2:16:00 PM","CE","85500","Sell","20","193.55","243.55","","-1000.00"
"974.2","2025-12-23"," 11:45:00 AM","2025-12-23"," 3:15:00 PM","PE","85500","Sell","20","189.45","145.00","","889.00"
"975","2025-12-24"," 9:45:00 AM","2025-12-24"," 3:15:00 PM","","","","","","","NA","1452.00"
"975.1","2025-12-24"," 9:45:00 AM","2025-12-24"," 3:15:00 PM","CE","85600","Sell","20","122.70","0.10","","2452.00"
"975.2","2025-12-24"," 9:45:00 AM","2025-12-24"," 1:33:00 PM","PE","85600","Sell","20","102.50","152.50","","-1000.00"
"976","2025-12-24"," 11:45:00 AM","2025-12-24"," 3:15:00 PM","","","","","","","NA","1068.00"
"976.1","2025-12-24"," 11:45:00 AM","2025-12-24"," 3:15:00 PM","CE","85500","Sell","20","103.65","0.25","","2068.00"
"976.2","2025-12-24"," 11:45:00 AM","2025-12-24"," 1:33:00 PM","PE","85500","Sell","20","68.50","118.50","","-1000.00"
"977","2025-12-26"," 9:45:00 AM","2025-12-26"," 3:15:00 PM","","","","","","","NA","348.00"
"977.1","2025-12-26"," 9:45:00 AM","2025-12-26"," 3:15:00 PM","CE","85200","Sell","20","366.15","298.75","","1348.00"
"977.2","2025-12-26"," 9:45:00 AM","2025-12-26"," 12:34:00 PM","PE","85200","Sell","20","297.00","347.00","","-1000.00"
"978","2025-12-26"," 11:45:00 AM","2025-12-26"," 3:15:00 PM","","","","","","","NA","-449.00"
"978.1","2025-12-26"," 11:45:00 AM","2025-12-26"," 3:15:00 PM","CE","85100","Sell","20","376.00","348.45","","551.00"
"978.2","2025-12-26"," 11:45:00 AM","2025-12-26"," 12:42:00 PM","PE","85100","Sell","20","257.75","307.75","","-1000.00"
"979","2025-12-29"," 9:45:00 AM","2025-12-29"," 3:15:00 PM","","","","","","","NA","2760.00"
"979.1","2025-12-29"," 9:45:00 AM","2025-12-29"," 3:15:00 PM","CE","85100","Sell","20","354.60","166.60","","3760.00"
"979.2","2025-12-29"," 9:45:00 AM","2025-12-29"," 9:56:00 AM","PE","85100","Sell","20","198.55","248.55","","-1000.00"
"980","2025-12-29"," 11:45:00 AM","2025-12-29"," 3:15:00 PM","","","","","","","NA","-308.00"
"980.1","2025-12-29"," 11:45:00 AM","2025-12-29"," 3:15:00 PM","CE","84800","Sell","20","329.00","294.40","","692.00"
"980.2","2025-12-29"," 11:45:00 AM","2025-12-29"," 1:38:00 PM","PE","84800","Sell","20","226.65","276.65","","-1000.00"
"981","2025-12-30"," 9:45:00 AM","2025-12-30"," 10:53:00 AM","","","","","","","NA","-1000.00"
"981.1","2025-12-30"," 9:45:00 AM","2025-12-30"," 10:25:00 AM","CE","84700","Sell","20","295.50","345.50","","-1000.00"
"981.2","2025-12-30"," 9:45:00 AM","2025-12-30"," 10:53:00 AM","PE","84700","Sell","20","227.15","227.15","","0.00"
"982","2025-12-30"," 11:45:00 AM","2025-12-30"," 3:15:00 PM","","","","","","","NA","308.00"
"982.1","2025-12-30"," 11:45:00 AM","2025-12-30"," 1:44:00 PM","CE","84600","Sell","20","288.15","338.15","","-1000.00"
"982.2","2025-12-30"," 11:45:00 AM","2025-12-30"," 3:15:00 PM","PE","84600","Sell","20","195.15","129.75","","1308.00"
"983","2025-12-31"," 9:45:00 AM","2025-12-31"," 3:15:00 PM","","","","","","","NA","1031.00"
"983.1","2025-12-31"," 9:45:00 AM","2025-12-31"," 10:32:00 AM","CE","84700","Sell","20","264.20","314.20","","-1000.00"
"983.2","2025-12-31"," 9:45:00 AM","2025-12-31"," 3:15:00 PM","PE","84700","Sell","20","124.60","23.05","","2031.00"
"984","2025-12-31"," 11:45:00 AM","2025-12-31"," 3:15:00 PM","","","","","","","NA","619.00"
"984.1","2025-12-31"," 11:45:00 AM","2025-12-31"," 12:14:00 PM","CE","85000","Sell","20","181.10","231.10","","-1000.00"
"984.2","2025-12-31"," 11:45:00 AM","2025-12-31"," 3:15:00 PM","PE","85000","Sell","20","148.25","67.30","","1619.00"
"985","2026-01-01"," 9:45:00 AM","2026-01-01"," 3:15:00 PM","","","","","","","NA","1058.00"
"985.1","2026-01-01"," 9:45:00 AM","2026-01-01"," 3:15:00 PM","CE","85400","Sell","20","103.05","0.15","","2058.00"
"985.2","2026-01-01"," 9:45:00 AM","2026-01-01"," 9:59:00 AM","PE","85400","Sell","20","105.15","155.15","","-1000.00"
"986","2026-01-01"," 11:45:00 AM","2026-01-01"," 12:28:00 PM","","","","","","","NA","-1000.00"
"986.1","2026-01-01"," 11:45:00 AM","2026-01-01"," 12:28:00 PM","CE","85300","Sell","20","64.35","64.35","","0.00"
"986.2","2026-01-01"," 11:45:00 AM","2026-01-01"," 12:16:00 PM","PE","85300","Sell","20","120.60","170.60","","-1000.00"
"987","2026-01-02"," 9:45:00 AM","2026-01-02"," 3:15:00 PM","","","","","","","NA","327.00"
"987.1","2026-01-02"," 9:45:00 AM","2026-01-02"," 11:32:00 AM","CE","85500","Sell","20","405.35","455.35","","-1000.00"
"987.2","2026-01-02"," 9:45:00 AM","2026-01-02"," 3:15:00 PM","PE","85500","Sell","20","264.65","198.30","","1327.00"
"988","2026-01-02"," 11:45:00 AM","2026-01-02"," 3:15:00 PM","","","","","","","NA","107.00"
"988.1","2026-01-02"," 11:45:00 AM","2026-01-02"," 3:15:00 PM","CE","85600","Sell","20","401.20","423.25","","-441.00"
"988.2","2026-01-02"," 11:45:00 AM","2026-01-02"," 3:15:00 PM","PE","85600","Sell","20","261.80","234.40","","548.00"
"989","2026-01-05"," 9:45:00 AM","2026-01-05"," 9:53:00 AM","","","","","","","NA","-1000.00"
"989.1","2026-01-05"," 9:45:00 AM","2026-01-05"," 9:51:00 AM","CE","85600","Sell","20","302.90","352.90","","-1000.00"
"989.2","2026-01-05"," 9:45:00 AM","2026-01-05"," 9:53:00 AM","PE","85600","Sell","20","271.60","271.60","","0.00"
"990","2026-01-05"," 11:45:00 AM","2026-01-05"," 12:21:00 PM","","","","","","","NA","-1000.00"
"990.1","2026-01-05"," 11:45:00 AM","2026-01-05"," 12:21:00 PM","CE","85800","Sell","20","283.45","283.45","","0.00"
"990.2","2026-01-05"," 11:45:00 AM","2026-01-05"," 12:03:00 PM","PE","85800","Sell","20","280.15","330.15","","-1000.00"
"991","2026-01-06"," 9:45:00 AM","2026-01-06"," 11:16:00 AM","","","","","","","NA","-1000.00"
"991.1","2026-01-06"," 9:45:00 AM","2026-01-06"," 9:51:00 AM","CE","85200","Sell","20","285.25","335.25","","-1000.00"
"991.2","2026-01-06"," 9:45:00 AM","2026-01-06"," 11:16:00 AM","PE","85200","Sell","20","247.20","247.20","","0.00"
"992","2026-01-06"," 11:45:00 AM","2026-01-06"," 3:15:00 PM","","","","","","","NA","361.00"
"992.1","2026-01-06"," 11:45:00 AM","2026-01-06"," 3:15:00 PM","CE","85100","Sell","20","296.95","228.90","","1361.00"
"992.2","2026-01-06"," 11:45:00 AM","2026-01-06"," 1:29:00 PM","PE","85100","Sell","20","191.30","241.30","","-1000.00"
"993","2026-01-07"," 9:45:00 AM","2026-01-07"," 12:22:00 PM","","","","","","","NA","-1000.00"
"993.1","2026-01-07"," 9:45:00 AM","2026-01-07"," 10:01:00 AM","CE","84900","Sell","20","184.35","234.35","","-1000.00"
"993.2","2026-01-07"," 9:45:00 AM","2026-01-07"," 12:22:00 PM","PE","84900","Sell","20","187.00","187.00","","0.00"
"994","2026-01-07"," 11:45:00 AM","2026-01-07"," 3:15:00 PM","","","","","","","NA","-494.00"
"994.1","2026-01-07"," 11:45:00 AM","2026-01-07"," 3:15:00 PM","CE","85000","Sell","20","175.05","149.75","","506.00"
"994.2","2026-01-07"," 11:45:00 AM","2026-01-07"," 12:04:00 PM","PE","85000","Sell","20","170.40","220.40","","-1000.00"
"995","2026-01-08"," 9:45:00 AM","2026-01-08"," 3:15:00 PM","","","","","","","NA","1698.00"
"995.1","2026-01-08"," 9:45:00 AM","2026-01-08"," 3:15:00 PM","CE","84800","Sell","20","135.15","0.25","","2698.00"
"995.2","2026-01-08"," 9:45:00 AM","2026-01-08"," 10:20:00 AM","PE","84800","Sell","20","108.60","158.60","","-1000.00"
"996","2026-01-08"," 11:45:00 AM","2026-01-08"," 3:15:00 PM","","","","","","","NA","1975.00"
"996.1","2026-01-08"," 11:45:00 AM","2026-01-08"," 3:15:00 PM","CE","84500","Sell","20","149.05","0.30","","2975.00"
"996.2","2026-01-08"," 11:45:00 AM","2026-01-08"," 11:59:00 AM","PE","84500","Sell","20","71.05","121.05","","-1000.00"
"997","2026-01-09"," 9:45:00 AM","2026-01-09"," 3:15:00 PM","","","","","","","NA","4594.00"
"997.1","2026-01-09"," 9:45:00 AM","2026-01-09"," 3:15:00 PM","CE","84200","Sell","20","506.50","226.80","","5594.00"
"997.2","2026-01-09"," 9:45:00 AM","2026-01-09"," 10:19:00 AM","PE","84200","Sell","20","309.05","359.05","","-1000.00"
"998","2026-01-09"," 11:45:00 AM","2026-01-09"," 3:15:00 PM","","","","","","","NA","530.00"
"998.1","2026-01-09"," 11:45:00 AM","2026-01-09"," 3:15:00 PM","CE","83800","Sell","20","466.60","390.10","","1530.00"
"998.2","2026-01-09"," 11:45:00 AM","2026-01-09"," 12:30:00 PM","PE","83800","Sell","20","342.15","392.15","","-1000.00"
"999","2026-01-12"," 9:45:00 AM","2026-01-12"," 9:59:00 AM","","","","","","","NA","-1000.00"
"999.1","2026-01-12"," 9:45:00 AM","2026-01-12"," 9:50:00 AM","CE","83100","Sell","20","511.45","561.45","","-1000.00"
"999.2","2026-01-12"," 9:45:00 AM","2026-01-12"," 9:59:00 AM","PE","83100","Sell","20","318.05","318.05","","0.00"
"1000","2026-01-12"," 11:45:00 AM","2026-01-12"," 3:15:00 PM","","","","","","","NA","4073.00"
"1000.1","2026-01-12"," 11:45:00 AM","2026-01-12"," 12:09:00 PM","CE","82900","Sell","20","438.35","488.35","","-1000.00"
"1000.2","2026-01-12"," 11:45:00 AM","2026-01-12"," 3:15:00 PM","PE","82900","Sell","20","345.80","92.15","","5073.00"
"1001","2026-01-13"," 9:45:00 AM","2026-01-13"," 9:50:00 AM","","","","","","","NA","-1000.00"
"1001.1","2026-01-13"," 9:45:00 AM","2026-01-13"," 9:46:00 AM","CE","83700","Sell","20","334.85","384.85","","-1000.00"
"1001.2","2026-01-13"," 9:45:00 AM","2026-01-13"," 9:50:00 AM","PE","83700","Sell","20","289.80","289.80","","0.00"
"1002","2026-01-13"," 11:45:00 AM","2026-01-13"," 3:15:00 PM","","","","","","","NA","1955.00"
"1002.1","2026-01-13"," 11:45:00 AM","2026-01-13"," 3:15:00 PM","CE","83900","Sell","20","262.95","115.20","","2955.00"
"1002.2","2026-01-13"," 11:45:00 AM","2026-01-13"," 11:54:00 AM","PE","83900","Sell","20","255.75","305.75","","-1000.00"
"1003","2026-01-14"," 9:45:00 AM","2026-01-14"," 9:52:00 AM","","","","","","","NA","-1000.00"
"1003.1","2026-01-14"," 9:45:00 AM","2026-01-14"," 9:52:00 AM","CE","83500","Sell","20","184.35","184.35","","0.00"
"1003.2","2026-01-14"," 9:45:00 AM","2026-01-14"," 9:49:00 AM","PE","83500","Sell","20","138.30","188.30","","-1000.00"
"1004","2026-01-14"," 11:45:00 AM","2026-01-14"," 12:12:00 PM","","","","","","","NA","-1000.00"
"1004.1","2026-01-14"," 11:45:00 AM","2026-01-14"," 11:50:00 AM","CE","83700","Sell","20","127.70","177.70","","-1000.00"
"1004.2","2026-01-14"," 11:45:00 AM","2026-01-14"," 12:12:00 PM","PE","83700","Sell","20","123.45","123.45","","0.00"
"1005","2026-01-16"," 9:45:00 AM","2026-01-16"," 12:31:00 PM","","","","","","","NA","-1000.00"
"1005.1","2026-01-16"," 9:45:00 AM","2026-01-16"," 9:56:00 AM","CE","83700","Sell","20","506.60","556.60","","-1000.00"
"1005.2","2026-01-16"," 9:45:00 AM","2026-01-16"," 12:31:00 PM","PE","83700","Sell","20","387.80","387.80","","0.00"
"1006","2026-01-16"," 11:45:00 AM","2026-01-16"," 12:28:00 PM","","","","","","","NA","-1000.00"
"1006.1","2026-01-16"," 11:45:00 AM","2026-01-16"," 12:09:00 PM","CE","83900","Sell","20","497.40","547.40","","-1000.00"
"1006.2","2026-01-16"," 11:45:00 AM","2026-01-16"," 12:28:00 PM","PE","83900","Sell","20","390.35","390.35","","0.00"
"1007","2026-01-19"," 9:45:00 AM","2026-01-19"," 11:04:00 AM","","","","","","","NA","-1000.00"
"1007.1","2026-01-19"," 9:45:00 AM","2026-01-19"," 11:04:00 AM","CE","83200","Sell","20","397.20","397.20","","0.00"
"1007.2","2026-01-19"," 9:45:00 AM","2026-01-19"," 10:01:00 AM","PE","83200","Sell","20","384.75","434.75","","-1000.00"
"1008","2026-01-19"," 11:45:00 AM","2026-01-19"," 12:18:00 PM","","","","","","","NA","-1000.00"
"1008.1","2026-01-19"," 11:45:00 AM","2026-01-19"," 12:18:00 PM","CE","83100","Sell","20","400.20","400.20","","0.00"
"1008.2","2026-01-19"," 11:45:00 AM","2026-01-19"," 12:08:00 PM","PE","83100","Sell","20","352.40","402.40","","-1000.00"
"1009","2026-01-20"," 9:45:00 AM","2026-01-20"," 10:05:00 AM","","","","","","","NA","-1000.00"
"1009.1","2026-01-20"," 9:45:00 AM","2026-01-20"," 10:05:00 AM","CE","82900","Sell","20","390.00","390.00","","0.00"
"1009.2","2026-01-20"," 9:45:00 AM","2026-01-20"," 9:55:00 AM","PE","82900","Sell","20","325.25","375.25","","-1000.00"
"1010","2026-01-20"," 11:45:00 AM","2026-01-20"," 3:15:00 PM","","","","","","","NA","4495.00"
"1010.1","2026-01-20"," 11:45:00 AM","2026-01-20"," 3:15:00 PM","CE","82900","Sell","20","369.25","94.50","","5495.00"
"1010.2","2026-01-20"," 11:45:00 AM","2026-01-20"," 12:10:00 PM","PE","82900","Sell","20","281.00","331.00","","-1000.00"
"1011","2026-01-21"," 9:45:00 AM","2026-01-21"," 12:24:00 PM","","","","","","","NA","-1000.00"
"1011.1","2026-01-21"," 9:45:00 AM","2026-01-21"," 12:24:00 PM","CE","82000","Sell","20","358.00","358.00","","0.00"
"1011.2","2026-01-21"," 9:45:00 AM","2026-01-21"," 10:00:00 AM","PE","82000","Sell","20","241.55","291.55","","-1000.00"
"1012","2026-01-21"," 11:45:00 AM","2026-01-21"," 3:15:00 PM","","","","","","","NA","2035.00"
"1012.1","2026-01-21"," 11:45:00 AM","2026-01-21"," 11:52:00 AM","CE","81500","Sell","20","381.55","431.55","","-1000.00"
"1012.2","2026-01-21"," 11:45:00 AM","2026-01-21"," 3:15:00 PM","PE","81500","Sell","20","294.45","142.70","","3035.00"
"1013","2026-01-22"," 9:45:00 AM","2026-01-22"," 9:55:00 AM","","","","","","","NA","-1000.00"
"1013.1","2026-01-22"," 9:45:00 AM","2026-01-22"," 9:49:00 AM","CE","82700","Sell","20","227.75","277.75","","-1000.00"
"1013.2","2026-01-22"," 9:45:00 AM","2026-01-22"," 9:55:00 AM","PE","82700","Sell","20","246.45","246.45","","0.00"
"1014","2026-01-22"," 11:45:00 AM","2026-01-22"," 11:50:00 AM","","","","","","","NA","-1000.00"
"1014.1","2026-01-22"," 11:45:00 AM","2026-01-22"," 11:50:00 AM","CE","82000","Sell","20","216.45","216.45","","0.00"
"1014.2","2026-01-22"," 11:45:00 AM","2026-01-22"," 11:49:00 AM","PE","82000","Sell","20","205.75","255.75","","-1000.00"
"1015","2026-01-23"," 9:45:00 AM","2026-01-23"," 10:32:00 AM","","","","","","","NA","-1000.00"
"1015.1","2026-01-23"," 9:45:00 AM","2026-01-23"," 10:32:00 AM","CE","82300","Sell","20","585.40","585.40","","0.00"
"1015.2","2026-01-23"," 9:45:00 AM","2026-01-23"," 10:19:00 AM","PE","82300","Sell","20","459.10","509.10","","-1000.00"
"1016","2026-01-23"," 11:45:00 AM","2026-01-23"," 11:53:00 AM","","","","","","","NA","-1000.00"
"1016.1","2026-01-23"," 11:45:00 AM","2026-01-23"," 11:53:00 AM","CE","82000","Sell","20","576.95","576.95","","0.00"
"1016.2","2026-01-23"," 11:45:00 AM","2026-01-23"," 11:50:00 AM","PE","82000","Sell","20","414.75","464.75","","-1000.00"
"1017","2026-01-27"," 9:45:00 AM","2026-01-27"," 9:48:00 AM","","","","","","","NA","-1000.00"
"1017.1","2026-01-27"," 9:45:00 AM","2026-01-27"," 9:48:00 AM","CE","81800","Sell","20","584.30","584.30","","0.00"
"1017.2","2026-01-27"," 9:45:00 AM","2026-01-27"," 9:47:00 AM","PE","81800","Sell","20","437.00","487.00","","-1000.00"
"1018","2026-01-27"," 11:45:00 AM","2026-01-27"," 3:15:00 PM","","","","","","","NA","-498.00"
"1018.1","2026-01-27"," 11:45:00 AM","2026-01-27"," 3:15:00 PM","CE","81800","Sell","20","532.25","507.15","","502.00"
"1018.2","2026-01-27"," 11:45:00 AM","2026-01-27"," 11:49:00 AM","PE","81800","Sell","20","417.65","467.65","","-1000.00"
"1019","2026-01-28"," 9:45:00 AM","2026-01-28"," 11:05:00 AM","","","","","","","NA","-1000.00"
"1019.1","2026-01-28"," 9:45:00 AM","2026-01-28"," 11:05:00 AM","CE","82300","Sell","20","359.60","359.60","","0.00"
"1019.2","2026-01-28"," 9:45:00 AM","2026-01-28"," 10:09:00 AM","PE","82300","Sell","20","345.70","395.70","","-1000.00"
"1020","2026-01-28"," 11:45:00 AM","2026-01-28"," 12:20:00 PM","","","","","","","NA","-1000.00"
"1020.1","2026-01-28"," 11:45:00 AM","2026-01-28"," 11:49:00 AM","CE","82200","Sell","20","351.85","401.85","","-1000.00"
"1020.2","2026-01-28"," 11:45:00 AM","2026-01-28"," 12:20:00 PM","PE","82200","Sell","20","251.20","251.20","","0.00"
"1021","2026-01-29"," 9:45:00 AM","2026-01-29"," 10:14:00 AM","","","","","","","NA","-1000.00"
"1021.1","2026-01-29"," 9:45:00 AM","2026-01-29"," 10:14:00 AM","CE","81900","Sell","20","213.80","213.80","","0.00"
"1021.2","2026-01-29"," 9:45:00 AM","2026-01-29"," 9:55:00 AM","PE","81900","Sell","20","228.25","278.25","","-1000.00"
"1022","2026-01-29"," 11:45:00 AM","2026-01-29"," 12:06:00 PM","","","","","","","NA","-1000.00"
"1022.1","2026-01-29"," 11:45:00 AM","2026-01-29"," 12:06:00 PM","CE","82100","Sell","20","157.25","157.25","","0.00"
"1022.2","2026-01-29"," 11:45:00 AM","2026-01-29"," 11:55:00 AM","PE","82100","Sell","20","160.75","210.75","","-1000.00"
"1023","2026-01-30"," 9:45:00 AM","2026-01-30"," 9:57:00 AM","","","","","","","NA","-1000.00"
"1023.1","2026-01-30"," 9:45:00 AM","2026-01-30"," 9:55:00 AM","CE","82200","Sell","20","760.80","810.80","","-1000.00"
"1023.2","2026-01-30"," 9:45:00 AM","2026-01-30"," 9:57:00 AM","PE","82200","Sell","20","664.00","664.00","","0.00"
"1024","2026-01-30"," 11:45:00 AM","2026-01-30"," 1:07:00 PM","","","","","","","NA","-1000.00"
"1024.1","2026-01-30"," 11:45:00 AM","2026-01-30"," 12:24:00 PM","CE","82100","Sell","20","783.45","833.45","","-1000.00"
"1024.2","2026-01-30"," 11:45:00 AM","2026-01-30"," 1:07:00 PM","PE","82100","Sell","20","693.05","693.05","","0.00"
"1025","2026-02-02"," 9:45:00 AM","2026-02-02"," 10:01:00 AM","","","","","","","NA","-1000.00"
"1025.1","2026-02-02"," 9:45:00 AM","2026-02-02"," 9:48:00 AM","CE","81000","Sell","20","671.75","721.75","","-1000.00"
"1025.2","2026-02-02"," 9:45:00 AM","2026-02-02"," 10:01:00 AM","PE","81000","Sell","20","676.40","676.40","","0.00"
"1026","2026-02-02"," 11:45:00 AM","2026-02-02"," 12:37:00 PM","","","","","","","NA","-1000.00"
"1026.1","2026-02-02"," 11:45:00 AM","2026-02-02"," 12:15:00 PM","CE","81000","Sell","20","572.50","622.50","","-1000.00"
"1026.2","2026-02-02"," 11:45:00 AM","2026-02-02"," 12:37:00 PM","PE","81000","Sell","20","529.95","529.95","","0.00"
"1027","2026-02-03"," 9:45:00 AM","2026-02-03"," 9:49:00 AM","","","","","","","NA","-1000.00"
"1027.1","2026-02-03"," 9:45:00 AM","2026-02-03"," 9:49:00 AM","CE","83800","Sell","20","610.00","610.00","","0.00"
"1027.2","2026-02-03"," 9:45:00 AM","2026-02-03"," 9:46:00 AM","PE","83800","Sell","20","655.65","705.65","","-1000.00"
"1028","2026-02-03"," 11:45:00 AM","2026-02-03"," 3:15:00 PM","","","","","","","NA","3775.00"
"1028.1","2026-02-03"," 11:45:00 AM","2026-02-03"," 3:15:00 PM","CE","84100","Sell","20","527.30","288.55","","4775.00"
"1028.2","2026-02-03"," 11:45:00 AM","2026-02-03"," 12:08:00 PM","PE","84100","Sell","20","485.45","535.45","","-1000.00"
"1029","2026-02-04"," 9:45:00 AM","2026-02-04"," 2:19:00 PM","","","","","","","NA","-1000.00"
"1029.1","2026-02-04"," 9:45:00 AM","2026-02-04"," 2:19:00 PM","CE","83800","Sell","20","359.25","359.25","","0.00"
"1029.2","2026-02-04"," 9:45:00 AM","2026-02-04"," 9:54:00 AM","PE","83800","Sell","20","327.60","377.60","","-1000.00"
"1030","2026-02-04"," 11:45:00 AM","2026-02-04"," 1:00:00 PM","","","","","","","NA","-1000.00"
"1030.1","2026-02-04"," 11:45:00 AM","2026-02-04"," 12:29:00 PM","CE","83600","Sell","20","292.05","342.05","","-1000.00"
"1030.2","2026-02-04"," 11:45:00 AM","2026-02-04"," 1:00:00 PM","PE","83600","Sell","20","286.10","286.10","","0.00"
"1031","2026-02-05"," 9:45:00 AM","2026-02-05"," 10:41:00 AM","","","","","","","NA","-1000.00"
"1031.1","2026-02-05"," 9:45:00 AM","2026-02-05"," 10:23:00 AM","CE","83400","Sell","20","211.40","261.40","","-1000.00"
"1031.2","2026-02-05"," 9:45:00 AM","2026-02-05"," 10:41:00 AM","PE","83400","Sell","20","179.50","179.50","","0.00"
"1032","2026-02-05"," 11:45:00 AM","2026-02-05"," 3:15:00 PM","","","","","","","NA","1488.00"
"1032.1","2026-02-05"," 11:45:00 AM","2026-02-05"," 3:15:00 PM","CE","83500","Sell","20","124.70","0.30","","2488.00"
"1032.2","2026-02-05"," 11:45:00 AM","2026-02-05"," 11:49:00 AM","PE","83500","Sell","20","131.35","181.35","","-1000.00"
"1033","2026-02-06"," 9:45:00 AM","2026-02-06"," 10:04:00 AM","","","","","","","NA","-1000.00"
"1033.1","2026-02-06"," 9:45:00 AM","2026-02-06"," 9:49:00 AM","CE","83000","Sell","20","539.95","589.95","","-1000.00"
"1033.2","2026-02-06"," 9:45:00 AM","2026-02-06"," 10:04:00 AM","PE","83000","Sell","20","436.00","436.00","","0.00"
"1034","2026-02-06"," 11:45:00 AM","2026-02-06"," 12:05:00 PM","","","","","","","NA","-1000.00"
"1034.1","2026-02-06"," 11:45:00 AM","2026-02-06"," 12:01:00 PM","CE","83300","Sell","20","514.80","564.80","","-1000.00"
"1034.2","2026-02-06"," 11:45:00 AM","2026-02-06"," 12:05:00 PM","PE","83300","Sell","20","417.05","417.05","","0.00"
"1035","2026-02-09"," 9:45:00 AM","2026-02-09"," 3:15:00 PM","","","","","","","NA","422.00"
"1035.1","2026-02-09"," 9:45:00 AM","2026-02-09"," 10:04:00 AM","CE","83900","Sell","20","435.40","485.40","","-1000.00"
"1035.2","2026-02-09"," 9:45:00 AM","2026-02-09"," 3:15:00 PM","PE","83900","Sell","20","366.25","295.15","","1422.00"
"1036","2026-02-09"," 11:45:00 AM","2026-02-09"," 3:15:00 PM","","","","","","","NA","176.00"
"1036.1","2026-02-09"," 11:45:00 AM","2026-02-09"," 3:15:00 PM","CE","84000","Sell","20","423.60","414.30","","186.00"
"1036.2","2026-02-09"," 11:45:00 AM","2026-02-09"," 3:15:00 PM","PE","84000","Sell","20","336.40","336.90","","-10.00"
"1037","2026-02-10"," 9:45:00 AM","2026-02-10"," 1:31:00 PM","","","","","","","NA","-1000.00"
"1037.1","2026-02-10"," 9:45:00 AM","2026-02-10"," 12:52:00 PM","CE","84300","Sell","20","352.90","402.90","","-1000.00"
"1037.2","2026-02-10"," 9:45:00 AM","2026-02-10"," 1:31:00 PM","PE","84300","Sell","20","303.45","303.45","","0.00"
"1038","2026-02-10"," 11:45:00 AM","2026-02-10"," 1:23:00 PM","","","","","","","NA","-1000.00"
"1038.1","2026-02-10"," 11:45:00 AM","2026-02-10"," 12:53:00 PM","CE","84400","Sell","20","297.30","347.30","","-1000.00"
"1038.2","2026-02-10"," 11:45:00 AM","2026-02-10"," 1:23:00 PM","PE","84400","Sell","20","333.85","333.85","","0.00"
"1039","2026-02-11"," 9:45:00 AM","2026-02-11"," 3:15:00 PM","","","","","","","NA","327.00"
"1039.1","2026-02-11"," 9:45:00 AM","2026-02-11"," 3:15:00 PM","CE","84200","Sell","20","290.40","224.05","","1327.00"
"1039.2","2026-02-11"," 9:45:00 AM","2026-02-11"," 12:43:00 PM","PE","84200","Sell","20","196.20","246.20","","-1000.00"
"1040","2026-02-11"," 11:45:00 AM","2026-02-11"," 1:43:00 PM","","","","","","","NA","-1000.00"
"1040.1","2026-02-11"," 11:45:00 AM","2026-02-11"," 1:43:00 PM","CE","84300","Sell","20","201.75","201.75","","0.00"
"1040.2","2026-02-11"," 11:45:00 AM","2026-02-11"," 12:36:00 PM","PE","84300","Sell","20","198.70","248.70","","-1000.00"
"1041","2026-02-12"," 9:45:00 AM","2026-02-12"," 3:15:00 PM","","","","","","","NA","1908.00"
"1041.1","2026-02-12"," 9:45:00 AM","2026-02-12"," 3:15:00 PM","CE","83900","Sell","20","145.90","0.50","","2908.00"
"1041.2","2026-02-12"," 9:45:00 AM","2026-02-12"," 11:52:00 AM","PE","83900","Sell","20","156.50","206.50","","-1000.00"
"1042","2026-02-12"," 11:45:00 AM","2026-02-12"," 3:15:00 PM","","","","","","","NA","985.00"
"1042.1","2026-02-12"," 11:45:00 AM","2026-02-12"," 3:15:00 PM","CE","83800","Sell","20","99.90","0.65","","1985.00"
"1042.2","2026-02-12"," 11:45:00 AM","2026-02-12"," 2:47:00 PM","PE","83800","Sell","20","111.35","161.35","","-1000.00"
"1043","2026-02-13"," 9:45:00 AM","2026-02-13"," 10:35:00 AM","","","","","","","NA","-1000.00"
"1043.1","2026-02-13"," 9:45:00 AM","2026-02-13"," 10:35:00 AM","CE","82900","Sell","20","510.95","510.95","","0.00"
"1043.2","2026-02-13"," 9:45:00 AM","2026-02-13"," 10:18:00 AM","PE","82900","Sell","20","391.75","441.75","","-1000.00"
"1044","2026-02-13"," 11:45:00 AM","2026-02-13"," 1:03:00 PM","","","","","","","NA","-1000.00"
"1044.1","2026-02-13"," 11:45:00 AM","2026-02-13"," 12:28:00 PM","CE","82900","Sell","20","469.45","519.45","","-1000.00"
"1044.2","2026-02-13"," 11:45:00 AM","2026-02-13"," 1:03:00 PM","PE","82900","Sell","20","399.30","399.30","","0.00"
"1045","2026-02-16"," 9:45:00 AM","2026-02-16"," 3:15:00 PM","","","","","","","NA","3694.00"
"1045.1","2026-02-16"," 9:45:00 AM","2026-02-16"," 9:58:00 AM","CE","82600","Sell","20","450.50","500.50","","-1000.00"
"1045.2","2026-02-16"," 9:45:00 AM","2026-02-16"," 3:15:00 PM","PE","82600","Sell","20","409.40","174.70","","4694.00"
"1046","2026-02-16"," 11:45:00 AM","2026-02-16"," 3:15:00 PM","","","","","","","NA","2629.00"
"1046.1","2026-02-16"," 11:45:00 AM","2026-02-16"," 12:11:00 PM","CE","82800","Sell","20","396.35","446.35","","-1000.00"
"1046.2","2026-02-16"," 11:45:00 AM","2026-02-16"," 3:15:00 PM","PE","82800","Sell","20","398.20","216.75","","3629.00"
"1047","2026-02-17"," 9:45:00 AM","2026-02-17"," 10:48:00 AM","","","","","","","NA","-1000.00"
"1047.1","2026-02-17"," 9:45:00 AM","2026-02-17"," 9:58:00 AM","CE","83200","Sell","20","370.60","420.60","","-1000.00"
"1047.2","2026-02-17"," 9:45:00 AM","2026-02-17"," 10:48:00 AM","PE","83200","Sell","20","324.00","324.00","","0.00"
"1048","2026-02-17"," 11:45:00 AM","2026-02-17"," 3:15:00 PM","","","","","","","NA","131.00"
"1048.1","2026-02-17"," 11:45:00 AM","2026-02-17"," 3:15:00 PM","CE","83500","Sell","20","348.85","292.30","","1131.00"
"1048.2","2026-02-17"," 11:45:00 AM","2026-02-17"," 2:13:00 PM","PE","83500","Sell","20","333.00","383.00","","-1000.00"
"1049","2026-02-18"," 9:45:00 AM","2026-02-18"," 1:24:00 PM","","","","","","","NA","-1000.00"
"1049.1","2026-02-18"," 9:45:00 AM","2026-02-18"," 1:24:00 PM","CE","83500","Sell","20","225.45","225.45","","0.00"
"1049.2","2026-02-18"," 9:45:00 AM","2026-02-18"," 9:54:00 AM","PE","83500","Sell","20","238.25","288.25","","-1000.00"
"1050","2026-02-18"," 11:45:00 AM","2026-02-18"," 3:15:00 PM","","","","","","","NA","1754.00"
"1050.1","2026-02-18"," 11:45:00 AM","2026-02-18"," 12:03:00 PM","CE","83300","Sell","20","240.25","290.25","","-1000.00"
"1050.2","2026-02-18"," 11:45:00 AM","2026-02-18"," 3:15:00 PM","PE","83300","Sell","20","202.60","64.90","","2754.00"
"1051","2026-02-19"," 9:45:00 AM","2026-02-19"," 3:15:00 PM","","","","","","","NA","2069.00"
"1051.1","2026-02-19"," 9:45:00 AM","2026-02-19"," 3:15:00 PM","CE","83600","Sell","20","153.60","0.15","","3069.00"
"1051.2","2026-02-19"," 9:45:00 AM","2026-02-19"," 10:15:00 AM","PE","83600","Sell","20","142.80","192.80","","-1000.00"
"1052","2026-02-19"," 11:45:00 AM","2026-02-19"," 11:52:00 AM","","","","","","","NA","-1000.00"
"1052.1","2026-02-19"," 11:45:00 AM","2026-02-19"," 11:52:00 AM","CE","83300","Sell","20","111.85","111.85","","0.00"
"1052.2","2026-02-19"," 11:45:00 AM","2026-02-19"," 11:49:00 AM","PE","83300","Sell","20","158.00","208.00","","-1000.00"
"1053","2026-02-20"," 9:45:00 AM","2026-02-20"," 10:09:00 AM","","","","","","","NA","-1000.00"
"1053.1","2026-02-20"," 9:45:00 AM","2026-02-20"," 9:49:00 AM","CE","82500","Sell","20","595.40","645.40","","-1000.00"
"1053.2","2026-02-20"," 9:45:00 AM","2026-02-20"," 10:09:00 AM","PE","82500","Sell","20","481.70","481.70","","0.00"
"1054","2026-02-20"," 11:45:00 AM","2026-02-20"," 12:47:00 PM","","","","","","","NA","-1000.00"
"1054.1","2026-02-20"," 11:45:00 AM","2026-02-20"," 12:18:00 PM","CE","82900","Sell","20","626.80","676.80","","-1000.00"
"1054.2","2026-02-20"," 11:45:00 AM","2026-02-20"," 12:47:00 PM","PE","82900","Sell","20","504.30","504.30","","0.00"
"1055","2026-02-23"," 9:45:00 AM","2026-02-23"," 3:15:00 PM","","","","","","","NA","711.00"
"1055.1","2026-02-23"," 9:45:00 AM","2026-02-23"," 3:15:00 PM","CE","83300","Sell","20","539.05","453.50","","1711.00"
"1055.2","2026-02-23"," 9:45:00 AM","2026-02-23"," 10:14:00 AM","PE","83300","Sell","20","440.85","490.85","","-1000.00"
"1056","2026-02-23"," 11:45:00 AM","2026-02-23"," 12:06:00 PM","","","","","","","NA","-1000.00"
"1056.1","2026-02-23"," 11:45:00 AM","2026-02-23"," 12:06:00 PM","CE","83200","Sell","20","488.65","488.65","","0.00"
"1056.2","2026-02-23"," 11:45:00 AM","2026-02-23"," 11:50:00 AM","PE","83200","Sell","20","461.20","511.20","","-1000.00"
"1057","2026-02-24"," 9:45:00 AM","2026-02-24"," 10:21:00 AM","","","","","","","NA","-1000.00"
"1057.1","2026-02-24"," 9:45:00 AM","2026-02-24"," 10:21:00 AM","CE","82500","Sell","20","500.15","500.15","","0.00"
"1057.2","2026-02-24"," 9:45:00 AM","2026-02-24"," 10:18:00 AM","PE","82500","Sell","20","412.00","462.00","","-1000.00"
"1058","2026-02-24"," 11:45:00 AM","2026-02-24"," 3:15:00 PM","","","","","","","NA","1760.00"
"1058.1","2026-02-24"," 11:45:00 AM","2026-02-24"," 3:15:00 PM","CE","82500","Sell","20","446.35","308.35","","2760.00"
"1058.2","2026-02-24"," 11:45:00 AM","2026-02-24"," 12:00:00 PM","PE","82500","Sell","20","375.45","425.45","","-1000.00"
"1059","2026-02-25"," 9:45:00 AM","2026-02-25"," 12:31:00 PM","","","","","","","NA","-1000.00"
"1059.1","2026-02-25"," 9:45:00 AM","2026-02-25"," 9:59:00 AM","CE","82700","Sell","20","317.15","367.15","","-1000.00"
"1059.2","2026-02-25"," 9:45:00 AM","2026-02-25"," 12:31:00 PM","PE","82700","Sell","20","262.75","262.75","","0.00"
"1060","2026-02-25"," 11:45:00 AM","2026-02-25"," 3:15:00 PM","","","","","","","NA","3077.00"
"1060.1","2026-02-25"," 11:45:00 AM","2026-02-25"," 3:15:00 PM","CE","82700","Sell","20","308.40","104.55","","4077.00"
"1060.2","2026-02-25"," 11:45:00 AM","2026-02-25"," 12:33:00 PM","PE","82700","Sell","20","222.60","272.60","","-1000.00"
"1061","2026-02-26"," 9:45:00 AM","2026-02-26"," 10:07:00 AM","","","","","","","NA","-1000.00"
"1061.1","2026-02-26"," 9:45:00 AM","2026-02-26"," 10:07:00 AM","CE","82500","Sell","20","197.70","197.70","","0.00"
"1061.2","2026-02-26"," 9:45:00 AM","2026-02-26"," 9:54:00 AM","PE","82500","Sell","20","180.00","230.00","","-1000.00"
"1062","2026-02-26"," 11:45:00 AM","2026-02-26"," 2:44:00 PM","","","","","","","NA","-1000.00"
"1062.1","2026-02-26"," 11:45:00 AM","2026-02-26"," 2:44:00 PM","CE","82200","Sell","20","155.90","155.90","","0.00"
"1062.2","2026-02-26"," 11:45:00 AM","2026-02-26"," 12:22:00 PM","PE","82200","Sell","20","173.60","223.60","","-1000.00"
"1063","2026-02-27"," 9:45:00 AM","2026-02-27"," 3:15:00 PM","","","","","","","NA","3533.00"
"1063.1","2026-02-27"," 9:45:00 AM","2026-02-27"," 3:15:00 PM","CE","81900","Sell","20","549.75","323.10","","4533.00"
"1063.2","2026-02-27"," 9:45:00 AM","2026-02-27"," 10:06:00 AM","PE","81900","Sell","20","502.85","552.85","","-1000.00"
"1064","2026-02-27"," 11:45:00 AM","2026-02-27"," 2:33:00 PM","","","","","","","NA","-1000.00"
"1064.1","2026-02-27"," 11:45:00 AM","2026-02-27"," 2:00:00 PM","CE","81700","Sell","20","571.25","621.25","","-1000.00"
"1064.2","2026-02-27"," 11:45:00 AM","2026-02-27"," 2:33:00 PM","PE","81700","Sell","20","509.50","509.50","","0.00"
"1065","2026-03-02"," 9:45:00 AM","2026-03-02"," 3:15:00 PM","","","","","","","NA","2759.00"
"1065.1","2026-03-02"," 9:45:00 AM","2026-03-02"," 3:15:00 PM","CE","80600","Sell","20","653.80","465.85","","3759.00"
"1065.2","2026-03-02"," 9:45:00 AM","2026-03-02"," 9:51:00 AM","PE","80600","Sell","20","620.00","670.00","","-1000.00"
"1066","2026-03-02"," 11:45:00 AM","2026-03-02"," 2:09:00 PM","","","","","","","NA","-1000.00"
"1066.1","2026-03-02"," 11:45:00 AM","2026-03-02"," 2:09:00 PM","CE","80100","Sell","20","593.90","593.90","","0.00"
"1066.2","2026-03-02"," 11:45:00 AM","2026-03-02"," 12:00:00 PM","PE","80100","Sell","20","543.50","593.50","","-1000.00"
"1067","2026-03-04"," 9:45:00 AM","2026-03-04"," 10:15:00 AM","","","","","","","NA","-1000.00"
"1067.1","2026-03-04"," 9:45:00 AM","2026-03-04"," 10:15:00 AM","CE","78800","Sell","20","579.25","579.25","","0.00"
"1067.2","2026-03-04"," 9:45:00 AM","2026-03-04"," 9:48:00 AM","PE","78800","Sell","20","595.80","645.80","","-1000.00"
"1068","2026-03-04"," 11:45:00 AM","2026-03-04"," 3:15:00 PM","","","","","","","NA","1751.00"
"1068.1","2026-03-04"," 11:45:00 AM","2026-03-04"," 11:52:00 AM","CE","78700","Sell","20","564.75","614.75","","-1000.00"
"1068.2","2026-03-04"," 11:45:00 AM","2026-03-04"," 3:15:00 PM","PE","78700","Sell","20","564.20","426.65","","2751.00"
"1069","2026-03-05"," 9:45:00 AM","2026-03-05"," 10:21:00 AM","","","","","","","NA","-1000.00"
"1069.1","2026-03-05"," 9:45:00 AM","2026-03-05"," 9:50:00 AM","CE","79500","Sell","20","234.00","284.00","","-1000.00"
"1069.2","2026-03-05"," 9:45:00 AM","2026-03-05"," 10:21:00 AM","PE","79500","Sell","20","278.25","278.25","","0.00"
"1070","2026-03-05"," 11:45:00 AM","2026-03-05"," 11:55:00 AM","","","","","","","NA","-1000.00"
"1070.1","2026-03-05"," 11:45:00 AM","2026-03-05"," 11:55:00 AM","CE","79400","Sell","20","192.05","192.05","","0.00"
"1070.2","2026-03-05"," 11:45:00 AM","2026-03-05"," 11:51:00 AM","PE","79400","Sell","20","185.50","235.50","","-1000.00"
"1071","2026-03-06"," 9:45:00 AM","2026-03-06"," 3:15:00 PM","","","","","","","NA","4568.00"
"1071.1","2026-03-06"," 9:45:00 AM","2026-03-06"," 3:15:00 PM","CE","79700","Sell","20","888.90","610.50","","5568.00"
"1071.2","2026-03-06"," 9:45:00 AM","2026-03-06"," 9:56:00 AM","PE","79700","Sell","20","809.50","859.50","","-1000.00"
"1072","2026-03-06"," 11:45:00 AM","2026-03-06"," 1:38:00 PM","","","","","","","NA","-1000.00"
"1072.1","2026-03-06"," 11:45:00 AM","2026-03-06"," 1:38:00 PM","CE","79500","Sell","20","850.35","850.35","","0.00"
"1072.2","2026-03-06"," 11:45:00 AM","2026-03-06"," 12:29:00 PM","PE","79500","Sell","20","798.00","848.00","","-1000.00"
"1073","2026-03-09"," 9:45:00 AM","2026-03-09"," 3:15:00 PM","","","","","","","NA","8354.00"
"1073.1","2026-03-09"," 9:45:00 AM","2026-03-09"," 9:52:00 AM","CE","76600","Sell","20","1093.50","1143.50","","-1000.00"
"1073.2","2026-03-09"," 9:45:00 AM","2026-03-09"," 3:15:00 PM","PE","76600","Sell","20","1025.70","558.00","","9354.00"
"1074","2026-03-09"," 11:45:00 AM","2026-03-09"," 12:56:00 PM","","","","","","","NA","-1000.00"
"1074.1","2026-03-09"," 11:45:00 AM","2026-03-09"," 12:56:00 PM","CE","77200","Sell","20","1022.40","1022.40","","0.00"
"1074.2","2026-03-09"," 11:45:00 AM","2026-03-09"," 12:04:00 PM","PE","77200","Sell","20","963.60","1013.60","","-1000.00"
"1075","2026-03-10"," 9:45:00 AM","2026-03-10"," 10:15:00 AM","","","","","","","NA","-1000.00"
"1075.1","2026-03-10"," 9:45:00 AM","2026-03-10"," 10:15:00 AM","CE","78000","Sell","20","682.05","682.05","","0.00"
"1075.2","2026-03-10"," 9:45:00 AM","2026-03-10"," 9:49:00 AM","PE","78000","Sell","20","646.55","696.55","","-1000.00"
"1076","2026-03-10"," 11:45:00 AM","2026-03-10"," 2:09:00 PM","","","","","","","NA","-1000.00"
"1076.1","2026-03-10"," 11:45:00 AM","2026-03-10"," 2:09:00 PM","CE","78200","Sell","20","635.20","635.20","","0.00"
"1076.2","2026-03-10"," 11:45:00 AM","2026-03-10"," 11:49:00 AM","PE","78200","Sell","20","556.80","606.80","","-1000.00"
"1077","2026-03-11"," 9:45:00 AM","2026-03-11"," 3:15:00 PM","","","","","","","NA","6876.00"
"1077.1","2026-03-11"," 9:45:00 AM","2026-03-11"," 3:15:00 PM","CE","77900","Sell","20","492.40","98.60","","7876.00"
"1077.2","2026-03-11"," 9:45:00 AM","2026-03-11"," 9:54:00 AM","PE","77900","Sell","20","408.20","458.20","","-1000.00"
"1078","2026-03-11"," 11:45:00 AM","2026-03-11"," 12:04:00 PM","","","","","","","NA","-1000.00"
"1078.1","2026-03-11"," 11:45:00 AM","2026-03-11"," 12:04:00 PM","CE","77300","Sell","20","565.25","565.25","","0.00"
"1078.2","2026-03-11"," 11:45:00 AM","2026-03-11"," 11:51:00 AM","PE","77300","Sell","20","496.50","546.50","","-1000.00"
"1079","2026-03-12"," 9:45:00 AM","2026-03-12"," 10:17:00 AM","","","","","","","NA","-1000.00"
"1079.1","2026-03-12"," 9:45:00 AM","2026-03-12"," 9:52:00 AM","CE","76000","Sell","20","287.50","337.50","","-1000.00"
"1079.2","2026-03-12"," 9:45:00 AM","2026-03-12"," 10:17:00 AM","PE","76000","Sell","20","256.60","256.60","","0.00"
"1080","2026-03-12"," 11:45:00 AM","2026-03-12"," 1:03:00 PM","","","","","","","NA","-1000.00"
"1080.1","2026-03-12"," 11:45:00 AM","2026-03-12"," 12:01:00 PM","CE","76400","Sell","20","213.50","263.50","","-1000.00"
"1080.2","2026-03-12"," 11:45:00 AM","2026-03-12"," 1:03:00 PM","PE","76400","Sell","20","232.00","232.00","","0.00"
"1081","2026-03-13"," 9:45:00 AM","2026-03-13"," 11:39:00 AM","","","","","","","NA","-1000.00"
"1081.1","2026-03-13"," 9:45:00 AM","2026-03-13"," 11:39:00 AM","CE","75400","Sell","20","1003.05","1003.05","","0.00"
"1081.2","2026-03-13"," 9:45:00 AM","2026-03-13"," 9:47:00 AM","PE","75400","Sell","20","895.10","945.10","","-1000.00"
"1082","2026-03-13"," 11:45:00 AM","2026-03-13"," 3:15:00 PM","","","","","","","NA","5958.00"
"1082.1","2026-03-13"," 11:45:00 AM","2026-03-13"," 3:15:00 PM","CE","75400","Sell","20","993.80","645.90","","6958.00"
"1082.2","2026-03-13"," 11:45:00 AM","2026-03-13"," 11:57:00 AM","PE","75400","Sell","20","919.20","969.20","","-1000.00"
"1083","2026-03-16"," 9:45:00 AM","2026-03-16"," 9:48:00 AM","","","","","","","NA","-1000.00"
"1083.1","2026-03-16"," 9:45:00 AM","2026-03-16"," 9:46:00 AM","CE","74800","Sell","20","894.75","944.75","","-1000.00"
"1083.2","2026-03-16"," 9:45:00 AM","2026-03-16"," 9:48:00 AM","PE","74800","Sell","20","766.45","766.45","","0.00"
"1084","2026-03-16"," 11:45:00 AM","2026-03-16"," 12:00:00 PM","","","","","","","NA","-1000.00"
"1084.1","2026-03-16"," 11:45:00 AM","2026-03-16"," 11:58:00 AM","CE","74500","Sell","20","930.70","980.70","","-1000.00"
"1084.2","2026-03-16"," 11:45:00 AM","2026-03-16"," 12:00:00 PM","PE","74500","Sell","20","801.40","801.40","","0.00"
"1085","2026-03-17"," 9:45:00 AM","2026-03-17"," 10:37:00 AM","","","","","","","NA","-1000.00"
"1085.1","2026-03-17"," 9:45:00 AM","2026-03-17"," 9:50:00 AM","CE","75600","Sell","20","649.05","699.05","","-1000.00"
"1085.2","2026-03-17"," 9:45:00 AM","2026-03-17"," 10:37:00 AM","PE","75600","Sell","20","608.35","608.35","","0.00"
"1086","2026-03-17"," 11:45:00 AM","2026-03-17"," 11:57:00 AM","","","","","","","NA","-1000.00"
"1086.1","2026-03-17"," 11:45:00 AM","2026-03-17"," 11:52:00 AM","CE","75400","Sell","20","604.25","654.25","","-1000.00"
"1086.2","2026-03-17"," 11:45:00 AM","2026-03-17"," 11:57:00 AM","PE","75400","Sell","20","595.15","595.15","","0.00"
"1087","2026-03-18"," 9:45:00 AM","2026-03-18"," 9:56:00 AM","","","","","","","NA","-1000.00"
"1087.1","2026-03-18"," 9:45:00 AM","2026-03-18"," 9:51:00 AM","CE","76500","Sell","20","386.55","436.55","","-1000.00"
"1087.2","2026-03-18"," 9:45:00 AM","2026-03-18"," 9:56:00 AM","PE","76500","Sell","20","419.25","419.25","","0.00"
"1088","2026-03-18"," 11:45:00 AM","2026-03-18"," 1:40:00 PM","","","","","","","NA","-1000.00"
"1088.1","2026-03-18"," 11:45:00 AM","2026-03-18"," 1:40:00 PM","CE","76900","Sell","20","392.00","392.00","","0.00"
"1088.2","2026-03-18"," 11:45:00 AM","2026-03-18"," 12:03:00 PM","PE","76900","Sell","20","465.80","515.80","","-1000.00"
"1089","2026-03-19"," 9:45:00 AM","2026-03-19"," 10:27:00 AM","","","","","","","NA","-1000.00"
"1089.1","2026-03-19"," 9:45:00 AM","2026-03-19"," 10:27:00 AM","CE","75000","Sell","20","309.80","309.80","","0.00"
"1089.2","2026-03-19"," 9:45:00 AM","2026-03-19"," 9:47:00 AM","PE","75000","Sell","20","251.55","301.55","","-1000.00"
"1090","2026-03-19"," 11:45:00 AM","2026-03-19"," 1:14:00 PM","","","","","","","NA","-1000.00"
"1090.1","2026-03-19"," 11:45:00 AM","2026-03-19"," 12:15:00 PM","CE","75000","Sell","20","184.00","234.00","","-1000.00"
"1090.2","2026-03-19"," 11:45:00 AM","2026-03-19"," 1:14:00 PM","PE","75000","Sell","20","200.75","200.75","","0.00"
"1091","2026-03-20"," 9:45:00 AM","2026-03-20"," 9:55:00 AM","","","","","","","NA","-1000.00"
"1091.1","2026-03-20"," 9:45:00 AM","2026-03-20"," 9:51:00 AM","CE","74900","Sell","20","961.65","1011.65","","-1000.00"
"1091.2","2026-03-20"," 9:45:00 AM","2026-03-20"," 9:55:00 AM","PE","74900","Sell","20","878.85","878.85","","0.00"
"1092","2026-03-20"," 11:45:00 AM","2026-03-20"," 3:15:00 PM","","","","","","","NA","3772.00"
"1092.1","2026-03-20"," 11:45:00 AM","2026-03-20"," 3:15:00 PM","CE","75100","Sell","20","881.40","642.80","","4772.00"
"1092.2","2026-03-20"," 11:45:00 AM","2026-03-20"," 11:52:00 AM","PE","75100","Sell","20","862.35","912.35","","-1000.00"
"1093","2026-03-23"," 9:45:00 AM","2026-03-23"," 3:15:00 PM","","","","","","","NA","4050.00"
"1093.1","2026-03-23"," 9:45:00 AM","2026-03-23"," 3:15:00 PM","CE","73200","Sell","20","916.65","664.15","","5050.00"
"1093.2","2026-03-23"," 9:45:00 AM","2026-03-23"," 9:48:00 AM","PE","73200","Sell","20","873.60","923.60","","-1000.00"
"1094","2026-03-23"," 11:45:00 AM","2026-03-23"," 12:16:00 PM","","","","","","","NA","-1000.00"
"1094.1","2026-03-23"," 11:45:00 AM","2026-03-23"," 11:52:00 AM","CE","72700","Sell","20","927.15","977.15","","-1000.00"
"1094.2","2026-03-23"," 11:45:00 AM","2026-03-23"," 12:16:00 PM","PE","72700","Sell","20","933.95","933.95","","0.00"
"1095","2026-03-24"," 9:45:00 AM","2026-03-24"," 9:57:00 AM","","","","","","","NA","-1000.00"
"1095.1","2026-03-24"," 9:45:00 AM","2026-03-24"," 9:57:00 AM","CE","73400","Sell","20","667.45","667.45","","0.00"
"1095.2","2026-03-24"," 9:45:00 AM","2026-03-24"," 9:46:00 AM","PE","73400","Sell","20","620.00","670.00","","-1000.00"
"1096","2026-03-24"," 11:45:00 AM","2026-03-24"," 3:15:00 PM","","","","","","","NA","4583.00"
"1096.1","2026-03-24"," 11:45:00 AM","2026-03-24"," 11:47:00 AM","CE","73500","Sell","20","558.25","608.25","","-1000.00"
"1096.2","2026-03-24"," 11:45:00 AM","2026-03-24"," 3:15:00 PM","PE","73500","Sell","20","566.75","287.60","","5583.00"
"1097","2026-03-25"," 9:45:00 AM","2026-03-25"," 10:07:00 AM","","","","","","","NA","-1000.00"
"1097.1","2026-03-25"," 9:45:00 AM","2026-03-25"," 10:01:00 AM","CE","75200","Sell","20","268.50","318.50","","-1000.00"
"1097.2","2026-03-25"," 9:45:00 AM","2026-03-25"," 10:07:00 AM","PE","75200","Sell","20","319.85","319.85","","0.00"
"1098","2026-03-25"," 11:45:00 AM","2026-03-25"," 2:26:00 PM","","","","","","","NA","-1000.00"
"1098.1","2026-03-25"," 11:45:00 AM","2026-03-25"," 11:49:00 AM","CE","75500","Sell","20","251.90","301.90","","-1000.00"
"1098.2","2026-03-25"," 11:45:00 AM","2026-03-25"," 2:26:00 PM","PE","75500","Sell","20","274.60","274.60","","0.00"
"1099","2026-03-27"," 9:45:00 AM","2026-03-27"," 9:49:00 AM","","","","","","","NA","-1000.00"
"1099.1","2026-03-27"," 9:45:00 AM","2026-03-27"," 9:49:00 AM","CE","74400","Sell","20","1205.50","1205.50","","0.00"
"1099.2","2026-03-27"," 9:45:00 AM","2026-03-27"," 9:47:00 AM","PE","74400","Sell","20","1087.55","1137.55","","-1000.00"
"1100","2026-03-27"," 11:45:00 AM","2026-03-27"," 12:28:00 PM","","","","","","","NA","-1000.00"
"1100.1","2026-03-27"," 11:45:00 AM","2026-03-27"," 12:28:00 PM","CE","74100","Sell","20","1141.65","1141.65","","0.00"
"1100.2","2026-03-27"," 11:45:00 AM","2026-03-27"," 12:02:00 PM","PE","74100","Sell","20","1095.90","1145.90","","-1000.00"
"1101","2026-03-30"," 9:45:00 AM","2026-03-30"," 9:48:00 AM","","","","","","","NA","-1000.00"
"1101.1","2026-03-30"," 9:45:00 AM","2026-03-30"," 9:46:00 AM","CE","73000","Sell","20","986.85","1036.85","","-1000.00"
"1101.2","2026-03-30"," 9:45:00 AM","2026-03-30"," 9:48:00 AM","PE","73000","Sell","20","952.55","952.55","","0.00"
"1102","2026-03-30"," 11:45:00 AM","2026-03-30"," 12:02:00 PM","","","","","","","NA","-1000.00"
"1102.1","2026-03-30"," 11:45:00 AM","2026-03-30"," 12:02:00 PM","CE","72400","Sell","20","937.70","937.70","","0.00"
"1102.2","2026-03-30"," 11:45:00 AM","2026-03-30"," 11:51:00 AM","PE","72400","Sell","20","858.95","908.95","","-1000.00"
"1103","2026-04-01"," 9:45:00 AM","2026-04-01"," 10:26:00 AM","","","","","","","NA","-1000.00"
"1103.1","2026-04-01"," 9:45:00 AM","2026-04-01"," 9:50:00 AM","CE","73700","Sell","20","532.15","582.15","","-1000.00"
"1103.2","2026-04-01"," 9:45:00 AM","2026-04-01"," 10:26:00 AM","PE","73700","Sell","20","538.80","538.80","","0.00"
"1104","2026-04-01"," 11:45:00 AM","2026-04-01"," 12:01:00 PM","","","","","","","NA","-1000.00"
"1104.1","2026-04-01"," 11:45:00 AM","2026-04-01"," 12:01:00 PM","CE","73500","Sell","20","532.45","532.45","","0.00"
"1104.2","2026-04-01"," 11:45:00 AM","2026-04-01"," 11:48:00 AM","PE","73500","Sell","20","445.20","495.20","","-1000.00"
"1105","2026-04-02"," 9:45:00 AM","2026-04-02"," 12:34:00 PM","","","","","","","NA","-1000.00"
"1105.1","2026-04-02"," 9:45:00 AM","2026-04-02"," 12:34:00 PM","CE","71800","Sell","20","257.20","257.20","","0.00"
"1105.2","2026-04-02"," 9:45:00 AM","2026-04-02"," 9:53:00 AM","PE","71800","Sell","20","314.95","364.95","","-1000.00"
"1106","2026-04-02"," 11:45:00 AM","2026-04-02"," 3:15:00 PM","","","","","","","NA","3941.00"
"1106.1","2026-04-02"," 11:45:00 AM","2026-04-02"," 11:48:00 AM","CE","71700","Sell","20","151.75","201.75","","-1000.00"
"1106.2","2026-04-02"," 11:45:00 AM","2026-04-02"," 3:15:00 PM","PE","71700","Sell","20","247.20","0.15","","4941.00"
"1107","2026-04-06"," 9:45:00 AM","2026-04-06"," 10:08:00 AM","","","","","","","NA","-1000.00"
"1107.1","2026-04-06"," 9:45:00 AM","2026-04-06"," 10:08:00 AM","CE","72900","Sell","20","983.70","983.70","","0.00"
"1107.2","2026-04-06"," 9:45:00 AM","2026-04-06"," 9:51:00 AM","PE","72900","Sell","20","903.35","953.35","","-1000.00"
"1108","2026-04-06"," 11:45:00 AM","2026-04-06"," 12:35:00 PM","","","","","","","NA","-1000.00"
"1108.1","2026-04-06"," 11:45:00 AM","2026-04-06"," 11:51:00 AM","CE","73100","Sell","20","897.05","947.05","","-1000.00"
"1108.2","2026-04-06"," 11:45:00 AM","2026-04-06"," 12:35:00 PM","PE","73100","Sell","20","921.65","921.65","","0.00"
"1109","2026-04-07"," 9:45:00 AM","2026-04-07"," 3:15:00 PM","","","","","","","NA","6184.00"
"1109.1","2026-04-07"," 9:45:00 AM","2026-04-07"," 9:47:00 AM","CE","73500","Sell","20","852.45","902.45","","-1000.00"
"1109.2","2026-04-07"," 9:45:00 AM","2026-04-07"," 3:15:00 PM","PE","73500","Sell","20","794.25","435.05","","7184.00"
"1110","2026-04-07"," 11:45:00 AM","2026-04-07"," 12:13:00 PM","","","","","","","NA","-1000.00"
"1110.1","2026-04-07"," 11:45:00 AM","2026-04-07"," 11:56:00 AM","CE","73900","Sell","20","843.55","893.55","","-1000.00"
"1110.2","2026-04-07"," 11:45:00 AM","2026-04-07"," 12:13:00 PM","PE","73900","Sell","20","798.15","798.15","","0.00"
"1111","2026-04-08"," 9:45:00 AM","2026-04-08"," 9:54:00 AM","","","","","","","NA","-1000.00"
"1111.1","2026-04-08"," 9:45:00 AM","2026-04-08"," 9:48:00 AM","CE","77300","Sell","20","444.75","494.75","","-1000.00"
"1111.2","2026-04-08"," 9:45:00 AM","2026-04-08"," 9:54:00 AM","PE","77300","Sell","20","445.20","445.20","","0.00"
"1112","2026-04-08"," 11:45:00 AM","2026-04-08"," 1:28:00 PM","","","","","","","NA","-1000.00"
"1112.1","2026-04-08"," 11:45:00 AM","2026-04-08"," 1:28:00 PM","CE","77500","Sell","20","404.85","404.85","","0.00"
"1112.2","2026-04-08"," 11:45:00 AM","2026-04-08"," 11:52:00 AM","PE","77500","Sell","20","411.00","461.00","","-1000.00"
"1113","2026-04-09"," 9:45:00 AM","2026-04-09"," 11:56:00 AM","","","","","","","NA","-1000.00"
"1113.1","2026-04-09"," 9:45:00 AM","2026-04-09"," 11:56:00 AM","CE","77000","Sell","20","282.30","282.30","","0.00"
"1113.2","2026-04-09"," 9:45:00 AM","2026-04-09"," 9:48:00 AM","PE","77000","Sell","20","255.85","305.85","","-1000.00"
"1114","2026-04-09"," 11:45:00 AM","2026-04-09"," 12:26:00 PM","","","","","","","NA","-1000.00"
"1114.1","2026-04-09"," 11:45:00 AM","2026-04-09"," 11:54:00 AM","CE","77000","Sell","20","207.05","257.05","","-1000.00"
"1114.2","2026-04-09"," 11:45:00 AM","2026-04-09"," 12:26:00 PM","PE","77000","Sell","20","218.60","218.60","","0.00"
"1115","2026-04-10"," 9:45:00 AM","2026-04-10"," 10:09:00 AM","","","","","","","NA","-1000.00"
"1115.1","2026-04-10"," 9:45:00 AM","2026-04-10"," 9:48:00 AM","CE","77200","Sell","20","780.25","830.25","","-1000.00"
"1115.2","2026-04-10"," 9:45:00 AM","2026-04-10"," 10:09:00 AM","PE","77200","Sell","20","726.00","726.00","","0.00"
"1116","2026-04-10"," 11:45:00 AM","2026-04-10"," 2:16:00 PM","","","","","","","NA","-1000.00"
"1116.1","2026-04-10"," 11:45:00 AM","2026-04-10"," 12:08:00 PM","CE","77300","Sell","20","756.45","806.45","","-1000.00"
"1116.2","2026-04-10"," 11:45:00 AM","2026-04-10"," 2:16:00 PM","PE","77300","Sell","20","690.35","690.35","","0.00"
"1117","2026-04-13"," 9:45:00 AM","2026-04-13"," 10:17:00 AM","","","","","","","NA","-1000.00"
"1117.1","2026-04-13"," 9:45:00 AM","2026-04-13"," 9:56:00 AM","CE","76200","Sell","20","713.80","763.80","","-1000.00"
"1117.2","2026-04-13"," 9:45:00 AM","2026-04-13"," 10:17:00 AM","PE","76200","Sell","20","719.35","719.35","","0.00"
"1118","2026-04-13"," 11:45:00 AM","2026-04-13"," 3:15:00 PM","","","","","","","NA","1184.00"
"1118.1","2026-04-13"," 11:45:00 AM","2026-04-13"," 11:50:00 AM","CE","76500","Sell","20","736.35","786.35","","-1000.00"
"1118.2","2026-04-13"," 11:45:00 AM","2026-04-13"," 3:15:00 PM","PE","76500","Sell","20","690.00","580.80","","2184.00"
"1119","2026-04-15"," 9:45:00 AM","2026-04-15"," 11:07:00 AM","","","","","","","NA","-1000.00"
"1119.1","2026-04-15"," 9:45:00 AM","2026-04-15"," 10:07:00 AM","CE","78000","Sell","20","412.30","462.30","","-1000.00"
"1119.2","2026-04-15"," 9:45:00 AM","2026-04-15"," 11:07:00 AM","PE","78000","Sell","20","368.45","368.45","","0.00"
"1120","2026-04-15"," 11:45:00 AM","2026-04-15"," 3:15:00 PM","","","","","","","NA","-28.00"
"1120.1","2026-04-15"," 11:45:00 AM","2026-04-15"," 2:53:00 PM","CE","78000","Sell","20","406.05","456.05","","-1000.00"
"1120.2","2026-04-15"," 11:45:00 AM","2026-04-15"," 3:15:00 PM","PE","78000","Sell","20","334.60","286.00","","972.00"
"1121","2026-04-16"," 9:45:00 AM","2026-04-16"," 10:11:00 AM","","","","","","","NA","-1000.00"
"1121.1","2026-04-16"," 9:45:00 AM","2026-04-16"," 10:11:00 AM","CE","78400","Sell","20","192.55","192.55","","0.00"
"1121.2","2026-04-16"," 9:45:00 AM","2026-04-16"," 10:00:00 AM","PE","78400","Sell","20","229.25","279.25","","-1000.00"
"1122","2026-04-16"," 11:45:00 AM","2026-04-16"," 3:15:00 PM","","","","","","","NA","1935.00"
"1122.1","2026-04-16"," 11:45:00 AM","2026-04-16"," 3:15:00 PM","CE","78200","Sell","20","146.85","0.10","","2935.00"
"1122.2","2026-04-16"," 11:45:00 AM","2026-04-16"," 11:47:00 AM","PE","78200","Sell","20","167.15","217.15","","-1000.00"
"1123","2026-04-17"," 9:45:00 AM","2026-04-17"," 3:15:00 PM","","","","","","","NA","3795.00"
"1123.1","2026-04-17"," 9:45:00 AM","2026-04-17"," 9:50:00 AM","CE","78000","Sell","20","739.35","789.35","","-1000.00"
"1123.2","2026-04-17"," 9:45:00 AM","2026-04-17"," 3:15:00 PM","PE","78000","Sell","20","699.70","459.95","","4795.00"
"1124","2026-04-17"," 11:45:00 AM","2026-04-17"," 11:59:00 AM","","","","","","","NA","-1000.00"
"1124.1","2026-04-17"," 11:45:00 AM","2026-04-17"," 11:55:00 AM","CE","78300","Sell","20","736.30","786.30","","-1000.00"
"1124.2","2026-04-17"," 11:45:00 AM","2026-04-17"," 11:59:00 AM","PE","78300","Sell","20","654.50","654.50","","0.00"
"1125","2026-04-20"," 9:45:00 AM","2026-04-20"," 1:25:00 PM","","","","","","","NA","-1000.00"
"1125.1","2026-04-20"," 9:45:00 AM","2026-04-20"," 9:55:00 AM","CE","78400","Sell","20","663.85","713.85","","-1000.00"
"1125.2","2026-04-20"," 9:45:00 AM","2026-04-20"," 1:25:00 PM","PE","78400","Sell","20","652.60","652.60","","0.00"
"1126","2026-04-20"," 11:45:00 AM","2026-04-20"," 12:31:00 PM","","","","","","","NA","-1000.00"
"1126.1","2026-04-20"," 11:45:00 AM","2026-04-20"," 12:31:00 PM","CE","78900","Sell","20","676.40","676.40","","0.00"
"1126.2","2026-04-20"," 11:45:00 AM","2026-04-20"," 12:14:00 PM","PE","78900","Sell","20","663.85","713.85","","-1000.00"
"1127","2026-04-21"," 9:45:00 AM","2026-04-21"," 3:15:00 PM","","","","","","","NA","2558.00"
"1127.1","2026-04-21"," 9:45:00 AM","2026-04-21"," 9:46:00 AM","CE","78900","Sell","20","559.30","609.30","","-1000.00"
"1127.2","2026-04-21"," 9:45:00 AM","2026-04-21"," 3:15:00 PM","PE","78900","Sell","20","561.10","383.20","","3558.00"
"1128","2026-04-21"," 11:45:00 AM","2026-04-21"," 12:51:00 PM","","","","","","","NA","-1000.00"
"1128.1","2026-04-21"," 11:45:00 AM","2026-04-21"," 12:12:00 PM","CE","79100","Sell","20","565.65","615.65","","-1000.00"
"1128.2","2026-04-21"," 11:45:00 AM","2026-04-21"," 12:51:00 PM","PE","79100","Sell","20","503.40","503.40","","0.00"
"1129","2026-04-22"," 9:45:00 AM","2026-04-22"," 10:47:00 AM","","","","","","","NA","-1000.00"
"1129.1","2026-04-22"," 9:45:00 AM","2026-04-22"," 10:47:00 AM","CE","78700","Sell","20","377.50","377.50","","0.00"
"1129.2","2026-04-22"," 9:45:00 AM","2026-04-22"," 9:58:00 AM","PE","78700","Sell","20","428.00","478.00","","-1000.00"
"1130","2026-04-22"," 11:45:00 AM","2026-04-22"," 11:55:00 AM","","","","","","","NA","-1000.00"
"1130.1","2026-04-22"," 11:45:00 AM","2026-04-22"," 11:55:00 AM","CE","78600","Sell","20","385.75","385.75","","0.00"
"1130.2","2026-04-22"," 11:45:00 AM","2026-04-22"," 11:49:00 AM","PE","78600","Sell","20","362.90","412.90","","-1000.00"
"1131","2026-04-23"," 9:45:00 AM","2026-04-23"," 10:39:00 AM","","","","","","","NA","-1000.00"
"1131.1","2026-04-23"," 9:45:00 AM","2026-04-23"," 9:48:00 AM","CE","78000","Sell","20","156.70","206.70","","-1000.00"
"1131.2","2026-04-23"," 9:45:00 AM","2026-04-23"," 10:39:00 AM","PE","78000","Sell","20","222.55","222.55","","0.00"
"1132","2026-04-23"," 11:45:00 AM","2026-04-23"," 12:31:00 PM","","","","","","","NA","-1000.00"
"1132.1","2026-04-23"," 11:45:00 AM","2026-04-23"," 11:54:00 AM","CE","77700","Sell","20","152.60","202.60","","-1000.00"
"1132.2","2026-04-23"," 11:45:00 AM","2026-04-23"," 12:31:00 PM","PE","77700","Sell","20","124.45","124.45","","0.00"
"1133","2026-04-24"," 9:45:00 AM","2026-04-24"," 9:52:00 AM","","","","","","","NA","-1000.00"
"1133.1","2026-04-24"," 9:45:00 AM","2026-04-24"," 9:52:00 AM","CE","77000","Sell","20","784.10","784.10","","0.00"
"1133.2","2026-04-24"," 9:45:00 AM","2026-04-24"," 9:47:00 AM","PE","77000","Sell","20","745.20","795.20","","-1000.00"
"1134","2026-04-24"," 11:45:00 AM","2026-04-24"," 12:11:00 PM","","","","","","","NA","-1000.00"
"1134.1","2026-04-24"," 11:45:00 AM","2026-04-24"," 12:11:00 PM","CE","76800","Sell","20","763.30","763.30","","0.00"
"1134.2","2026-04-24"," 11:45:00 AM","2026-04-24"," 11:51:00 AM","PE","76800","Sell","20","712.40","762.40","","-1000.00"
"1135","2026-04-27"," 9:45:00 AM","2026-04-27"," 10:33:00 AM","","","","","","","NA","-1000.00"
"1135.1","2026-04-27"," 9:45:00 AM","2026-04-27"," 9:49:00 AM","CE","77100","Sell","20","658.85","708.85","","-1000.00"
"1135.2","2026-04-27"," 9:45:00 AM","2026-04-27"," 10:33:00 AM","PE","77100","Sell","20","547.30","547.30","","0.00"
"1136","2026-04-27"," 11:45:00 AM","2026-04-27"," 3:15:00 PM","","","","","","","NA","2734.00"
"1136.1","2026-04-27"," 11:45:00 AM","2026-04-27"," 11:57:00 AM","CE","77000","Sell","20","582.00","632.00","","-1000.00"
"1136.2","2026-04-27"," 11:45:00 AM","2026-04-27"," 3:15:00 PM","PE","77000","Sell","20","556.60","369.90","","3734.00"
"1137","2026-04-28"," 9:45:00 AM","2026-04-28"," 11:18:00 AM","","","","","","","NA","-1059.00"
"1137.1","2026-04-28"," 9:45:00 AM","2026-04-28"," 10:02:00 AM","CE","77300","Sell","20","492.65","545.60","","-1059.00"
"1137.2","2026-04-28"," 9:45:00 AM","2026-04-28"," 11:18:00 AM","PE","77300","Sell","20","427.50","427.50","","0.00"
"1138","2026-04-28"," 11:45:00 AM","2026-04-28"," 3:15:00 PM","","","","","","","NA","2392.00"
"1138.1","2026-04-28"," 11:45:00 AM","2026-04-28"," 3:15:00 PM","CE","77200","Sell","20","431.15","261.55","","3392.00"
"1138.2","2026-04-28"," 11:45:00 AM","2026-04-28"," 12:00:00 PM","PE","77200","Sell","20","428.40","478.40","","-1000.00"
"1139","2026-04-29"," 9:45:00 AM","2026-04-29"," 3:15:00 PM","","","","","","","NA","564.00"
"1139.1","2026-04-29"," 9:45:00 AM","2026-04-29"," 9:52:00 AM","CE","77400","Sell","20","302.45","352.45","","-1000.00"
"1139.2","2026-04-29"," 9:45:00 AM","2026-04-29"," 3:15:00 PM","PE","77400","Sell","20","325.60","247.40","","1564.00"
"1140","2026-04-29"," 11:45:00 AM","2026-04-29"," 1:42:00 PM","","","","","","","NA","-1000.00"
"1140.1","2026-04-29"," 11:45:00 AM","2026-04-29"," 12:11:00 PM","CE","77800","Sell","20","348.90","398.90","","-1000.00"
"1140.2","2026-04-29"," 11:45:00 AM","2026-04-29"," 1:42:00 PM","PE","77800","Sell","20","306.35","306.35","","0.00"
"1141","2026-04-30"," 9:45:00 AM","2026-04-30"," 1:24:00 PM","","","","","","","NA","-1000.00"
"1141.1","2026-04-30"," 9:45:00 AM","2026-04-30"," 1:24:00 PM","CE","76800","Sell","20","150.50","150.50","","0.00"
"1141.2","2026-04-30"," 9:45:00 AM","2026-04-30"," 9:51:00 AM","PE","76800","Sell","20","226.50","276.50","","-1000.00"
"1142","2026-04-30"," 11:45:00 AM","2026-04-30"," 3:15:00 PM","","","","","","","NA","2017.00"
"1142.1","2026-04-30"," 11:45:00 AM","2026-04-30"," 12:07:00 PM","CE","76400","Sell","20","137.20","187.20","","-1000.00"
"1142.2","2026-04-30"," 11:45:00 AM","2026-04-30"," 3:15:00 PM","PE","76400","Sell","20","151.05","0.20","","3017.00"
"1143","2026-05-04"," 9:45:00 AM","2026-05-04"," 3:15:00 PM","","","","","","","NA","3890.00"
"1143.1","2026-05-04"," 9:45:00 AM","2026-05-04"," 3:15:00 PM","CE","77900","Sell","20","691.00","446.50","","4890.00"
"1143.2","2026-05-04"," 9:45:00 AM","2026-05-04"," 9:54:00 AM","PE","77900","Sell","20","547.55","597.55","","-1000.00"
"1144","2026-05-04"," 11:45:00 AM","2026-05-04"," 3:15:00 PM","","","","","","","NA","1722.00"
"1144.1","2026-05-04"," 11:45:00 AM","2026-05-04"," 3:15:00 PM","CE","77700","Sell","20","661.85","525.75","","2722.00"
"1144.2","2026-05-04"," 11:45:00 AM","2026-05-04"," 12:08:00 PM","PE","77700","Sell","20","552.55","602.55","","-1000.00"
"1145","2026-05-05"," 9:45:00 AM","2026-05-05"," 10:03:00 AM","","","","","","","NA","-1000.00"
"1145.1","2026-05-05"," 9:45:00 AM","2026-05-05"," 9:53:00 AM","CE","77000","Sell","20","492.65","542.65","","-1000.00"
"1145.2","2026-05-05"," 9:45:00 AM","2026-05-05"," 10:03:00 AM","PE","77000","Sell","20","485.95","485.95","","0.00"
"1146","2026-05-05"," 11:45:00 AM","2026-05-05"," 12:07:00 PM","","","","","","","NA","-1000.00"
"1146.1","2026-05-05"," 11:45:00 AM","2026-05-05"," 12:07:00 PM","CE","76600","Sell","20","494.00","494.00","","0.00"
"1146.2","2026-05-05"," 11:45:00 AM","2026-05-05"," 11:56:00 AM","PE","76600","Sell","20","445.50","495.50","","-1000.00"
"1147","2026-05-06"," 9:45:00 AM","2026-05-06"," 10:01:00 AM","","","","","","","NA","-1000.00"
"1147.1","2026-05-06"," 9:45:00 AM","2026-05-06"," 9:56:00 AM","CE","77300","Sell","20","420.85","470.85","","-1000.00"
"1147.2","2026-05-06"," 9:45:00 AM","2026-05-06"," 10:01:00 AM","PE","77300","Sell","20","309.15","309.15","","0.00"
"1148","2026-05-06"," 11:45:00 AM","2026-05-06"," 1:38:00 PM","","","","","","","NA","-1000.00"
"1148.1","2026-05-06"," 11:45:00 AM","2026-05-06"," 1:38:00 PM","CE","77100","Sell","20","424.75","424.75","","0.00"
"1148.2","2026-05-06"," 11:45:00 AM","2026-05-06"," 12:13:00 PM","PE","77100","Sell","20","242.95","292.95","","-1000.00"
"1149","2026-05-07"," 9:45:00 AM","2026-05-07"," 12:39:00 PM","","","","","","","NA","-1000.00"
"1149.1","2026-05-07"," 9:45:00 AM","2026-05-07"," 12:39:00 PM","CE","78100","Sell","20","237.00","237.00","","0.00"
"1149.2","2026-05-07"," 9:45:00 AM","2026-05-07"," 9:49:00 AM","PE","78100","Sell","20","192.60","242.60","","-1000.00"
"1150","2026-05-07"," 11:45:00 AM","2026-05-07"," 3:15:00 PM","","","","","","","NA","2332.00"
"1150.1","2026-05-07"," 11:45:00 AM","2026-05-07"," 11:51:00 AM","CE","77700","Sell","20","190.00","240.00","","-1000.00"
"1150.2","2026-05-07"," 11:45:00 AM","2026-05-07"," 3:15:00 PM","PE","77700","Sell","20","167.55","0.95","","3332.00"
"1151","2026-05-08"," 9:45:00 AM","2026-05-08"," 12:45:00 PM","","","","","","","NA","-1000.00"
"1151.1","2026-05-08"," 9:45:00 AM","2026-05-08"," 9:58:00 AM","CE","77300","Sell","20","756.00","806.00","","-1000.00"
"1151.2","2026-05-08"," 9:45:00 AM","2026-05-08"," 12:45:00 PM","PE","77300","Sell","20","666.30","666.30","","0.00"
"1152","2026-05-08"," 11:45:00 AM","2026-05-08"," 12:22:00 PM","","","","","","","NA","-1000.00"
"1152.1","2026-05-08"," 11:45:00 AM","2026-05-08"," 12:22:00 PM","CE","77400","Sell","20","715.05","715.05","","0.00"
"1152.2","2026-05-08"," 11:45:00 AM","2026-05-08"," 12:19:00 PM","PE","77400","Sell","20","641.35","691.35","","-1000.00"
"1153","2026-05-11"," 9:45:00 AM","2026-05-11"," 3:04:00 PM","","","","","","","NA","-1000.00"
"1153.1","2026-05-11"," 9:45:00 AM","2026-05-11"," 11:12:00 AM","CE","76200","Sell","20","708.80","758.80","","-1000.00"
"1153.2","2026-05-11"," 9:45:00 AM","2026-05-11"," 3:04:00 PM","PE","76200","Sell","20","583.20","583.20","","0.00"
"1154","2026-05-11"," 11:45:00 AM","2026-05-11"," 1:36:00 PM","","","","","","","NA","-1000.00"
"1154.1","2026-05-11"," 11:45:00 AM","2026-05-11"," 1:36:00 PM","CE","76500","Sell","20","643.60","643.60","","0.00"
"1154.2","2026-05-11"," 11:45:00 AM","2026-05-11"," 11:52:00 AM","PE","76500","Sell","20","539.20","589.20","","-1000.00"
"1155","2026-05-12"," 9:45:00 AM","2026-05-12"," 3:15:00 PM","","","","","","","NA","5514.00"
"1155.1","2026-05-12"," 9:45:00 AM","2026-05-12"," 3:15:00 PM","CE","75400","Sell","20","511.15","185.45","","6514.00"
"1155.2","2026-05-12"," 9:45:00 AM","2026-05-12"," 10:30:00 AM","PE","75400","Sell","20","492.55","542.55","","-1000.00"
"1156","2026-05-12"," 11:45:00 AM","2026-05-12"," 3:15:00 PM","","","","","","","NA","4612.00"
"1156.1","2026-05-12"," 11:45:00 AM","2026-05-12"," 3:15:00 PM","CE","75200","Sell","20","520.35","239.75","","5612.00"
"1156.2","2026-05-12"," 11:45:00 AM","2026-05-12"," 12:08:00 PM","PE","75200","Sell","20","435.15","485.15","","-1000.00"
"1157","2026-05-13"," 9:45:00 AM","2026-05-13"," 3:15:00 PM","","","","","","","NA","3437.00"
"1157.1","2026-05-13"," 9:45:00 AM","2026-05-13"," 9:52:00 AM","CE","74300","Sell","20","469.40","519.40","","-1000.00"
"1157.2","2026-05-13"," 9:45:00 AM","2026-05-13"," 3:15:00 PM","PE","74300","Sell","20","405.15","183.30","","4437.00"
"1158","2026-05-13"," 11:45:00 AM","2026-05-13"," 12:14:00 PM","","","","","","","NA","-1000.00"
"1158.1","2026-05-13"," 11:45:00 AM","2026-05-13"," 12:14:00 PM","CE","74900","Sell","20","459.70","459.70","","0.00"
"1158.2","2026-05-13"," 11:45:00 AM","2026-05-13"," 11:51:00 AM","PE","74900","Sell","20","370.60","420.60","","-1000.00"
"1159","2026-05-14"," 9:45:00 AM","2026-05-14"," 9:49:00 AM","","","","","","","NA","-1000.00"
"1159.1","2026-05-14"," 9:45:00 AM","2026-05-14"," 9:47:00 AM","CE","74800","Sell","20","231.10","281.10","","-1000.00"
"1159.2","2026-05-14"," 9:45:00 AM","2026-05-14"," 9:49:00 AM","PE","74800","Sell","20","238.55","238.55","","0.00"
"1160","2026-05-14"," 11:45:00 AM","2026-05-14"," 11:55:00 AM","","","","","","","NA","-1000.00"
"1160.1","2026-05-14"," 11:45:00 AM","2026-05-14"," 11:52:00 AM","CE","75400","Sell","20","203.50","253.50","","-1000.00"
"1160.2","2026-05-14"," 11:45:00 AM","2026-05-14"," 11:55:00 AM","PE","75400","Sell","20","210.00","210.00","","0.00"
"1161","2026-05-15"," 9:45:00 AM","2026-05-15"," 10:01:00 AM","","","","","","","NA","-1000.00"
"1161.1","2026-05-15"," 9:45:00 AM","2026-05-15"," 9:56:00 AM","CE","75800","Sell","20","744.35","794.35","","-1000.00"
"1161.2","2026-05-15"," 9:45:00 AM","2026-05-15"," 10:01:00 AM","PE","75800","Sell","20","707.30","707.30","","0.00"
"1162","2026-05-15"," 11:45:00 AM","2026-05-15"," 12:30:00 PM","","","","","","","NA","-1000.00"
"1162.1","2026-05-15"," 11:45:00 AM","2026-05-15"," 12:06:00 PM","CE","75500","Sell","20","729.65","779.65","","-1000.00"
"1162.2","2026-05-15"," 11:45:00 AM","2026-05-15"," 12:30:00 PM","PE","75500","Sell","20","697.30","697.30","","0.00"
"1163","2026-05-18"," 9:45:00 AM","2026-05-18"," 10:18:00 AM","","","","","","","NA","-1000.00"
"1163.1","2026-05-18"," 9:45:00 AM","2026-05-18"," 10:18:00 AM","CE","74400","Sell","20","642.10","642.10","","0.00"
"1163.2","2026-05-18"," 9:45:00 AM","2026-05-18"," 9:51:00 AM","PE","74400","Sell","20","640.35","690.35","","-1000.00"
"1164","2026-05-18"," 11:45:00 AM","2026-05-18"," 12:16:00 PM","","","","","","","NA","-1000.00"
"1164.1","2026-05-18"," 11:45:00 AM","2026-05-18"," 12:16:00 PM","CE","74900","Sell","20","672.60","672.60","","0.00"
"1164.2","2026-05-18"," 11:45:00 AM","2026-05-18"," 11:49:00 AM","PE","74900","Sell","20","635.00","685.00","","-1000.00"
"1165","2026-05-19"," 9:45:00 AM","2026-05-19"," 10:12:00 AM","","","","","","","NA","-1000.00"
"1165.1","2026-05-19"," 9:45:00 AM","2026-05-19"," 10:12:00 AM","CE","75700","Sell","20","489.10","489.10","","0.00"
"1165.2","2026-05-19"," 9:45:00 AM","2026-05-19"," 9:48:00 AM","PE","75700","Sell","20","496.50","546.50","","-1000.00"
"1166","2026-05-19"," 11:45:00 AM","2026-05-19"," 3:15:00 PM","","","","","","","NA","3753.00"
"1166.1","2026-05-19"," 11:45:00 AM","2026-05-19"," 3:15:00 PM","CE","75600","Sell","20","493.15","255.50","","4753.00"
"1166.2","2026-05-19"," 11:45:00 AM","2026-05-19"," 1:05:00 PM","PE","75600","Sell","20","421.15","471.15","","-1000.00"
"1167","2026-05-20"," 9:45:00 AM","2026-05-20"," 10:32:00 AM","","","","","","","NA","-1000.00"
"1167.1","2026-05-20"," 9:45:00 AM","2026-05-20"," 10:32:00 AM","CE","74900","Sell","20","397.70","397.70","","0.00"
"1167.2","2026-05-20"," 9:45:00 AM","2026-05-20"," 10:05:00 AM","PE","74900","Sell","20","436.85","486.85","","-1000.00"
"1168","2026-05-20"," 11:45:00 AM","2026-05-20"," 12:02:00 PM","","","","","","","NA","-1000.00"
"1168.1","2026-05-20"," 11:45:00 AM","2026-05-20"," 11:50:00 AM","CE","75100","Sell","20","379.80","429.80","","-1000.00"
"1168.2","2026-05-20"," 11:45:00 AM","2026-05-20"," 12:02:00 PM","PE","75100","Sell","20","386.40","386.40","","0.00"
"1169","2026-05-21"," 9:45:00 AM","2026-05-21"," 3:15:00 PM","","","","","","","NA","2849.00"
"1169.1","2026-05-21"," 9:45:00 AM","2026-05-21"," 3:15:00 PM","CE","75700","Sell","20","192.60","0.15","","3849.00"
"1169.2","2026-05-21"," 9:45:00 AM","2026-05-21"," 10:00:00 AM","PE","75700","Sell","20","226.80","276.80","","-1000.00"
"1170","2026-05-21"," 11:45:00 AM","2026-05-21"," 3:15:00 PM","","","","","","","NA","2807.00"
"1170.1","2026-05-21"," 11:45:00 AM","2026-05-21"," 3:15:00 PM","CE","75400","Sell","20","190.50","0.15","","3807.00"
"1170.2","2026-05-21"," 11:45:00 AM","2026-05-21"," 12:19:00 PM","PE","75400","Sell","20","142.70","192.70","","-1000.00"
"1171","2026-05-22"," 9:45:00 AM","2026-05-22"," 11:29:00 AM","","","","","","","NA","-1000.00"
"1171.1","2026-05-22"," 9:45:00 AM","2026-05-22"," 9:58:00 AM","CE","75600","Sell","20","590.50","640.50","","-1000.00"
"1171.2","2026-05-22"," 9:45:00 AM","2026-05-22"," 11:29:00 AM","PE","75600","Sell","20","584.00","584.00","","0.00"
"1172","2026-05-22"," 11:45:00 AM","2026-05-22"," 11:48:00 AM","","","","","","","NA","-1000.00"
"1172.1","2026-05-22"," 11:45:00 AM","2026-05-22"," 11:47:00 AM","CE","75700","Sell","20","604.20","654.20","","-1000.00"
"1172.2","2026-05-22"," 11:45:00 AM","2026-05-22"," 11:48:00 AM","PE","75700","Sell","20","523.55","523.55","","0.00"
"1173","2026-05-25"," 9:45:00 AM","2026-05-25"," 10:07:00 AM","","","","","","","NA","-1000.00"
"1173.1","2026-05-25"," 9:45:00 AM","2026-05-25"," 10:07:00 AM","CE","76200","Sell","20","482.25","482.25","","0.00"
"1173.2","2026-05-25"," 9:45:00 AM","2026-05-25"," 9:49:00 AM","PE","76200","Sell","20","401.50","451.50","","-1000.00"
"1174","2026-05-25"," 11:45:00 AM","2026-05-25"," 1:04:00 PM","","","","","","","NA","-1000.00"
"1174.1","2026-05-25"," 11:45:00 AM","2026-05-25"," 1:04:00 PM","CE","76300","Sell","20","453.15","453.15","","0.00"
"1174.2","2026-05-25"," 11:45:00 AM","2026-05-25"," 12:47:00 PM","PE","76300","Sell","20","382.70","432.70","","-1000.00"
"1175","2026-05-26"," 9:45:00 AM","2026-05-26"," 10:36:00 AM","","","","","","","NA","-1030.00"
"1175.1","2026-05-26"," 9:45:00 AM","2026-05-26"," 10:36:00 AM","CE","76600","Sell","20","311.85","311.85","","0.00"
"1175.2","2026-05-26"," 9:45:00 AM","2026-05-26"," 9:56:00 AM","PE","76600","Sell","20","325.50","377.00","","-1030.00"
"1176","2026-05-26"," 11:45:00 AM","2026-05-26"," 3:15:00 PM","","","","","","","NA","2902.00"
"1176.1","2026-05-26"," 11:45:00 AM","2026-05-26"," 3:15:00 PM","CE","76500","Sell","20","302.75","107.65","","3902.00"
"1176.2","2026-05-26"," 11:45:00 AM","2026-05-26"," 11:59:00 AM","PE","76500","Sell","20","270.20","320.20","","-1000.00"
"1177","2026-05-27"," 9:45:00 AM","2026-05-27"," 10:06:00 AM","","","","","","","NA","-1000.00"
"1177.1","2026-05-27"," 9:45:00 AM","2026-05-27"," 10:06:00 AM","CE","76000","Sell","20","171.20","171.20","","0.00"
"1177.2","2026-05-27"," 9:45:00 AM","2026-05-27"," 9:47:00 AM","PE","76000","Sell","20","176.95","226.95","","-1000.00"
"1178","2026-05-27"," 11:45:00 AM","2026-05-27"," 3:15:00 PM","","","","","","","NA","1445.00"
"1178.1","2026-05-27"," 11:45:00 AM","2026-05-27"," 3:15:00 PM","CE","76100","Sell","20","122.35","0.10","","2445.00"
"1178.2","2026-05-27"," 11:45:00 AM","2026-05-27"," 11:59:00 AM","PE","76100","Sell","20","119.65","169.65","","-1000.00"
"1179","2026-05-29"," 9:45:00 AM","2026-05-29"," 12:14:00 PM","","","","","","","NA","-1000.00"
"1179.1","2026-05-29"," 9:45:00 AM","2026-05-29"," 9:49:00 AM","CE","75800","Sell","20","695.70","745.70","","-1000.00"
"1179.2","2026-05-29"," 9:45:00 AM","2026-05-29"," 12:14:00 PM","PE","75800","Sell","20","492.30","492.30","","0.00"
"1180","2026-05-29"," 11:45:00 AM","2026-05-29"," 12:02:00 PM","","","","","","","NA","-1000.00"
"1180.1","2026-05-29"," 11:45:00 AM","2026-05-29"," 11:54:00 AM","CE","75900","Sell","20","667.50","717.50","","-1000.00"
"1180.2","2026-05-29"," 11:45:00 AM","2026-05-29"," 12:02:00 PM","PE","75900","Sell","20","451.70","451.70","","0.00"
"1181","2026-06-01"," 9:45:00 AM","2026-06-01"," 10:11:00 AM","","","","","","","NA","-1000.00"
"1181.1","2026-06-01"," 9:45:00 AM","2026-06-01"," 10:11:00 AM","CE","74900","Sell","20","567.20","567.20","","0.00"
"1181.2","2026-06-01"," 9:45:00 AM","2026-06-01"," 10:04:00 AM","PE","74900","Sell","20","443.00","493.00","","-1000.00"
"1182","2026-06-01"," 11:45:00 AM","2026-06-01"," 3:15:00 PM","","","","","","","NA","3723.00"
"1182.1","2026-06-01"," 11:45:00 AM","2026-06-01"," 3:15:00 PM","CE","74800","Sell","20","587.75","351.60","","4723.00"
"1182.2","2026-06-01"," 11:45:00 AM","2026-06-01"," 11:59:00 AM","PE","74800","Sell","20","428.00","478.00","","-1000.00"
"1183","2026-06-02"," 9:45:00 AM","2026-06-02"," 9:54:00 AM","","","","","","","NA","-1000.00"
"1183.1","2026-06-02"," 9:45:00 AM","2026-06-02"," 9:54:00 AM","CE","74000","Sell","20","487.95","487.95","","0.00"
"1183.2","2026-06-02"," 9:45:00 AM","2026-06-02"," 9:49:00 AM","PE","74000","Sell","20","341.60","391.60","","-1000.00"
"1184","2026-06-02"," 11:45:00 AM","2026-06-02"," 3:15:00 PM","","","","","","","NA","4001.00"
"1184.1","2026-06-02"," 11:45:00 AM","2026-06-02"," 12:34:00 PM","CE","74100","Sell","20","445.00","495.00","","-1000.00"
"1184.2","2026-06-02"," 11:45:00 AM","2026-06-02"," 3:15:00 PM","PE","74100","Sell","20","346.95","96.90","","5001.00"
"1185","2026-06-03"," 9:45:00 AM","2026-06-03"," 10:05:00 AM","","","","","","","NA","-1000.00"
"1185.1","2026-06-03"," 9:45:00 AM","2026-06-03"," 10:05:00 AM","CE","73800","Sell","20","440.00","440.00","","0.00"
"1185.2","2026-06-03"," 9:45:00 AM","2026-06-03"," 9:56:00 AM","PE","73800","Sell","20","304.70","354.70","","-1000.00"
"1186","2026-06-03"," 11:45:00 AM","2026-06-03"," 12:29:00 PM","","","","","","","NA","-1000.00"
"1186.1","2026-06-03"," 11:45:00 AM","2026-06-03"," 12:29:00 PM","CE","73700","Sell","20","379.95","379.95","","0.00"
"1186.2","2026-06-03"," 11:45:00 AM","2026-06-03"," 12:03:00 PM","PE","73700","Sell","20","306.40","356.40","","-1000.00"
"1187","2026-06-04"," 9:45:00 AM","2026-06-04"," 1:15:00 PM","","","","","","","NA","-1000.00"
"1187.1","2026-06-04"," 9:45:00 AM","2026-06-04"," 9:49:00 AM","CE","74200","Sell","20","220.95","270.95","","-1000.00"
"1187.2","2026-06-04"," 9:45:00 AM","2026-06-04"," 1:15:00 PM","PE","74200","Sell","20","216.00","216.00","","0.00"
"1188","2026-06-04"," 11:45:00 AM","2026-06-04"," 12:12:00 PM","","","","","","","NA","-1000.00"
"1188.1","2026-06-04"," 11:45:00 AM","2026-06-04"," 12:12:00 PM","CE","74500","Sell","20","170.45","170.45","","0.00"
"1188.2","2026-06-04"," 11:45:00 AM","2026-06-04"," 11:54:00 AM","PE","74500","Sell","20","180.70","230.70","","-1000.00"
"1189","2026-06-05"," 9:45:00 AM","2026-06-05"," 10:04:00 AM","","","","","","","NA","-1000.00"
"1189.1","2026-06-05"," 9:45:00 AM","2026-06-05"," 10:04:00 AM","CE","74600","Sell","20","722.55","722.55","","0.00"
"1189.2","2026-06-05"," 9:45:00 AM","2026-06-05"," 10:02:00 AM","PE","74600","Sell","20","572.25","622.25","","-1000.00"
"1190","2026-06-05"," 11:45:00 AM","2026-06-05"," 12:32:00 PM","","","","","","","NA","-1000.00"
"1190.1","2026-06-05"," 11:45:00 AM","2026-06-05"," 12:19:00 PM","CE","74400","Sell","20","720.10","770.10","","-1000.00"
"1190.2","2026-06-05"," 11:45:00 AM","2026-06-05"," 12:32:00 PM","PE","74400","Sell","20","535.85","535.85","","0.00"
"1191","2026-06-08"," 9:45:00 AM","2026-06-08"," 9:55:00 AM","","","","","","","NA","-1000.00"
"1191.1","2026-06-08"," 9:45:00 AM","2026-06-08"," 9:55:00 AM","CE","73600","Sell","20","645.30","645.30","","0.00"
"1191.2","2026-06-08"," 9:45:00 AM","2026-06-08"," 9:51:00 AM","PE","73600","Sell","20","545.80","595.80","","-1000.00"
"1192","2026-06-08"," 11:45:00 AM","2026-06-08"," 1:45:00 PM","","","","","","","NA","-1000.00"
"1192.1","2026-06-08"," 11:45:00 AM","2026-06-08"," 12:24:00 PM","CE","73700","Sell","20","624.65","674.65","","-1000.00"
"1192.2","2026-06-08"," 11:45:00 AM","2026-06-08"," 1:45:00 PM","PE","73700","Sell","20","531.35","531.35","","0.00"
"1193","2026-06-09"," 9:45:00 AM","2026-06-09"," 12:35:00 PM","","","","","","","NA","-1000.00"
"1193.1","2026-06-09"," 9:45:00 AM","2026-06-09"," 12:35:00 PM","CE","73800","Sell","20","447.45","447.45","","0.00"
"1193.2","2026-06-09"," 9:45:00 AM","2026-06-09"," 10:08:00 AM","PE","73800","Sell","20","423.10","473.10","","-1000.00"
"1194","2026-06-09"," 11:45:00 AM","2026-06-09"," 3:15:00 PM","","","","","","","NA","3886.00"
"1194.1","2026-06-09"," 11:45:00 AM","2026-06-09"," 11:48:00 AM","CE","73600","Sell","20","457.65","507.65","","-1000.00"
"1194.2","2026-06-09"," 11:45:00 AM","2026-06-09"," 3:15:00 PM","PE","73600","Sell","20","420.75","176.45","","4886.00"
"1195","2026-06-10"," 9:45:00 AM","2026-06-10"," 10:54:00 AM","","","","","","","NA","-1000.00"
"1195.1","2026-06-10"," 9:45:00 AM","2026-06-10"," 10:54:00 AM","CE","74300","Sell","20","369.80","369.80","","0.00"
"1195.2","2026-06-10"," 9:45:00 AM","2026-06-10"," 10:16:00 AM","PE","74300","Sell","20","336.00","386.00","","-1000.00"
"1196","2026-06-10"," 11:45:00 AM","2026-06-10"," 1:04:00 PM","","","","","","","NA","-1000.00"
"1196.1","2026-06-10"," 11:45:00 AM","2026-06-10"," 1:04:00 PM","CE","74500","Sell","20","341.90","341.90","","0.00"
"1196.2","2026-06-10"," 11:45:00 AM","2026-06-10"," 12:28:00 PM","PE","74500","Sell","20","327.00","377.00","","-1000.00"
"1197","2026-06-11"," 9:45:00 AM","2026-06-11"," 9:58:00 AM","","","","","","","NA","-1000.00"
"1197.1","2026-06-11"," 9:45:00 AM","2026-06-11"," 9:51:00 AM","CE","73700","Sell","20","190.05","240.05","","-1000.00"
"1197.2","2026-06-11"," 9:45:00 AM","2026-06-11"," 9:58:00 AM","PE","73700","Sell","20","174.15","174.15","","0.00"
"1198","2026-06-11"," 11:45:00 AM","2026-06-11"," 1:23:00 PM","","","","","","","NA","-1000.00"
"1198.1","2026-06-11"," 11:45:00 AM","2026-06-11"," 11:48:00 AM","CE","74100","Sell","20","163.20","213.20","","-1000.00"
"1198.2","2026-06-11"," 11:45:00 AM","2026-06-11"," 1:23:00 PM","PE","74100","Sell","20","148.00","148.00","","0.00"
"1199","2026-06-12"," 9:45:00 AM","2026-06-12"," 11:43:00 AM","","","","","","","NA","-1000.00"
"1199.1","2026-06-12"," 9:45:00 AM","2026-06-12"," 11:43:00 AM","CE","74600","Sell","20","636.05","636.05","","0.00"
"1199.2","2026-06-12"," 9:45:00 AM","2026-06-12"," 10:05:00 AM","PE","74600","Sell","20","540.00","590.00","","-1000.00"
"1200","2026-06-12"," 11:45:00 AM","2026-06-12"," 1:28:00 PM","","","","","","","NA","-1000.00"
"1200.1","2026-06-12"," 11:45:00 AM","2026-06-12"," 1:28:00 PM","CE","74700","Sell","20","577.65","577.65","","0.00"
"1200.2","2026-06-12"," 11:45:00 AM","2026-06-12"," 12:14:00 PM","PE","74700","Sell","20","569.00","619.00","","-1000.00"
"1201","2026-06-15"," 9:45:00 AM","2026-06-15"," 11:46:00 AM","","","","","","","NA","-1000.00"
"1201.1","2026-06-15"," 9:45:00 AM","2026-06-15"," 10:48:00 AM","CE","76700","Sell","20","480.70","530.70","","-1000.00"
"1201.2","2026-06-15"," 9:45:00 AM","2026-06-15"," 11:46:00 AM","PE","76700","Sell","20","515.65","515.65","","0.00"
"1202","2026-06-15"," 11:45:00 AM","2026-06-15"," 3:15:00 PM","","","","","","","NA","2754.00"
"1202.1","2026-06-15"," 11:45:00 AM","2026-06-15"," 3:15:00 PM","CE","76600","Sell","20","532.20","344.50","","3754.00"
"1202.2","2026-06-15"," 11:45:00 AM","2026-06-15"," 12:16:00 PM","PE","76600","Sell","20","460.45","510.45","","-1000.00"
"1203","2026-06-16"," 9:45:00 AM","2026-06-16"," 3:15:00 PM","","","","","","","NA","2116.00"
"1203.1","2026-06-16"," 9:45:00 AM","2026-06-16"," 10:36:00 AM","CE","76500","Sell","20","415.15","465.15","","-1000.00"
"1203.2","2026-06-16"," 9:45:00 AM","2026-06-16"," 3:15:00 PM","PE","76500","Sell","20","356.45","200.65","","3116.00"
"1204","2026-06-16"," 11:45:00 AM","2026-06-16"," 3:15:00 PM","","","","","","","NA","1655.00"
"1204.1","2026-06-16"," 11:45:00 AM","2026-06-16"," 1:24:00 PM","CE","76600","Sell","20","360.30","410.30","","-1000.00"
"1204.2","2026-06-16"," 11:45:00 AM","2026-06-16"," 3:15:00 PM","PE","76600","Sell","20","370.45","237.70","","2655.00"
"1205","2026-06-17"," 9:45:00 AM","2026-06-17"," 3:15:00 PM","","","","","","","NA","3260.00"
"1205.1","2026-06-17"," 9:45:00 AM","2026-06-17"," 3:15:00 PM","CE","77100","Sell","20","292.70","264.85","","557.00"
"1205.2","2026-06-17"," 9:45:00 AM","2026-06-17"," 3:15:00 PM","PE","77100","Sell","20","335.00","199.85","","2703.00"
"1206","2026-06-17"," 11:45:00 AM","2026-06-17"," 3:15:00 PM","","","","","","","NA","-284.00"
"1206.1","2026-06-17"," 11:45:00 AM","2026-06-17"," 3:15:00 PM","CE","77200","Sell","20","249.65","213.85","","716.00"
"1206.2","2026-06-17"," 11:45:00 AM","2026-06-17"," 12:01:00 PM","PE","77200","Sell","20","320.95","370.95","","-1000.00"
"1207","2026-06-18"," 9:45:00 AM","2026-06-18"," 10:39:00 AM","","","","","","","NA","-1000.00"
"1207.1","2026-06-18"," 9:45:00 AM","2026-06-18"," 9:49:00 AM","CE","77200","Sell","20","150.65","200.65","","-1000.00"
"1207.2","2026-06-18"," 9:45:00 AM","2026-06-18"," 10:39:00 AM","PE","77200","Sell","20","148.00","148.00","","0.00"
"1208","2026-06-18"," 11:45:00 AM","2026-06-18"," 3:15:00 PM","","","","","","","NA","1950.00"
"1208.1","2026-06-18"," 11:45:00 AM","2026-06-18"," 12:08:00 PM","CE","77100","Sell","20","104.10","154.10","","-1000.00"
"1208.2","2026-06-18"," 11:45:00 AM","2026-06-18"," 3:15:00 PM","PE","77100","Sell","20","147.65","0.15","","2950.00"
"1209","2026-06-19"," 9:45:00 AM","2026-06-19"," 10:28:00 AM","","","","","","","NA","-1000.00"
"1209.1","2026-06-19"," 9:45:00 AM","2026-06-19"," 10:15:00 AM","CE","76700","Sell","20","571.50","621.50","","-1000.00"
"1209.2","2026-06-19"," 9:45:00 AM","2026-06-19"," 10:28:00 AM","PE","76700","Sell","20","498.10","498.10","","0.00"
"1210","2026-06-19"," 11:45:00 AM","2026-06-19"," 1:48:00 PM","","","","","","","NA","-1000.00"
"1210.1","2026-06-19"," 11:45:00 AM","2026-06-19"," 1:48:00 PM","CE","76600","Sell","20","586.75","586.75","","0.00"
"1210.2","2026-06-19"," 11:45:00 AM","2026-06-19"," 1:04:00 PM","PE","76600","Sell","20","463.70","513.70","","-1000.00"
"1211","2026-06-22"," 9:45:00 AM","2026-06-22"," 3:15:00 PM","","","","","","","NA","-83.00"
"1211.1","2026-06-22"," 9:45:00 AM","2026-06-22"," 10:39:00 AM","CE","77100","Sell","20","459.00","509.00","","-1000.00"
"1211.2","2026-06-22"," 9:45:00 AM","2026-06-22"," 3:15:00 PM","PE","77100","Sell","20","374.30","328.45","","917.00"
"1212","2026-06-22"," 11:45:00 AM","2026-06-22"," 3:15:00 PM","","","","","","","NA","631.00"
"1212.1","2026-06-22"," 11:45:00 AM","2026-06-22"," 3:15:00 PM","CE","77300","Sell","20","395.05","313.50","","1631.00"
"1212.2","2026-06-22"," 11:45:00 AM","2026-06-22"," 1:11:00 PM","PE","77300","Sell","20","395.95","445.95","","-1000.00"
"1213","2026-06-23"," 9:45:00 AM","2026-06-23"," 3:15:00 PM","","","","","","","NA","3993.00"
"1213.1","2026-06-23"," 9:45:00 AM","2026-06-23"," 3:15:00 PM","CE","77100","Sell","20","347.00","97.35","","4993.00"
"1213.2","2026-06-23"," 9:45:00 AM","2026-06-23"," 11:46:00 AM","PE","77100","Sell","20","288.70","338.70","","-1000.00"
"1214","2026-06-23"," 11:45:00 AM","2026-06-23"," 3:15:00 PM","","","","","","","NA","3053.00"
"1214.1","2026-06-23"," 11:45:00 AM","2026-06-23"," 3:15:00 PM","CE","77100","Sell","20","300.00","97.35","","4053.00"
"1214.2","2026-06-23"," 11:45:00 AM","2026-06-23"," 11:46:00 AM","PE","77100","Sell","20","298.65","348.65","","-1000.00"
"1215","2026-06-24"," 9:45:00 AM","2026-06-24"," 10:01:00 AM","","","","","","","NA","-1000.00"
"1215.1","2026-06-24"," 9:45:00 AM","2026-06-24"," 10:01:00 AM","CE","76400","Sell","20","312.30","312.30","","0.00"
"1215.2","2026-06-24"," 9:45:00 AM","2026-06-24"," 9:50:00 AM","PE","76400","Sell","20","290.25","340.25","","-1000.00"
"1216","2026-06-24"," 11:45:00 AM","2026-06-24"," 1:10:00 PM","","","","","","","NA","-1000.00"
"1216.1","2026-06-24"," 11:45:00 AM","2026-06-24"," 1:10:00 PM","CE","76900","Sell","20","324.05","324.05","","0.00"
"1216.2","2026-06-24"," 11:45:00 AM","2026-06-24"," 12:32:00 PM","PE","76900","Sell","20","259.45","309.45","","-1000.00"
"1217","2026-06-25"," 9:45:00 AM","2026-06-25"," 2:16:00 PM","","","","","","","NA","-1000.00"
"1217.1","2026-06-25"," 9:45:00 AM","2026-06-25"," 9:51:00 AM","CE","77400","Sell","20","151.85","201.85","","-1000.00"
"1217.2","2026-06-25"," 9:45:00 AM","2026-06-25"," 2:16:00 PM","PE","77400","Sell","20","157.90","157.90","","0.00"
"1218","2026-06-25"," 11:45:00 AM","2026-06-25"," 12:30:00 PM","","","","","","","NA","-1000.00"
"1218.1","2026-06-25"," 11:45:00 AM","2026-06-25"," 11:51:00 AM","CE","77500","Sell","20","155.65","205.65","","-1000.00"
"1218.2","2026-06-25"," 11:45:00 AM","2026-06-25"," 12:30:00 PM","PE","77500","Sell","20","95.10","95.10","","0.00"
"1219","2026-06-29"," 9:45:00 AM","2026-06-29"," 10:25:00 AM","","","","","","","NA","-1000.00"
"1219.1","2026-06-29"," 9:45:00 AM","2026-06-29"," 10:25:00 AM","CE","77100","Sell","20","507.60","507.60","","0.00"
"1219.2","2026-06-29"," 9:45:00 AM","2026-06-29"," 9:57:00 AM","PE","77100","Sell","20","403.25","453.25","","-1000.00"
"1220","2026-06-29"," 11:45:00 AM","2026-06-29"," 3:15:00 PM","","","","","","","NA","945.00"
"1220.1","2026-06-29"," 11:45:00 AM","2026-06-29"," 3:15:00 PM","CE","77000","Sell","20","440.35","343.10","","1945.00"
"1220.2","2026-06-29"," 11:45:00 AM","2026-06-29"," 11:55:00 AM","PE","77000","Sell","20","439.60","489.60","","-1000.00"
"1221","2026-06-30"," 9:45:00 AM","2026-06-30"," 3:15:00 PM","","","","","","","NA","1343.00"
"1221.1","2026-06-30"," 9:45:00 AM","2026-06-30"," 10:05:00 AM","CE","76500","Sell","20","456.95","506.95","","-1000.00"
"1221.2","2026-06-30"," 9:45:00 AM","2026-06-30"," 3:15:00 PM","PE","76500","Sell","20","381.35","264.20","","2343.00"
"1222","2026-06-30"," 11:45:00 AM","2026-06-30"," 2:26:00 PM","","","","","","","NA","-1000.00"
"1222.1","2026-06-30"," 11:45:00 AM","2026-06-30"," 2:26:00 PM","CE","76700","Sell","20","397.25","397.25","","0.00"
"1222.2","2026-06-30"," 11:45:00 AM","2026-06-30"," 2:04:00 PM","PE","76700","Sell","20","357.50","407.50","","-1000.00"
"1223","2026-07-01"," 9:45:00 AM","2026-07-01"," 3:15:00 PM","","","","","","","NA","2318.00"
"1223.1","2026-07-01"," 9:45:00 AM","2026-07-01"," 10:00:00 AM","CE","76700","Sell","20","345.15","395.15","","-1000.00"
"1223.2","2026-07-01"," 9:45:00 AM","2026-07-01"," 3:15:00 PM","PE","76700","Sell","20","288.10","122.20","","3318.00"
"1224","2026-07-01"," 11:45:00 AM","2026-07-01"," 12:30:00 PM","","","","","","","NA","-1000.00"
"1224.1","2026-07-01"," 11:45:00 AM","2026-07-01"," 12:08:00 PM","CE","77000","Sell","20","287.25","337.25","","-1000.00"
"1224.2","2026-07-01"," 11:45:00 AM","2026-07-01"," 12:30:00 PM","PE","77000","Sell","20","294.45","294.45","","0.00"
"1225","2026-07-02"," 9:45:00 AM","2026-07-02"," 2:49:00 PM","","","","","","","NA","-1017.00"
"1225.1","2026-07-02"," 9:45:00 AM","2026-07-02"," 2:49:00 PM","CE","77400","Sell","20","173.75","174.60","","-17.00"
"1225.2","2026-07-02"," 9:45:00 AM","2026-07-02"," 10:04:00 AM","PE","77400","Sell","20","163.80","213.80","","-1000.00"
"1226","2026-07-02"," 11:45:00 AM","2026-07-02"," 3:15:00 PM","","","","","","","NA","1916.00"
"1226.1","2026-07-02"," 11:45:00 AM","2026-07-02"," 12:04:00 PM","CE","77200","Sell","20","117.65","167.65","","-1000.00"
"1226.2","2026-07-02"," 11:45:00 AM","2026-07-02"," 3:15:00 PM","PE","77200","Sell","20","145.95","0.15","","2916.00"
"1227","2026-07-03"," 9:45:00 AM","2026-07-03"," 3:15:00 PM","","","","","","","NA","2472.00"
"1227.1","2026-07-03"," 9:45:00 AM","2026-07-03"," 3:15:00 PM","CE","78000","Sell","20","500.00","326.40","","3472.00"
"1227.2","2026-07-03"," 9:45:00 AM","2026-07-03"," 1:29:00 PM","PE","78000","Sell","20","421.55","471.55","","-1000.00"
"1228","2026-07-03"," 11:45:00 AM","2026-07-03"," 1:02:00 PM","","","","","","","NA","-1000.00"
"1228.1","2026-07-03"," 11:45:00 AM","2026-07-03"," 12:09:00 PM","CE","78000","Sell","20","487.95","537.95","","-1000.00"
"1228.2","2026-07-03"," 11:45:00 AM","2026-07-03"," 1:02:00 PM","PE","78000","Sell","20","400.70","400.70","","0.00"
"1229","2026-07-06"," 9:45:00 AM","2026-07-06"," 3:15:00 PM","","","","","","","NA","1130.00"
"1229.1","2026-07-06"," 9:45:00 AM","2026-07-06"," 10:23:00 AM","CE","78100","Sell","20","389.50","439.50","","-1000.00"
"1229.2","2026-07-06"," 9:45:00 AM","2026-07-06"," 3:15:00 PM","PE","78100","Sell","20","344.70","238.20","","2130.00"
"1230","2026-07-06"," 11:45:00 AM","2026-07-06"," 2:16:00 PM","","","","","","","NA","-1000.00"
"1230.1","2026-07-06"," 11:45:00 AM","2026-07-06"," 12:01:00 PM","CE","78200","Sell","20","388.25","438.25","","-1000.00"
"1230.2","2026-07-06"," 11:45:00 AM","2026-07-06"," 2:16:00 PM","PE","78200","Sell","20","331.05","331.05","","0.00"