"Index","Entry Date","Entry Time","Exit Date","Exit Time","Type","Strike","B/S","Qty","Entry Price","Exit Price","Vix","P/L"
"1","2024-01-01"," 9:20:00 AM","2024-01-01"," 2:42:00 PM","","","","","","","14.72","3390.00"
"1.1","2024-01-01"," 9:20:00 AM","2024-01-01"," 9:53:00 AM","CE","72100","Sell","20","518.65","568.65","","-1000.00"
"1.2","2024-01-01"," 9:20:00 AM","2024-01-01"," 2:42:00 PM","PE","72100","Sell","20","439.00","219.50","","4390.00"
"2","2024-01-01"," 11:20:00 AM","2024-01-01"," 3:15:00 PM","","","","","","","14.55","-807.00"
"2.1","2024-01-01"," 11:20:00 AM","2024-01-01"," 1:58:00 PM","CE","72200","Sell","20","543.40","593.40","","-1000.00"
"2.2","2024-01-01"," 11:20:00 AM","2024-01-01"," 3:15:00 PM","PE","72200","Sell","20","359.85","350.20","","193.00"
"3","2024-01-02"," 9:20:00 AM","2024-01-02"," 3:15:00 PM","","","","","","","14.71","2786.00"
"3.1","2024-01-02"," 9:20:00 AM","2024-01-02"," 3:15:00 PM","CE","72200","Sell","20","435.30","246.00","","3786.00"
"3.2","2024-01-02"," 9:20:00 AM","2024-01-02"," 9:56:00 AM","PE","72200","Sell","20","361.50","411.50","","-1000.00"
"4","2024-01-02"," 11:20:00 AM","2024-01-02"," 3:15:00 PM","","","","","","","14.91","1305.00"
"4.1","2024-01-02"," 11:20:00 AM","2024-01-02"," 12:17:00 PM","CE","71700","Sell","20","463.20","513.20","","-1000.00"
"4.2","2024-01-02"," 11:20:00 AM","2024-01-02"," 3:15:00 PM","PE","71700","Sell","20","405.35","290.10","","2305.00"
"5","2024-01-03"," 9:20:00 AM","2024-01-03"," 2:38:00 PM","","","","","","","14.69","2667.00"
"5.1","2024-01-03"," 9:20:00 AM","2024-01-03"," 2:38:00 PM","CE","71700","Sell","20","366.65","183.30","","3667.00"
"5.2","2024-01-03"," 9:20:00 AM","2024-01-03"," 9:38:00 AM","PE","71700","Sell","20","336.70","386.70","","-1000.00"
"6","2024-01-03"," 11:20:00 AM","2024-01-03"," 11:44:00 AM","","","","","","","14.43","-1000.00"
"6.1","2024-01-03"," 11:20:00 AM","2024-01-03"," 11:44:00 AM","CE","71600","Sell","20","336.15","336.15","","0.00"
"6.2","2024-01-03"," 11:20:00 AM","2024-01-03"," 11:34:00 AM","PE","71600","Sell","20","294.55","344.55","","-1000.00"
"7","2024-01-04"," 9:20:00 AM","2024-01-04"," 11:39:00 AM","","","","","","","13.98","1139.00"
"7.1","2024-01-04"," 9:20:00 AM","2024-01-04"," 9:30:00 AM","CE","71600","Sell","20","261.90","311.90","","-1000.00"
"7.2","2024-01-04"," 9:20:00 AM","2024-01-04"," 11:39:00 AM","PE","71600","Sell","20","213.95","107.00","","2139.00"
"8","2024-01-04"," 11:20:00 AM","2024-01-04"," 3:15:00 PM","","","","","","","13.74","2257.00"
"8.1","2024-01-04"," 11:20:00 AM","2024-01-04"," 3:15:00 PM","CE","71800","Sell","20","230.90","214.00","","338.00"
"8.2","2024-01-04"," 11:20:00 AM","2024-01-04"," 3:15:00 PM","PE","71800","Sell","20","191.85","95.90","","1919.00"
"9","2024-01-05"," 9:20:00 AM","2024-01-05"," 10:44:00 AM","","","","","","","13.28","33.00"
"9.1","2024-01-05"," 9:20:00 AM","2024-01-05"," 10:44:00 AM","CE","72100","Sell","20","103.25","51.60","","1033.00"
"9.2","2024-01-05"," 9:20:00 AM","2024-01-05"," 10:44:00 AM","PE","72100","Sell","20","101.65","151.65","","-1000.00"
"10","2024-01-05"," 11:20:00 AM","2024-01-05"," 2:06:00 PM","","","","","","","13.12","1458.00"
"10.1","2024-01-05"," 11:20:00 AM","2024-01-05"," 2:06:00 PM","CE","71900","Sell","20","82.35","41.20","","823.00"
"10.2","2024-01-05"," 11:20:00 AM","2024-01-05"," 12:23:00 PM","PE","71900","Sell","20","63.55","31.80","","635.00"
"11","2024-01-08"," 9:20:00 AM","2024-01-08"," 11:55:00 AM","","","","","","","13.14","3419.00"
"11.1","2024-01-08"," 9:20:00 AM","2024-01-08"," 11:55:00 AM","CE","72100","Sell","20","441.90","220.95","","4419.00"
"11.2","2024-01-08"," 9:20:00 AM","2024-01-08"," 9:34:00 AM","PE","72100","Sell","20","386.70","436.70","","-1000.00"
"12","2024-01-08"," 11:20:00 AM","2024-01-08"," 3:15:00 PM","","","","","","","13.20","2334.00"
"12.1","2024-01-08"," 11:20:00 AM","2024-01-08"," 3:15:00 PM","CE","71800","Sell","20","413.40","246.70","","3334.00"
"12.2","2024-01-08"," 11:20:00 AM","2024-01-08"," 11:53:00 AM","PE","71800","Sell","20","390.15","440.15","","-1000.00"
"13","2024-01-09"," 9:20:00 AM","2024-01-09"," 9:33:00 AM","","","","","","","13.06","-1000.00"
"13.1","2024-01-09"," 9:20:00 AM","2024-01-09"," 9:26:00 AM","CE","71800","Sell","20","356.25","406.25","","-1000.00"
"13.2","2024-01-09"," 9:20:00 AM","2024-01-09"," 9:33:00 AM","PE","71800","Sell","20","321.55","321.55","","0.00"
"14","2024-01-09"," 11:20:00 AM","2024-01-09"," 1:59:00 PM","","","","","","","13.10","-1000.00"
"14.1","2024-01-09"," 11:20:00 AM","2024-01-09"," 11:34:00 AM","CE","71900","Sell","20","388.75","438.75","","-1000.00"
"14.2","2024-01-09"," 11:20:00 AM","2024-01-09"," 1:59:00 PM","PE","71900","Sell","20","333.20","333.20","","0.00"
"15","2024-01-10"," 9:20:00 AM","2024-01-10"," 9:45:00 AM","","","","","","","13.46","-1000.00"
"15.1","2024-01-10"," 9:20:00 AM","2024-01-10"," 9:45:00 AM","CE","71400","Sell","20","360.85","360.85","","0.00"
"15.2","2024-01-10"," 9:20:00 AM","2024-01-10"," 9:26:00 AM","PE","71400","Sell","20","330.80","380.80","","-1000.00"
"16","2024-01-10"," 11:20:00 AM","2024-01-10"," 2:01:00 PM","","","","","","","13.51","-1000.00"
"16.1","2024-01-10"," 11:20:00 AM","2024-01-10"," 2:01:00 PM","CE","71400","Sell","20","328.95","328.95","","0.00"
"16.2","2024-01-10"," 11:20:00 AM","2024-01-10"," 12:45:00 PM","PE","71400","Sell","20","348.85","398.85","","-1000.00"
"17","2024-01-11"," 9:20:00 AM","2024-01-11"," 10:55:00 AM","","","","","","","12.92","1343.00"
"17.1","2024-01-11"," 9:20:00 AM","2024-01-11"," 10:55:00 AM","CE","72000","Sell","20","234.25","117.10","","2343.00"
"17.2","2024-01-11"," 9:20:00 AM","2024-01-11"," 9:43:00 AM","PE","72000","Sell","20","264.00","314.00","","-1000.00"
"18","2024-01-11"," 11:20:00 AM","2024-01-11"," 2:52:00 PM","","","","","","","12.95","-1000.00"
"18.1","2024-01-11"," 11:20:00 AM","2024-01-11"," 2:52:00 PM","CE","71800","Sell","20","219.50","219.50","","0.00"
"18.2","2024-01-11"," 11:20:00 AM","2024-01-11"," 2:11:00 PM","PE","71800","Sell","20","232.40","282.40","","-1000.00"
"19","2024-01-12"," 9:20:00 AM","2024-01-12"," 10:07:00 AM","","","","","","","12.75","107.00"
"19.1","2024-01-12"," 9:20:00 AM","2024-01-12"," 9:45:00 AM","CE","72000","Sell","20","122.50","172.50","","-1000.00"
"19.2","2024-01-12"," 9:20:00 AM","2024-01-12"," 10:07:00 AM","PE","72000","Sell","20","110.65","55.30","","1107.00"
"20","2024-01-12"," 11:20:00 AM","2024-01-12"," 1:32:00 PM","","","","","","","12.96","295.00"
"20.1","2024-01-12"," 11:20:00 AM","2024-01-12"," 1:32:00 PM","CE","72400","Sell","20","83.35","133.35","","-1000.00"
"20.2","2024-01-12"," 11:20:00 AM","2024-01-12"," 1:01:00 PM","PE","72400","Sell","20","129.55","64.80","","1295.00"
"21","2024-01-15"," 9:20:00 AM","2024-01-15"," 9:48:00 AM","","","","","","","13.62","-1000.00"
"21.1","2024-01-15"," 9:20:00 AM","2024-01-15"," 9:22:00 AM","CE","73200","Sell","20","493.45","543.45","","-1000.00"
"21.2","2024-01-15"," 9:20:00 AM","2024-01-15"," 9:48:00 AM","PE","73200","Sell","20","511.60","511.60","","0.00"
"22","2024-01-15"," 11:20:00 AM","2024-01-15"," 3:15:00 PM","","","","","","","13.60","959.00"
"22.1","2024-01-15"," 11:20:00 AM","2024-01-15"," 2:06:00 PM","CE","73200","Sell","20","473.05","523.05","","-1000.00"
"22.2","2024-01-15"," 11:20:00 AM","2024-01-15"," 3:15:00 PM","PE","73200","Sell","20","501.15","403.20","","1959.00"
"23","2024-01-16"," 9:20:00 AM","2024-01-16"," 10:02:00 AM","","","","","","","14.00","-1000.00"
"23.1","2024-01-16"," 9:20:00 AM","2024-01-16"," 9:49:00 AM","CE","73200","Sell","20","457.50","507.50","","-1000.00"
"23.2","2024-01-16"," 9:20:00 AM","2024-01-16"," 10:02:00 AM","PE","73200","Sell","20","426.60","426.60","","0.00"
"24","2024-01-16"," 11:20:00 AM","2024-01-16"," 3:15:00 PM","","","","","","","13.86","1918.00"
"24.1","2024-01-16"," 11:20:00 AM","2024-01-16"," 3:15:00 PM","CE","73400","Sell","20","402.75","256.85","","2918.00"
"24.2","2024-01-16"," 11:20:00 AM","2024-01-16"," 11:53:00 AM","PE","73400","Sell","20","430.10","480.10","","-1000.00"
"25","2024-01-17"," 9:20:00 AM","2024-01-17"," 11:35:00 AM","","","","","","","13.78","3337.00"
"25.1","2024-01-17"," 9:20:00 AM","2024-01-17"," 11:35:00 AM","CE","72500","Sell","20","433.65","216.80","","4337.00"
"25.2","2024-01-17"," 9:20:00 AM","2024-01-17"," 9:23:00 AM","PE","72500","Sell","20","400.45","450.45","","-1000.00"
"26","2024-01-17"," 11:20:00 AM","2024-01-17"," 2:42:00 PM","","","","","","","14.08","3100.00"
"26.1","2024-01-17"," 11:20:00 AM","2024-01-17"," 2:42:00 PM","CE","72100","Sell","20","410.00","205.00","","4100.00"
"26.2","2024-01-17"," 11:20:00 AM","2024-01-17"," 11:38:00 AM","PE","72100","Sell","20","381.95","431.95","","-1000.00"
"27","2024-01-18"," 9:20:00 AM","2024-01-18"," 9:31:00 AM","","","","","","","15.17","-1000.00"
"27.1","2024-01-18"," 9:20:00 AM","2024-01-18"," 9:26:00 AM","CE","71100","Sell","20","361.70","411.70","","-1000.00"
"27.2","2024-01-18"," 9:20:00 AM","2024-01-18"," 9:31:00 AM","PE","71100","Sell","20","393.95","393.95","","0.00"
"28","2024-01-18"," 11:20:00 AM","2024-01-18"," 12:23:00 PM","","","","","","","14.87","2173.00"
"28.1","2024-01-18"," 11:20:00 AM","2024-01-18"," 11:59:00 AM","CE","71200","Sell","20","339.70","389.70","","-1000.00"
"28.2","2024-01-18"," 11:20:00 AM","2024-01-18"," 12:23:00 PM","PE","71200","Sell","20","317.25","158.60","","3173.00"
"29","2024-01-19"," 9:20:00 AM","2024-01-19"," 9:35:00 AM","","","","","","","13.84","-1000.00"
"29.1","2024-01-19"," 9:20:00 AM","2024-01-19"," 9:35:00 AM","CE","71800","Sell","20","207.15","207.15","","0.00"
"29.2","2024-01-19"," 9:20:00 AM","2024-01-19"," 9:33:00 AM","PE","71800","Sell","20","133.85","183.85","","-1000.00"
"30","2024-01-19"," 11:20:00 AM","2024-01-19"," 1:20:00 PM","","","","","","","14.00","3.00"
"30.1","2024-01-19"," 11:20:00 AM","2024-01-19"," 1:20:00 PM","CE","71600","Sell","20","131.35","181.35","","-1000.00"
"30.2","2024-01-19"," 11:20:00 AM","2024-01-19"," 12:37:00 PM","PE","71600","Sell","20","100.25","50.10","","1003.00"
"31","2024-01-20"," 9:20:00 AM","2024-01-20"," 3:09:00 PM","","","","","","","13.75","4511.00"
"31.1","2024-01-20"," 9:20:00 AM","2024-01-20"," 3:09:00 PM","CE","71900","Sell","20","551.10","275.55","","5511.00"
"31.2","2024-01-20"," 9:20:00 AM","2024-01-20"," 9:31:00 AM","PE","71900","Sell","20","447.45","497.45","","-1000.00"
"32","2024-01-20"," 11:20:00 AM","2024-01-20"," 3:15:00 PM","","","","","","","13.95","1986.00"
"32.1","2024-01-20"," 11:20:00 AM","2024-01-20"," 3:15:00 PM","CE","71700","Sell","20","564.95","415.65","","2986.00"
"32.2","2024-01-20"," 11:20:00 AM","2024-01-20"," 12:36:00 PM","PE","71700","Sell","20","382.35","432.35","","-1000.00"
"33","2024-01-23"," 9:20:00 AM","2024-01-23"," 10:40:00 AM","","","","","","","13.30","2675.00"
"33.1","2024-01-23"," 9:20:00 AM","2024-01-23"," 10:40:00 AM","CE","72000","Sell","20","367.55","183.80","","3675.00"
"33.2","2024-01-23"," 9:20:00 AM","2024-01-23"," 9:58:00 AM","PE","72000","Sell","20","362.30","412.30","","-1000.00"
"34","2024-01-23"," 11:20:00 AM","2024-01-23"," 11:35:00 AM","","","","","","","13.88","-1000.00"
"34.1","2024-01-23"," 11:20:00 AM","2024-01-23"," 11:35:00 AM","CE","71300","Sell","20","422.50","422.50","","0.00"
"34.2","2024-01-23"," 11:20:00 AM","2024-01-23"," 11:33:00 AM","PE","71300","Sell","20","374.85","424.85","","-1000.00"
"35","2024-01-24"," 9:20:00 AM","2024-01-24"," 9:46:00 AM","","","","","","","15.28","2655.00"
"35.1","2024-01-24"," 9:20:00 AM","2024-01-24"," 9:21:00 AM","CE","70000","Sell","20","416.20","466.20","","-1000.00"
"35.2","2024-01-24"," 9:20:00 AM","2024-01-24"," 9:46:00 AM","PE","70000","Sell","20","365.45","182.70","","3655.00"
"36","2024-01-24"," 11:20:00 AM","2024-01-24"," 11:31:00 AM","","","","","","","14.76","2713.00"
"36.1","2024-01-24"," 11:20:00 AM","2024-01-24"," 11:31:00 AM","CE","70800","Sell","20","371.30","185.65","","3713.00"
"36.2","2024-01-24"," 11:20:00 AM","2024-01-24"," 11:25:00 AM","PE","70800","Sell","20","273.65","323.65","","-1000.00"
"37","2024-01-25"," 9:20:00 AM","2024-01-25"," 9:25:00 AM","","","","","","","14.58","-1339.00"
"37.1","2024-01-25"," 9:20:00 AM","2024-01-25"," 9:25:00 AM","CE","70900","Sell","20","229.35","246.30","","-339.00"
"37.2","2024-01-25"," 9:20:00 AM","2024-01-25"," 9:24:00 AM","PE","70900","Sell","20","210.50","260.50","","-1000.00"
"38","2024-01-25"," 11:20:00 AM","2024-01-25"," 11:24:00 AM","","","","","","","15.04","-1000.00"
"38.1","2024-01-25"," 11:20:00 AM","2024-01-25"," 11:22:00 AM","CE","70500","Sell","20","184.20","234.20","","-1000.00"
"38.2","2024-01-25"," 11:20:00 AM","2024-01-25"," 11:24:00 AM","PE","70500","Sell","20","227.65","227.65","","0.00"
"39","2024-01-29"," 9:20:00 AM","2024-01-29"," 3:15:00 PM","","","","","","","14.89","4142.00"
"39.1","2024-01-29"," 9:20:00 AM","2024-01-29"," 9:21:00 AM","CE","71100","Sell","20","721.85","771.85","","-1000.00"
"39.2","2024-01-29"," 9:20:00 AM","2024-01-29"," 3:15:00 PM","PE","71100","Sell","20","605.75","348.65","","5142.00"
"40","2024-01-29"," 11:20:00 AM","2024-01-29"," 3:15:00 PM","","","","","","","15.19","1995.00"
"40.1","2024-01-29"," 11:20:00 AM","2024-01-29"," 11:31:00 AM","CE","71500","Sell","20","793.90","843.90","","-1000.00"
"40.2","2024-01-29"," 11:20:00 AM","2024-01-29"," 3:15:00 PM","PE","71500","Sell","20","627.85","478.10","","2995.00"
"41","2024-01-30"," 9:20:00 AM","2024-01-30"," 2:32:00 PM","","","","","","","16.22","6673.00"
"41.1","2024-01-30"," 9:20:00 AM","2024-01-30"," 2:32:00 PM","CE","72100","Sell","20","767.25","383.60","","7673.00"
"41.2","2024-01-30"," 9:20:00 AM","2024-01-30"," 9:21:00 AM","PE","72100","Sell","20","631.90","681.90","","-1000.00"
"42","2024-01-30"," 11:20:00 AM","2024-01-30"," 12:48:00 PM","","","","","","","16.05","-1000.00"
"42.1","2024-01-30"," 11:20:00 AM","2024-01-30"," 11:37:00 AM","CE","71600","Sell","20","771.90","821.90","","-1000.00"
"42.2","2024-01-30"," 11:20:00 AM","2024-01-30"," 12:48:00 PM","PE","71600","Sell","20","595.35","595.35","","0.00"
"43","2024-01-31"," 9:20:00 AM","2024-01-31"," 10:34:00 AM","","","","","","","16.39","4716.00"
"43.1","2024-01-31"," 9:20:00 AM","2024-01-31"," 9:28:00 AM","CE","70900","Sell","20","739.25","789.25","","-1000.00"
"43.2","2024-01-31"," 9:20:00 AM","2024-01-31"," 10:34:00 AM","PE","70900","Sell","20","571.60","285.80","","5716.00"
"44","2024-01-31"," 11:20:00 AM","2024-01-31"," 12:28:00 PM","","","","","","","16.07","-1000.00"
"44.1","2024-01-31"," 11:20:00 AM","2024-01-31"," 11:31:00 AM","CE","71600","Sell","20","696.20","746.20","","-1000.00"
"44.2","2024-01-31"," 11:20:00 AM","2024-01-31"," 12:28:00 PM","PE","71600","Sell","20","476.80","476.80","","0.00"
"45","2024-02-01"," 9:20:00 AM","2024-02-01"," 11:03:00 AM","","","","","","","15.96","4516.00"
"45.1","2024-02-01"," 9:20:00 AM","2024-02-01"," 10:09:00 AM","CE","71700","Sell","20","576.05","626.05","","-1000.00"
"45.2","2024-02-01"," 9:20:00 AM","2024-02-01"," 11:03:00 AM","PE","71700","Sell","20","551.60","275.80","","5516.00"
"46","2024-02-01"," 11:20:00 AM","2024-02-01"," 11:34:00 AM","","","","","","","15.78","-1000.00"
"46.1","2024-02-01"," 11:20:00 AM","2024-02-01"," 11:28:00 AM","CE","71800","Sell","20","502.05","552.05","","-1000.00"
"46.2","2024-02-01"," 11:20:00 AM","2024-02-01"," 11:34:00 AM","PE","71800","Sell","20","438.00","438.00","","0.00"
"47","2024-02-02"," 9:20:00 AM","2024-02-02"," 9:23:00 AM","","","","","","","14.26","-1009.00"
"47.1","2024-02-02"," 9:20:00 AM","2024-02-02"," 9:22:00 AM","CE","72400","Sell","20","231.90","281.90","","-1000.00"
"47.2","2024-02-02"," 9:20:00 AM","2024-02-02"," 9:23:00 AM","PE","72400","Sell","20","168.50","168.95","","-9.00"
"48","2024-02-02"," 11:20:00 AM","2024-02-02"," 11:50:00 AM","","","","","","","14.53","-1000.00"
"48.1","2024-02-02"," 11:20:00 AM","2024-02-02"," 11:31:00 AM","CE","72700","Sell","20","306.60","356.60","","-1000.00"
"48.2","2024-02-02"," 11:20:00 AM","2024-02-02"," 11:50:00 AM","PE","72700","Sell","20","82.85","82.85","","0.00"
"49","2024-02-05"," 9:20:00 AM","2024-02-05"," 2:39:00 PM","","","","","","","15.99","-1000.00"
"49.1","2024-02-05"," 9:20:00 AM","2024-02-05"," 9:25:00 AM","CE","72000","Sell","20","693.90","743.90","","-1000.00"
"49.2","2024-02-05"," 9:20:00 AM","2024-02-05"," 2:39:00 PM","PE","72000","Sell","20","655.05","655.05","","0.00"
"50","2024-02-05"," 11:20:00 AM","2024-02-05"," 12:10:00 PM","","","","","","","15.70","-1000.00"
"50.1","2024-02-05"," 11:20:00 AM","2024-02-05"," 11:39:00 AM","CE","72200","Sell","20","651.15","701.15","","-1000.00"
"50.2","2024-02-05"," 11:20:00 AM","2024-02-05"," 12:10:00 PM","PE","72200","Sell","20","620.00","620.00","","0.00"
"51","2024-02-06"," 9:20:00 AM","2024-02-06"," 3:15:00 PM","","","","","","","15.89","3493.00"
"51.1","2024-02-06"," 9:20:00 AM","2024-02-06"," 9:24:00 AM","CE","71700","Sell","20","650.00","700.00","","-1000.00"
"51.2","2024-02-06"," 9:20:00 AM","2024-02-06"," 3:15:00 PM","PE","71700","Sell","20","576.10","351.45","","4493.00"
"52","2024-02-06"," 11:20:00 AM","2024-02-06"," 3:15:00 PM","","","","","","","15.64","1334.00"
"52.1","2024-02-06"," 11:20:00 AM","2024-02-06"," 11:34:00 AM","CE","72000","Sell","20","562.00","612.00","","-1000.00"
"52.2","2024-02-06"," 11:20:00 AM","2024-02-06"," 3:15:00 PM","PE","72000","Sell","20","576.75","460.05","","2334.00"
"53","2024-02-07"," 9:20:00 AM","2024-02-07"," 9:25:00 AM","","","","","","","15.77","-1000.00"
"53.1","2024-02-07"," 9:20:00 AM","2024-02-07"," 9:25:00 AM","CE","72500","Sell","20","498.25","498.25","","0.00"
"53.2","2024-02-07"," 9:20:00 AM","2024-02-07"," 9:22:00 AM","PE","72500","Sell","20","502.70","552.70","","-1000.00"
"54","2024-02-07"," 11:20:00 AM","2024-02-07"," 2:12:00 PM","","","","","","","15.79","-1000.00"
"54.1","2024-02-07"," 11:20:00 AM","2024-02-07"," 2:12:00 PM","CE","72200","Sell","20","519.20","519.20","","0.00"
"54.2","2024-02-07"," 11:20:00 AM","2024-02-07"," 11:32:00 AM","PE","72200","Sell","20","448.90","498.90","","-1000.00"
"55","2024-02-08"," 9:20:00 AM","2024-02-08"," 10:05:00 AM","","","","","","","15.45","-1000.00"
"55.1","2024-02-08"," 9:20:00 AM","2024-02-08"," 10:05:00 AM","CE","72400","Sell","20","395.00","395.00","","0.00"
"55.2","2024-02-08"," 9:20:00 AM","2024-02-08"," 9:43:00 AM","PE","72400","Sell","20","385.00","435.00","","-1000.00"
"56","2024-02-08"," 11:20:00 AM","2024-02-08"," 2:07:00 PM","","","","","","","15.86","-1000.00"
"56.1","2024-02-08"," 11:20:00 AM","2024-02-08"," 11:55:00 AM","CE","71500","Sell","20","442.50","492.50","","-1000.00"
"56.2","2024-02-08"," 11:20:00 AM","2024-02-08"," 2:07:00 PM","PE","71500","Sell","20","291.00","291.00","","0.00"
"57","2024-02-09"," 9:20:00 AM","2024-02-09"," 9:29:00 AM","","","","","","","16.03","1359.00"
"57.1","2024-02-09"," 9:20:00 AM","2024-02-09"," 9:22:00 AM","CE","71300","Sell","20","214.55","264.55","","-1000.00"
"57.2","2024-02-09"," 9:20:00 AM","2024-02-09"," 9:29:00 AM","PE","71300","Sell","20","235.85","117.90","","2359.00"
"58","2024-02-09"," 11:20:00 AM","2024-02-09"," 12:31:00 PM","","","","","","","15.98","316.00"
"58.1","2024-02-09"," 11:20:00 AM","2024-02-09"," 11:41:00 AM","CE","71400","Sell","20","150.30","200.30","","-1000.00"
"58.2","2024-02-09"," 11:20:00 AM","2024-02-09"," 12:31:00 PM","PE","71400","Sell","20","131.60","65.80","","1316.00"
"59","2024-02-12"," 9:20:00 AM","2024-02-12"," 3:15:00 PM","","","","","","","16.02","5344.00"
"59.1","2024-02-12"," 9:20:00 AM","2024-02-12"," 3:15:00 PM","CE","71700","Sell","20","666.35","349.15","","6344.00"
"59.2","2024-02-12"," 9:20:00 AM","2024-02-12"," 9:24:00 AM","PE","71700","Sell","20","553.95","603.95","","-1000.00"
"60","2024-02-12"," 11:20:00 AM","2024-02-12"," 3:15:00 PM","","","","","","","15.86","1919.00"
"60.1","2024-02-12"," 11:20:00 AM","2024-02-12"," 3:15:00 PM","CE","71400","Sell","20","620.15","474.20","","2919.00"
"60.2","2024-02-12"," 11:20:00 AM","2024-02-12"," 11:52:00 AM","PE","71400","Sell","20","530.05","580.05","","-1000.00"
"61","2024-02-13"," 9:20:00 AM","2024-02-13"," 9:58:00 AM","","","","","","","16.24","-1000.00"
"61.1","2024-02-13"," 9:20:00 AM","2024-02-13"," 9:58:00 AM","CE","71300","Sell","20","595.15","595.15","","0.00"
"61.2","2024-02-13"," 9:20:00 AM","2024-02-13"," 9:23:00 AM","PE","71300","Sell","20","547.50","597.50","","-1000.00"
"62","2024-02-13"," 11:20:00 AM","2024-02-13"," 11:34:00 AM","","","","","","","16.22","-1000.00"
"62.1","2024-02-13"," 11:20:00 AM","2024-02-13"," 11:34:00 AM","CE","71500","Sell","20","553.20","553.20","","0.00"
"62.2","2024-02-13"," 11:20:00 AM","2024-02-13"," 11:31:00 AM","PE","71500","Sell","20","471.10","521.10","","-1000.00"
"63","2024-02-14"," 9:20:00 AM","2024-02-14"," 9:54:00 AM","","","","","","","16.00","-1000.00"
"63.1","2024-02-14"," 9:20:00 AM","2024-02-14"," 9:54:00 AM","CE","71000","Sell","20","485.00","485.00","","0.00"
"63.2","2024-02-14"," 9:20:00 AM","2024-02-14"," 9:26:00 AM","PE","71000","Sell","20","441.80","491.80","","-1000.00"
"64","2024-02-14"," 11:20:00 AM","2024-02-14"," 11:45:00 AM","","","","","","","15.76","-1000.00"
"64.1","2024-02-14"," 11:20:00 AM","2024-02-14"," 11:45:00 AM","CE","71100","Sell","20","421.20","421.20","","0.00"
"64.2","2024-02-14"," 11:20:00 AM","2024-02-14"," 11:38:00 AM","PE","71100","Sell","20","431.35","481.35","","-1000.00"
"65","2024-02-15"," 9:20:00 AM","2024-02-15"," 10:17:00 AM","","","","","","","15.31","-1000.00"
"65.1","2024-02-15"," 9:20:00 AM","2024-02-15"," 10:17:00 AM","CE","72000","Sell","20","387.10","387.10","","0.00"
"65.2","2024-02-15"," 9:20:00 AM","2024-02-15"," 9:28:00 AM","PE","72000","Sell","20","363.35","413.35","","-1000.00"
"66","2024-02-15"," 11:20:00 AM","2024-02-15"," 11:52:00 AM","","","","","","","15.50","-1000.00"
"66.1","2024-02-15"," 11:20:00 AM","2024-02-15"," 11:52:00 AM","CE","71900","Sell","20","358.00","358.00","","0.00"
"66.2","2024-02-15"," 11:20:00 AM","2024-02-15"," 11:38:00 AM","PE","71900","Sell","20","324.80","374.80","","-1000.00"
"67","2024-02-16"," 9:20:00 AM","2024-02-16"," 9:22:00 AM","","","","","","","15.28","-1103.00"
"67.1","2024-02-16"," 9:20:00 AM","2024-02-16"," 9:22:00 AM","CE","72300","Sell","20","232.40","237.55","","-103.00"
"67.2","2024-02-16"," 9:20:00 AM","2024-02-16"," 9:21:00 AM","PE","72300","Sell","20","219.75","269.75","","-1000.00"
"68","2024-02-16"," 11:20:00 AM","2024-02-16"," 12:09:00 PM","","","","","","","15.44","-1000.00"
"68.1","2024-02-16"," 11:20:00 AM","2024-02-16"," 12:09:00 PM","CE","72400","Sell","20","110.25","110.25","","0.00"
"68.2","2024-02-16"," 11:20:00 AM","2024-02-16"," 11:44:00 AM","PE","72400","Sell","20","116.05","166.05","","-1000.00"
"69","2024-02-19"," 9:20:00 AM","2024-02-19"," 10:26:00 AM","","","","","","","15.78","-1000.00"
"69.1","2024-02-19"," 9:20:00 AM","2024-02-19"," 10:26:00 AM","CE","72500","Sell","20","601.75","601.75","","0.00"
"69.2","2024-02-19"," 9:20:00 AM","2024-02-19"," 9:46:00 AM","PE","72500","Sell","20","539.45","589.45","","-1000.00"
"70","2024-02-19"," 11:20:00 AM","2024-02-19"," 11:57:00 AM","","","","","","","16.00","-1000.00"
"70.1","2024-02-19"," 11:20:00 AM","2024-02-19"," 11:57:00 AM","CE","72700","Sell","20","606.65","606.65","","0.00"
"70.2","2024-02-19"," 11:20:00 AM","2024-02-19"," 11:33:00 AM","PE","72700","Sell","20","533.75","583.75","","-1000.00"
"71","2024-02-20"," 9:20:00 AM","2024-02-20"," 9:56:00 AM","","","","","","","16.19","-1000.00"
"71.1","2024-02-20"," 9:20:00 AM","2024-02-20"," 9:29:00 AM","CE","72500","Sell","20","550.50","600.50","","-1000.00"
"71.2","2024-02-20"," 9:20:00 AM","2024-02-20"," 9:56:00 AM","PE","72500","Sell","20","519.70","519.70","","0.00"
"72","2024-02-20"," 11:20:00 AM","2024-02-20"," 2:03:00 PM","","","","","","","16.24","-1000.00"
"72.1","2024-02-20"," 11:20:00 AM","2024-02-20"," 12:03:00 PM","CE","72800","Sell","20","509.75","559.75","","-1000.00"
"72.2","2024-02-20"," 11:20:00 AM","2024-02-20"," 2:03:00 PM","PE","72800","Sell","20","538.90","538.90","","0.00"
"73","2024-02-21"," 9:20:00 AM","2024-02-21"," 2:24:00 PM","","","","","","","16.20","3397.00"
"73.1","2024-02-21"," 9:20:00 AM","2024-02-21"," 2:24:00 PM","CE","73100","Sell","20","439.75","219.90","","4397.00"
"73.2","2024-02-21"," 9:20:00 AM","2024-02-21"," 10:46:00 AM","PE","73100","Sell","20","471.20","521.20","","-1000.00"
"74","2024-02-21"," 11:20:00 AM","2024-02-21"," 2:40:00 PM","","","","","","","16.20","2794.00"
"74.1","2024-02-21"," 11:20:00 AM","2024-02-21"," 2:40:00 PM","CE","73100","Sell","20","379.40","189.70","","3794.00"
"74.2","2024-02-21"," 11:20:00 AM","2024-02-21"," 1:56:00 PM","PE","73100","Sell","20","449.25","499.25","","-1000.00"
"75","2024-02-22"," 9:20:00 AM","2024-02-22"," 9:43:00 AM","","","","","","","15.90","-1000.00"
"75.1","2024-02-22"," 9:20:00 AM","2024-02-22"," 9:43:00 AM","CE","72600","Sell","20","342.80","342.80","","0.00"
"75.2","2024-02-22"," 9:20:00 AM","2024-02-22"," 9:29:00 AM","PE","72600","Sell","20","376.40","426.40","","-1000.00"
"76","2024-02-22"," 11:20:00 AM","2024-02-22"," 1:39:00 PM","","","","","","","15.95","2505.00"
"76.1","2024-02-22"," 11:20:00 AM","2024-02-22"," 11:42:00 AM","CE","72200","Sell","20","337.65","387.65","","-1000.00"
"76.2","2024-02-22"," 11:20:00 AM","2024-02-22"," 1:39:00 PM","PE","72200","Sell","20","350.45","175.20","","3505.00"
"77","2024-02-23"," 9:20:00 AM","2024-02-23"," 9:40:00 AM","","","","","","","15.31","-1000.00"
"77.1","2024-02-23"," 9:20:00 AM","2024-02-23"," 9:40:00 AM","CE","73300","Sell","20","208.80","208.80","","0.00"
"77.2","2024-02-23"," 9:20:00 AM","2024-02-23"," 9:28:00 AM","PE","73300","Sell","20","196.80","246.80","","-1000.00"
"78","2024-02-23"," 11:20:00 AM","2024-02-23"," 11:52:00 AM","","","","","","","15.24","-1000.00"
"78.1","2024-02-23"," 11:20:00 AM","2024-02-23"," 11:52:00 AM","CE","73200","Sell","20","149.30","149.30","","0.00"
"78.2","2024-02-23"," 11:20:00 AM","2024-02-23"," 11:51:00 AM","PE","73200","Sell","20","67.30","117.30","","-1000.00"
"79","2024-02-26"," 9:20:00 AM","2024-02-26"," 9:53:00 AM","","","","","","","15.66","-1000.00"
"79.1","2024-02-26"," 9:20:00 AM","2024-02-26"," 9:45:00 AM","CE","72900","Sell","20","693.90","743.90","","-1000.00"
"79.2","2024-02-26"," 9:20:00 AM","2024-02-26"," 9:53:00 AM","PE","72900","Sell","20","524.50","524.50","","0.00"
"80","2024-02-26"," 11:20:00 AM","2024-02-26"," 12:58:00 PM","","","","","","","15.88","-1000.00"
"80.1","2024-02-26"," 11:20:00 AM","2024-02-26"," 12:58:00 PM","CE","72800","Sell","20","689.30","689.30","","0.00"
"80.2","2024-02-26"," 11:20:00 AM","2024-02-26"," 11:55:00 AM","PE","72800","Sell","20","503.35","553.35","","-1000.00"
"81","2024-02-27"," 9:20:00 AM","2024-02-27"," 3:15:00 PM","","","","","","","15.82","2803.00"
"81.1","2024-02-27"," 9:20:00 AM","2024-02-27"," 9:24:00 AM","CE","72700","Sell","20","612.65","662.65","","-1000.00"
"81.2","2024-02-27"," 9:20:00 AM","2024-02-27"," 3:15:00 PM","PE","72700","Sell","20","509.70","319.55","","3803.00"
"82","2024-02-27"," 11:20:00 AM","2024-02-27"," 12:05:00 PM","","","","","","","15.69","-1000.00"
"82.1","2024-02-27"," 11:20:00 AM","2024-02-27"," 11:26:00 AM","CE","72900","Sell","20","541.20","591.20","","-1000.00"
"82.2","2024-02-27"," 11:20:00 AM","2024-02-27"," 12:05:00 PM","PE","72900","Sell","20","510.45","510.45","","0.00"
"83","2024-02-28"," 9:20:00 AM","2024-02-28"," 11:06:00 AM","","","","","","","15.89","3909.00"
"83.1","2024-02-28"," 9:20:00 AM","2024-02-28"," 11:06:00 AM","CE","73100","Sell","20","490.95","245.50","","4909.00"
"83.2","2024-02-28"," 9:20:00 AM","2024-02-28"," 10:52:00 AM","PE","73100","Sell","20","431.50","481.50","","-1000.00"
"84","2024-02-28"," 11:20:00 AM","2024-02-28"," 3:15:00 PM","","","","","","","16.12","2932.00"
"84.1","2024-02-28"," 11:20:00 AM","2024-02-28"," 3:15:00 PM","CE","72700","Sell","20","475.25","278.65","","3932.00"
"84.2","2024-02-28"," 11:20:00 AM","2024-02-28"," 11:45:00 AM","PE","72700","Sell","20","433.75","483.75","","-1000.00"
"85","2024-02-29"," 9:20:00 AM","2024-02-29"," 9:25:00 AM","","","","","","","16.20","-1000.00"
"85.1","2024-02-29"," 9:20:00 AM","2024-02-29"," 9:25:00 AM","CE","72300","Sell","20","429.20","429.20","","0.00"
"85.2","2024-02-29"," 9:20:00 AM","2024-02-29"," 9:23:00 AM","PE","72300","Sell","20","379.85","429.85","","-1000.00"
"86","2024-02-29"," 11:20:00 AM","2024-02-29"," 1:17:00 PM","","","","","","","16.01","-1000.00"
"86.1","2024-02-29"," 11:20:00 AM","2024-02-29"," 1:17:00 PM","CE","72400","Sell","20","421.05","421.05","","0.00"
"86.2","2024-02-29"," 11:20:00 AM","2024-02-29"," 12:30:00 PM","PE","72400","Sell","20","337.40","387.40","","-1000.00"
"87","2024-03-01"," 9:20:00 AM","2024-03-01"," 9:24:00 AM","","","","","","","15.38","-1000.00"
"87.1","2024-03-01"," 9:20:00 AM","2024-03-01"," 9:23:00 AM","CE","72900","Sell","20","200.85","250.85","","-1000.00"
"87.2","2024-03-01"," 9:20:00 AM","2024-03-01"," 9:24:00 AM","PE","72900","Sell","20","247.00","247.00","","0.00"
"88","2024-03-01"," 11:20:00 AM","2024-03-01"," 12:10:00 PM","","","","","","","15.26","849.00"
"88.1","2024-03-01"," 11:20:00 AM","2024-03-01"," 11:29:00 AM","CE","73300","Sell","20","211.95","261.95","","-1000.00"
"88.2","2024-03-01"," 11:20:00 AM","2024-03-01"," 12:10:00 PM","PE","73300","Sell","20","184.90","92.45","","1849.00"
"89","2024-03-04"," 9:20:00 AM","2024-03-04"," 3:15:00 PM","","","","","","","15.18","2025.00"
"89.1","2024-03-04"," 9:20:00 AM","2024-03-04"," 3:15:00 PM","CE","74000","Sell","20","518.80","367.55","","3025.00"
"89.2","2024-03-04"," 9:20:00 AM","2024-03-04"," 9:23:00 AM","PE","74000","Sell","20","504.90","554.90","","-1000.00"
"90","2024-03-04"," 11:20:00 AM","2024-03-04"," 3:15:00 PM","","","","","","","14.99","1704.00"
"90.1","2024-03-04"," 11:20:00 AM","2024-03-04"," 3:15:00 PM","CE","73900","Sell","20","455.95","421.50","","689.00"
"90.2","2024-03-04"," 11:20:00 AM","2024-03-04"," 3:15:00 PM","PE","73900","Sell","20","488.00","437.25","","1015.00"
"91","2024-03-05"," 9:20:00 AM","2024-03-05"," 12:57:00 PM","","","","","","","14.97","-1000.00"
"91.1","2024-03-05"," 9:20:00 AM","2024-03-05"," 12:57:00 PM","CE","73700","Sell","20","432.10","432.10","","0.00"
"91.2","2024-03-05"," 9:20:00 AM","2024-03-05"," 10:10:00 AM","PE","73700","Sell","20","387.35","437.35","","-1000.00"
"92","2024-03-05"," 11:20:00 AM","2024-03-05"," 1:01:00 PM","","","","","","","14.70","2552.00"
"92.1","2024-03-05"," 11:20:00 AM","2024-03-05"," 11:42:00 AM","CE","73400","Sell","20","400.80","450.80","","-1000.00"
"92.2","2024-03-05"," 11:20:00 AM","2024-03-05"," 1:01:00 PM","PE","73400","Sell","20","355.20","177.60","","3552.00"
"93","2024-03-06"," 9:20:00 AM","2024-03-06"," 9:37:00 AM","","","","","","","14.49","-1000.00"
"93.1","2024-03-06"," 9:20:00 AM","2024-03-06"," 9:22:00 AM","CE","73500","Sell","20","319.20","369.20","","-1000.00"
"93.2","2024-03-06"," 9:20:00 AM","2024-03-06"," 9:37:00 AM","PE","73500","Sell","20","307.65","307.65","","0.00"
"94","2024-03-06"," 11:20:00 AM","2024-03-06"," 12:39:00 PM","","","","","","","14.46","-1000.00"
"94.1","2024-03-06"," 11:20:00 AM","2024-03-06"," 12:39:00 PM","CE","73500","Sell","20","311.35","311.35","","0.00"
"94.2","2024-03-06"," 11:20:00 AM","2024-03-06"," 11:40:00 AM","PE","73500","Sell","20","286.05","336.05","","-1000.00"
"95","2024-03-07"," 9:20:00 AM","2024-03-07"," 9:42:00 AM","","","","","","","14.37","615.00"
"95.1","2024-03-07"," 9:20:00 AM","2024-03-07"," 9:42:00 AM","CE","74200","Sell","20","161.55","80.80","","1615.00"
"95.2","2024-03-07"," 9:20:00 AM","2024-03-07"," 9:42:00 AM","PE","74200","Sell","20","210.65","260.65","","-1000.00"
"96","2024-03-07"," 11:20:00 AM","2024-03-07"," 11:56:00 AM","","","","","","","14.03","-1000.00"
"96.1","2024-03-07"," 11:20:00 AM","2024-03-07"," 11:56:00 AM","CE","74200","Sell","20","81.65","81.65","","0.00"
"96.2","2024-03-07"," 11:20:00 AM","2024-03-07"," 11:42:00 AM","PE","74200","Sell","20","127.50","177.50","","-1000.00"
"97","2024-03-11"," 9:20:00 AM","2024-03-11"," 3:15:00 PM","","","","","","","14.48","3892.00"
"97.1","2024-03-11"," 9:20:00 AM","2024-03-11"," 3:15:00 PM","CE","74100","Sell","20","516.50","271.90","","4892.00"
"97.2","2024-03-11"," 9:20:00 AM","2024-03-11"," 9:41:00 AM","PE","74100","Sell","20","476.10","526.10","","-1000.00"
"98","2024-03-11"," 11:20:00 AM","2024-03-11"," 3:15:00 PM","","","","","","","14.26","2531.00"
"98.1","2024-03-11"," 11:20:00 AM","2024-03-11"," 3:15:00 PM","CE","73800","Sell","20","574.75","398.20","","3531.00"
"98.2","2024-03-11"," 11:20:00 AM","2024-03-11"," 11:56:00 AM","PE","73800","Sell","20","419.00","469.00","","-1000.00"
"99","2024-03-12"," 9:20:00 AM","2024-03-12"," 10:47:00 AM","","","","","","","13.98","-1000.00"
"99.1","2024-03-12"," 9:20:00 AM","2024-03-12"," 9:35:00 AM","CE","73600","Sell","20","501.00","551.00","","-1000.00"
"99.2","2024-03-12"," 9:20:00 AM","2024-03-12"," 10:47:00 AM","PE","73600","Sell","20","384.95","384.95","","0.00"
"100","2024-03-12"," 11:20:00 AM","2024-03-12"," 12:11:00 PM","","","","","","","13.82","-1000.00"
"100.1","2024-03-12"," 11:20:00 AM","2024-03-12"," 12:11:00 PM","CE","73700","Sell","20","519.25","519.25","","0.00"
"100.2","2024-03-12"," 11:20:00 AM","2024-03-12"," 12:03:00 PM","PE","73700","Sell","20","377.25","427.25","","-1000.00"
"101","2024-03-13"," 9:20:00 AM","2024-03-13"," 11:32:00 AM","","","","","","","13.71","3189.00"
"101.1","2024-03-13"," 9:20:00 AM","2024-03-13"," 11:32:00 AM","CE","73900","Sell","20","418.85","209.40","","4189.00"
"101.2","2024-03-13"," 9:20:00 AM","2024-03-13"," 9:33:00 AM","PE","73900","Sell","20","387.10","437.10","","-1000.00"
"102","2024-03-13"," 11:20:00 AM","2024-03-13"," 1:22:00 PM","","","","","","","13.89","4011.00"
"102.1","2024-03-13"," 11:20:00 AM","2024-03-13"," 1:22:00 PM","CE","73500","Sell","20","501.15","250.60","","5011.00"
"102.2","2024-03-13"," 11:20:00 AM","2024-03-13"," 11:24:00 AM","PE","73500","Sell","20","345.00","395.00","","-1000.00"
"103","2024-03-14"," 9:20:00 AM","2024-03-14"," 9:59:00 AM","","","","","","","14.53","2249.00"
"103.1","2024-03-14"," 9:20:00 AM","2024-03-14"," 9:23:00 AM","CE","72500","Sell","20","410.00","460.00","","-1000.00"
"103.2","2024-03-14"," 9:20:00 AM","2024-03-14"," 9:59:00 AM","PE","72500","Sell","20","324.90","162.45","","3249.00"
"104","2024-03-14"," 11:20:00 AM","2024-03-14"," 12:24:00 PM","","","","","","","13.85","1291.00"
"104.1","2024-03-14"," 11:20:00 AM","2024-03-14"," 11:32:00 AM","CE","72900","Sell","20","371.25","421.25","","-1000.00"
"104.2","2024-03-14"," 11:20:00 AM","2024-03-14"," 12:24:00 PM","PE","72900","Sell","20","229.10","114.55","","2291.00"
"105","2024-03-15"," 9:20:00 AM","2024-03-15"," 9:36:00 AM","","","","","","","13.79","-1000.00"
"105.1","2024-03-15"," 9:20:00 AM","2024-03-15"," 9:23:00 AM","CE","72900","Sell","20","188.55","238.55","","-1000.00"
"105.2","2024-03-15"," 9:20:00 AM","2024-03-15"," 9:36:00 AM","PE","72900","Sell","20","194.05","194.05","","0.00"
"106","2024-03-15"," 11:20:00 AM","2024-03-15"," 1:37:00 PM","","","","","","","14.13","2288.00"
"106.1","2024-03-15"," 11:20:00 AM","2024-03-15"," 12:27:00 PM","CE","72600","Sell","20","118.25","59.10","","1183.00"
"106.2","2024-03-15"," 11:20:00 AM","2024-03-15"," 1:37:00 PM","PE","72600","Sell","20","110.55","55.30","","1105.00"
"107","2024-03-18"," 9:20:00 AM","2024-03-18"," 9:27:00 AM","","","","","","","14.44","-1000.00"
"107.1","2024-03-18"," 9:20:00 AM","2024-03-18"," 9:26:00 AM","CE","72700","Sell","20","588.65","638.65","","-1000.00"
"107.2","2024-03-18"," 9:20:00 AM","2024-03-18"," 9:27:00 AM","PE","72700","Sell","20","486.35","486.35","","0.00"
"108","2024-03-18"," 11:20:00 AM","2024-03-18"," 3:15:00 PM","","","","","","","14.37","2020.00"
"108.1","2024-03-18"," 11:20:00 AM","2024-03-18"," 12:03:00 PM","CE","72500","Sell","20","570.65","620.65","","-1000.00"
"108.2","2024-03-18"," 11:20:00 AM","2024-03-18"," 3:15:00 PM","PE","72500","Sell","20","489.35","338.35","","3020.00"
"109","2024-03-19"," 9:20:00 AM","2024-03-19"," 9:27:00 AM","","","","","","","14.14","-1000.00"
"109.1","2024-03-19"," 9:20:00 AM","2024-03-19"," 9:27:00 AM","CE","72400","Sell","20","541.45","541.45","","0.00"
"109.2","2024-03-19"," 9:20:00 AM","2024-03-19"," 9:22:00 AM","PE","72400","Sell","20","383.20","433.20","","-1000.00"
"110","2024-03-19"," 11:20:00 AM","2024-03-19"," 3:15:00 PM","","","","","","","14.14","1959.00"
"110.1","2024-03-19"," 11:20:00 AM","2024-03-19"," 3:15:00 PM","CE","72200","Sell","20","529.20","381.25","","2959.00"
"110.2","2024-03-19"," 11:20:00 AM","2024-03-19"," 11:38:00 AM","PE","72200","Sell","20","381.55","431.55","","-1000.00"
"111","2024-03-20"," 9:20:00 AM","2024-03-20"," 9:37:00 AM","","","","","","","14.00","-1000.00"
"111.1","2024-03-20"," 9:20:00 AM","2024-03-20"," 9:37:00 AM","CE","72200","Sell","20","462.55","462.55","","0.00"
"111.2","2024-03-20"," 9:20:00 AM","2024-03-20"," 9:32:00 AM","PE","72200","Sell","20","341.60","391.60","","-1000.00"
"112","2024-03-20"," 11:20:00 AM","2024-03-20"," 1:11:00 PM","","","","","","","14.00","2417.00"
"112.1","2024-03-20"," 11:20:00 AM","2024-03-20"," 11:42:00 AM","CE","71900","Sell","20","437.95","489.55","","-1032.00"
"112.2","2024-03-20"," 11:20:00 AM","2024-03-20"," 1:11:00 PM","PE","71900","Sell","20","344.95","172.50","","3449.00"
"113","2024-03-21"," 9:20:00 AM","2024-03-21"," 12:10:00 PM","","","","","","","13.02","-1000.00"
"113.1","2024-03-21"," 9:20:00 AM","2024-03-21"," 10:06:00 AM","CE","72600","Sell","20","337.80","387.80","","-1000.00"
"113.2","2024-03-21"," 9:20:00 AM","2024-03-21"," 12:10:00 PM","PE","72600","Sell","20","261.50","261.50","","0.00"
"114","2024-03-21"," 11:20:00 AM","2024-03-21"," 3:15:00 PM","","","","","","","12.71","758.00"
"114.1","2024-03-21"," 11:20:00 AM","2024-03-21"," 3:15:00 PM","CE","72800","Sell","20","267.00","179.10","","1758.00"
"114.2","2024-03-21"," 11:20:00 AM","2024-03-21"," 11:41:00 AM","PE","72800","Sell","20","249.40","299.40","","-1000.00"
"115","2024-03-22"," 9:20:00 AM","2024-03-22"," 9:37:00 AM","","","","","","","12.64","-1000.00"
"115.1","2024-03-22"," 9:20:00 AM","2024-03-22"," 9:37:00 AM","CE","72400","Sell","20","240.75","240.75","","0.00"
"115.2","2024-03-22"," 9:20:00 AM","2024-03-22"," 9:26:00 AM","PE","72400","Sell","20","145.30","195.30","","-1000.00"
"116","2024-03-22"," 11:20:00 AM","2024-03-22"," 11:47:00 AM","","","","","","","12.56","-1000.00"
"116.1","2024-03-22"," 11:20:00 AM","2024-03-22"," 11:34:00 AM","CE","72800","Sell","20","153.70","203.70","","-1000.00"
"116.2","2024-03-22"," 11:20:00 AM","2024-03-22"," 11:47:00 AM","PE","72800","Sell","20","120.35","120.35","","0.00"
"117","2024-03-26"," 9:20:00 AM","2024-03-26"," 10:31:00 AM","","","","","","","13.04","-1000.00"
"117.1","2024-03-26"," 9:20:00 AM","2024-03-26"," 10:31:00 AM","CE","72700","Sell","20","455.00","455.00","","0.00"
"117.2","2024-03-26"," 9:20:00 AM","2024-03-26"," 9:46:00 AM","PE","72700","Sell","20","351.05","401.05","","-1000.00"
"118","2024-03-26"," 11:20:00 AM","2024-03-26"," 2:49:00 PM","","","","","","","12.68","-1000.00"
"118.1","2024-03-26"," 11:20:00 AM","2024-03-26"," 1:01:00 PM","CE","72600","Sell","20","455.45","505.45","","-1000.00"
"118.2","2024-03-26"," 11:20:00 AM","2024-03-26"," 2:49:00 PM","PE","72600","Sell","20","292.65","292.65","","0.00"
"119","2024-03-27"," 9:20:00 AM","2024-03-27"," 10:09:00 AM","","","","","","","12.75","1733.00"
"119.1","2024-03-27"," 9:20:00 AM","2024-03-27"," 9:30:00 AM","CE","72700","Sell","20","315.10","365.10","","-1000.00"
"119.2","2024-03-27"," 9:20:00 AM","2024-03-27"," 10:09:00 AM","PE","72700","Sell","20","272.05","135.40","","2733.00"
"120","2024-03-27"," 11:20:00 AM","2024-03-27"," 3:15:00 PM","","","","","","","12.80","1922.00"
"120.1","2024-03-27"," 11:20:00 AM","2024-03-27"," 3:15:00 PM","CE","73000","Sell","20","278.50","214.50","","1280.00"
"120.2","2024-03-27"," 11:20:00 AM","2024-03-27"," 3:15:00 PM","PE","73000","Sell","20","210.20","178.10","","642.00"
"121","2024-03-28"," 9:20:00 AM","2024-03-28"," 9:46:00 AM","","","","","","","12.65","170.00"
"121.1","2024-03-28"," 9:20:00 AM","2024-03-28"," 9:22:00 AM","CE","73200","Sell","20","192.90","242.90","","-1000.00"
"121.2","2024-03-28"," 9:20:00 AM","2024-03-28"," 9:46:00 AM","PE","73200","Sell","20","117.00","58.50","","1170.00"
"122","2024-03-28"," 11:20:00 AM","2024-03-28"," 12:19:00 PM","","","","","","","12.89","539.00"
"122.1","2024-03-28"," 11:20:00 AM","2024-03-28"," 12:19:00 PM","CE","73800","Sell","20","153.95","77.00","","1539.00"
"122.2","2024-03-28"," 11:20:00 AM","2024-03-28"," 11:56:00 AM","PE","73800","Sell","20","138.20","188.20","","-1000.00"
"123","2024-04-01"," 9:20:00 AM","2024-04-01"," 9:57:00 AM","","","","","","","13.09","-1000.00"
"123.1","2024-04-01"," 9:20:00 AM","2024-04-01"," 9:57:00 AM","CE","74200","Sell","20","509.25","509.25","","0.00"
"123.2","2024-04-01"," 9:20:00 AM","2024-04-01"," 9:44:00 AM","PE","74200","Sell","20","496.45","546.45","","-1000.00"
"124","2024-04-01"," 11:20:00 AM","2024-04-01"," 3:15:00 PM","","","","","","","12.36","-53.00"
"124.1","2024-04-01"," 11:20:00 AM","2024-04-01"," 3:15:00 PM","CE","74100","Sell","20","503.80","456.45","","947.00"
"124.2","2024-04-01"," 11:20:00 AM","2024-04-01"," 1:06:00 PM","PE","74100","Sell","20","424.40","474.40","","-1000.00"
"125","2024-04-02"," 9:20:00 AM","2024-04-02"," 11:01:00 AM","","","","","","","12.27","-1000.00"
"125.1","2024-04-02"," 9:20:00 AM","2024-04-02"," 9:32:00 AM","CE","73900","Sell","20","435.75","485.75","","-1000.00"
"125.2","2024-04-02"," 9:20:00 AM","2024-04-02"," 11:01:00 AM","PE","73900","Sell","20","414.00","414.00","","0.00"
"126","2024-04-02"," 11:20:00 AM","2024-04-02"," 3:15:00 PM","","","","","","","11.83","593.00"
"126.1","2024-04-02"," 11:20:00 AM","2024-04-02"," 3:15:00 PM","CE","73900","Sell","20","422.10","428.20","","-122.00"
"126.2","2024-04-02"," 11:20:00 AM","2024-04-02"," 3:15:00 PM","PE","73900","Sell","20","350.30","314.55","","715.00"
"127","2024-04-03"," 9:20:00 AM","2024-04-03"," 12:15:00 PM","","","","","","","11.63","2183.00"
"127.1","2024-04-03"," 9:20:00 AM","2024-04-03"," 10:04:00 AM","CE","73600","Sell","20","376.75","426.75","","-1000.00"
"127.2","2024-04-03"," 9:20:00 AM","2024-04-03"," 12:15:00 PM","PE","73600","Sell","20","318.35","159.20","","3183.00"
"128","2024-04-03"," 11:20:00 AM","2024-04-03"," 3:03:00 PM","","","","","","","11.52","-1000.00"
"128.1","2024-04-03"," 11:20:00 AM","2024-04-03"," 12:16:00 PM","CE","74000","Sell","20","309.75","359.75","","-1000.00"
"128.2","2024-04-03"," 11:20:00 AM","2024-04-03"," 3:03:00 PM","PE","74000","Sell","20","360.55","360.55","","0.00"
"129","2024-04-04"," 9:20:00 AM","2024-04-04"," 9:54:00 AM","","","","","","","11.25","1656.00"
"129.1","2024-04-04"," 9:20:00 AM","2024-04-04"," 9:54:00 AM","CE","74400","Sell","20","265.60","132.80","","2656.00"
"129.2","2024-04-04"," 9:20:00 AM","2024-04-04"," 9:22:00 AM","PE","74400","Sell","20","311.25","361.25","","-1000.00"
"130","2024-04-04"," 11:20:00 AM","2024-04-04"," 11:50:00 AM","","","","","","","11.46","-1000.00"
"130.1","2024-04-04"," 11:20:00 AM","2024-04-04"," 11:50:00 AM","CE","73900","Sell","20","301.95","301.95","","0.00"
"130.2","2024-04-04"," 11:20:00 AM","2024-04-04"," 11:34:00 AM","PE","73900","Sell","20","277.35","327.35","","-1000.00"
"131","2024-04-05"," 9:20:00 AM","2024-04-05"," 10:10:00 AM","","","","","","","11.47","-1000.00"
"131.1","2024-04-05"," 9:20:00 AM","2024-04-05"," 9:44:00 AM","CE","74100","Sell","20","181.60","231.60","","-1000.00"
"131.2","2024-04-05"," 9:20:00 AM","2024-04-05"," 10:10:00 AM","PE","74100","Sell","20","259.60","259.60","","0.00"
"132","2024-04-05"," 11:20:00 AM","2024-04-05"," 12:47:00 PM","","","","","","","11.58","57.00"
"132.1","2024-04-05"," 11:20:00 AM","2024-04-05"," 12:47:00 PM","CE","74200","Sell","20","105.70","52.85","","1057.00"
"132.2","2024-04-05"," 11:20:00 AM","2024-04-05"," 11:22:00 AM","PE","74200","Sell","20","119.50","169.50","","-1000.00"
"133","2024-04-08"," 9:20:00 AM","2024-04-08"," 3:15:00 PM","","","","","","","11.61","2161.00"
"133.1","2024-04-08"," 9:20:00 AM","2024-04-08"," 9:34:00 AM","CE","74500","Sell","20","448.45","498.45","","-1000.00"
"133.2","2024-04-08"," 9:20:00 AM","2024-04-08"," 3:15:00 PM","PE","74500","Sell","20","472.10","314.05","","3161.00"
"134","2024-04-08"," 11:20:00 AM","2024-04-08"," 3:15:00 PM","","","","","","","11.50","489.00"
"134.1","2024-04-08"," 11:20:00 AM","2024-04-08"," 1:00:00 PM","CE","74600","Sell","20","445.75","495.75","","-1000.00"
"134.2","2024-04-08"," 11:20:00 AM","2024-04-08"," 3:15:00 PM","PE","74600","Sell","20","423.45","349.00","","1489.00"
"135","2024-04-09"," 9:20:00 AM","2024-04-09"," 9:27:00 AM","","","","","","","11.56","-1000.00"
"135.1","2024-04-09"," 9:20:00 AM","2024-04-09"," 9:27:00 AM","CE","74900","Sell","20","363.00","363.00","","0.00"
"135.2","2024-04-09"," 9:20:00 AM","2024-04-09"," 9:26:00 AM","PE","74900","Sell","20","384.25","434.25","","-1000.00"
"136","2024-04-09"," 11:20:00 AM","2024-04-09"," 2:15:00 PM","","","","","","","11.46","2100.00"
"136.1","2024-04-09"," 11:20:00 AM","2024-04-09"," 2:15:00 PM","CE","75100","Sell","20","310.00","155.00","","3100.00"
"136.2","2024-04-09"," 11:20:00 AM","2024-04-09"," 12:14:00 PM","PE","75100","Sell","20","365.75","415.75","","-1000.00"
"137","2024-04-10"," 9:20:00 AM","2024-04-10"," 3:15:00 PM","","","","","","","11.28","1918.00"
"137.1","2024-04-10"," 9:20:00 AM","2024-04-10"," 3:08:00 PM","CE","74900","Sell","20","266.05","316.05","","-1000.00"
"137.2","2024-04-10"," 9:20:00 AM","2024-04-10"," 3:15:00 PM","PE","74900","Sell","20","350.45","204.55","","2918.00"
"138","2024-04-10"," 11:20:00 AM","2024-04-10"," 3:15:00 PM","","","","","","","11.25","235.00"
"138.1","2024-04-10"," 11:20:00 AM","2024-04-10"," 3:08:00 PM","CE","74900","Sell","20","253.05","303.05","","-1000.00"
"138.2","2024-04-10"," 11:20:00 AM","2024-04-10"," 3:15:00 PM","PE","74900","Sell","20","266.30","204.55","","1235.00"
"139","2024-04-12"," 9:20:00 AM","2024-04-12"," 9:48:00 AM","","","","","","","11.42","365.00"
"139.1","2024-04-12"," 9:20:00 AM","2024-04-12"," 9:48:00 AM","CE","74900","Sell","20","136.45","68.20","","1365.00"
"139.2","2024-04-12"," 9:20:00 AM","2024-04-12"," 9:42:00 AM","PE","74900","Sell","20","209.00","259.00","","-1000.00"
"140","2024-04-12"," 11:20:00 AM","2024-04-12"," 12:20:00 PM","","","","","","","11.25","-1000.00"
"140.1","2024-04-12"," 11:20:00 AM","2024-04-12"," 12:20:00 PM","CE","74800","Sell","20","110.85","110.85","","0.00"
"140.2","2024-04-12"," 11:20:00 AM","2024-04-12"," 12:17:00 PM","PE","74800","Sell","20","182.00","232.00","","-1000.00"
"141","2024-04-15"," 9:20:00 AM","2024-04-15"," 9:25:00 AM","","","","","","","12.57","-1001.00"
"141.1","2024-04-15"," 9:20:00 AM","2024-04-15"," 9:24:00 AM","CE","73600","Sell","20","619.95","670.00","","-1001.00"
"141.2","2024-04-15"," 9:20:00 AM","2024-04-15"," 9:25:00 AM","PE","73600","Sell","20","494.65","494.65","","0.00"
"142","2024-04-15"," 11:20:00 AM","2024-04-15"," 3:15:00 PM","","","","","","","12.16","2896.00"
"142.1","2024-04-15"," 11:20:00 AM","2024-04-15"," 3:15:00 PM","CE","73700","Sell","20","566.35","371.55","","3896.00"
"142.2","2024-04-15"," 11:20:00 AM","2024-04-15"," 1:03:00 PM","PE","73700","Sell","20","423.65","473.65","","-1000.00"
"143","2024-04-16"," 9:20:00 AM","2024-04-16"," 12:42:00 PM","","","","","","","12.58","-1000.00"
"143.1","2024-04-16"," 9:20:00 AM","2024-04-16"," 9:25:00 AM","CE","73000","Sell","20","450.00","500.00","","-1000.00"
"143.2","2024-04-16"," 9:20:00 AM","2024-04-16"," 12:42:00 PM","PE","73000","Sell","20","408.80","408.80","","0.00"
"144","2024-04-16"," 11:20:00 AM","2024-04-16"," 3:15:00 PM","","","","","","","12.36","-202.00"
"144.1","2024-04-16"," 11:20:00 AM","2024-04-16"," 3:15:00 PM","CE","73100","Sell","20","368.85","328.95","","798.00"
"144.2","2024-04-16"," 11:20:00 AM","2024-04-16"," 12:02:00 PM","PE","73100","Sell","20","372.35","422.35","","-1000.00"
"145","2024-04-18"," 9:20:00 AM","2024-04-18"," 11:09:00 AM","","","","","","","12.33","-1000.00"
"145.1","2024-04-18"," 9:20:00 AM","2024-04-18"," 11:09:00 AM","CE","73200","Sell","20","313.25","313.25","","0.00"
"145.2","2024-04-18"," 9:20:00 AM","2024-04-18"," 9:31:00 AM","PE","73200","Sell","20","271.30","321.30","","-1000.00"
"146","2024-04-18"," 11:20:00 AM","2024-04-18"," 1:27:00 PM","","","","","","","12.13","-1000.00"
"146.1","2024-04-18"," 11:20:00 AM","2024-04-18"," 12:19:00 PM","CE","73300","Sell","20","258.30","308.30","","-1000.00"
"146.2","2024-04-18"," 11:20:00 AM","2024-04-18"," 1:27:00 PM","PE","73300","Sell","20","267.70","267.70","","0.00"
"147","2024-04-19"," 9:20:00 AM","2024-04-19"," 9:23:00 AM","","","","","","","14.20","-1000.00"
"147.1","2024-04-19"," 9:20:00 AM","2024-04-19"," 9:23:00 AM","CE","71900","Sell","20","317.45","317.45","","0.00"
"147.2","2024-04-19"," 9:20:00 AM","2024-04-19"," 9:22:00 AM","PE","71900","Sell","20","264.65","314.65","","-1000.00"
"148","2024-04-19"," 11:20:00 AM","2024-04-19"," 12:24:00 PM","","","","","","","13.71","945.00"
"148.1","2024-04-19"," 11:20:00 AM","2024-04-19"," 11:23:00 AM","CE","72100","Sell","20","260.80","310.80","","-1000.00"
"148.2","2024-04-19"," 11:20:00 AM","2024-04-19"," 12:24:00 PM","PE","72100","Sell","20","194.55","97.30","","1945.00"
"149","2024-04-22"," 9:20:00 AM","2024-04-22"," 9:25:00 AM","","","","","","","13.06","-1000.00"
"149.1","2024-04-22"," 9:20:00 AM","2024-04-22"," 9:23:00 AM","CE","73400","Sell","20","499.35","549.35","","-1000.00"
"149.2","2024-04-22"," 9:20:00 AM","2024-04-22"," 9:25:00 AM","PE","73400","Sell","20","514.80","514.80","","0.00"
"150","2024-04-22"," 11:20:00 AM","2024-04-22"," 3:15:00 PM","","","","","","","12.90","1434.00"
"150.1","2024-04-22"," 11:20:00 AM","2024-04-22"," 2:50:00 PM","CE","73500","Sell","20","472.90","522.90","","-1000.00"
"150.2","2024-04-22"," 11:20:00 AM","2024-04-22"," 3:15:00 PM","PE","73500","Sell","20","509.75","388.05","","2434.00"
"151","2024-04-23"," 9:20:00 AM","2024-04-23"," 10:10:00 AM","","","","","","","10.34","-1000.00"
"151.1","2024-04-23"," 9:20:00 AM","2024-04-23"," 10:10:00 AM","CE","73900","Sell","20","385.05","385.05","","0.00"
"151.2","2024-04-23"," 9:20:00 AM","2024-04-23"," 9:49:00 AM","PE","73900","Sell","20","419.95","469.95","","-1000.00"
"152","2024-04-23"," 11:20:00 AM","2024-04-23"," 3:15:00 PM","","","","","","","10.32","604.00"
"152.1","2024-04-23"," 11:20:00 AM","2024-04-23"," 3:15:00 PM","CE","73800","Sell","20","404.00","389.15","","297.00"
"152.2","2024-04-23"," 11:20:00 AM","2024-04-23"," 3:15:00 PM","PE","73800","Sell","20","387.55","372.20","","307.00"
"153","2024-04-24"," 9:20:00 AM","2024-04-24"," 3:15:00 PM","","","","","","","10.42","-23.00"
"153.1","2024-04-24"," 9:20:00 AM","2024-04-24"," 10:01:00 AM","CE","73900","Sell","20","330.60","380.60","","-1000.00"
"153.2","2024-04-24"," 9:20:00 AM","2024-04-24"," 3:15:00 PM","PE","73900","Sell","20","348.40","299.55","","977.00"
"154","2024-04-24"," 11:20:00 AM","2024-04-24"," 3:15:00 PM","","","","","","","10.29","-8.00"
"154.1","2024-04-24"," 11:20:00 AM","2024-04-24"," 3:15:00 PM","CE","74000","Sell","20","319.30","269.70","","992.00"
"154.2","2024-04-24"," 11:20:00 AM","2024-04-24"," 2:34:00 PM","PE","74000","Sell","20","309.30","359.30","","-1000.00"
"155","2024-04-25"," 9:20:00 AM","2024-04-25"," 10:15:00 AM","","","","","","","10.65","1693.00"
"155.1","2024-04-25"," 9:20:00 AM","2024-04-25"," 9:35:00 AM","CE","73700","Sell","20","267.90","317.90","","-1000.00"
"155.2","2024-04-25"," 9:20:00 AM","2024-04-25"," 10:15:00 AM","PE","73700","Sell","20","269.25","134.60","","2693.00"
"156","2024-04-25"," 11:20:00 AM","2024-04-25"," 11:41:00 AM","","","","","","","10.63","-1000.00"
"156.1","2024-04-25"," 11:20:00 AM","2024-04-25"," 11:41:00 AM","CE","74000","Sell","20","290.00","290.00","","0.00"
"156.2","2024-04-25"," 11:20:00 AM","2024-04-25"," 11:22:00 AM","PE","74000","Sell","20","258.00","308.00","","-1000.00"
"157","2024-04-26"," 9:20:00 AM","2024-04-26"," 9:22:00 AM","","","","","","","11.03","-1107.00"
"157.1","2024-04-26"," 9:20:00 AM","2024-04-26"," 9:22:00 AM","CE","74400","Sell","20","163.85","169.20","","-107.00"
"157.2","2024-04-26"," 9:20:00 AM","2024-04-26"," 9:21:00 AM","PE","74400","Sell","20","193.60","243.60","","-1000.00"
"158","2024-04-26"," 11:20:00 AM","2024-04-26"," 11:52:00 AM","","","","","","","10.99","-1000.00"
"158.1","2024-04-26"," 11:20:00 AM","2024-04-26"," 11:34:00 AM","CE","74100","Sell","20","118.05","168.05","","-1000.00"
"158.2","2024-04-26"," 11:20:00 AM","2024-04-26"," 11:52:00 AM","PE","74100","Sell","20","143.30","143.30","","0.00"
"159","2024-04-29"," 9:20:00 AM","2024-04-29"," 10:00:00 AM","","","","","","","12.07","-1000.00"
"159.1","2024-04-29"," 9:20:00 AM","2024-04-29"," 9:27:00 AM","CE","74000","Sell","20","562.65","612.65","","-1000.00"
"159.2","2024-04-29"," 9:20:00 AM","2024-04-29"," 10:00:00 AM","PE","74000","Sell","20","372.80","372.80","","0.00"
"160","2024-04-29"," 11:20:00 AM","2024-04-29"," 3:15:00 PM","","","","","","","12.19","1221.00"
"160.1","2024-04-29"," 11:20:00 AM","2024-04-29"," 1:23:00 PM","CE","74300","Sell","20","518.75","568.75","","-1000.00"
"160.2","2024-04-29"," 11:20:00 AM","2024-04-29"," 3:15:00 PM","PE","74300","Sell","20","373.00","261.95","","2221.00"
"161","2024-04-30"," 9:20:00 AM","2024-04-30"," 9:32:00 AM","","","","","","","12.58","-1000.00"
"161.1","2024-04-30"," 9:20:00 AM","2024-04-30"," 9:32:00 AM","CE","74800","Sell","20","391.30","391.30","","0.00"
"161.2","2024-04-30"," 9:20:00 AM","2024-04-30"," 9:26:00 AM","PE","74800","Sell","20","363.90","413.90","","-1000.00"
"162","2024-04-30"," 11:20:00 AM","2024-04-30"," 2:49:00 PM","","","","","","","13.18","-1000.00"
"162.1","2024-04-30"," 11:20:00 AM","2024-04-30"," 2:06:00 PM","CE","74900","Sell","20","401.25","451.25","","-1000.00"
"162.2","2024-04-30"," 11:20:00 AM","2024-04-30"," 2:49:00 PM","PE","74900","Sell","20","376.45","376.45","","0.00"
"163","2024-05-02"," 9:20:00 AM","2024-05-02"," 9:31:00 AM","","","","","","","13.74","-1000.00"
"163.1","2024-05-02"," 9:20:00 AM","2024-05-02"," 9:31:00 AM","CE","74700","Sell","20","302.75","302.75","","0.00"
"163.2","2024-05-02"," 9:20:00 AM","2024-05-02"," 9:28:00 AM","PE","74700","Sell","20","334.30","384.30","","-1000.00"
"164","2024-05-02"," 11:20:00 AM","2024-05-02"," 3:15:00 PM","","","","","","","13.84","806.00"
"164.1","2024-05-02"," 11:20:00 AM","2024-05-02"," 11:29:00 AM","CE","74600","Sell","20","305.50","355.50","","-1000.00"
"164.2","2024-05-02"," 11:20:00 AM","2024-05-02"," 3:15:00 PM","PE","74600","Sell","20","278.70","188.40","","1806.00"
"165","2024-05-03"," 9:20:00 AM","2024-05-03"," 9:31:00 AM","","","","","","","13.75","-1000.00"
"165.1","2024-05-03"," 9:20:00 AM","2024-05-03"," 9:30:00 AM","CE","75000","Sell","20","190.05","240.05","","-1000.00"
"165.2","2024-05-03"," 9:20:00 AM","2024-05-03"," 9:31:00 AM","PE","75000","Sell","20","209.15","209.15","","0.00"
"166","2024-05-03"," 11:20:00 AM","2024-05-03"," 11:39:00 AM","","","","","","","14.47","859.00"
"166.1","2024-05-03"," 11:20:00 AM","2024-05-03"," 11:39:00 AM","CE","74200","Sell","20","185.95","93.00","","1859.00"
"166.2","2024-05-03"," 11:20:00 AM","2024-05-03"," 11:22:00 AM","PE","74200","Sell","20","259.65","309.65","","-1000.00"
"167","2024-05-06"," 9:20:00 AM","2024-05-06"," 9:40:00 AM","","","","","","","16.20","-1000.00"
"167.1","2024-05-06"," 9:20:00 AM","2024-05-06"," 9:26:00 AM","CE","74100","Sell","20","545.60","595.60","","-1000.00"
"167.2","2024-05-06"," 9:20:00 AM","2024-05-06"," 9:40:00 AM","PE","74100","Sell","20","481.25","481.25","","0.00"
"168","2024-05-06"," 11:20:00 AM","2024-05-06"," 12:00:00 PM","","","","","","","16.29","-1000.00"
"168.1","2024-05-06"," 11:20:00 AM","2024-05-06"," 12:00:00 PM","CE","74100","Sell","20","573.30","573.30","","0.00"
"168.2","2024-05-06"," 11:20:00 AM","2024-05-06"," 11:24:00 AM","PE","74100","Sell","20","451.85","501.85","","-1000.00"
"169","2024-05-07"," 9:20:00 AM","2024-05-07"," 11:38:00 AM","","","","","","","16.96","4103.00"
"169.1","2024-05-07"," 9:20:00 AM","2024-05-07"," 11:38:00 AM","CE","73900","Sell","20","510.25","255.10","","5103.00"
"169.2","2024-05-07"," 9:20:00 AM","2024-05-07"," 9:50:00 AM","PE","73900","Sell","20","425.65","475.65","","-1000.00"
"170","2024-05-07"," 11:20:00 AM","2024-05-07"," 11:32:00 AM","","","","","","","17.42","-1000.00"
"170.1","2024-05-07"," 11:20:00 AM","2024-05-07"," 11:32:00 AM","CE","73400","Sell","20","495.65","495.65","","0.00"
"170.2","2024-05-07"," 11:20:00 AM","2024-05-07"," 11:29:00 AM","PE","73400","Sell","20","437.85","487.85","","-1000.00"
"171","2024-05-08"," 9:20:00 AM","2024-05-08"," 9:30:00 AM","","","","","","","17.38","-1000.00"
"171.1","2024-05-08"," 9:20:00 AM","2024-05-08"," 9:24:00 AM","CE","73300","Sell","20","421.25","471.25","","-1000.00"
"171.2","2024-05-08"," 9:20:00 AM","2024-05-08"," 9:30:00 AM","PE","73300","Sell","20","421.50","421.50","","0.00"
"172","2024-05-08"," 11:20:00 AM","2024-05-08"," 11:47:00 AM","","","","","","","16.98","-1000.00"
"172.1","2024-05-08"," 11:20:00 AM","2024-05-08"," 11:47:00 AM","CE","73400","Sell","20","429.45","429.45","","0.00"
"172.2","2024-05-08"," 11:20:00 AM","2024-05-08"," 11:27:00 AM","PE","73400","Sell","20","333.55","383.55","","-1000.00"
"173","2024-05-09"," 9:20:00 AM","2024-05-09"," 10:22:00 AM","","","","","","","17.45","3105.00"
"173.1","2024-05-09"," 9:20:00 AM","2024-05-09"," 10:22:00 AM","CE","73400","Sell","20","410.50","205.25","","4105.00"
"173.2","2024-05-09"," 9:20:00 AM","2024-05-09"," 9:24:00 AM","PE","73400","Sell","20","281.75","331.75","","-1000.00"
"174","2024-05-09"," 11:20:00 AM","2024-05-09"," 12:48:00 PM","","","","","","","17.63","-1000.00"
"174.1","2024-05-09"," 11:20:00 AM","2024-05-09"," 11:40:00 AM","CE","72900","Sell","20","368.90","418.90","","-1000.00"
"174.2","2024-05-09"," 11:20:00 AM","2024-05-09"," 12:48:00 PM","PE","72900","Sell","20","301.00","301.00","","0.00"
"175","2024-05-10"," 9:20:00 AM","2024-05-10"," 9:30:00 AM","","","","","","","18.35","910.00"
"175.1","2024-05-10"," 9:20:00 AM","2024-05-10"," 9:25:00 AM","CE","72400","Sell","20","284.65","334.65","","-1000.00"
"175.2","2024-05-10"," 9:20:00 AM","2024-05-10"," 9:30:00 AM","PE","72400","Sell","20","191.00","95.50","","1910.00"
"176","2024-05-10"," 11:20:00 AM","2024-05-10"," 11:54:00 AM","","","","","","","18.22","563.00"
"176.1","2024-05-10"," 11:20:00 AM","2024-05-10"," 11:54:00 AM","CE","72700","Sell","20","156.25","78.10","","1563.00"
"176.2","2024-05-10"," 11:20:00 AM","2024-05-10"," 11:39:00 AM","PE","72700","Sell","20","119.40","169.40","","-1000.00"
"177","2024-05-13"," 9:20:00 AM","2024-05-13"," 12:26:00 PM","","","","","","","20.44","-1000.00"
"177.1","2024-05-13"," 9:20:00 AM","2024-05-13"," 12:26:00 PM","CE","72300","Sell","20","676.90","676.90","","0.00"
"177.2","2024-05-13"," 9:20:00 AM","2024-05-13"," 9:21:00 AM","PE","72300","Sell","20","419.65","469.65","","-1000.00"
"178","2024-05-13"," 11:20:00 AM","2024-05-13"," 11:46:00 AM","","","","","","","20.65","-1000.00"
"178.1","2024-05-13"," 11:20:00 AM","2024-05-13"," 11:35:00 AM","CE","72300","Sell","20","583.00","633.00","","-1000.00"
"178.2","2024-05-13"," 11:20:00 AM","2024-05-13"," 11:46:00 AM","PE","72300","Sell","20","471.20","471.20","","0.00"
"179","2024-05-14"," 9:20:00 AM","2024-05-14"," 11:07:00 AM","","","","","","","20.81","-1049.00"
"179.1","2024-05-14"," 9:20:00 AM","2024-05-14"," 11:07:00 AM","CE","73000","Sell","20","490.00","490.00","","0.00"
"179.2","2024-05-14"," 9:20:00 AM","2024-05-14"," 9:24:00 AM","PE","73000","Sell","20","421.40","473.85","","-1049.00"
"180","2024-05-14"," 11:20:00 AM","2024-05-14"," 3:15:00 PM","","","","","","","20.68","573.00"
"180.1","2024-05-14"," 11:20:00 AM","2024-05-14"," 12:56:00 PM","CE","73000","Sell","20","498.05","548.05","","-1000.00"
"180.2","2024-05-14"," 11:20:00 AM","2024-05-14"," 3:15:00 PM","PE","73000","Sell","20","394.90","316.25","","1573.00"
"181","2024-05-15"," 9:20:00 AM","2024-05-15"," 3:15:00 PM","","","","","","","20.50","1580.00"
"181.1","2024-05-15"," 9:20:00 AM","2024-05-15"," 3:15:00 PM","CE","73200","Sell","20","430.00","301.00","","2580.00"
"181.2","2024-05-15"," 9:20:00 AM","2024-05-15"," 10:01:00 AM","PE","73200","Sell","20","353.80","403.80","","-1000.00"
"182","2024-05-15"," 11:20:00 AM","2024-05-15"," 3:01:00 PM","","","","","","","20.22","-1000.00"
"182.1","2024-05-15"," 11:20:00 AM","2024-05-15"," 3:01:00 PM","CE","73000","Sell","20","451.05","451.05","","0.00"
"182.2","2024-05-15"," 11:20:00 AM","2024-05-15"," 11:29:00 AM","PE","73000","Sell","20","317.70","367.70","","-1000.00"
"183","2024-05-16"," 9:20:00 AM","2024-05-16"," 9:29:00 AM","","","","","","","20.26","-1000.00"
"183.1","2024-05-16"," 9:20:00 AM","2024-05-16"," 9:23:00 AM","CE","73300","Sell","20","318.05","368.05","","-1000.00"
"183.2","2024-05-16"," 9:20:00 AM","2024-05-16"," 9:29:00 AM","PE","73300","Sell","20","312.40","312.40","","0.00"
"184","2024-05-16"," 11:20:00 AM","2024-05-16"," 12:11:00 PM","","","","","","","20.81","1925.00"
"184.1","2024-05-16"," 11:20:00 AM","2024-05-16"," 11:25:00 AM","CE","72700","Sell","20","402.95","452.95","","-1000.00"
"184.2","2024-05-16"," 11:20:00 AM","2024-05-16"," 12:11:00 PM","PE","72700","Sell","20","292.45","146.20","","2925.00"
"185","2024-05-17"," 9:20:00 AM","2024-05-17"," 9:31:00 AM","","","","","","","20.19","-1000.00"
"185.1","2024-05-17"," 9:20:00 AM","2024-05-17"," 9:31:00 AM","CE","73600","Sell","20","203.75","203.75","","0.00"
"185.2","2024-05-17"," 9:20:00 AM","2024-05-17"," 9:23:00 AM","PE","73600","Sell","20","265.00","315.00","","-1000.00"
"186","2024-05-17"," 11:20:00 AM","2024-05-17"," 11:42:00 AM","","","","","","","19.71","-1000.00"
"186.1","2024-05-17"," 11:20:00 AM","2024-05-17"," 11:42:00 AM","CE","74000","Sell","20","170.65","170.65","","0.00"
"186.2","2024-05-17"," 11:20:00 AM","2024-05-17"," 11:28:00 AM","PE","74000","Sell","20","210.65","260.65","","-1000.00"
"187","2024-05-21"," 9:20:00 AM","2024-05-21"," 9:26:00 AM","","","","","","","22.21","-1000.00"
"187.1","2024-05-21"," 9:20:00 AM","2024-05-21"," 9:23:00 AM","CE","73900","Sell","20","542.15","592.15","","-1000.00"
"187.2","2024-05-21"," 9:20:00 AM","2024-05-21"," 9:26:00 AM","PE","73900","Sell","20","467.20","467.20","","0.00"
"188","2024-05-21"," 11:20:00 AM","2024-05-21"," 3:15:00 PM","","","","","","","21.89","-116.00"
"188.1","2024-05-21"," 11:20:00 AM","2024-05-21"," 11:54:00 AM","CE","73900","Sell","20","526.40","576.40","","-1000.00"
"188.2","2024-05-21"," 11:20:00 AM","2024-05-21"," 3:15:00 PM","PE","73900","Sell","20","396.80","352.60","","884.00"
"189","2024-05-22"," 9:20:00 AM","2024-05-22"," 9:43:00 AM","","","","","","","22.08","-1000.00"
"189.1","2024-05-22"," 9:20:00 AM","2024-05-22"," 9:31:00 AM","CE","74000","Sell","20","447.20","497.20","","-1000.00"
"189.2","2024-05-22"," 9:20:00 AM","2024-05-22"," 9:43:00 AM","PE","74000","Sell","20","363.05","363.05","","0.00"
"190","2024-05-22"," 11:20:00 AM","2024-05-22"," 3:15:00 PM","","","","","","","21.75","1314.00"
"190.1","2024-05-22"," 11:20:00 AM","2024-05-22"," 12:18:00 PM","CE","74000","Sell","20","450.40","500.40","","-1000.00"
"190.2","2024-05-22"," 11:20:00 AM","2024-05-22"," 3:15:00 PM","PE","74000","Sell","20","349.30","233.60","","2314.00"
"191","2024-05-23"," 9:20:00 AM","2024-05-23"," 11:05:00 AM","","","","","","","21.66","1879.00"
"191.1","2024-05-23"," 9:20:00 AM","2024-05-23"," 9:36:00 AM","CE","74200","Sell","20","376.85","426.85","","-1000.00"
"191.2","2024-05-23"," 9:20:00 AM","2024-05-23"," 11:05:00 AM","PE","74200","Sell","20","287.90","143.95","","2879.00"
"192","2024-05-23"," 11:20:00 AM","2024-05-23"," 1:28:00 PM","","","","","","","21.31","1991.00"
"192.1","2024-05-23"," 11:20:00 AM","2024-05-23"," 11:58:00 AM","CE","74600","Sell","20","333.65","383.65","","-1000.00"
"192.2","2024-05-23"," 11:20:00 AM","2024-05-23"," 1:28:00 PM","PE","74600","Sell","20","299.10","149.55","","2991.00"
"193","2024-05-24"," 9:20:00 AM","2024-05-24"," 10:01:00 AM","","","","","","","21.37","-1000.00"
"193.1","2024-05-24"," 9:20:00 AM","2024-05-24"," 9:22:00 AM","CE","75400","Sell","20","251.10","301.10","","-1000.00"
"193.2","2024-05-24"," 9:20:00 AM","2024-05-24"," 10:01:00 AM","PE","75400","Sell","20","225.00","225.00","","0.00"
"194","2024-05-24"," 11:20:00 AM","2024-05-24"," 1:04:00 PM","","","","","","","21.68","104.00"
"194.1","2024-05-24"," 11:20:00 AM","2024-05-24"," 1:04:00 PM","CE","75400","Sell","20","117.35","167.35","","-1000.00"
"194.2","2024-05-24"," 11:20:00 AM","2024-05-24"," 1:04:00 PM","PE","75400","Sell","20","110.40","55.20","","1104.00"
"195","2024-05-27"," 9:20:00 AM","2024-05-27"," 2:55:00 PM","","","","","","","22.88","-1000.00"
"195.1","2024-05-27"," 9:20:00 AM","2024-05-27"," 11:41:00 AM","CE","75600","Sell","20","530.30","580.30","","-1000.00"
"195.2","2024-05-27"," 9:20:00 AM","2024-05-27"," 2:55:00 PM","PE","75600","Sell","20","513.35","513.35","","0.00"
"196","2024-05-27"," 11:20:00 AM","2024-05-27"," 2:51:00 PM","","","","","","","22.74","-1000.00"
"196.1","2024-05-27"," 11:20:00 AM","2024-05-27"," 11:43:00 AM","CE","75600","Sell","20","556.25","606.25","","-1000.00"
"196.2","2024-05-27"," 11:20:00 AM","2024-05-27"," 2:51:00 PM","PE","75600","Sell","20","447.10","447.10","","0.00"
"197","2024-05-28"," 9:20:00 AM","2024-05-28"," 9:40:00 AM","","","","","","","23.34","-1000.00"
"197.1","2024-05-28"," 9:20:00 AM","2024-05-28"," 9:40:00 AM","CE","75500","Sell","20","529.50","529.50","","0.00"
"197.2","2024-05-28"," 9:20:00 AM","2024-05-28"," 9:37:00 AM","PE","75500","Sell","20","435.95","485.95","","-1000.00"
"198","2024-05-28"," 11:20:00 AM","2024-05-28"," 3:15:00 PM","","","","","","","24.03","1035.00"
"198.1","2024-05-28"," 11:20:00 AM","2024-05-28"," 3:15:00 PM","CE","75500","Sell","20","509.00","407.25","","2035.00"
"198.2","2024-05-28"," 11:20:00 AM","2024-05-28"," 11:32:00 AM","PE","75500","Sell","20","430.35","480.35","","-1000.00"
"199","2024-05-29"," 9:20:00 AM","2024-05-29"," 9:49:00 AM","","","","","","","23.74","-1001.00"
"199.1","2024-05-29"," 9:20:00 AM","2024-05-29"," 9:37:00 AM","CE","74900","Sell","20","499.65","549.65","","-1000.00"
"199.2","2024-05-29"," 9:20:00 AM","2024-05-29"," 9:49:00 AM","PE","74900","Sell","20","331.60","331.65","","-1.00"
"200","2024-05-29"," 11:20:00 AM","2024-05-29"," 11:37:00 AM","","","","","","","24.75","-1000.00"
"200.1","2024-05-29"," 11:20:00 AM","2024-05-29"," 11:29:00 AM","CE","74600","Sell","20","511.50","561.50","","-1000.00"
"200.2","2024-05-29"," 11:20:00 AM","2024-05-29"," 11:37:00 AM","PE","74600","Sell","20","372.00","372.00","","0.00"
"201","2024-05-30"," 9:20:00 AM","2024-05-30"," 11:23:00 AM","","","","","","","24.23","3618.00"
"201.1","2024-05-30"," 9:20:00 AM","2024-05-30"," 11:23:00 AM","CE","74400","Sell","20","461.80","230.90","","4618.00"
"201.2","2024-05-30"," 9:20:00 AM","2024-05-30"," 9:25:00 AM","PE","74400","Sell","20","324.90","374.90","","-1000.00"
"202","2024-05-30"," 11:20:00 AM","2024-05-30"," 2:31:00 PM","","","","","","","23.67","-1000.00"
"202.1","2024-05-30"," 11:20:00 AM","2024-05-30"," 1:01:00 PM","CE","74100","Sell","20","411.00","461.00","","-1000.00"
"202.2","2024-05-30"," 11:20:00 AM","2024-05-30"," 2:31:00 PM","PE","74100","Sell","20","354.45","354.45","","0.00"
"203","2024-05-31"," 9:20:00 AM","2024-05-31"," 9:44:00 AM","","","","","","","23.57","1100.00"
"203.1","2024-05-31"," 9:20:00 AM","2024-05-31"," 9:22:00 AM","CE","74200","Sell","20","319.80","369.80","","-1000.00"
"203.2","2024-05-31"," 9:20:00 AM","2024-05-31"," 9:44:00 AM","PE","74200","Sell","20","210.00","105.00","","2100.00"
"204","2024-05-31"," 11:20:00 AM","2024-05-31"," 12:11:00 PM","","","","","","","22.84","-1000.00"
"204.1","2024-05-31"," 11:20:00 AM","2024-05-31"," 11:40:00 AM","CE","74000","Sell","20","171.35","221.35","","-1000.00"
"204.2","2024-05-31"," 11:20:00 AM","2024-05-31"," 12:11:00 PM","PE","74000","Sell","20","144.70","144.70","","0.00"
"205","2024-06-03"," 9:20:00 AM","2024-06-03"," 3:15:00 PM","","","","","","","20.26","9346.00"
"205.1","2024-06-03"," 9:20:00 AM","2024-06-03"," 3:08:00 PM","CE","76000","Sell","20","1323.60","1373.60","","-1000.00"
"205.2","2024-06-03"," 9:20:00 AM","2024-06-03"," 3:15:00 PM","PE","76000","Sell","20","1414.90","897.60","","10346.00"
"206","2024-06-03"," 11:20:00 AM","2024-06-03"," 11:36:00 AM","","","","","","","19.88","-1000.00"
"206.1","2024-06-03"," 11:20:00 AM","2024-06-03"," 11:34:00 AM","CE","76100","Sell","20","1083.35","1133.35","","-1000.00"
"206.2","2024-06-03"," 11:20:00 AM","2024-06-03"," 11:36:00 AM","PE","76100","Sell","20","1066.40","1066.40","","0.00"
"207","2024-06-04"," 9:20:00 AM","2024-06-04"," 9:25:00 AM","","","","","","","21.57","-1000.00"
"207.1","2024-06-04"," 9:20:00 AM","2024-06-04"," 9:25:00 AM","CE","75100","Sell","20","1143.10","1143.10","","0.00"
"207.2","2024-06-04"," 9:20:00 AM","2024-06-04"," 9:22:00 AM","PE","75100","Sell","20","1052.20","1102.20","","-1000.00"
"208","2024-06-04"," 11:20:00 AM","2024-06-04"," 11:22:00 AM","","","","","","","28.58","-1000.00"
"208.1","2024-06-04"," 11:20:00 AM","2024-06-04"," 11:21:00 AM","CE","72800","Sell","20","1788.50","1838.50","","-1000.00"
"208.2","2024-06-04"," 11:20:00 AM","2024-06-04"," 11:22:00 AM","PE","72800","Sell","20","1722.90","1722.90","","0.00"
"209","2024-06-05"," 9:20:00 AM","2024-06-05"," 9:22:00 AM","","","","","","","22.16","-1000.00"
"209.1","2024-06-05"," 9:20:00 AM","2024-06-05"," 9:22:00 AM","CE","72400","Sell","20","929.40","929.40","","0.00"
"209.2","2024-06-05"," 9:20:00 AM","2024-06-05"," 9:21:00 AM","PE","72400","Sell","20","1034.45","1084.45","","-1000.00"
"210","2024-06-05"," 11:20:00 AM","2024-06-05"," 11:26:00 AM","","","","","","","19.13","-1000.00"
"210.1","2024-06-05"," 11:20:00 AM","2024-06-05"," 11:26:00 AM","CE","73500","Sell","20","767.25","767.25","","0.00"
"210.2","2024-06-05"," 11:20:00 AM","2024-06-05"," 11:23:00 AM","PE","73500","Sell","20","762.10","812.10","","-1000.00"
"211","2024-06-06"," 9:20:00 AM","2024-06-06"," 9:23:00 AM","","","","","","","17.52","-1000.00"
"211.1","2024-06-06"," 9:20:00 AM","2024-06-06"," 9:23:00 AM","CE","74800","Sell","20","526.35","526.35","","0.00"
"211.2","2024-06-06"," 9:20:00 AM","2024-06-06"," 9:21:00 AM","PE","74800","Sell","20","557.65","607.65","","-1000.00"
"212","2024-06-06"," 11:20:00 AM","2024-06-06"," 11:50:00 AM","","","","","","","17.24","4229.00"
"212.1","2024-06-06"," 11:20:00 AM","2024-06-06"," 11:50:00 AM","CE","75300","Sell","20","522.90","261.45","","5229.00"
"212.2","2024-06-06"," 11:20:00 AM","2024-06-06"," 11:23:00 AM","PE","75300","Sell","20","481.40","531.40","","-1000.00"
"213","2024-06-07"," 9:20:00 AM","2024-06-07"," 9:35:00 AM","","","","","","","16.75","2300.00"
"213.1","2024-06-07"," 9:20:00 AM","2024-06-07"," 9:21:00 AM","CE","75000","Sell","20","290.80","340.80","","-1000.00"
"213.2","2024-06-07"," 9:20:00 AM","2024-06-07"," 9:35:00 AM","PE","75000","Sell","20","330.00","165.00","","3300.00"
"214","2024-06-07"," 11:20:00 AM","2024-06-07"," 11:35:00 AM","","","","","","","16.41","-1000.00"
"214.1","2024-06-07"," 11:20:00 AM","2024-06-07"," 11:35:00 AM","CE","75900","Sell","20","353.20","353.20","","0.00"
"214.2","2024-06-07"," 11:20:00 AM","2024-06-07"," 11:30:00 AM","PE","75900","Sell","20","250.65","300.65","","-1000.00"
"215","2024-06-10"," 9:20:00 AM","2024-06-10"," 3:15:00 PM","","","","","","","16.95","4993.00"
"215.1","2024-06-10"," 9:20:00 AM","2024-06-10"," 3:15:00 PM","CE","77000","Sell","20","723.50","423.85","","5993.00"
"215.2","2024-06-10"," 9:20:00 AM","2024-06-10"," 9:22:00 AM","PE","77000","Sell","20","785.85","835.85","","-1000.00"
"216","2024-06-10"," 11:20:00 AM","2024-06-10"," 11:45:00 AM","","","","","","","16.62","-1000.00"
"216.1","2024-06-10"," 11:20:00 AM","2024-06-10"," 11:30:00 AM","CE","76800","Sell","20","685.00","735.00","","-1000.00"
"216.2","2024-06-10"," 11:20:00 AM","2024-06-10"," 11:45:00 AM","PE","76800","Sell","20","754.65","754.65","","0.00"
"217","2024-06-11"," 9:20:00 AM","2024-06-11"," 9:36:00 AM","","","","","","","16.23","-1000.00"
"217.1","2024-06-11"," 9:20:00 AM","2024-06-11"," 9:23:00 AM","CE","76400","Sell","20","619.00","669.00","","-1000.00"
"217.2","2024-06-11"," 9:20:00 AM","2024-06-11"," 9:36:00 AM","PE","76400","Sell","20","575.30","575.30","","0.00"
"218","2024-06-11"," 11:20:00 AM","2024-06-11"," 12:56:00 PM","","","","","","","15.27","-1000.00"
"218.1","2024-06-11"," 11:20:00 AM","2024-06-11"," 12:56:00 PM","CE","76700","Sell","20","557.25","557.25","","0.00"
"218.2","2024-06-11"," 11:20:00 AM","2024-06-11"," 11:30:00 AM","PE","76700","Sell","20","509.00","559.00","","-1000.00"
"219","2024-06-12"," 9:20:00 AM","2024-06-12"," 3:15:00 PM","","","","","","","14.51","-151.00"
"219.1","2024-06-12"," 9:20:00 AM","2024-06-12"," 9:41:00 AM","CE","76600","Sell","20","461.70","511.70","","-1000.00"
"219.2","2024-06-12"," 9:20:00 AM","2024-06-12"," 3:15:00 PM","PE","76600","Sell","20","407.45","365.00","","849.00"
"220","2024-06-12"," 11:20:00 AM","2024-06-12"," 11:55:00 AM","","","","","","","14.47","-1000.00"
"220.1","2024-06-12"," 11:20:00 AM","2024-06-12"," 11:55:00 AM","CE","76900","Sell","20","435.75","435.75","","0.00"
"220.2","2024-06-12"," 11:20:00 AM","2024-06-12"," 11:31:00 AM","PE","76900","Sell","20","409.25","459.25","","-1000.00"
"221","2024-06-13"," 9:20:00 AM","2024-06-13"," 11:14:00 AM","","","","","","","14.21","2179.00"
"221.1","2024-06-13"," 9:20:00 AM","2024-06-13"," 11:14:00 AM","CE","77000","Sell","20","317.90","158.95","","3179.00"
"221.2","2024-06-13"," 9:20:00 AM","2024-06-13"," 9:42:00 AM","PE","77000","Sell","20","367.95","417.95","","-1000.00"
"222","2024-06-13"," 11:20:00 AM","2024-06-13"," 3:15:00 PM","","","","","","","13.71","664.00"
"222.1","2024-06-13"," 11:20:00 AM","2024-06-13"," 11:55:00 AM","CE","76800","Sell","20","243.50","293.50","","-1000.00"
"222.2","2024-06-13"," 11:20:00 AM","2024-06-13"," 3:15:00 PM","PE","76800","Sell","20","307.50","224.30","","1664.00"
"223","2024-06-14"," 9:20:00 AM","2024-06-14"," 9:33:00 AM","","","","","","","13.34","221.00"
"223.1","2024-06-14"," 9:20:00 AM","2024-06-14"," 9:33:00 AM","CE","76900","Sell","20","122.15","61.10","","1221.00"
"223.2","2024-06-14"," 9:20:00 AM","2024-06-14"," 9:22:00 AM","PE","76900","Sell","20","220.50","270.50","","-1000.00"
"224","2024-06-14"," 11:20:00 AM","2024-06-14"," 1:55:00 PM","","","","","","","12.95","1945.00"
"224.1","2024-06-14"," 11:20:00 AM","2024-06-14"," 1:55:00 PM","CE","76900","Sell","20","71.80","35.90","","718.00"
"224.2","2024-06-14"," 11:20:00 AM","2024-06-14"," 1:12:00 PM","PE","76900","Sell","20","122.65","61.30","","1227.00"
"225","2024-06-18"," 9:20:00 AM","2024-06-18"," 3:15:00 PM","","","","","","","13.28","983.00"
"225.1","2024-06-18"," 9:20:00 AM","2024-06-18"," 9:34:00 AM","CE","77200","Sell","20","375.00","425.00","","-1000.00"
"225.2","2024-06-18"," 9:20:00 AM","2024-06-18"," 3:15:00 PM","PE","77200","Sell","20","449.90","350.75","","1983.00"
"226","2024-06-18"," 11:20:00 AM","2024-06-18"," 3:15:00 PM","","","","","","","13.00","639.00"
"226.1","2024-06-18"," 11:20:00 AM","2024-06-18"," 3:15:00 PM","CE","77300","Sell","20","361.80","339.55","","445.00"
"226.2","2024-06-18"," 11:20:00 AM","2024-06-18"," 3:15:00 PM","PE","77300","Sell","20","406.95","397.25","","194.00"
"227","2024-06-19"," 9:20:00 AM","2024-06-19"," 9:35:00 AM","","","","","","","12.97","-1000.00"
"227.1","2024-06-19"," 9:20:00 AM","2024-06-19"," 9:35:00 AM","CE","77500","Sell","20","308.25","308.25","","0.00"
"227.2","2024-06-19"," 9:20:00 AM","2024-06-19"," 9:31:00 AM","PE","77500","Sell","20","392.00","442.00","","-1000.00"
"228","2024-06-19"," 11:20:00 AM","2024-06-19"," 2:39:00 PM","","","","","","","13.56","3333.00"
"228.1","2024-06-19"," 11:20:00 AM","2024-06-19"," 11:43:00 AM","CE","77300","Sell","20","311.60","361.60","","-1000.00"
"228.2","2024-06-19"," 11:20:00 AM","2024-06-19"," 2:39:00 PM","PE","77300","Sell","20","433.25","216.60","","4333.00"
"229","2024-06-20"," 9:20:00 AM","2024-06-20"," 9:22:00 AM","","","","","","","13.96","-1000.00"
"229.1","2024-06-20"," 9:20:00 AM","2024-06-20"," 9:22:00 AM","CE","77300","Sell","20","330.05","330.05","","0.00"
"229.2","2024-06-20"," 9:20:00 AM","2024-06-20"," 9:21:00 AM","PE","77300","Sell","20","359.50","409.50","","-1000.00"
"230","2024-06-20"," 11:20:00 AM","2024-06-20"," 2:00:00 PM","","","","","","","13.65","-1000.00"
"230.1","2024-06-20"," 11:20:00 AM","2024-06-20"," 1:21:00 PM","CE","77400","Sell","20","280.60","330.60","","-1000.00"
"230.2","2024-06-20"," 11:20:00 AM","2024-06-20"," 2:00:00 PM","PE","77400","Sell","20","285.90","285.90","","0.00"
"231","2024-06-21"," 9:20:00 AM","2024-06-21"," 9:25:00 AM","","","","","","","13.44","-1000.00"
"231.1","2024-06-21"," 9:20:00 AM","2024-06-21"," 9:25:00 AM","CE","77600","Sell","20","205.55","205.55","","0.00"
"231.2","2024-06-21"," 9:20:00 AM","2024-06-21"," 9:22:00 AM","PE","77600","Sell","20","227.15","277.15","","-1000.00"
"232","2024-06-21"," 11:20:00 AM","2024-06-21"," 12:39:00 PM","","","","","","","13.35","-1000.00"
"232.1","2024-06-21"," 11:20:00 AM","2024-06-21"," 11:35:00 AM","CE","77200","Sell","20","127.50","177.50","","-1000.00"
"232.2","2024-06-21"," 11:20:00 AM","2024-06-21"," 12:39:00 PM","PE","77200","Sell","20","224.00","224.00","","0.00"
"233","2024-06-24"," 9:20:00 AM","2024-06-24"," 9:56:00 AM","","","","","","","13.86","-1000.00"
"233.1","2024-06-24"," 9:20:00 AM","2024-06-24"," 9:56:00 AM","CE","76900","Sell","20","533.10","533.10","","0.00"
"233.2","2024-06-24"," 9:20:00 AM","2024-06-24"," 9:42:00 AM","PE","76900","Sell","20","468.90","518.90","","-1000.00"
"234","2024-06-24"," 11:20:00 AM","2024-06-24"," 11:51:00 AM","","","","","","","13.91","-1000.00"
"234.1","2024-06-24"," 11:20:00 AM","2024-06-24"," 11:51:00 AM","CE","77300","Sell","20","503.55","503.55","","0.00"
"234.2","2024-06-24"," 11:20:00 AM","2024-06-24"," 11:46:00 AM","PE","77300","Sell","20","484.40","534.40","","-1000.00"
"235","2024-06-25"," 9:20:00 AM","2024-06-25"," 3:15:00 PM","","","","","","","14.02","2551.00"
"235.1","2024-06-25"," 9:20:00 AM","2024-06-25"," 12:31:00 PM","CE","77500","Sell","20","435.00","485.00","","-1000.00"
"235.2","2024-06-25"," 9:20:00 AM","2024-06-25"," 3:15:00 PM","PE","77500","Sell","20","437.50","259.95","","3551.00"
"236","2024-06-25"," 11:20:00 AM","2024-06-25"," 3:15:00 PM","","","","","","","14.07","2366.00"
"236.1","2024-06-25"," 11:20:00 AM","2024-06-25"," 12:27:00 PM","CE","77500","Sell","20","407.65","457.65","","-1000.00"
"236.2","2024-06-25"," 11:20:00 AM","2024-06-25"," 3:15:00 PM","PE","77500","Sell","20","428.25","259.95","","3366.00"
"237","2024-06-26"," 9:20:00 AM","2024-06-26"," 12:49:00 PM","","","","","","","14.41","3964.00"
"237.1","2024-06-26"," 9:20:00 AM","2024-06-26"," 10:56:00 AM","CE","78100","Sell","20","353.10","403.10","","-1000.00"
"237.2","2024-06-26"," 9:20:00 AM","2024-06-26"," 12:49:00 PM","PE","78100","Sell","20","493.20","245.00","","4964.00"
"238","2024-06-26"," 11:20:00 AM","2024-06-26"," 3:15:00 PM","","","","","","","14.22","2388.00"
"238.1","2024-06-26"," 11:20:00 AM","2024-06-26"," 11:31:00 AM","CE","78300","Sell","20","384.65","434.65","","-1000.00"
"238.2","2024-06-26"," 11:20:00 AM","2024-06-26"," 3:15:00 PM","PE","78300","Sell","20","428.90","259.50","","3388.00"
"239","2024-06-27"," 9:20:00 AM","2024-06-27"," 9:39:00 AM","","","","","","","14.21","-1000.00"
"239.1","2024-06-27"," 9:20:00 AM","2024-06-27"," 9:39:00 AM","CE","78600","Sell","20","310.00","310.00","","0.00"
"239.2","2024-06-27"," 9:20:00 AM","2024-06-27"," 9:30:00 AM","PE","78600","Sell","20","428.90","478.90","","-1000.00"
"240","2024-06-27"," 11:20:00 AM","2024-06-27"," 1:00:00 PM","","","","","","","14.42","-1000.00"
"240.1","2024-06-27"," 11:20:00 AM","2024-06-27"," 11:43:00 AM","CE","78800","Sell","20","315.95","365.95","","-1000.00"
"240.2","2024-06-27"," 11:20:00 AM","2024-06-27"," 1:00:00 PM","PE","78800","Sell","20","328.75","328.75","","0.00"
"241","2024-06-28"," 9:20:00 AM","2024-06-28"," 10:31:00 AM","","","","","","","14.08","1555.00"
"241.1","2024-06-28"," 9:20:00 AM","2024-06-28"," 9:41:00 AM","CE","79500","Sell","20","215.25","265.25","","-1000.00"
"241.2","2024-06-28"," 9:20:00 AM","2024-06-28"," 10:31:00 AM","PE","79500","Sell","20","255.45","127.70","","2555.00"
"242","2024-06-28"," 11:20:00 AM","2024-06-28"," 12:18:00 PM","","","","","","","13.91","751.00"
"242.1","2024-06-28"," 11:20:00 AM","2024-06-28"," 12:18:00 PM","CE","79500","Sell","20","175.15","87.60","","1751.00"
"242.2","2024-06-28"," 11:20:00 AM","2024-06-28"," 11:31:00 AM","PE","79500","Sell","20","155.75","205.75","","-1000.00"
"243","2024-07-01"," 9:20:00 AM","2024-07-01"," 3:15:00 PM","","","","","","","14.15","2780.00"
"243.1","2024-07-01"," 9:20:00 AM","2024-07-01"," 9:32:00 AM","CE","79000","Sell","20","584.55","634.55","","-1000.00"
"243.2","2024-07-01"," 9:20:00 AM","2024-07-01"," 3:15:00 PM","PE","79000","Sell","20","529.65","340.65","","3780.00"
"244","2024-07-01"," 11:20:00 AM","2024-07-01"," 3:15:00 PM","","","","","","","13.97","41.00"
"244.1","2024-07-01"," 11:20:00 AM","2024-07-01"," 12:08:00 PM","CE","79300","Sell","20","508.00","558.00","","-1000.00"
"244.2","2024-07-01"," 11:20:00 AM","2024-07-01"," 3:15:00 PM","PE","79300","Sell","20","515.55","463.50","","1041.00"
"245","2024-07-02"," 9:20:00 AM","2024-07-02"," 11:15:00 AM","","","","","","","13.85","-1000.00"
"245.1","2024-07-02"," 9:20:00 AM","2024-07-02"," 11:15:00 AM","CE","79700","Sell","20","428.35","428.35","","0.00"
"245.2","2024-07-02"," 9:20:00 AM","2024-07-02"," 9:29:00 AM","PE","79700","Sell","20","528.65","578.65","","-1000.00"
"246","2024-07-02"," 11:20:00 AM","2024-07-02"," 3:15:00 PM","","","","","","","13.58","1446.00"
"246.1","2024-07-02"," 11:20:00 AM","2024-07-02"," 3:15:00 PM","CE","79600","Sell","20","483.60","361.30","","2446.00"
"246.2","2024-07-02"," 11:20:00 AM","2024-07-02"," 11:41:00 AM","PE","79600","Sell","20","428.75","478.75","","-1000.00"
"247","2024-07-03"," 9:20:00 AM","2024-07-03"," 9:30:00 AM","","","","","","","13.42","-1045.00"
"247.1","2024-07-03"," 9:20:00 AM","2024-07-03"," 9:23:00 AM","CE","79800","Sell","20","351.30","403.55","","-1045.00"
"247.2","2024-07-03"," 9:20:00 AM","2024-07-03"," 9:30:00 AM","PE","79800","Sell","20","442.70","442.70","","0.00"
"248","2024-07-03"," 11:20:00 AM","2024-07-03"," 11:34:00 AM","","","","","","","13.57","-1000.00"
"248.1","2024-07-03"," 11:20:00 AM","2024-07-03"," 11:34:00 AM","CE","79900","Sell","20","349.20","349.20","","0.00"
"248.2","2024-07-03"," 11:20:00 AM","2024-07-03"," 11:28:00 AM","PE","79900","Sell","20","403.65","453.65","","-1000.00"
"249","2024-07-04"," 9:20:00 AM","2024-07-04"," 10:47:00 AM","","","","","","","13.09","-1000.00"
"249.1","2024-07-04"," 9:20:00 AM","2024-07-04"," 9:24:00 AM","CE","80200","Sell","20","262.40","312.40","","-1000.00"
"249.2","2024-07-04"," 9:20:00 AM","2024-07-04"," 10:47:00 AM","PE","80200","Sell","20","402.35","402.35","","0.00"
"250","2024-07-04"," 11:20:00 AM","2024-07-04"," 3:15:00 PM","","","","","","","13.02","486.00"
"250.1","2024-07-04"," 11:20:00 AM","2024-07-04"," 3:15:00 PM","CE","80200","Sell","20","219.35","145.05","","1486.00"
"250.2","2024-07-04"," 11:20:00 AM","2024-07-04"," 3:10:00 PM","PE","80200","Sell","20","318.95","368.95","","-1000.00"
"251","2024-07-05"," 9:20:00 AM","2024-07-05"," 10:02:00 AM","","","","","","","12.77","4355.00"
"251.1","2024-07-05"," 9:20:00 AM","2024-07-05"," 9:54:00 AM","CE","79600","Sell","20","198.55","99.30","","1985.00"
"251.2","2024-07-05"," 9:20:00 AM","2024-07-05"," 10:02:00 AM","PE","79600","Sell","20","237.00","118.50","","2370.00"
"252","2024-07-05"," 11:20:00 AM","2024-07-05"," 11:35:00 AM","","","","","","","12.67","25.00"
"252.1","2024-07-05"," 11:20:00 AM","2024-07-05"," 11:31:00 AM","CE","79700","Sell","20","72.25","122.25","","-1000.00"
"252.2","2024-07-05"," 11:20:00 AM","2024-07-05"," 11:35:00 AM","PE","79700","Sell","20","102.55","51.30","","1025.00"
"253","2024-07-08"," 9:20:00 AM","2024-07-08"," 9:41:00 AM","","","","","","","13.32","-1000.00"
"253.1","2024-07-08"," 9:20:00 AM","2024-07-08"," 9:24:00 AM","CE","79800","Sell","20","478.20","528.20","","-1000.00"
"253.2","2024-07-08"," 9:20:00 AM","2024-07-08"," 9:41:00 AM","PE","79800","Sell","20","393.35","393.35","","0.00"
"254","2024-07-08"," 11:20:00 AM","2024-07-08"," 12:36:00 PM","","","","","","","13.62","-1000.00"
"254.1","2024-07-08"," 11:20:00 AM","2024-07-08"," 12:36:00 PM","CE","79900","Sell","20","419.95","419.95","","0.00"
"254.2","2024-07-08"," 11:20:00 AM","2024-07-08"," 12:14:00 PM","PE","79900","Sell","20","423.95","473.95","","-1000.00"
"255","2024-07-09"," 9:20:00 AM","2024-07-09"," 3:15:00 PM","","","","","","","13.80","1533.00"
"255.1","2024-07-09"," 9:20:00 AM","2024-07-09"," 1:04:00 PM","CE","80200","Sell","20","363.30","413.30","","-1000.00"
"255.2","2024-07-09"," 9:20:00 AM","2024-07-09"," 3:15:00 PM","PE","80200","Sell","20","435.55","308.90","","2533.00"
"256","2024-07-09"," 11:20:00 AM","2024-07-09"," 3:15:00 PM","","","","","","","14.02","35.00"
"256.1","2024-07-09"," 11:20:00 AM","2024-07-09"," 1:09:00 PM","CE","80300","Sell","20","342.70","392.70","","-1000.00"
"256.2","2024-07-09"," 11:20:00 AM","2024-07-09"," 3:15:00 PM","PE","80300","Sell","20","403.55","351.80","","1035.00"
"257","2024-07-10"," 9:20:00 AM","2024-07-10"," 10:36:00 AM","","","","","","","14.46","2684.00"
"257.1","2024-07-10"," 9:20:00 AM","2024-07-10"," 10:36:00 AM","CE","80200","Sell","20","368.40","184.20","","3684.00"
"257.2","2024-07-10"," 9:20:00 AM","2024-07-10"," 10:11:00 AM","PE","80200","Sell","20","354.55","404.55","","-1000.00"
"258","2024-07-10"," 11:20:00 AM","2024-07-10"," 2:07:00 PM","","","","","","","14.83","-1000.00"
"258.1","2024-07-10"," 11:20:00 AM","2024-07-10"," 11:54:00 AM","CE","79600","Sell","20","426.55","476.55","","-1000.00"
"258.2","2024-07-10"," 11:20:00 AM","2024-07-10"," 2:07:00 PM","PE","79600","Sell","20","335.45","335.45","","0.00"
"259","2024-07-11"," 9:20:00 AM","2024-07-11"," 10:17:00 AM","","","","","","","14.28","1759.00"
"259.1","2024-07-11"," 9:20:00 AM","2024-07-11"," 10:17:00 AM","CE","80100","Sell","20","275.95","138.00","","2759.00"
"259.2","2024-07-11"," 9:20:00 AM","2024-07-11"," 9:33:00 AM","PE","80100","Sell","20","320.45","370.45","","-1000.00"
"260","2024-07-11"," 11:20:00 AM","2024-07-11"," 12:12:00 PM","","","","","","","14.16","-1000.00"
"260.1","2024-07-11"," 11:20:00 AM","2024-07-11"," 12:12:00 PM","CE","79700","Sell","20","256.00","256.00","","0.00"
"260.2","2024-07-11"," 11:20:00 AM","2024-07-11"," 12:05:00 PM","PE","79700","Sell","20","264.75","314.75","","-1000.00"
"261","2024-07-12"," 9:20:00 AM","2024-07-12"," 9:28:00 AM","","","","","","","13.94","1343.00"
"261.1","2024-07-12"," 9:20:00 AM","2024-07-12"," 9:23:00 AM","CE","80000","Sell","20","162.05","212.05","","-1000.00"
"261.2","2024-07-12"," 9:20:00 AM","2024-07-12"," 9:28:00 AM","PE","80000","Sell","20","234.30","117.15","","2343.00"
"262","2024-07-12"," 11:20:00 AM","2024-07-12"," 11:58:00 AM","","","","","","","13.80","2057.00"
"262.1","2024-07-12"," 11:20:00 AM","2024-07-12"," 11:58:00 AM","CE","80500","Sell","20","305.75","152.90","","3057.00"
"262.2","2024-07-12"," 11:20:00 AM","2024-07-12"," 11:22:00 AM","PE","80500","Sell","20","195.50","245.50","","-1000.00"
"263","2024-07-15"," 9:20:00 AM","2024-07-15"," 3:15:00 PM","","","","","","","14.30","1244.00"
"263.1","2024-07-15"," 9:20:00 AM","2024-07-15"," 3:15:00 PM","CE","80700","Sell","20","485.60","469.90","","314.00"
"263.2","2024-07-15"," 9:20:00 AM","2024-07-15"," 3:15:00 PM","PE","80700","Sell","20","476.70","430.20","","930.00"
"264","2024-07-15"," 11:20:00 AM","2024-07-15"," 3:15:00 PM","","","","","","","14.12","325.00"
"264.1","2024-07-15"," 11:20:00 AM","2024-07-15"," 3:15:00 PM","CE","80700","Sell","20","484.05","469.90","","283.00"
"264.2","2024-07-15"," 11:20:00 AM","2024-07-15"," 3:15:00 PM","PE","80700","Sell","20","432.30","430.20","","42.00"
"265","2024-07-16"," 9:20:00 AM","2024-07-16"," 3:15:00 PM","","","","","","","14.44","466.00"
"265.1","2024-07-16"," 9:20:00 AM","2024-07-16"," 10:42:00 AM","CE","80700","Sell","20","459.65","509.65","","-1000.00"
"265.2","2024-07-16"," 9:20:00 AM","2024-07-16"," 3:15:00 PM","PE","80700","Sell","20","402.85","329.55","","1466.00"
"266","2024-07-16"," 11:20:00 AM","2024-07-16"," 3:15:00 PM","","","","","","","14.51","665.00"
"266.1","2024-07-16"," 11:20:00 AM","2024-07-16"," 3:15:00 PM","CE","80800","Sell","20","427.45","344.20","","1665.00"
"266.2","2024-07-16"," 11:20:00 AM","2024-07-16"," 1:40:00 PM","PE","80800","Sell","20","373.50","423.50","","-1000.00"
"267","2024-07-18"," 9:20:00 AM","2024-07-18"," 9:45:00 AM","","","","","","","14.64","-1000.00"
"267.1","2024-07-18"," 9:20:00 AM","2024-07-18"," 9:45:00 AM","CE","80600","Sell","20","324.75","324.75","","0.00"
"267.2","2024-07-18"," 9:20:00 AM","2024-07-18"," 9:32:00 AM","PE","80600","Sell","20","334.75","384.75","","-1000.00"
"268","2024-07-18"," 11:20:00 AM","2024-07-18"," 11:36:00 AM","","","","","","","14.58","-1000.00"
"268.1","2024-07-18"," 11:20:00 AM","2024-07-18"," 11:36:00 AM","CE","80600","Sell","20","270.80","270.80","","0.00"
"268.2","2024-07-18"," 11:20:00 AM","2024-07-18"," 11:35:00 AM","PE","80600","Sell","20","297.70","347.70","","-1000.00"
"269","2024-07-19"," 9:20:00 AM","2024-07-19"," 9:48:00 AM","","","","","","","14.69","-1000.00"
"269.1","2024-07-19"," 9:20:00 AM","2024-07-19"," 9:25:00 AM","CE","81200","Sell","20","217.90","267.90","","-1000.00"
"269.2","2024-07-19"," 9:20:00 AM","2024-07-19"," 9:48:00 AM","PE","81200","Sell","20","272.25","272.25","","0.00"
"270","2024-07-19"," 11:20:00 AM","2024-07-19"," 12:35:00 PM","","","","","","","14.60","461.00"
"270.1","2024-07-19"," 11:20:00 AM","2024-07-19"," 12:22:00 PM","CE","81000","Sell","20","146.05","73.00","","1461.00"
"270.2","2024-07-19"," 11:20:00 AM","2024-07-19"," 12:35:00 PM","PE","81000","Sell","20","100.00","150.00","","-1000.00"
"271","2024-07-22"," 9:20:00 AM","2024-07-22"," 3:15:00 PM","","","","","","","15.37","2029.00"
"271.1","2024-07-22"," 9:20:00 AM","2024-07-22"," 9:24:00 AM","CE","80200","Sell","20","853.30","903.30","","-1000.00"
"271.2","2024-07-22"," 9:20:00 AM","2024-07-22"," 3:15:00 PM","PE","80200","Sell","20","803.90","652.45","","3029.00"
"272","2024-07-22"," 11:20:00 AM","2024-07-22"," 12:05:00 PM","","","","","","","15.39","-1000.00"
"272.1","2024-07-22"," 11:20:00 AM","2024-07-22"," 11:45:00 AM","CE","80500","Sell","20","877.55","927.55","","-1000.00"
"272.2","2024-07-22"," 11:20:00 AM","2024-07-22"," 12:05:00 PM","PE","80500","Sell","20","762.55","762.55","","0.00"
"273","2024-07-23"," 9:20:00 AM","2024-07-23"," 9:30:00 AM","","","","","","","15.10","-1000.00"
"273.1","2024-07-23"," 9:20:00 AM","2024-07-23"," 9:30:00 AM","CE","80600","Sell","20","793.85","793.85","","0.00"
"273.2","2024-07-23"," 9:20:00 AM","2024-07-23"," 9:26:00 AM","PE","80600","Sell","20","752.45","802.45","","-1000.00"
"274","2024-07-23"," 11:20:00 AM","2024-07-23"," 11:28:00 AM","","","","","","","15.37","-1000.00"
"274.1","2024-07-23"," 11:20:00 AM","2024-07-23"," 11:23:00 AM","CE","80400","Sell","20","796.20","846.20","","-1000.00"
"274.2","2024-07-23"," 11:20:00 AM","2024-07-23"," 11:28:00 AM","PE","80400","Sell","20","689.50","689.50","","0.00"
"275","2024-07-24"," 9:20:00 AM","2024-07-24"," 9:31:00 AM","","","","","","","12.84","-1000.00"
"275.1","2024-07-24"," 9:20:00 AM","2024-07-24"," 9:22:00 AM","CE","80400","Sell","20","382.25","432.25","","-1000.00"
"275.2","2024-07-24"," 9:20:00 AM","2024-07-24"," 9:31:00 AM","PE","80400","Sell","20","430.25","430.25","","0.00"
"276","2024-07-24"," 11:20:00 AM","2024-07-24"," 3:15:00 PM","","","","","","","12.22","2469.00"
"276.1","2024-07-24"," 11:20:00 AM","2024-07-24"," 3:15:00 PM","CE","80200","Sell","20","455.60","282.15","","3469.00"
"276.2","2024-07-24"," 11:20:00 AM","2024-07-24"," 11:28:00 AM","PE","80200","Sell","20","366.85","416.85","","-1000.00"
"277","2024-07-25"," 9:20:00 AM","2024-07-25"," 10:58:00 AM","","","","","","","12.05","2122.00"
"277.1","2024-07-25"," 9:20:00 AM","2024-07-25"," 9:39:00 AM","CE","79500","Sell","20","420.50","470.50","","-1000.00"
"277.2","2024-07-25"," 9:20:00 AM","2024-07-25"," 10:58:00 AM","PE","79500","Sell","20","312.20","156.10","","3122.00"
"278","2024-07-25"," 11:20:00 AM","2024-07-25"," 2:01:00 PM","","","","","","","12.64","1597.00"
"278.1","2024-07-25"," 11:20:00 AM","2024-07-25"," 11:26:00 AM","CE","79700","Sell","20","301.35","351.35","","-1000.00"
"278.2","2024-07-25"," 11:20:00 AM","2024-07-25"," 2:01:00 PM","PE","79700","Sell","20","259.75","129.90","","2597.00"
"279","2024-07-26"," 9:20:00 AM","2024-07-26"," 9:31:00 AM","","","","","","","12.52","-1000.00"
"279.1","2024-07-26"," 9:20:00 AM","2024-07-26"," 9:23:00 AM","CE","80200","Sell","20","207.40","257.40","","-1000.00"
"279.2","2024-07-26"," 9:20:00 AM","2024-07-26"," 9:31:00 AM","PE","80200","Sell","20","196.45","196.45","","0.00"
"280","2024-07-26"," 11:20:00 AM","2024-07-26"," 12:41:00 PM","","","","","","","12.45","408.00"
"280.1","2024-07-26"," 11:20:00 AM","2024-07-26"," 12:32:00 PM","CE","80700","Sell","20","153.25","203.25","","-1000.00"
"280.2","2024-07-26"," 11:20:00 AM","2024-07-26"," 12:41:00 PM","PE","80700","Sell","20","140.80","70.40","","1408.00"
"281","2024-07-29"," 9:20:00 AM","2024-07-29"," 10:57:00 AM","","","","","","","12.80","-1000.00"
"281.1","2024-07-29"," 9:20:00 AM","2024-07-29"," 10:57:00 AM","CE","81700","Sell","20","457.85","457.85","","0.00"
"281.2","2024-07-29"," 9:20:00 AM","2024-07-29"," 9:42:00 AM","PE","81700","Sell","20","508.50","558.50","","-1000.00"
"282","2024-07-29"," 11:20:00 AM","2024-07-29"," 12:11:00 PM","","","","","","","12.72","-1000.00"
"282.1","2024-07-29"," 11:20:00 AM","2024-07-29"," 11:35:00 AM","CE","81800","Sell","20","433.00","483.00","","-1000.00"
"282.2","2024-07-29"," 11:20:00 AM","2024-07-29"," 12:11:00 PM","PE","81800","Sell","20","506.10","506.10","","0.00"
"283","2024-07-30"," 9:20:00 AM","2024-07-30"," 2:40:00 PM","","","","","","","13.20","3874.00"
"283.1","2024-07-30"," 9:20:00 AM","2024-07-30"," 9:35:00 AM","CE","81400","Sell","20","438.75","488.75","","-1000.00"
"283.2","2024-07-30"," 9:20:00 AM","2024-07-30"," 2:40:00 PM","PE","81400","Sell","20","487.40","243.70","","4874.00"
"284","2024-07-30"," 11:20:00 AM","2024-07-30"," 12:32:00 PM","","","","","","","12.98","-1000.00"
"284.1","2024-07-30"," 11:20:00 AM","2024-07-30"," 12:32:00 PM","CE","81700","Sell","20","404.55","404.55","","0.00"
"284.2","2024-07-30"," 11:20:00 AM","2024-07-30"," 11:53:00 AM","PE","81700","Sell","20","440.85","490.85","","-1000.00"
"285","2024-07-31"," 9:20:00 AM","2024-07-31"," 9:32:00 AM","","","","","","","13.12","-1000.00"
"285.1","2024-07-31"," 9:20:00 AM","2024-07-31"," 9:29:00 AM","CE","81600","Sell","20","373.45","423.45","","-1000.00"
"285.2","2024-07-31"," 9:20:00 AM","2024-07-31"," 9:32:00 AM","PE","81600","Sell","20","385.20","385.20","","0.00"
"286","2024-07-31"," 11:20:00 AM","2024-07-31"," 12:08:00 PM","","","","","","","13.26","-1000.00"
"286.1","2024-07-31"," 11:20:00 AM","2024-07-31"," 12:08:00 PM","CE","81700","Sell","20","384.90","384.90","","0.00"
"286.2","2024-07-31"," 11:20:00 AM","2024-07-31"," 11:32:00 AM","PE","81700","Sell","20","393.00","443.00","","-1000.00"
"287","2024-08-01"," 9:20:00 AM","2024-08-01"," 9:39:00 AM","","","","","","","13.23","-1000.00"
"287.1","2024-08-01"," 9:20:00 AM","2024-08-01"," 9:22:00 AM","CE","82000","Sell","20","340.65","390.65","","-1000.00"
"287.2","2024-08-01"," 9:20:00 AM","2024-08-01"," 9:39:00 AM","PE","82000","Sell","20","315.05","315.05","","0.00"
"288","2024-08-01"," 11:20:00 AM","2024-08-01"," 3:15:00 PM","","","","","","","12.99","728.00"
"288.1","2024-08-01"," 11:20:00 AM","2024-08-01"," 3:15:00 PM","CE","81900","Sell","20","295.30","208.90","","1728.00"
"288.2","2024-08-01"," 11:20:00 AM","2024-08-01"," 11:50:00 AM","PE","81900","Sell","20","254.00","304.00","","-1000.00"
"289","2024-08-02"," 9:20:00 AM","2024-08-02"," 9:31:00 AM","","","","","","","13.42","-1000.00"
"289.1","2024-08-02"," 9:20:00 AM","2024-08-02"," 9:28:00 AM","CE","81300","Sell","20","219.05","269.05","","-1000.00"
"289.2","2024-08-02"," 9:20:00 AM","2024-08-02"," 9:31:00 AM","PE","81300","Sell","20","283.80","283.80","","0.00"
"290","2024-08-02"," 11:20:00 AM","2024-08-02"," 11:53:00 AM","","","","","","","13.66","-1000.00"
"290.1","2024-08-02"," 11:20:00 AM","2024-08-02"," 11:49:00 AM","CE","81200","Sell","20","112.60","162.60","","-1000.00"
"290.2","2024-08-02"," 11:20:00 AM","2024-08-02"," 11:53:00 AM","PE","81200","Sell","20","133.65","133.65","","0.00"
"291","2024-08-05"," 9:20:00 AM","2024-08-05"," 9:57:00 AM","","","","","","","16.83","-1000.00"
"291.1","2024-08-05"," 9:20:00 AM","2024-08-05"," 9:57:00 AM","CE","79600","Sell","20","707.80","707.80","","0.00"
"291.2","2024-08-05"," 9:20:00 AM","2024-08-05"," 9:21:00 AM","PE","79600","Sell","20","638.60","688.60","","-1000.00"
"292","2024-08-05"," 11:20:00 AM","2024-08-05"," 11:26:00 AM","","","","","","","21.82","-1000.00"
"292.1","2024-08-05"," 11:20:00 AM","2024-08-05"," 11:26:00 AM","CE","78600","Sell","20","1006.95","1006.95","","0.00"
"292.2","2024-08-05"," 11:20:00 AM","2024-08-05"," 11:21:00 AM","PE","78600","Sell","20","961.35","1011.35","","-1000.00"
"293","2024-08-06"," 9:20:00 AM","2024-08-06"," 9:26:00 AM","","","","","","","17.56","-1000.00"
"293.1","2024-08-06"," 9:20:00 AM","2024-08-06"," 9:22:00 AM","CE","79700","Sell","20","643.70","693.70","","-1000.00"
"293.2","2024-08-06"," 9:20:00 AM","2024-08-06"," 9:26:00 AM","PE","79700","Sell","20","612.70","612.70","","0.00"
"294","2024-08-06"," 11:20:00 AM","2024-08-06"," 11:31:00 AM","","","","","","","17.99","-1000.00"
"294.1","2024-08-06"," 11:20:00 AM","2024-08-06"," 11:31:00 AM","CE","79400","Sell","20","612.50","612.50","","0.00"
"294.2","2024-08-06"," 11:20:00 AM","2024-08-06"," 11:28:00 AM","PE","79400","Sell","20","621.35","671.35","","-1000.00"
"295","2024-08-07"," 9:20:00 AM","2024-08-07"," 10:32:00 AM","","","","","","","17.04","-1016.00"
"295.1","2024-08-07"," 9:20:00 AM","2024-08-07"," 10:32:00 AM","CE","79500","Sell","20","550.50","551.30","","-16.00"
"295.2","2024-08-07"," 9:20:00 AM","2024-08-07"," 9:22:00 AM","PE","79500","Sell","20","450.05","500.05","","-1000.00"
"296","2024-08-07"," 11:20:00 AM","2024-08-07"," 11:49:00 AM","","","","","","","17.10","-1000.00"
"296.1","2024-08-07"," 11:20:00 AM","2024-08-07"," 11:37:00 AM","CE","79200","Sell","20","514.30","564.30","","-1000.00"
"296.2","2024-08-07"," 11:20:00 AM","2024-08-07"," 11:49:00 AM","PE","79200","Sell","20","449.35","449.35","","0.00"
"297","2024-08-08"," 9:20:00 AM","2024-08-08"," 9:27:00 AM","","","","","","","16.60","-1000.00"
"297.1","2024-08-08"," 9:20:00 AM","2024-08-08"," 9:26:00 AM","CE","79200","Sell","20","467.20","517.20","","-1000.00"
"297.2","2024-08-08"," 9:20:00 AM","2024-08-08"," 9:27:00 AM","PE","79200","Sell","20","403.95","403.95","","0.00"
"298","2024-08-08"," 11:20:00 AM","2024-08-08"," 11:55:00 AM","","","","","","","16.50","-1000.00"
"298.1","2024-08-08"," 11:20:00 AM","2024-08-08"," 11:55:00 AM","CE","79300","Sell","20","408.95","408.95","","0.00"
"298.2","2024-08-08"," 11:20:00 AM","2024-08-08"," 11:22:00 AM","PE","79300","Sell","20","401.30","451.30","","-1000.00"
"299","2024-08-09"," 9:20:00 AM","2024-08-09"," 9:42:00 AM","","","","","","","15.58","1023.00"
"299.1","2024-08-09"," 9:20:00 AM","2024-08-09"," 9:28:00 AM","CE","79600","Sell","20","295.55","345.55","","-1000.00"
"299.2","2024-08-09"," 9:20:00 AM","2024-08-09"," 9:42:00 AM","PE","79600","Sell","20","202.35","101.20","","2023.00"
"300","2024-08-09"," 11:20:00 AM","2024-08-09"," 1:39:00 PM","","","","","","","15.59","2425.00"
"300.1","2024-08-09"," 11:20:00 AM","2024-08-09"," 1:39:00 PM","CE","79700","Sell","20","122.05","61.00","","1221.00"
"300.2","2024-08-09"," 11:20:00 AM","2024-08-09"," 1:19:00 PM","PE","79700","Sell","20","120.40","60.20","","1204.00"
"301","2024-08-12"," 9:20:00 AM","2024-08-12"," 9:51:00 AM","","","","","","","16.51","-1000.00"
"301.1","2024-08-12"," 9:20:00 AM","2024-08-12"," 9:22:00 AM","CE","79400","Sell","20","662.50","712.50","","-1000.00"
"301.2","2024-08-12"," 9:20:00 AM","2024-08-12"," 9:51:00 AM","PE","79400","Sell","20","553.60","553.60","","0.00"
"302","2024-08-12"," 11:20:00 AM","2024-08-12"," 3:01:00 PM","","","","","","","15.77","4406.00"
"302.1","2024-08-12"," 11:20:00 AM","2024-08-12"," 3:01:00 PM","CE","80100","Sell","20","540.60","270.30","","5406.00"
"302.2","2024-08-12"," 11:20:00 AM","2024-08-12"," 11:27:00 AM","PE","80100","Sell","20","511.60","561.60","","-1000.00"
"303","2024-08-13"," 9:20:00 AM","2024-08-13"," 1:58:00 PM","","","","","","","15.99","3786.00"
"303.1","2024-08-13"," 9:20:00 AM","2024-08-13"," 1:58:00 PM","CE","79600","Sell","20","478.60","239.30","","4786.00"
"303.2","2024-08-13"," 9:20:00 AM","2024-08-13"," 12:34:00 PM","PE","79600","Sell","20","465.60","515.60","","-1000.00"
"304","2024-08-13"," 11:20:00 AM","2024-08-13"," 2:08:00 PM","","","","","","","15.76","3809.00"
"304.1","2024-08-13"," 11:20:00 AM","2024-08-13"," 2:08:00 PM","CE","79500","Sell","20","480.90","240.45","","4809.00"
"304.2","2024-08-13"," 11:20:00 AM","2024-08-13"," 12:06:00 PM","PE","79500","Sell","20","384.00","434.00","","-1000.00"
"305","2024-08-14"," 9:20:00 AM","2024-08-14"," 3:15:00 PM","","","","","","","16.17","3253.00"
"305.1","2024-08-14"," 9:20:00 AM","2024-08-14"," 3:15:00 PM","CE","79000","Sell","20","422.45","375.85","","932.00"
"305.2","2024-08-14"," 9:20:00 AM","2024-08-14"," 3:15:00 PM","PE","79000","Sell","20","367.75","251.70","","2321.00"
"306","2024-08-14"," 11:20:00 AM","2024-08-14"," 3:15:00 PM","","","","","","","15.79","68.00"
"306.1","2024-08-14"," 11:20:00 AM","2024-08-14"," 12:08:00 PM","CE","79000","Sell","20","342.20","392.20","","-1000.00"
"306.2","2024-08-14"," 11:20:00 AM","2024-08-14"," 3:15:00 PM","PE","79000","Sell","20","305.10","251.70","","1068.00"
"307","2024-08-16"," 9:20:00 AM","2024-08-16"," 9:38:00 AM","","","","","","","15.03","-1000.00"
"307.1","2024-08-16"," 9:20:00 AM","2024-08-16"," 9:22:00 AM","CE","79800","Sell","20","199.25","249.25","","-1000.00"
"307.2","2024-08-16"," 9:20:00 AM","2024-08-16"," 9:38:00 AM","PE","79800","Sell","20","174.40","174.40","","0.00"
"308","2024-08-16"," 11:20:00 AM","2024-08-16"," 11:29:00 AM","","","","","","","15.06","1134.00"
"308.1","2024-08-16"," 11:20:00 AM","2024-08-16"," 11:26:00 AM","CE","79400","Sell","20","209.50","259.50","","-1000.00"
"308.2","2024-08-16"," 11:20:00 AM","2024-08-16"," 11:29:00 AM","PE","79400","Sell","20","213.40","106.70","","2134.00"
"309","2024-08-19"," 9:20:00 AM","2024-08-19"," 3:15:00 PM","","","","","","","14.75","1532.00"
"309.1","2024-08-19"," 9:20:00 AM","2024-08-19"," 3:15:00 PM","CE","80600","Sell","20","501.45","374.85","","2532.00"
"309.2","2024-08-19"," 9:20:00 AM","2024-08-19"," 9:26:00 AM","PE","80600","Sell","20","479.30","529.30","","-1000.00"
"310","2024-08-19"," 11:20:00 AM","2024-08-19"," 1:42:00 PM","","","","","","","14.50","-1000.00"
"310.1","2024-08-19"," 11:20:00 AM","2024-08-19"," 1:16:00 PM","CE","80500","Sell","20","441.30","491.30","","-1000.00"
"310.2","2024-08-19"," 11:20:00 AM","2024-08-19"," 1:42:00 PM","PE","80500","Sell","20","505.20","505.20","","0.00"
"311","2024-08-20"," 9:20:00 AM","2024-08-20"," 3:15:00 PM","","","","","","","14.22","1441.00"
"311.1","2024-08-20"," 9:20:00 AM","2024-08-20"," 9:44:00 AM","CE","80600","Sell","20","416.60","466.60","","-1000.00"
"311.2","2024-08-20"," 9:20:00 AM","2024-08-20"," 3:15:00 PM","PE","80600","Sell","20","419.10","297.05","","2441.00"
"312","2024-08-20"," 11:20:00 AM","2024-08-20"," 3:15:00 PM","","","","","","","14.04","776.00"
"312.1","2024-08-20"," 11:20:00 AM","2024-08-20"," 3:15:00 PM","CE","80800","Sell","20","412.35","342.45","","1398.00"
"312.2","2024-08-20"," 11:20:00 AM","2024-08-20"," 3:15:00 PM","PE","80800","Sell","20","355.60","386.70","","-622.00"
"313","2024-08-21"," 9:20:00 AM","2024-08-21"," 11:09:00 AM","","","","","","","13.90","-1000.00"
"313.1","2024-08-21"," 9:20:00 AM","2024-08-21"," 10:24:00 AM","CE","80800","Sell","20","337.95","387.95","","-1000.00"
"313.2","2024-08-21"," 9:20:00 AM","2024-08-21"," 11:09:00 AM","PE","80800","Sell","20","364.25","364.25","","0.00"
"314","2024-08-21"," 11:20:00 AM","2024-08-21"," 1:21:00 PM","","","","","","","13.74","-1000.00"
"314.1","2024-08-21"," 11:20:00 AM","2024-08-21"," 11:26:00 AM","CE","80700","Sell","20","352.55","402.55","","-1000.00"
"314.2","2024-08-21"," 11:20:00 AM","2024-08-21"," 1:21:00 PM","PE","80700","Sell","20","315.05","315.05","","0.00"
"315","2024-08-22"," 9:20:00 AM","2024-08-22"," 3:15:00 PM","","","","","","","13.25","2026.00"
"315.1","2024-08-22"," 9:20:00 AM","2024-08-22"," 3:15:00 PM","CE","81100","Sell","20","257.05","224.15","","658.00"
"315.2","2024-08-22"," 9:20:00 AM","2024-08-22"," 3:15:00 PM","PE","81100","Sell","20","294.15","225.75","","1368.00"
"316","2024-08-22"," 11:20:00 AM","2024-08-22"," 3:15:00 PM","","","","","","","13.04","363.00"
"316.1","2024-08-22"," 11:20:00 AM","2024-08-22"," 3:15:00 PM","CE","81100","Sell","20","220.50","224.15","","-73.00"
"316.2","2024-08-22"," 11:20:00 AM","2024-08-22"," 3:15:00 PM","PE","81100","Sell","20","247.55","225.75","","436.00"
"317","2024-08-23"," 9:20:00 AM","2024-08-23"," 9:39:00 AM","","","","","","","13.23","-1000.00"
"317.1","2024-08-23"," 9:20:00 AM","2024-08-23"," 9:26:00 AM","CE","81000","Sell","20","173.70","223.70","","-1000.00"
"317.2","2024-08-23"," 9:20:00 AM","2024-08-23"," 9:39:00 AM","PE","81000","Sell","20","208.55","208.55","","0.00"
"318","2024-08-23"," 11:20:00 AM","2024-08-23"," 12:52:00 PM","","","","","","","12.90","-129.00"
"318.1","2024-08-23"," 11:20:00 AM","2024-08-23"," 12:52:00 PM","CE","81100","Sell","20","87.10","43.55","","871.00"
"318.2","2024-08-23"," 11:20:00 AM","2024-08-23"," 11:52:00 AM","PE","81100","Sell","20","92.35","142.35","","-1000.00"
"319","2024-08-26"," 9:20:00 AM","2024-08-26"," 3:15:00 PM","","","","","","","13.83","2662.00"
"319.1","2024-08-26"," 9:20:00 AM","2024-08-26"," 9:33:00 AM","CE","81300","Sell","20","465.45","515.45","","-1000.00"
"319.2","2024-08-26"," 9:20:00 AM","2024-08-26"," 3:15:00 PM","PE","81300","Sell","20","422.20","239.10","","3662.00"
"320","2024-08-26"," 11:20:00 AM","2024-08-26"," 3:15:00 PM","","","","","","","13.74","-188.00"
"320.1","2024-08-26"," 11:20:00 AM","2024-08-26"," 11:37:00 AM","CE","81600","Sell","20","490.80","540.80","","-1000.00"
"320.2","2024-08-26"," 11:20:00 AM","2024-08-26"," 3:15:00 PM","PE","81600","Sell","20","378.40","337.80","","812.00"
"321","2024-08-27"," 9:20:00 AM","2024-08-27"," 9:58:00 AM","","","","","","","13.96","-1000.00"
"321.1","2024-08-27"," 9:20:00 AM","2024-08-27"," 9:58:00 AM","CE","81800","Sell","20","369.10","369.10","","0.00"
"321.2","2024-08-27"," 9:20:00 AM","2024-08-27"," 9:41:00 AM","PE","81800","Sell","20","400.10","450.10","","-1000.00"
"322","2024-08-27"," 11:20:00 AM","2024-08-27"," 3:15:00 PM","","","","","","","13.62","630.00"
"322.1","2024-08-27"," 11:20:00 AM","2024-08-27"," 3:15:00 PM","CE","81900","Sell","20","344.30","262.80","","1630.00"
"322.2","2024-08-27"," 11:20:00 AM","2024-08-27"," 2:50:00 PM","PE","81900","Sell","20","362.90","412.90","","-1000.00"
"323","2024-08-28"," 9:20:00 AM","2024-08-28"," 3:15:00 PM","","","","","","","13.69","25.00"
"323.1","2024-08-28"," 9:20:00 AM","2024-08-28"," 11:20:00 AM","CE","81800","Sell","20","318.35","368.35","","-1000.00"
"323.2","2024-08-28"," 9:20:00 AM","2024-08-28"," 3:15:00 PM","PE","81800","Sell","20","345.60","294.35","","1025.00"
"324","2024-08-28"," 11:20:00 AM","2024-08-28"," 2:44:00 PM","","","","","","","13.63","-1000.00"
"324.1","2024-08-28"," 11:20:00 AM","2024-08-28"," 11:34:00 AM","CE","81900","Sell","20","315.25","365.25","","-1000.00"
"324.2","2024-08-28"," 11:20:00 AM","2024-08-28"," 2:44:00 PM","PE","81900","Sell","20","299.55","299.55","","0.00"
"325","2024-08-29"," 9:20:00 AM","2024-08-29"," 12:22:00 PM","","","","","","","14.02","1419.00"
"325.1","2024-08-29"," 9:20:00 AM","2024-08-29"," 9:26:00 AM","CE","81700","Sell","20","295.60","345.60","","-1000.00"
"325.2","2024-08-29"," 9:20:00 AM","2024-08-29"," 12:22:00 PM","PE","81700","Sell","20","241.85","120.90","","2419.00"
"326","2024-08-29"," 11:20:00 AM","2024-08-29"," 2:03:00 PM","","","","","","","13.90","-1000.00"
"326.1","2024-08-29"," 11:20:00 AM","2024-08-29"," 12:30:00 PM","CE","82000","Sell","20","264.20","314.20","","-1000.00"
"326.2","2024-08-29"," 11:20:00 AM","2024-08-29"," 2:03:00 PM","PE","82000","Sell","20","246.35","246.35","","0.00"
"327","2024-08-30"," 9:20:00 AM","2024-08-30"," 9:32:00 AM","","","","","","","13.87","-1000.00"
"327.1","2024-08-30"," 9:20:00 AM","2024-08-30"," 9:27:00 AM","CE","82400","Sell","20","235.20","285.20","","-1000.00"
"327.2","2024-08-30"," 9:20:00 AM","2024-08-30"," 9:32:00 AM","PE","82400","Sell","20","186.65","186.65","","0.00"
"328","2024-08-30"," 11:20:00 AM","2024-08-30"," 12:46:00 PM","","","","","","","13.52","424.00"
"328.1","2024-08-30"," 11:20:00 AM","2024-08-30"," 12:46:00 PM","CE","82400","Sell","20","142.40","71.20","","1424.00"
"328.2","2024-08-30"," 11:20:00 AM","2024-08-30"," 11:23:00 AM","PE","82400","Sell","20","143.70","193.70","","-1000.00"
"329","2024-09-02"," 9:20:00 AM","2024-09-02"," 3:15:00 PM","","","","","","","13.66","1242.00"
"329.1","2024-09-02"," 9:20:00 AM","2024-09-02"," 3:15:00 PM","CE","82600","Sell","20","470.20","358.10","","2242.00"
"329.2","2024-09-02"," 9:20:00 AM","2024-09-02"," 12:51:00 PM","PE","82600","Sell","20","435.65","485.65","","-1000.00"
"330","2024-09-02"," 11:20:00 AM","2024-09-02"," 3:15:00 PM","","","","","","","13.65","799.00"
"330.1","2024-09-02"," 11:20:00 AM","2024-09-02"," 3:15:00 PM","CE","82700","Sell","20","401.40","311.45","","1799.00"
"330.2","2024-09-02"," 11:20:00 AM","2024-09-02"," 12:44:00 PM","PE","82700","Sell","20","448.40","498.40","","-1000.00"
"331","2024-09-03"," 9:20:00 AM","2024-09-03"," 3:15:00 PM","","","","","","","13.98","222.00"
"331.1","2024-09-03"," 9:20:00 AM","2024-09-03"," 1:17:00 PM","CE","82500","Sell","20","385.30","435.30","","-1000.00"
"331.2","2024-09-03"," 9:20:00 AM","2024-09-03"," 3:15:00 PM","PE","82500","Sell","20","372.60","311.50","","1222.00"
"332","2024-09-03"," 11:20:00 AM","2024-09-03"," 3:15:00 PM","","","","","","","13.73","-383.00"
"332.1","2024-09-03"," 11:20:00 AM","2024-09-03"," 1:17:00 PM","CE","82500","Sell","20","370.60","420.60","","-1000.00"
"332.2","2024-09-03"," 11:20:00 AM","2024-09-03"," 3:15:00 PM","PE","82500","Sell","20","342.35","311.50","","617.00"
"333","2024-09-04"," 9:20:00 AM","2024-09-04"," 10:34:00 AM","","","","","","","14.34","-1000.00"
"333.1","2024-09-04"," 9:20:00 AM","2024-09-04"," 10:13:00 AM","CE","82000","Sell","20","382.50","432.50","","-1000.00"
"333.2","2024-09-04"," 9:20:00 AM","2024-09-04"," 10:34:00 AM","PE","82000","Sell","20","318.40","318.40","","0.00"
"334","2024-09-04"," 11:20:00 AM","2024-09-04"," 3:15:00 PM","","","","","","","14.28","477.00"
"334.1","2024-09-04"," 11:20:00 AM","2024-09-04"," 1:16:00 PM","CE","82100","Sell","20","341.75","391.75","","-1000.00"
"334.2","2024-09-04"," 11:20:00 AM","2024-09-04"," 3:15:00 PM","PE","82100","Sell","20","313.75","239.90","","1477.00"
"335","2024-09-05"," 9:20:00 AM","2024-09-05"," 9:34:00 AM","","","","","","","14.20","-1000.00"
"335.1","2024-09-05"," 9:20:00 AM","2024-09-05"," 9:34:00 AM","CE","82500","Sell","20","239.30","239.30","","0.00"
"335.2","2024-09-05"," 9:20:00 AM","2024-09-05"," 9:28:00 AM","PE","82500","Sell","20","270.80","320.80","","-1000.00"
"336","2024-09-05"," 11:20:00 AM","2024-09-05"," 3:15:00 PM","","","","","","","14.17","1328.00"
"336.1","2024-09-05"," 11:20:00 AM","2024-09-05"," 3:15:00 PM","CE","82300","Sell","20","262.10","201.70","","1208.00"
"336.2","2024-09-05"," 11:20:00 AM","2024-09-05"," 3:15:00 PM","PE","82300","Sell","20","240.00","234.00","","120.00"
"337","2024-09-06"," 9:20:00 AM","2024-09-06"," 9:24:00 AM","","","","","","","14.16","-1026.00"
"337.1","2024-09-06"," 9:20:00 AM","2024-09-06"," 9:23:00 AM","CE","82000","Sell","20","182.00","232.00","","-1000.00"
"337.2","2024-09-06"," 9:20:00 AM","2024-09-06"," 9:24:00 AM","PE","82000","Sell","20","151.60","152.90","","-26.00"
"338","2024-09-06"," 11:20:00 AM","2024-09-06"," 12:06:00 PM","","","","","","","15.01","407.00"
"338.1","2024-09-06"," 11:20:00 AM","2024-09-06"," 11:39:00 AM","CE","81300","Sell","20","135.90","185.90","","-1000.00"
"338.2","2024-09-06"," 11:20:00 AM","2024-09-06"," 12:06:00 PM","PE","81300","Sell","20","140.65","70.30","","1407.00"
"339","2024-09-09"," 9:20:00 AM","2024-09-09"," 1:27:00 PM","","","","","","","15.46","3940.00"
"339.1","2024-09-09"," 9:20:00 AM","2024-09-09"," 9:40:00 AM","CE","81000","Sell","20","542.00","592.00","","-1000.00"
"339.2","2024-09-09"," 9:20:00 AM","2024-09-09"," 1:27:00 PM","PE","81000","Sell","20","494.00","247.00","","4940.00"
"340","2024-09-09"," 11:20:00 AM","2024-09-09"," 1:21:00 PM","","","","","","","14.60","-1000.00"
"340.1","2024-09-09"," 11:20:00 AM","2024-09-09"," 1:21:00 PM","CE","81400","Sell","20","427.60","427.60","","0.00"
"340.2","2024-09-09"," 11:20:00 AM","2024-09-09"," 12:08:00 PM","PE","81400","Sell","20","457.95","507.95","","-1000.00"
"341","2024-09-10"," 9:20:00 AM","2024-09-10"," 11:16:00 AM","","","","","","","13.94","-1000.00"
"341.1","2024-09-10"," 9:20:00 AM","2024-09-10"," 11:16:00 AM","CE","81700","Sell","20","345.60","345.60","","0.00"
"341.2","2024-09-10"," 9:20:00 AM","2024-09-10"," 9:47:00 AM","PE","81700","Sell","20","377.90","427.90","","-1000.00"
"342","2024-09-10"," 11:20:00 AM","2024-09-10"," 3:15:00 PM","","","","","","","13.73","1391.00"
"342.1","2024-09-10"," 11:20:00 AM","2024-09-10"," 11:59:00 AM","CE","81800","Sell","20","308.25","358.25","","-1000.00"
"342.2","2024-09-10"," 11:20:00 AM","2024-09-10"," 3:15:00 PM","PE","81800","Sell","20","390.65","271.10","","2391.00"
"343","2024-09-11"," 9:20:00 AM","2024-09-11"," 9:39:00 AM","","","","","","","13.27","-1000.00"
"343.1","2024-09-11"," 9:20:00 AM","2024-09-11"," 9:39:00 AM","CE","81900","Sell","20","264.70","264.70","","0.00"
"343.2","2024-09-11"," 9:20:00 AM","2024-09-11"," 9:26:00 AM","PE","81900","Sell","20","357.75","407.75","","-1000.00"
"344","2024-09-11"," 11:20:00 AM","2024-09-11"," 12:59:00 PM","","","","","","","13.19","-1000.00"
"344.1","2024-09-11"," 11:20:00 AM","2024-09-11"," 12:01:00 PM","CE","82000","Sell","20","270.20","320.20","","-1000.00"
"344.2","2024-09-11"," 11:20:00 AM","2024-09-11"," 12:59:00 PM","PE","82000","Sell","20","344.65","344.65","","0.00"
"345","2024-09-12"," 9:20:00 AM","2024-09-12"," 9:40:00 AM","","","","","","","13.17","-1000.00"
"345.1","2024-09-12"," 9:20:00 AM","2024-09-12"," 9:22:00 AM","CE","81800","Sell","20","268.95","318.95","","-1000.00"
"345.2","2024-09-12"," 9:20:00 AM","2024-09-12"," 9:40:00 AM","PE","81800","Sell","20","285.70","285.70","","0.00"
"346","2024-09-12"," 11:20:00 AM","2024-09-12"," 11:27:00 AM","","","","","","","13.06","-1000.00"
"346.1","2024-09-12"," 11:20:00 AM","2024-09-12"," 11:27:00 AM","CE","81800","Sell","20","247.15","247.15","","0.00"
"346.2","2024-09-12"," 11:20:00 AM","2024-09-12"," 11:26:00 AM","PE","81800","Sell","20","286.80","336.80","","-1000.00"
"347","2024-09-13"," 9:20:00 AM","2024-09-13"," 9:36:00 AM","","","","","","","12.99","-1000.00"
"347.1","2024-09-13"," 9:20:00 AM","2024-09-13"," 9:36:00 AM","CE","82800","Sell","20","200.50","200.50","","0.00"
"347.2","2024-09-13"," 9:20:00 AM","2024-09-13"," 9:23:00 AM","PE","82800","Sell","20","226.75","276.75","","-1000.00"
"348","2024-09-13"," 11:20:00 AM","2024-09-13"," 12:28:00 PM","","","","","","","12.74","-1000.00"
"348.1","2024-09-13"," 11:20:00 AM","2024-09-13"," 12:28:00 PM","CE","82900","Sell","20","108.60","108.60","","0.00"
"348.2","2024-09-13"," 11:20:00 AM","2024-09-13"," 11:28:00 AM","PE","82900","Sell","20","80.55","130.55","","-1000.00"
"349","2024-09-16"," 9:20:00 AM","2024-09-16"," 11:09:00 AM","","","","","","","12.85","-1000.00"
"349.1","2024-09-16"," 9:20:00 AM","2024-09-16"," 9:45:00 AM","CE","83000","Sell","20","446.40","496.40","","-1000.00"
"349.2","2024-09-16"," 9:20:00 AM","2024-09-16"," 11:09:00 AM","PE","83000","Sell","20","452.55","452.55","","0.00"
"350","2024-09-16"," 11:20:00 AM","2024-09-16"," 12:43:00 PM","","","","","","","12.66","-1000.00"
"350.1","2024-09-16"," 11:20:00 AM","2024-09-16"," 12:43:00 PM","CE","83000","Sell","20","451.25","451.25","","0.00"
"350.2","2024-09-16"," 11:20:00 AM","2024-09-16"," 11:36:00 AM","PE","83000","Sell","20","431.85","481.85","","-1000.00"
"351","2024-09-17"," 9:20:00 AM","2024-09-17"," 3:15:00 PM","","","","","","","12.72","233.00"
"351.1","2024-09-17"," 9:20:00 AM","2024-09-17"," 11:25:00 AM","CE","82900","Sell","20","465.50","515.50","","-1000.00"
"351.2","2024-09-17"," 9:20:00 AM","2024-09-17"," 3:15:00 PM","PE","82900","Sell","20","384.25","322.60","","1233.00"
"352","2024-09-17"," 11:20:00 AM","2024-09-17"," 2:56:00 PM","","","","","","","12.47","-1000.00"
"352.1","2024-09-17"," 11:20:00 AM","2024-09-17"," 1:46:00 PM","CE","83100","Sell","20","372.00","422.00","","-1000.00"
"352.2","2024-09-17"," 11:20:00 AM","2024-09-17"," 2:56:00 PM","PE","83100","Sell","20","418.00","418.00","","0.00"
"353","2024-09-18"," 9:20:00 AM","2024-09-18"," 1:03:00 PM","","","","","","","12.66","-1000.00"
"353.1","2024-09-18"," 9:20:00 AM","2024-09-18"," 9:23:00 AM","CE","83000","Sell","20","390.80","440.80","","-1000.00"
"353.2","2024-09-18"," 9:20:00 AM","2024-09-18"," 1:03:00 PM","PE","83000","Sell","20","395.95","395.95","","0.00"
"354","2024-09-18"," 11:20:00 AM","2024-09-18"," 3:15:00 PM","","","","","","","12.91","88.00"
"354.1","2024-09-18"," 11:20:00 AM","2024-09-18"," 3:15:00 PM","CE","83300","Sell","20","377.50","321.60","","1118.00"
"354.2","2024-09-18"," 11:20:00 AM","2024-09-18"," 1:01:00 PM","PE","83300","Sell","20","470.00","521.50","","-1030.00"
"355","2024-09-19"," 9:20:00 AM","2024-09-19"," 9:24:00 AM","","","","","","","12.41","-1000.00"
"355.1","2024-09-19"," 9:20:00 AM","2024-09-19"," 9:21:00 AM","CE","83600","Sell","20","291.70","341.70","","-1000.00"
"355.2","2024-09-19"," 9:20:00 AM","2024-09-19"," 9:24:00 AM","PE","83600","Sell","20","346.80","346.80","","0.00"
"356","2024-09-19"," 11:20:00 AM","2024-09-19"," 3:15:00 PM","","","","","","","12.21","241.00"
"356.1","2024-09-19"," 11:20:00 AM","2024-09-19"," 3:15:00 PM","CE","83400","Sell","20","297.05","235.00","","1241.00"
"356.2","2024-09-19"," 11:20:00 AM","2024-09-19"," 11:23:00 AM","PE","83400","Sell","20","253.95","303.95","","-1000.00"
"357","2024-09-20"," 9:20:00 AM","2024-09-20"," 9:22:00 AM","","","","","","","12.50","-1000.00"
"357.1","2024-09-20"," 9:20:00 AM","2024-09-20"," 9:22:00 AM","CE","83400","Sell","20","246.45","246.45","","0.00"
"357.2","2024-09-20"," 9:20:00 AM","2024-09-20"," 9:21:00 AM","PE","83400","Sell","20","234.35","284.35","","-1000.00"
"358","2024-09-20"," 11:20:00 AM","2024-09-20"," 12:10:00 PM","","","","","","","12.55","-1000.00"
"358.1","2024-09-20"," 11:20:00 AM","2024-09-20"," 12:10:00 PM","CE","84200","Sell","20","299.70","299.70","","0.00"
"358.2","2024-09-20"," 11:20:00 AM","2024-09-20"," 11:38:00 AM","PE","84200","Sell","20","224.70","274.70","","-1000.00"
"359","2024-09-23"," 9:20:00 AM","2024-09-23"," 9:25:00 AM","","","","","","","13.44","-1016.00"
"359.1","2024-09-23"," 9:20:00 AM","2024-09-23"," 9:24:00 AM","CE","84800","Sell","20","493.85","543.85","","-1000.00"
"359.2","2024-09-23"," 9:20:00 AM","2024-09-23"," 9:25:00 AM","PE","84800","Sell","20","591.85","592.65","","-16.00"
"360","2024-09-23"," 11:20:00 AM","2024-09-23"," 3:15:00 PM","","","","","","","13.48","211.00"
"360.1","2024-09-23"," 11:20:00 AM","2024-09-23"," 2:19:00 PM","CE","84700","Sell","20","521.75","573.95","","-1044.00"
"360.2","2024-09-23"," 11:20:00 AM","2024-09-23"," 3:15:00 PM","PE","84700","Sell","20","517.15","454.40","","1255.00"
"361","2024-09-24"," 9:20:00 AM","2024-09-24"," 3:15:00 PM","","","","","","","13.96","1155.00"
"361.1","2024-09-24"," 9:20:00 AM","2024-09-24"," 9:48:00 AM","CE","84900","Sell","20","445.05","495.05","","-1000.00"
"361.2","2024-09-24"," 9:20:00 AM","2024-09-24"," 3:15:00 PM","PE","84900","Sell","20","510.75","403.00","","2155.00"
"362","2024-09-24"," 11:20:00 AM","2024-09-24"," 3:15:00 PM","","","","","","","13.91","15.00"
"362.1","2024-09-24"," 11:20:00 AM","2024-09-24"," 1:49:00 PM","CE","84900","Sell","20","449.10","499.10","","-1000.00"
"362.2","2024-09-24"," 11:20:00 AM","2024-09-24"," 3:15:00 PM","PE","84900","Sell","20","453.75","403.00","","1015.00"
"363","2024-09-25"," 9:20:00 AM","2024-09-25"," 3:15:00 PM","","","","","","","13.47","1934.00"
"363.1","2024-09-25"," 9:20:00 AM","2024-09-25"," 3:05:00 PM","CE","84900","Sell","20","379.70","429.70","","-1000.00"
"363.2","2024-09-25"," 9:20:00 AM","2024-09-25"," 3:15:00 PM","PE","84900","Sell","20","417.60","270.90","","2934.00"
"364","2024-09-25"," 11:20:00 AM","2024-09-25"," 1:28:00 PM","","","","","","","13.26","-1000.00"
"364.1","2024-09-25"," 11:20:00 AM","2024-09-25"," 1:28:00 PM","CE","84900","Sell","20","363.80","363.80","","0.00"
"364.2","2024-09-25"," 11:20:00 AM","2024-09-25"," 11:47:00 AM","PE","84900","Sell","20","377.45","427.45","","-1000.00"
"365","2024-09-26"," 9:20:00 AM","2024-09-26"," 2:10:00 PM","","","","","","","12.57","-1000.00"
"365.1","2024-09-26"," 9:20:00 AM","2024-09-26"," 10:10:00 AM","CE","85200","Sell","20","375.05","425.05","","-1000.00"
"365.2","2024-09-26"," 9:20:00 AM","2024-09-26"," 2:10:00 PM","PE","85200","Sell","20","314.80","314.80","","0.00"
"366","2024-09-26"," 11:20:00 AM","2024-09-26"," 1:11:00 PM","","","","","","","12.12","-1000.00"
"366.1","2024-09-26"," 11:20:00 AM","2024-09-26"," 12:21:00 PM","CE","85400","Sell","20","317.10","367.10","","-1000.00"
"366.2","2024-09-26"," 11:20:00 AM","2024-09-26"," 1:11:00 PM","PE","85400","Sell","20","330.15","330.15","","0.00"
"367","2024-09-27"," 9:20:00 AM","2024-09-27"," 9:51:00 AM","","","","","","","11.89","745.00"
"367.1","2024-09-27"," 9:20:00 AM","2024-09-27"," 9:51:00 AM","CE","85800","Sell","20","223.50","273.50","","-1000.00"
"367.2","2024-09-27"," 9:20:00 AM","2024-09-27"," 9:47:00 AM","PE","85800","Sell","20","174.45","87.20","","1745.00"
"368","2024-09-27"," 11:20:00 AM","2024-09-27"," 12:53:00 PM","","","","","","","11.77","2733.00"
"368.1","2024-09-27"," 11:20:00 AM","2024-09-27"," 12:53:00 PM","CE","85700","Sell","20","176.30","88.15","","1763.00"
"368.2","2024-09-27"," 11:20:00 AM","2024-09-27"," 12:20:00 PM","PE","85700","Sell","20","97.00","48.50","","970.00"
"369","2024-09-30"," 9:20:00 AM","2024-09-30"," 1:08:00 PM","","","","","","","12.62","4393.00"
"369.1","2024-09-30"," 9:20:00 AM","2024-09-30"," 1:08:00 PM","CE","85200","Sell","20","539.30","269.65","","5393.00"
"369.2","2024-09-30"," 9:20:00 AM","2024-09-30"," 9:31:00 AM","PE","85200","Sell","20","381.00","431.00","","-1000.00"
"370","2024-09-30"," 11:20:00 AM","2024-09-30"," 3:15:00 PM","","","","","","","12.77","3372.00"
"370.1","2024-09-30"," 11:20:00 AM","2024-09-30"," 3:15:00 PM","CE","84700","Sell","20","607.05","388.45","","4372.00"
"370.2","2024-09-30"," 11:20:00 AM","2024-09-30"," 11:27:00 AM","PE","84700","Sell","20","387.50","437.50","","-1000.00"
"371","2024-10-01"," 9:20:00 AM","2024-10-01"," 10:36:00 AM","","","","","","","12.47","3956.00"
"371.1","2024-10-01"," 9:20:00 AM","2024-10-01"," 10:36:00 AM","CE","84600","Sell","20","495.60","247.80","","4956.00"
"371.2","2024-10-01"," 9:20:00 AM","2024-10-01"," 9:31:00 AM","PE","84600","Sell","20","371.15","421.15","","-1000.00"
"372","2024-10-01"," 11:20:00 AM","2024-10-01"," 12:46:00 PM","","","","","","","12.29","-1000.00"
"372.1","2024-10-01"," 11:20:00 AM","2024-10-01"," 11:44:00 AM","CE","84200","Sell","20","440.85","490.85","","-1000.00"
"372.2","2024-10-01"," 11:20:00 AM","2024-10-01"," 12:46:00 PM","PE","84200","Sell","20","374.75","374.75","","0.00"
"373","2024-10-03"," 9:20:00 AM","2024-10-03"," 11:22:00 AM","","","","","","","13.01","-1000.00"
"373.1","2024-10-03"," 9:20:00 AM","2024-10-03"," 9:30:00 AM","CE","83400","Sell","20","439.30","489.30","","-1000.00"
"373.2","2024-10-03"," 9:20:00 AM","2024-10-03"," 11:22:00 AM","PE","83400","Sell","20","433.50","433.50","","0.00"
"374","2024-10-03"," 11:20:00 AM","2024-10-03"," 1:16:00 PM","","","","","","","13.25","3083.00"
"374.1","2024-10-03"," 11:20:00 AM","2024-10-03"," 1:16:00 PM","CE","83200","Sell","20","408.25","204.10","","4083.00"
"374.2","2024-10-03"," 11:20:00 AM","2024-10-03"," 11:25:00 AM","PE","83200","Sell","20","329.30","379.30","","-1000.00"
"375","2024-10-04"," 9:20:00 AM","2024-10-04"," 9:33:00 AM","","","","","","","13.65","1351.00"
"375.1","2024-10-04"," 9:20:00 AM","2024-10-04"," 9:33:00 AM","CE","82300","Sell","20","235.05","117.50","","2351.00"
"375.2","2024-10-04"," 9:20:00 AM","2024-10-04"," 9:25:00 AM","PE","82300","Sell","20","296.55","346.55","","-1000.00"
"376","2024-10-04"," 11:20:00 AM","2024-10-04"," 11:28:00 AM","","","","","","","13.44","-1000.00"
"376.1","2024-10-04"," 11:20:00 AM","2024-10-04"," 11:28:00 AM","CE","82800","Sell","20","354.25","354.25","","0.00"
"376.2","2024-10-04"," 11:20:00 AM","2024-10-04"," 11:21:00 AM","PE","82800","Sell","20","281.60","331.60","","-1000.00"
"377","2024-10-07"," 9:20:00 AM","2024-10-07"," 9:28:00 AM","","","","","","","14.17","-1000.00"
"377.1","2024-10-07"," 9:20:00 AM","2024-10-07"," 9:28:00 AM","CE","82000","Sell","20","708.90","708.90","","0.00"
"377.2","2024-10-07"," 9:20:00 AM","2024-10-07"," 9:27:00 AM","PE","82000","Sell","20","569.85","619.85","","-1000.00"
"378","2024-10-07"," 11:20:00 AM","2024-10-07"," 11:55:00 AM","","","","","","","14.65","-1000.00"
"378.1","2024-10-07"," 11:20:00 AM","2024-10-07"," 11:24:00 AM","CE","81400","Sell","20","819.95","869.95","","-1000.00"
"378.2","2024-10-07"," 11:20:00 AM","2024-10-07"," 11:55:00 AM","PE","81400","Sell","20","630.95","630.95","","0.00"
"379","2024-10-08"," 9:20:00 AM","2024-10-08"," 9:26:00 AM","","","","","","","15.52","-1000.00"
"379.1","2024-10-08"," 9:20:00 AM","2024-10-08"," 9:22:00 AM","CE","81000","Sell","20","803.05","853.05","","-1000.00"
"379.2","2024-10-08"," 9:20:00 AM","2024-10-08"," 9:26:00 AM","PE","81000","Sell","20","628.05","628.05","","0.00"
"380","2024-10-08"," 11:20:00 AM","2024-10-08"," 11:58:00 AM","","","","","","","14.81","-1000.00"
"380.1","2024-10-08"," 11:20:00 AM","2024-10-08"," 11:27:00 AM","CE","81500","Sell","20","631.10","681.10","","-1000.00"
"380.2","2024-10-08"," 11:20:00 AM","2024-10-08"," 11:58:00 AM","PE","81500","Sell","20","579.80","579.80","","0.00"
"381","2024-10-09"," 9:20:00 AM","2024-10-09"," 9:43:00 AM","","","","","","","14.48","-1000.00"
"381.1","2024-10-09"," 9:20:00 AM","2024-10-09"," 9:43:00 AM","CE","81800","Sell","20","511.25","511.25","","0.00"
"381.2","2024-10-09"," 9:20:00 AM","2024-10-09"," 9:39:00 AM","PE","81800","Sell","20","539.65","589.65","","-1000.00"
"382","2024-10-09"," 11:20:00 AM","2024-10-09"," 1:22:00 PM","","","","","","","13.67","3549.00"
"382.1","2024-10-09"," 11:20:00 AM","2024-10-09"," 1:22:00 PM","CE","82300","Sell","20","454.90","227.45","","4549.00"
"382.2","2024-10-09"," 11:20:00 AM","2024-10-09"," 11:44:00 AM","PE","82300","Sell","20","448.85","498.85","","-1000.00"
"383","2024-10-10"," 9:20:00 AM","2024-10-10"," 9:24:00 AM","","","","","","","13.98","-1000.00"
"383.1","2024-10-10"," 9:20:00 AM","2024-10-10"," 9:24:00 AM","CE","81700","Sell","20","423.50","423.50","","0.00"
"383.2","2024-10-10"," 9:20:00 AM","2024-10-10"," 9:23:00 AM","PE","81700","Sell","20","407.50","457.50","","-1000.00"
"384","2024-10-10"," 11:20:00 AM","2024-10-10"," 3:15:00 PM","","","","","","","13.61","-12.00"
"384.1","2024-10-10"," 11:20:00 AM","2024-10-10"," 11:56:00 AM","CE","81600","Sell","20","371.65","421.65","","-1000.00"
"384.2","2024-10-10"," 11:20:00 AM","2024-10-10"," 3:15:00 PM","PE","81600","Sell","20","331.40","282.00","","988.00"
"385","2024-10-11"," 9:20:00 AM","2024-10-11"," 9:46:00 AM","","","","","","","13.62","1437.00"
"385.1","2024-10-11"," 9:20:00 AM","2024-10-11"," 9:23:00 AM","CE","81500","Sell","20","192.00","242.00","","-1000.00"
"385.2","2024-10-11"," 9:20:00 AM","2024-10-11"," 9:46:00 AM","PE","81500","Sell","20","243.70","121.85","","2437.00"
"386","2024-10-11"," 11:20:00 AM","2024-10-11"," 1:06:00 PM","","","","","","","13.39","1836.00"
"386.1","2024-10-11"," 11:20:00 AM","2024-10-11"," 1:06:00 PM","CE","81400","Sell","20","93.75","46.90","","937.00"
"386.2","2024-10-11"," 11:20:00 AM","2024-10-11"," 12:27:00 PM","PE","81400","Sell","20","89.95","45.00","","899.00"
"387","2024-10-14"," 9:20:00 AM","2024-10-14"," 9:44:00 AM","","","","","","","13.51","-1000.00"
"387.1","2024-10-14"," 9:20:00 AM","2024-10-14"," 9:44:00 AM","CE","81700","Sell","20","496.65","496.65","","0.00"
"387.2","2024-10-14"," 9:20:00 AM","2024-10-14"," 9:28:00 AM","PE","81700","Sell","20","453.05","503.05","","-1000.00"
"388","2024-10-14"," 11:20:00 AM","2024-10-14"," 1:08:00 PM","","","","","","","13.22","-1000.00"
"388.1","2024-10-14"," 11:20:00 AM","2024-10-14"," 11:48:00 AM","CE","81900","Sell","20","489.60","539.60","","-1000.00"
"388.2","2024-10-14"," 11:20:00 AM","2024-10-14"," 1:08:00 PM","PE","81900","Sell","20","390.85","390.85","","0.00"
"389","2024-10-15"," 9:20:00 AM","2024-10-15"," 1:05:00 PM","","","","","","","12.87","3173.00"
"389.1","2024-10-15"," 9:20:00 AM","2024-10-15"," 1:05:00 PM","CE","82200","Sell","20","417.35","208.70","","4173.00"
"389.2","2024-10-15"," 9:20:00 AM","2024-10-15"," 9:46:00 AM","PE","82200","Sell","20","345.00","395.00","","-1000.00"
"390","2024-10-15"," 11:20:00 AM","2024-10-15"," 11:58:00 AM","","","","","","","13.09","-1000.00"
"390.1","2024-10-15"," 11:20:00 AM","2024-10-15"," 11:58:00 AM","CE","81800","Sell","20","437.45","437.45","","0.00"
"390.2","2024-10-15"," 11:20:00 AM","2024-10-15"," 11:26:00 AM","PE","81800","Sell","20","380.20","430.20","","-1000.00"
"391","2024-10-16"," 9:20:00 AM","2024-10-16"," 11:16:00 AM","","","","","","","13.12","-1000.00"
"391.1","2024-10-16"," 9:20:00 AM","2024-10-16"," 9:32:00 AM","CE","81700","Sell","20","349.35","399.35","","-1000.00"
"391.2","2024-10-16"," 9:20:00 AM","2024-10-16"," 11:16:00 AM","PE","81700","Sell","20","365.85","365.85","","0.00"
"392","2024-10-16"," 11:20:00 AM","2024-10-16"," 2:04:00 PM","","","","","","","13.29","-1000.00"
"392.1","2024-10-16"," 11:20:00 AM","2024-10-16"," 2:04:00 PM","CE","81600","Sell","20","372.20","372.20","","0.00"
"392.2","2024-10-16"," 11:20:00 AM","2024-10-16"," 11:30:00 AM","PE","81600","Sell","20","360.25","410.25","","-1000.00"
"393","2024-10-17"," 9:20:00 AM","2024-10-17"," 9:33:00 AM","","","","","","","13.26","-1000.00"
"393.1","2024-10-17"," 9:20:00 AM","2024-10-17"," 9:33:00 AM","CE","81600","Sell","20","341.55","341.55","","0.00"
"393.2","2024-10-17"," 9:20:00 AM","2024-10-17"," 9:28:00 AM","PE","81600","Sell","20","281.50","331.50","","-1000.00"
"394","2024-10-17"," 11:20:00 AM","2024-10-17"," 3:15:00 PM","","","","","","","13.32","2219.00"
"394.1","2024-10-17"," 11:20:00 AM","2024-10-17"," 3:15:00 PM","CE","81100","Sell","20","335.00","256.00","","1580.00"
"394.2","2024-10-17"," 11:20:00 AM","2024-10-17"," 3:15:00 PM","PE","81100","Sell","20","260.25","228.30","","639.00"
"395","2024-10-18"," 9:20:00 AM","2024-10-18"," 9:32:00 AM","","","","","","","13.88","-1000.00"
"395.1","2024-10-18"," 9:20:00 AM","2024-10-18"," 9:32:00 AM","CE","80500","Sell","20","271.75","271.75","","0.00"
"395.2","2024-10-18"," 9:20:00 AM","2024-10-18"," 9:27:00 AM","PE","80500","Sell","20","178.10","228.10","","-1000.00"
"396","2024-10-18"," 11:20:00 AM","2024-10-18"," 11:45:00 AM","","","","","","","13.40","163.00"
"396.1","2024-10-18"," 11:20:00 AM","2024-10-18"," 11:32:00 AM","CE","80800","Sell","20","149.75","199.75","","-1000.00"
"396.2","2024-10-18"," 11:20:00 AM","2024-10-18"," 11:45:00 AM","PE","80800","Sell","20","116.35","58.20","","1163.00"
"397","2024-10-21"," 9:20:00 AM","2024-10-21"," 9:25:00 AM","","","","","","","13.35","-1000.00"
"397.1","2024-10-21"," 9:20:00 AM","2024-10-21"," 9:25:00 AM","CE","81600","Sell","20","467.95","467.95","","0.00"
"397.2","2024-10-21"," 9:20:00 AM","2024-10-21"," 9:22:00 AM","PE","81600","Sell","20","405.55","455.55","","-1000.00"
"398","2024-10-21"," 11:20:00 AM","2024-10-21"," 1:20:00 PM","","","","","","","13.74","-1000.00"
"398.1","2024-10-21"," 11:20:00 AM","2024-10-21"," 1:20:00 PM","CE","81200","Sell","20","455.00","455.00","","0.00"
"398.2","2024-10-21"," 11:20:00 AM","2024-10-21"," 11:33:00 AM","PE","81200","Sell","20","490.00","540.00","","-1000.00"
"399","2024-10-22"," 9:20:00 AM","2024-10-22"," 9:29:00 AM","","","","","","","13.86","-1000.00"
"399.1","2024-10-22"," 9:20:00 AM","2024-10-22"," 9:29:00 AM","CE","81300","Sell","20","445.75","445.75","","0.00"
"399.2","2024-10-22"," 9:20:00 AM","2024-10-22"," 9:23:00 AM","PE","81300","Sell","20","413.55","463.55","","-1000.00"
"400","2024-10-22"," 11:20:00 AM","2024-10-22"," 11:33:00 AM","","","","","","","13.96","-1000.00"
"400.1","2024-10-22"," 11:20:00 AM","2024-10-22"," 11:33:00 AM","CE","81000","Sell","20","450.10","450.10","","0.00"
"400.2","2024-10-22"," 11:20:00 AM","2024-10-22"," 11:22:00 AM","PE","81000","Sell","20","419.25","469.25","","-1000.00"
"401","2024-10-23"," 9:20:00 AM","2024-10-23"," 9:29:00 AM","","","","","","","14.64","-1000.00"
"401.1","2024-10-23"," 9:20:00 AM","2024-10-23"," 9:29:00 AM","CE","80400","Sell","20","472.20","472.20","","0.00"
"401.2","2024-10-23"," 9:20:00 AM","2024-10-23"," 9:23:00 AM","PE","80400","Sell","20","434.60","484.60","","-1000.00"
"402","2024-10-23"," 11:20:00 AM","2024-10-23"," 12:07:00 PM","","","","","","","14.59","-1000.00"
"402.1","2024-10-23"," 11:20:00 AM","2024-10-23"," 11:47:00 AM","CE","80500","Sell","20","496.55","546.55","","-1000.00"
"402.2","2024-10-23"," 11:20:00 AM","2024-10-23"," 12:07:00 PM","PE","80500","Sell","20","380.85","380.85","","0.00"
"403","2024-10-24"," 9:20:00 AM","2024-10-24"," 9:23:00 AM","","","","","","","14.88","-1000.00"
"403.1","2024-10-24"," 9:20:00 AM","2024-10-24"," 9:23:00 AM","CE","80200","Sell","20","356.35","356.35","","0.00"
"403.2","2024-10-24"," 9:20:00 AM","2024-10-24"," 9:21:00 AM","PE","80200","Sell","20","362.55","412.55","","-1000.00"
"404","2024-10-24"," 11:20:00 AM","2024-10-24"," 3:15:00 PM","","","","","","","14.31","1144.00"
"404.1","2024-10-24"," 11:20:00 AM","2024-10-24"," 3:15:00 PM","CE","80000","Sell","20","309.45","315.00","","-111.00"
"404.2","2024-10-24"," 11:20:00 AM","2024-10-24"," 3:15:00 PM","PE","80000","Sell","20","225.75","163.00","","1255.00"
"405","2024-10-25"," 9:20:00 AM","2024-10-25"," 9:33:00 AM","","","","","","","14.02","1227.00"
"405.1","2024-10-25"," 9:20:00 AM","2024-10-25"," 9:33:00 AM","CE","80200","Sell","20","222.65","111.30","","2227.00"
"405.2","2024-10-25"," 9:20:00 AM","2024-10-25"," 9:23:00 AM","PE","80200","Sell","20","234.00","284.00","","-1000.00"
"406","2024-10-25"," 11:20:00 AM","2024-10-25"," 11:35:00 AM","","","","","","","14.78","1326.00"
"406.1","2024-10-25"," 11:20:00 AM","2024-10-25"," 11:35:00 AM","CE","79600","Sell","20","232.60","116.30","","2326.00"
"406.2","2024-10-25"," 11:20:00 AM","2024-10-25"," 11:31:00 AM","PE","79600","Sell","20","232.50","282.50","","-1000.00"
"407","2024-10-28"," 9:20:00 AM","2024-10-28"," 9:55:00 AM","","","","","","","14.88","-1000.00"
"407.1","2024-10-28"," 9:20:00 AM","2024-10-28"," 9:55:00 AM","CE","79700","Sell","20","494.60","494.60","","0.00"
"407.2","2024-10-28"," 9:20:00 AM","2024-10-28"," 9:29:00 AM","PE","79700","Sell","20","410.90","460.90","","-1000.00"
"408","2024-10-28"," 11:20:00 AM","2024-10-28"," 2:05:00 PM","","","","","","","14.52","-1000.00"
"408.1","2024-10-28"," 11:20:00 AM","2024-10-28"," 11:45:00 AM","CE","80200","Sell","20","414.15","464.15","","-1000.00"
"408.2","2024-10-28"," 11:20:00 AM","2024-10-28"," 2:05:00 PM","PE","80200","Sell","20","439.15","439.15","","0.00"
"409","2024-10-29"," 9:20:00 AM","2024-10-29"," 9:27:00 AM","","","","","","","14.51","-1000.00"
"409.1","2024-10-29"," 9:20:00 AM","2024-10-29"," 9:27:00 AM","CE","79800","Sell","20","455.35","455.35","","0.00"
"409.2","2024-10-29"," 9:20:00 AM","2024-10-29"," 9:24:00 AM","PE","79800","Sell","20","327.90","377.90","","-1000.00"
"410","2024-10-29"," 11:20:00 AM","2024-10-29"," 12:53:00 PM","","","","","","","14.78","2975.00"
"410.1","2024-10-29"," 11:20:00 AM","2024-10-29"," 11:39:00 AM","CE","79600","Sell","20","417.00","467.00","","-1000.00"
"410.2","2024-10-29"," 11:20:00 AM","2024-10-29"," 12:53:00 PM","PE","79600","Sell","20","397.50","198.75","","3975.00"
"411","2024-10-30"," 9:20:00 AM","2024-10-30"," 9:25:00 AM","","","","","","","14.96","-1000.00"
"411.1","2024-10-30"," 9:20:00 AM","2024-10-30"," 9:23:00 AM","CE","80100","Sell","20","372.30","422.30","","-1000.00"
"411.2","2024-10-30"," 9:20:00 AM","2024-10-30"," 9:25:00 AM","PE","80100","Sell","20","285.85","285.85","","0.00"
"412","2024-10-30"," 11:20:00 AM","2024-10-30"," 11:32:00 AM","","","","","","","15.19","-1000.00"
"412.1","2024-10-30"," 11:20:00 AM","2024-10-30"," 11:25:00 AM","CE","80200","Sell","20","350.05","400.05","","-1000.00"
"412.2","2024-10-30"," 11:20:00 AM","2024-10-30"," 11:32:00 AM","PE","80200","Sell","20","232.70","232.70","","0.00"
"413","2024-10-31"," 9:20:00 AM","2024-10-31"," 9:32:00 AM","","","","","","","16.00","1385.00"
"413.1","2024-10-31"," 9:20:00 AM","2024-10-31"," 9:32:00 AM","CE","79800","Sell","20","238.45","119.20","","2385.00"
"413.2","2024-10-31"," 9:20:00 AM","2024-10-31"," 9:26:00 AM","PE","79800","Sell","20","195.00","245.00","","-1000.00"
"414","2024-10-31"," 11:20:00 AM","2024-10-31"," 12:21:00 PM","","","","","","","15.93","-505.00"
"414.1","2024-10-31"," 11:20:00 AM","2024-10-31"," 12:21:00 PM","CE","79600","Sell","20","49.55","24.80","","495.00"
"414.2","2024-10-31"," 11:20:00 AM","2024-10-31"," 12:21:00 PM","PE","79600","Sell","20","117.10","167.10","","-1000.00"
"415","2024-11-04"," 9:20:00 AM","2024-11-04"," 3:15:00 PM","","","","","","","16.85","2574.00"
"415.1","2024-11-04"," 9:20:00 AM","2024-11-04"," 3:15:00 PM","CE","79100","Sell","20","774.95","596.25","","3574.00"
"415.2","2024-11-04"," 9:20:00 AM","2024-11-04"," 9:25:00 AM","PE","79100","Sell","20","619.80","669.80","","-1000.00"
"416","2024-11-04"," 11:20:00 AM","2024-11-04"," 3:15:00 PM","","","","","","","17.47","6343.00"
"416.1","2024-11-04"," 11:20:00 AM","2024-11-04"," 11:28:00 AM","CE","78300","Sell","20","816.15","866.15","","-1000.00"
"416.2","2024-11-04"," 11:20:00 AM","2024-11-04"," 3:15:00 PM","PE","78300","Sell","20","831.25","464.10","","7343.00"
"417","2024-11-05"," 9:20:00 AM","2024-11-05"," 9:28:00 AM","","","","","","","16.98","-1000.00"
"417.1","2024-11-05"," 9:20:00 AM","2024-11-05"," 9:28:00 AM","CE","78800","Sell","20","739.10","739.10","","0.00"
"417.2","2024-11-05"," 9:20:00 AM","2024-11-05"," 9:21:00 AM","PE","78800","Sell","20","641.45","691.45","","-1000.00"
"418","2024-11-05"," 11:20:00 AM","2024-11-05"," 1:27:00 PM","","","","","","","16.83","-1000.00"
"418.1","2024-11-05"," 11:20:00 AM","2024-11-05"," 1:27:00 PM","CE","78700","Sell","20","694.20","694.20","","0.00"
"418.2","2024-11-05"," 11:20:00 AM","2024-11-05"," 11:25:00 AM","PE","78700","Sell","20","613.05","663.05","","-1000.00"
"419","2024-11-06"," 9:20:00 AM","2024-11-06"," 9:26:00 AM","","","","","","","15.54","-1000.00"
"419.1","2024-11-06"," 9:20:00 AM","2024-11-06"," 9:26:00 AM","CE","79700","Sell","20","545.00","545.00","","0.00"
"419.2","2024-11-06"," 9:20:00 AM","2024-11-06"," 9:21:00 AM","PE","79700","Sell","20","547.60","597.60","","-1000.00"
"420","2024-11-06"," 11:20:00 AM","2024-11-06"," 1:32:00 PM","","","","","","","15.20","3263.00"
"420.1","2024-11-06"," 11:20:00 AM","2024-11-06"," 11:35:00 AM","CE","79900","Sell","20","480.35","530.35","","-1000.00"
"420.2","2024-11-06"," 11:20:00 AM","2024-11-06"," 1:32:00 PM","PE","79900","Sell","20","426.35","213.20","","4263.00"
"421","2024-11-07"," 9:20:00 AM","2024-11-07"," 9:58:00 AM","","","","","","","15.19","2806.00"
"421.1","2024-11-07"," 9:20:00 AM","2024-11-07"," 9:58:00 AM","CE","80300","Sell","20","380.60","190.30","","3806.00"
"421.2","2024-11-07"," 9:20:00 AM","2024-11-07"," 9:24:00 AM","PE","80300","Sell","20","332.70","382.70","","-1000.00"
"422","2024-11-07"," 11:20:00 AM","2024-11-07"," 3:15:00 PM","","","","","","","15.03","1409.00"
"422.1","2024-11-07"," 11:20:00 AM","2024-11-07"," 11:31:00 AM","CE","79500","Sell","20","326.80","376.80","","-1000.00"
"422.2","2024-11-07"," 11:20:00 AM","2024-11-07"," 3:15:00 PM","PE","79500","Sell","20","347.90","227.45","","2409.00"
"423","2024-11-08"," 9:20:00 AM","2024-11-08"," 9:27:00 AM","","","","","","","15.30","2351.00"
"423.1","2024-11-08"," 9:20:00 AM","2024-11-08"," 9:26:00 AM","CE","79200","Sell","20","308.40","358.40","","-1000.00"
"423.2","2024-11-08"," 9:20:00 AM","2024-11-08"," 9:27:00 AM","PE","79200","Sell","20","335.10","167.55","","3351.00"
"424","2024-11-08"," 11:20:00 AM","2024-11-08"," 11:55:00 AM","","","","","","","14.63","-555.00"
"424.1","2024-11-08"," 11:20:00 AM","2024-11-08"," 11:55:00 AM","CE","79500","Sell","20","44.55","22.30","","445.00"
"424.2","2024-11-08"," 11:20:00 AM","2024-11-08"," 11:52:00 AM","PE","79500","Sell","20","63.45","113.45","","-1000.00"
"425","2024-11-11"," 9:20:00 AM","2024-11-11"," 10:30:00 AM","","","","","","","15.25","3523.00"
"425.1","2024-11-11"," 9:20:00 AM","2024-11-11"," 9:22:00 AM","CE","79200","Sell","20","479.50","529.50","","-1000.00"
"425.2","2024-11-11"," 9:20:00 AM","2024-11-11"," 10:30:00 AM","PE","79200","Sell","20","452.25","226.10","","4523.00"
"426","2024-11-11"," 11:20:00 AM","2024-11-11"," 1:43:00 PM","","","","","","","14.33","3635.00"
"426.1","2024-11-11"," 11:20:00 AM","2024-11-11"," 1:43:00 PM","CE","80000","Sell","20","463.45","231.70","","4635.00"
"426.2","2024-11-11"," 11:20:00 AM","2024-11-11"," 12:03:00 PM","PE","80000","Sell","20","376.45","426.45","","-1000.00"
"427","2024-11-12"," 9:20:00 AM","2024-11-12"," 9:22:00 AM","","","","","","","14.29","-1000.00"
"427.1","2024-11-12"," 9:20:00 AM","2024-11-12"," 9:22:00 AM","CE","79700","Sell","20","368.80","368.80","","0.00"
"427.2","2024-11-12"," 9:20:00 AM","2024-11-12"," 9:21:00 AM","PE","79700","Sell","20","352.70","402.70","","-1000.00"
"428","2024-11-12"," 11:20:00 AM","2024-11-12"," 12:24:00 PM","","","","","","","14.24","-1000.00"
"428.1","2024-11-12"," 11:20:00 AM","2024-11-12"," 12:24:00 PM","CE","79500","Sell","20","350.00","350.00","","0.00"
"428.2","2024-11-12"," 11:20:00 AM","2024-11-12"," 12:14:00 PM","PE","79500","Sell","20","371.45","421.45","","-1000.00"
"429","2024-11-13"," 9:20:00 AM","2024-11-13"," 9:27:00 AM","","","","","","","14.90","-1000.00"
"429.1","2024-11-13"," 9:20:00 AM","2024-11-13"," 9:25:00 AM","CE","78600","Sell","20","361.40","411.40","","-1000.00"
"429.2","2024-11-13"," 9:20:00 AM","2024-11-13"," 9:27:00 AM","PE","78600","Sell","20","365.50","365.50","","0.00"
"430","2024-11-13"," 11:20:00 AM","2024-11-13"," 11:45:00 AM","","","","","","","15.20","-1000.00"
"430.1","2024-11-13"," 11:20:00 AM","2024-11-13"," 11:24:00 AM","CE","78100","Sell","20","385.00","435.00","","-1000.00"
"430.2","2024-11-13"," 11:20:00 AM","2024-11-13"," 11:45:00 AM","PE","78100","Sell","20","324.70","324.70","","0.00"
"431","2024-11-14"," 9:20:00 AM","2024-11-14"," 9:24:00 AM","","","","","","","15.63","-1000.00"
"431.1","2024-11-14"," 9:20:00 AM","2024-11-14"," 9:24:00 AM","CE","77800","Sell","20","310.50","310.50","","0.00"
"431.2","2024-11-14"," 9:20:00 AM","2024-11-14"," 9:22:00 AM","PE","77800","Sell","20","283.15","333.15","","-1000.00"
"432","2024-11-14"," 11:20:00 AM","2024-11-14"," 12:15:00 PM","","","","","","","15.13","423.00"
"432.1","2024-11-14"," 11:20:00 AM","2024-11-14"," 12:15:00 PM","CE","77500","Sell","20","97.15","147.15","","-1000.00"
"432.2","2024-11-14"," 11:20:00 AM","2024-11-14"," 12:06:00 PM","PE","77500","Sell","20","142.30","71.15","","1423.00"
"433","2024-11-18"," 9:20:00 AM","2024-11-18"," 10:50:00 AM","","","","","","","15.97","4131.00"
"433.1","2024-11-18"," 9:20:00 AM","2024-11-18"," 10:50:00 AM","CE","77600","Sell","20","513.15","256.60","","5131.00"
"433.2","2024-11-18"," 9:20:00 AM","2024-11-18"," 9:21:00 AM","PE","77600","Sell","20","526.85","576.85","","-1000.00"
"434","2024-11-18"," 11:20:00 AM","2024-11-18"," 11:36:00 AM","","","","","","","15.59","-1000.00"
"434.1","2024-11-18"," 11:20:00 AM","2024-11-18"," 11:28:00 AM","CE","77100","Sell","20","533.35","583.35","","-1000.00"
"434.2","2024-11-18"," 11:20:00 AM","2024-11-18"," 11:36:00 AM","PE","77100","Sell","20","475.90","475.90","","0.00"
"435","2024-11-19"," 9:20:00 AM","2024-11-19"," 10:31:00 AM","","","","","","","14.73","2977.00"
"435.1","2024-11-19"," 9:20:00 AM","2024-11-19"," 9:25:00 AM","CE","77800","Sell","20","409.90","459.90","","-1000.00"
"435.2","2024-11-19"," 9:20:00 AM","2024-11-19"," 10:31:00 AM","PE","77800","Sell","20","397.70","198.85","","3977.00"
"436","2024-11-19"," 11:20:00 AM","2024-11-19"," 12:44:00 PM","","","","","","","14.27","-1000.00"
"436.1","2024-11-19"," 11:20:00 AM","2024-11-19"," 11:26:00 AM","CE","78300","Sell","20","395.00","445.00","","-1000.00"
"436.2","2024-11-19"," 11:20:00 AM","2024-11-19"," 12:44:00 PM","PE","78300","Sell","20","367.20","367.20","","0.00"
"437","2024-11-21"," 9:20:00 AM","2024-11-21"," 9:24:00 AM","","","","","","","16.55","-1000.00"
"437.1","2024-11-21"," 9:20:00 AM","2024-11-21"," 9:22:00 AM","CE","77200","Sell","20","443.20","493.20","","-1000.00"
"437.2","2024-11-21"," 9:20:00 AM","2024-11-21"," 9:24:00 AM","PE","77200","Sell","20","479.40","479.40","","0.00"
"438","2024-11-21"," 11:20:00 AM","2024-11-21"," 12:49:00 PM","","","","","","","15.62","-1000.00"
"438.1","2024-11-21"," 11:20:00 AM","2024-11-21"," 12:01:00 PM","CE","77100","Sell","20","262.15","312.15","","-1000.00"
"438.2","2024-11-21"," 11:20:00 AM","2024-11-21"," 12:49:00 PM","PE","77100","Sell","20","289.05","289.05","","0.00"
"439","2024-11-22"," 9:20:00 AM","2024-11-22"," 9:23:00 AM","","","","","","","15.69","-1019.00"
"439.1","2024-11-22"," 9:20:00 AM","2024-11-22"," 9:22:00 AM","CE","77400","Sell","20","242.20","292.20","","-1000.00"
"439.2","2024-11-22"," 9:20:00 AM","2024-11-22"," 9:23:00 AM","PE","77400","Sell","20","271.05","272.00","","-19.00"
"440","2024-11-22"," 11:20:00 AM","2024-11-22"," 11:25:00 AM","","","","","","","15.64","-1000.00"
"440.1","2024-11-22"," 11:20:00 AM","2024-11-22"," 11:25:00 AM","CE","77700","Sell","20","287.70","287.70","","0.00"
"440.2","2024-11-22"," 11:20:00 AM","2024-11-22"," 11:23:00 AM","PE","77700","Sell","20","325.35","375.35","","-1000.00"
"441","2024-11-25"," 9:20:00 AM","2024-11-25"," 9:28:00 AM","","","","","","","16.04","-1000.00"
"441.1","2024-11-25"," 9:20:00 AM","2024-11-25"," 9:28:00 AM","CE","80300","Sell","20","701.85","701.85","","0.00"
"441.2","2024-11-25"," 9:20:00 AM","2024-11-25"," 9:22:00 AM","PE","80300","Sell","20","626.40","676.40","","-1000.00"
"442","2024-11-25"," 11:20:00 AM","2024-11-25"," 3:15:00 PM","","","","","","","15.57","2764.00"
"442.1","2024-11-25"," 11:20:00 AM","2024-11-25"," 3:15:00 PM","CE","80400","Sell","20","623.45","435.25","","3764.00"
"442.2","2024-11-25"," 11:20:00 AM","2024-11-25"," 11:37:00 AM","PE","80400","Sell","20","540.05","590.05","","-1000.00"
"443","2024-11-26"," 9:20:00 AM","2024-11-26"," 9:24:00 AM","","","","","","","15.45","-1000.00"
"443.1","2024-11-26"," 9:20:00 AM","2024-11-26"," 9:23:00 AM","CE","80400","Sell","20","482.25","532.25","","-1000.00"
"443.2","2024-11-26"," 9:20:00 AM","2024-11-26"," 9:24:00 AM","PE","80400","Sell","20","543.45","543.45","","0.00"
"444","2024-11-26"," 11:20:00 AM","2024-11-26"," 12:21:00 PM","","","","","","","15.58","-1000.00"
"444.1","2024-11-26"," 11:20:00 AM","2024-11-26"," 11:36:00 AM","CE","80000","Sell","20","454.45","504.45","","-1000.00"
"444.2","2024-11-26"," 11:20:00 AM","2024-11-26"," 12:21:00 PM","PE","80000","Sell","20","504.05","504.05","","0.00"
"445","2024-11-27"," 9:20:00 AM","2024-11-27"," 9:54:00 AM","","","","","","","14.65","-1000.00"
"445.1","2024-11-27"," 9:20:00 AM","2024-11-27"," 9:54:00 AM","CE","80000","Sell","20","472.45","472.45","","0.00"
"445.2","2024-11-27"," 9:20:00 AM","2024-11-27"," 9:40:00 AM","PE","80000","Sell","20","380.20","430.20","","-1000.00"
"446","2024-11-27"," 11:20:00 AM","2024-11-27"," 12:04:00 PM","","","","","","","14.96","-1000.00"
"446.1","2024-11-27"," 11:20:00 AM","2024-11-27"," 12:01:00 PM","CE","80000","Sell","20","358.85","408.85","","-1000.00"
"446.2","2024-11-27"," 11:20:00 AM","2024-11-27"," 12:04:00 PM","PE","80000","Sell","20","341.60","341.60","","0.00"
"447","2024-11-28"," 9:20:00 AM","2024-11-28"," 9:52:00 AM","","","","","","","14.76","-1000.00"
"447.1","2024-11-28"," 9:20:00 AM","2024-11-28"," 9:52:00 AM","CE","80200","Sell","20","416.55","416.55","","0.00"
"447.2","2024-11-28"," 9:20:00 AM","2024-11-28"," 9:44:00 AM","PE","80200","Sell","20","290.10","340.10","","-1000.00"
"448","2024-11-28"," 11:20:00 AM","2024-11-28"," 12:00:00 PM","","","","","","","15.31","-1000.00"
"448.1","2024-11-28"," 11:20:00 AM","2024-11-28"," 11:48:00 AM","CE","79500","Sell","20","454.00","504.00","","-1000.00"
"448.2","2024-11-28"," 11:20:00 AM","2024-11-28"," 12:00:00 PM","PE","79500","Sell","20","413.45","413.45","","0.00"
"449","2024-11-29"," 9:20:00 AM","2024-11-29"," 9:23:00 AM","","","","","","","15.28","-1000.00"
"449.1","2024-11-29"," 9:20:00 AM","2024-11-29"," 9:21:00 AM","CE","79200","Sell","20","305.45","355.45","","-1000.00"
"449.2","2024-11-29"," 9:20:00 AM","2024-11-29"," 9:23:00 AM","PE","79200","Sell","20","316.70","316.70","","0.00"
"450","2024-11-29"," 11:20:00 AM","2024-11-29"," 11:34:00 AM","","","","","","","15.00","244.00"
"450.1","2024-11-29"," 11:20:00 AM","2024-11-29"," 11:25:00 AM","CE","79700","Sell","20","184.95","234.95","","-1000.00"
"450.2","2024-11-29"," 11:20:00 AM","2024-11-29"," 11:34:00 AM","PE","79700","Sell","20","124.40","62.20","","1244.00"
"451","2024-12-02"," 9:20:00 AM","2024-12-02"," 9:23:00 AM","","","","","","","15.05","-1000.00"
"451.1","2024-12-02"," 9:20:00 AM","2024-12-02"," 9:23:00 AM","CE","79400","Sell","20","678.95","678.95","","0.00"
"451.2","2024-12-02"," 9:20:00 AM","2024-12-02"," 9:22:00 AM","PE","79400","Sell","20","518.35","568.35","","-1000.00"
"452","2024-12-02"," 11:20:00 AM","2024-12-02"," 12:11:00 PM","","","","","","","14.65","-1000.00"
"452.1","2024-12-02"," 11:20:00 AM","2024-12-02"," 12:11:00 PM","CE","79800","Sell","20","679.40","679.40","","0.00"
"452.2","2024-12-02"," 11:20:00 AM","2024-12-02"," 11:51:00 AM","PE","79800","Sell","20","545.10","595.10","","-1000.00"
"453","2024-12-03"," 9:20:00 AM","2024-12-03"," 9:37:00 AM","","","","","","","14.62","-1000.00"
"453.1","2024-12-03"," 9:20:00 AM","2024-12-03"," 9:37:00 AM","CE","80300","Sell","20","688.15","688.15","","0.00"
"453.2","2024-12-03"," 9:20:00 AM","2024-12-03"," 9:22:00 AM","PE","80300","Sell","20","552.05","602.05","","-1000.00"
"454","2024-12-03"," 11:20:00 AM","2024-12-03"," 12:45:00 PM","","","","","","","14.38","-1000.00"
"454.1","2024-12-03"," 11:20:00 AM","2024-12-03"," 12:45:00 PM","CE","80800","Sell","20","577.60","577.60","","0.00"
"454.2","2024-12-03"," 11:20:00 AM","2024-12-03"," 12:13:00 PM","PE","80800","Sell","20","523.25","573.25","","-1000.00"
"455","2024-12-04"," 9:20:00 AM","2024-12-04"," 11:57:00 AM","","","","","","","14.48","-1000.00"
"455.1","2024-12-04"," 9:20:00 AM","2024-12-04"," 9:29:00 AM","CE","80900","Sell","20","552.70","602.70","","-1000.00"
"455.2","2024-12-04"," 9:20:00 AM","2024-12-04"," 11:57:00 AM","PE","80900","Sell","20","564.50","564.50","","0.00"
"456","2024-12-04"," 11:20:00 AM","2024-12-04"," 2:08:00 PM","","","","","","","14.36","-1000.00"
"456.1","2024-12-04"," 11:20:00 AM","2024-12-04"," 2:08:00 PM","CE","81200","Sell","20","516.25","516.25","","0.00"
"456.2","2024-12-04"," 11:20:00 AM","2024-12-04"," 11:56:00 AM","PE","81200","Sell","20","526.70","576.70","","-1000.00"
"457","2024-12-05"," 9:20:00 AM","2024-12-05"," 9:39:00 AM","","","","","","","14.58","-1000.00"
"457.1","2024-12-05"," 9:20:00 AM","2024-12-05"," 9:30:00 AM","CE","81100","Sell","20","508.60","558.60","","-1000.00"
"457.2","2024-12-05"," 9:20:00 AM","2024-12-05"," 9:39:00 AM","PE","81100","Sell","20","532.60","532.60","","0.00"
"458","2024-12-05"," 11:20:00 AM","2024-12-05"," 12:12:00 PM","","","","","","","15.56","5005.00"
"458.1","2024-12-05"," 11:20:00 AM","2024-12-05"," 12:01:00 PM","CE","80600","Sell","20","632.65","682.65","","-1000.00"
"458.2","2024-12-05"," 11:20:00 AM","2024-12-05"," 12:12:00 PM","PE","80600","Sell","20","600.50","300.25","","6005.00"
"459","2024-12-06"," 9:20:00 AM","2024-12-06"," 9:39:00 AM","","","","","","","14.90","3079.00"
"459.1","2024-12-06"," 9:20:00 AM","2024-12-06"," 9:25:00 AM","CE","81700","Sell","20","415.80","465.80","","-1000.00"
"459.2","2024-12-06"," 9:20:00 AM","2024-12-06"," 9:39:00 AM","PE","81700","Sell","20","407.90","203.95","","4079.00"
"460","2024-12-06"," 11:20:00 AM","2024-12-06"," 11:37:00 AM","","","","","","","14.24","-1000.00"
"460.1","2024-12-06"," 11:20:00 AM","2024-12-06"," 11:37:00 AM","CE","81800","Sell","20","98.60","98.60","","0.00"
"460.2","2024-12-06"," 11:20:00 AM","2024-12-06"," 11:27:00 AM","PE","81800","Sell","20","129.75","179.75","","-1000.00"
"461","2024-12-09"," 9:20:00 AM","2024-12-09"," 9:30:00 AM","","","","","","","14.59","-1000.00"
"461.1","2024-12-09"," 9:20:00 AM","2024-12-09"," 9:25:00 AM","CE","81700","Sell","20","657.40","707.40","","-1000.00"
"461.2","2024-12-09"," 9:20:00 AM","2024-12-09"," 9:30:00 AM","PE","81700","Sell","20","646.65","646.65","","0.00"
"462","2024-12-09"," 11:20:00 AM","2024-12-09"," 12:31:00 PM","","","","","","","14.27","-1000.00"
"462.1","2024-12-09"," 11:20:00 AM","2024-12-09"," 11:29:00 AM","CE","81700","Sell","20","610.80","660.80","","-1000.00"
"462.2","2024-12-09"," 11:20:00 AM","2024-12-09"," 12:31:00 PM","PE","81700","Sell","20","608.80","608.80","","0.00"
"463","2024-12-10"," 9:20:00 AM","2024-12-10"," 12:16:00 PM","","","","","","","14.18","-1000.00"
"463.1","2024-12-10"," 9:20:00 AM","2024-12-10"," 9:59:00 AM","CE","81500","Sell","20","579.55","629.55","","-1000.00"
"463.2","2024-12-10"," 9:20:00 AM","2024-12-10"," 12:16:00 PM","PE","81500","Sell","20","527.75","527.75","","0.00"
"464","2024-12-10"," 11:20:00 AM","2024-12-10"," 3:15:00 PM","","","","","","","13.77","363.00"
"464.1","2024-12-10"," 11:20:00 AM","2024-12-10"," 3:15:00 PM","CE","81600","Sell","20","511.85","443.70","","1363.00"
"464.2","2024-12-10"," 11:20:00 AM","2024-12-10"," 12:16:00 PM","PE","81600","Sell","20","465.95","515.95","","-1000.00"
"465","2024-12-11"," 9:20:00 AM","2024-12-11"," 3:15:00 PM","","","","","","","13.73","1837.00"
"465.1","2024-12-11"," 9:20:00 AM","2024-12-11"," 10:26:00 AM","CE","81500","Sell","20","443.80","493.80","","-1000.00"
"465.2","2024-12-11"," 9:20:00 AM","2024-12-11"," 3:15:00 PM","PE","81500","Sell","20","423.55","281.70","","2837.00"
"466","2024-12-11"," 11:20:00 AM","2024-12-11"," 12:16:00 PM","","","","","","","13.38","-1000.00"
"466.1","2024-12-11"," 11:20:00 AM","2024-12-11"," 11:38:00 AM","CE","81600","Sell","20","445.80","495.80","","-1000.00"
"466.2","2024-12-11"," 11:20:00 AM","2024-12-11"," 12:16:00 PM","PE","81600","Sell","20","342.30","342.30","","0.00"
"467","2024-12-12"," 9:20:00 AM","2024-12-12"," 9:47:00 AM","","","","","","","13.06","-1000.00"
"467.1","2024-12-12"," 9:20:00 AM","2024-12-12"," 9:33:00 AM","CE","81600","Sell","20","291.90","341.90","","-1000.00"
"467.2","2024-12-12"," 9:20:00 AM","2024-12-12"," 9:47:00 AM","PE","81600","Sell","20","272.95","272.95","","0.00"
"468","2024-12-12"," 11:20:00 AM","2024-12-12"," 3:15:00 PM","","","","","","","13.29","1198.00"
"468.1","2024-12-12"," 11:20:00 AM","2024-12-12"," 3:15:00 PM","CE","81500","Sell","20","311.90","202.00","","2198.00"
"468.2","2024-12-12"," 11:20:00 AM","2024-12-12"," 12:03:00 PM","PE","81500","Sell","20","301.45","351.45","","-1000.00"
"469","2024-12-13"," 9:20:00 AM","2024-12-13"," 9:32:00 AM","","","","","","","13.52","1893.00"
"469.1","2024-12-13"," 9:20:00 AM","2024-12-13"," 9:32:00 AM","CE","81000","Sell","20","289.35","144.70","","2893.00"
"469.2","2024-12-13"," 9:20:00 AM","2024-12-13"," 9:21:00 AM","PE","81000","Sell","20","257.00","307.00","","-1000.00"
"470","2024-12-13"," 11:20:00 AM","2024-12-13"," 11:30:00 AM","","","","","","","14.10","-1091.00"
"470.1","2024-12-13"," 11:20:00 AM","2024-12-13"," 11:27:00 AM","CE","80500","Sell","20","378.10","432.65","","-1091.00"
"470.2","2024-12-13"," 11:20:00 AM","2024-12-13"," 11:30:00 AM","PE","80500","Sell","20","330.00","330.00","","0.00"
"471","2024-12-16"," 9:20:00 AM","2024-12-16"," 9:41:00 AM","","","","","","","13.66","-1000.00"
"471.1","2024-12-16"," 9:20:00 AM","2024-12-16"," 9:41:00 AM","CE","82000","Sell","20","596.85","596.85","","0.00"
"471.2","2024-12-16"," 9:20:00 AM","2024-12-16"," 9:26:00 AM","PE","82000","Sell","20","500.50","550.50","","-1000.00"
"472","2024-12-16"," 11:20:00 AM","2024-12-16"," 12:35:00 PM","","","","","","","14.35","-1000.00"
"472.1","2024-12-16"," 11:20:00 AM","2024-12-16"," 12:35:00 PM","CE","81700","Sell","20","695.50","695.50","","0.00"
"472.2","2024-12-16"," 11:20:00 AM","2024-12-16"," 12:10:00 PM","PE","81700","Sell","20","614.90","664.90","","-1000.00"
"473","2024-12-17"," 9:20:00 AM","2024-12-17"," 9:31:00 AM","","","","","","","14.36","-1000.00"
"473.1","2024-12-17"," 9:20:00 AM","2024-12-17"," 9:23:00 AM","CE","81500","Sell","20","679.75","729.75","","-1000.00"
"473.2","2024-12-17"," 9:20:00 AM","2024-12-17"," 9:31:00 AM","PE","81500","Sell","20","549.55","549.55","","0.00"
"474","2024-12-17"," 11:20:00 AM","2024-12-17"," 3:15:00 PM","","","","","","","14.67","3469.00"
"474.1","2024-12-17"," 11:20:00 AM","2024-12-17"," 3:15:00 PM","CE","81100","Sell","20","665.95","442.50","","4469.00"
"474.2","2024-12-17"," 11:20:00 AM","2024-12-17"," 11:28:00 AM","PE","81100","Sell","20","562.35","612.35","","-1000.00"
"475","2024-12-18"," 9:20:00 AM","2024-12-18"," 9:23:00 AM","","","","","","","14.74","-1000.00"
"475.1","2024-12-18"," 9:20:00 AM","2024-12-18"," 9:21:00 AM","CE","80700","Sell","20","550.25","600.25","","-1000.00"
"475.2","2024-12-18"," 9:20:00 AM","2024-12-18"," 9:23:00 AM","PE","80700","Sell","20","502.50","502.50","","0.00"
"476","2024-12-18"," 11:20:00 AM","2024-12-18"," 3:15:00 PM","","","","","","","14.49","1836.00"
"476.1","2024-12-18"," 11:20:00 AM","2024-12-18"," 3:15:00 PM","CE","80300","Sell","20","521.10","379.30","","2836.00"
"476.2","2024-12-18"," 11:20:00 AM","2024-12-18"," 12:37:00 PM","PE","80300","Sell","20","371.25","421.25","","-1000.00"
"477","2024-12-19"," 9:20:00 AM","2024-12-19"," 9:25:00 AM","","","","","","","15.09","-1000.00"
"477.1","2024-12-19"," 9:20:00 AM","2024-12-19"," 9:25:00 AM","CE","79300","Sell","20","464.45","464.45","","0.00"
"477.2","2024-12-19"," 9:20:00 AM","2024-12-19"," 9:23:00 AM","PE","79300","Sell","20","446.55","496.55","","-1000.00"
"478","2024-12-19"," 11:20:00 AM","2024-12-19"," 1:18:00 PM","","","","","","","14.35","-1000.00"
"478.1","2024-12-19"," 11:20:00 AM","2024-12-19"," 11:39:00 AM","CE","79300","Sell","20","316.90","366.90","","-1000.00"
"478.2","2024-12-19"," 11:20:00 AM","2024-12-19"," 1:18:00 PM","PE","79300","Sell","20","354.05","354.05","","0.00"
"479","2024-12-20"," 9:20:00 AM","2024-12-20"," 9:48:00 AM","","","","","","","14.77","-1000.00"
"479.1","2024-12-20"," 9:20:00 AM","2024-12-20"," 9:37:00 AM","CE","79100","Sell","20","293.50","343.50","","-1000.00"
"479.2","2024-12-20"," 9:20:00 AM","2024-12-20"," 9:48:00 AM","PE","79100","Sell","20","356.80","356.80","","0.00"
"480","2024-12-20"," 11:20:00 AM","2024-12-20"," 12:15:00 PM","","","","","","","14.66","4572.00"
"480.1","2024-12-20"," 11:20:00 AM","2024-12-20"," 12:15:00 PM","CE","79000","Sell","20","225.00","112.50","","2250.00"
"480.2","2024-12-20"," 11:20:00 AM","2024-12-20"," 12:00:00 PM","PE","79000","Sell","20","232.20","116.10","","2322.00"
"481","2024-12-23"," 9:20:00 AM","2024-12-23"," 10:14:00 AM","","","","","","","15.02","-1000.00"
"481.1","2024-12-23"," 9:20:00 AM","2024-12-23"," 10:14:00 AM","CE","78600","Sell","20","702.50","702.50","","0.00"
"481.2","2024-12-23"," 9:20:00 AM","2024-12-23"," 9:41:00 AM","PE","78600","Sell","20","565.30","615.30","","-1000.00"
"482","2024-12-23"," 11:20:00 AM","2024-12-23"," 12:55:00 PM","","","","","","","13.79","4851.00"
"482.1","2024-12-23"," 11:20:00 AM","2024-12-23"," 12:55:00 PM","CE","78900","Sell","20","585.10","292.55","","5851.00"
"482.2","2024-12-23"," 11:20:00 AM","2024-12-23"," 11:42:00 AM","PE","78900","Sell","20","400.30","450.30","","-1000.00"
"483","2024-12-24"," 9:20:00 AM","2024-12-24"," 9:46:00 AM","","","","","","","13.23","-1000.00"
"483.1","2024-12-24"," 9:20:00 AM","2024-12-24"," 9:46:00 AM","CE","78600","Sell","20","435.05","435.05","","0.00"
"483.2","2024-12-24"," 9:20:00 AM","2024-12-24"," 9:33:00 AM","PE","78600","Sell","20","371.55","421.55","","-1000.00"
"484","2024-12-24"," 11:20:00 AM","2024-12-24"," 3:15:00 PM","","","","","","","13.22","3390.00"
"484.1","2024-12-24"," 11:20:00 AM","2024-12-24"," 3:15:00 PM","CE","78800","Sell","20","496.70","277.20","","4390.00"
"484.2","2024-12-24"," 11:20:00 AM","2024-12-24"," 12:03:00 PM","PE","78800","Sell","20","340.70","390.70","","-1000.00"
"485","2024-12-26"," 9:20:00 AM","2024-12-26"," 10:39:00 AM","","","","","","","13.31","2795.00"
"485.1","2024-12-26"," 9:20:00 AM","2024-12-26"," 10:39:00 AM","CE","78900","Sell","20","379.45","189.70","","3795.00"
"485.2","2024-12-26"," 9:20:00 AM","2024-12-26"," 10:02:00 AM","PE","78900","Sell","20","350.80","400.80","","-1000.00"
"486","2024-12-26"," 11:20:00 AM","2024-12-26"," 1:44:00 PM","","","","","","","13.49","-1000.00"
"486.1","2024-12-26"," 11:20:00 AM","2024-12-26"," 1:44:00 PM","CE","78500","Sell","20","373.55","373.55","","0.00"
"486.2","2024-12-26"," 11:20:00 AM","2024-12-26"," 1:35:00 PM","PE","78500","Sell","20","287.05","337.05","","-1000.00"
"487","2024-12-27"," 9:20:00 AM","2024-12-27"," 9:23:00 AM","","","","","","","14.18","-1000.00"
"487.1","2024-12-27"," 9:20:00 AM","2024-12-27"," 9:22:00 AM","CE","78700","Sell","20","291.60","341.60","","-1000.00"
"487.2","2024-12-27"," 9:20:00 AM","2024-12-27"," 9:23:00 AM","PE","78700","Sell","20","270.80","270.80","","0.00"
"488","2024-12-27"," 11:20:00 AM","2024-12-27"," 11:58:00 AM","","","","","","","13.25","-208.00"
"488.1","2024-12-27"," 11:20:00 AM","2024-12-27"," 11:58:00 AM","CE","78900","Sell","20","79.20","39.60","","792.00"
"488.2","2024-12-27"," 11:20:00 AM","2024-12-27"," 11:22:00 AM","PE","78900","Sell","20","104.25","154.25","","-1000.00"
"489","2024-12-30"," 9:20:00 AM","2024-12-30"," 10:46:00 AM","","","","","","","13.70","-1000.00"
"489.1","2024-12-30"," 9:20:00 AM","2024-12-30"," 10:46:00 AM","CE","78700","Sell","20","552.75","552.75","","0.00"
"489.2","2024-12-30"," 9:20:00 AM","2024-12-30"," 9:30:00 AM","PE","78700","Sell","20","484.95","534.95","","-1000.00"
"490","2024-12-30"," 11:20:00 AM","2024-12-30"," 12:28:00 PM","","","","","","","13.43","-1000.00"
"490.1","2024-12-30"," 11:20:00 AM","2024-12-30"," 11:25:00 AM","CE","78700","Sell","20","533.50","583.50","","-1000.00"
"490.2","2024-12-30"," 11:20:00 AM","2024-12-30"," 12:28:00 PM","PE","78700","Sell","20","441.00","441.00","","0.00"
"491","2024-12-31"," 9:20:00 AM","2024-12-31"," 9:34:00 AM","","","","","","","14.22","-1000.00"
"491.1","2024-12-31"," 9:20:00 AM","2024-12-31"," 9:34:00 AM","CE","77900","Sell","20","557.80","557.80","","0.00"
"491.2","2024-12-31"," 9:20:00 AM","2024-12-31"," 9:23:00 AM","PE","77900","Sell","20","489.70","539.70","","-1000.00"
"492","2024-12-31"," 11:20:00 AM","2024-12-31"," 11:29:00 AM","","","","","","","14.38","-1000.00"
"492.1","2024-12-31"," 11:20:00 AM","2024-12-31"," 11:27:00 AM","CE","78000","Sell","20","624.15","674.15","","-1000.00"
"492.2","2024-12-31"," 11:20:00 AM","2024-12-31"," 11:29:00 AM","PE","78000","Sell","20","480.65","480.65","","0.00"
"493","2025-01-01"," 9:20:00 AM","2025-01-01"," 10:13:00 AM","","","","","","","14.39","-1000.00"
"493.1","2025-01-01"," 9:20:00 AM","2025-01-01"," 10:13:00 AM","CE","78300","Sell","20","513.05","513.05","","0.00"
"493.2","2025-01-01"," 9:20:00 AM","2025-01-01"," 9:26:00 AM","PE","78300","Sell","20","526.50","576.50","","-1000.00"
"494","2025-01-01"," 11:20:00 AM","2025-01-01"," 12:21:00 PM","","","","","","","14.69","-1000.00"
"494.1","2025-01-01"," 11:20:00 AM","2025-01-01"," 12:21:00 PM","CE","78600","Sell","20","610.40","610.40","","0.00"
"494.2","2025-01-01"," 11:20:00 AM","2025-01-01"," 11:29:00 AM","PE","78600","Sell","20","546.80","596.80","","-1000.00"
"495","2025-01-02"," 9:20:00 AM","2025-01-02"," 9:27:00 AM","","","","","","","14.77","-1000.00"
"495.1","2025-01-02"," 9:20:00 AM","2025-01-02"," 9:27:00 AM","CE","78700","Sell","20","506.95","506.95","","0.00"
"495.2","2025-01-02"," 9:20:00 AM","2025-01-02"," 9:21:00 AM","PE","78700","Sell","20","516.05","566.05","","-1000.00"
"496","2025-01-02"," 11:20:00 AM","2025-01-02"," 11:42:00 AM","","","","","","","14.27","-1000.00"
"496.1","2025-01-02"," 11:20:00 AM","2025-01-02"," 11:31:00 AM","CE","79200","Sell","20","484.30","534.30","","-1000.00"
"496.2","2025-01-02"," 11:20:00 AM","2025-01-02"," 11:42:00 AM","PE","79200","Sell","20","506.65","506.65","","0.00"
"497","2025-01-03"," 9:20:00 AM","2025-01-03"," 9:26:00 AM","","","","","","","13.76","-1125.00"
"497.1","2025-01-03"," 9:20:00 AM","2025-01-03"," 9:26:00 AM","CE","79900","Sell","20","240.80","247.05","","-125.00"
"497.2","2025-01-03"," 9:20:00 AM","2025-01-03"," 9:25:00 AM","PE","79900","Sell","20","278.05","328.05","","-1000.00"
"498","2025-01-03"," 11:20:00 AM","2025-01-03"," 11:38:00 AM","","","","","","","13.51","133.00"
"498.1","2025-01-03"," 11:20:00 AM","2025-01-03"," 11:21:00 AM","CE","79500","Sell","20","179.10","229.10","","-1000.00"
"498.2","2025-01-03"," 11:20:00 AM","2025-01-03"," 11:38:00 AM","PE","79500","Sell","20","113.35","56.70","","1133.00"
"499","2025-01-06"," 9:20:00 AM","2025-01-06"," 9:30:00 AM","","","","","","","14.21","-1000.00"
"499.1","2025-01-06"," 9:20:00 AM","2025-01-06"," 9:23:00 AM","CE","79300","Sell","20","327.35","377.35","","-1000.00"
"499.2","2025-01-06"," 9:20:00 AM","2025-01-06"," 9:30:00 AM","PE","79300","Sell","20","329.95","329.95","","0.00"
"500","2025-01-06"," 11:20:00 AM","2025-01-06"," 11:25:00 AM","","","","","","","14.92","-1000.00"
"500.1","2025-01-06"," 11:20:00 AM","2025-01-06"," 11:25:00 AM","CE","78500","Sell","20","420.00","420.00","","0.00"
"500.2","2025-01-06"," 11:20:00 AM","2025-01-06"," 11:23:00 AM","PE","78500","Sell","20","430.00","480.00","","-1000.00"
"501","2025-01-07"," 9:20:00 AM","2025-01-07"," 9:47:00 AM","","","","","","","15.15","6009.00"
"501.1","2025-01-07"," 9:20:00 AM","2025-01-07"," 9:47:00 AM","CE","78300","Sell","20","336.80","168.40","","3368.00"
"501.2","2025-01-07"," 9:20:00 AM","2025-01-07"," 9:43:00 AM","PE","78300","Sell","20","264.05","132.00","","2641.00"
"502","2025-01-07"," 11:20:00 AM","2025-01-07"," 11:52:00 AM","","","","","","","14.72","-31.00"
"502.1","2025-01-07"," 11:20:00 AM","2025-01-07"," 11:35:00 AM","CE","78200","Sell","20","131.70","187.00","","-1106.00"
"502.2","2025-01-07"," 11:20:00 AM","2025-01-07"," 11:52:00 AM","PE","78200","Sell","20","107.45","53.70","","1075.00"
"503","2025-01-08"," 9:20:00 AM","2025-01-08"," 9:42:00 AM","","","","","","","14.70","-1000.00"
"503.1","2025-01-08"," 9:20:00 AM","2025-01-08"," 9:42:00 AM","CE","78100","Sell","20","633.60","633.60","","0.00"
"503.2","2025-01-08"," 9:20:00 AM","2025-01-08"," 9:23:00 AM","PE","78100","Sell","20","596.00","646.00","","-1000.00"
"504","2025-01-08"," 11:20:00 AM","2025-01-08"," 11:28:00 AM","","","","","","","14.62","-1000.00"
"504.1","2025-01-08"," 11:20:00 AM","2025-01-08"," 11:28:00 AM","CE","77700","Sell","20","623.10","623.10","","0.00"
"504.2","2025-01-08"," 11:20:00 AM","2025-01-08"," 11:23:00 AM","PE","77700","Sell","20","506.50","556.50","","-1000.00"
"505","2025-01-09"," 9:20:00 AM","2025-01-09"," 10:48:00 AM","","","","","","","14.51","-1000.00"
"505.1","2025-01-09"," 9:20:00 AM","2025-01-09"," 10:17:00 AM","CE","77900","Sell","20","522.15","572.15","","-1000.00"
"505.2","2025-01-09"," 9:20:00 AM","2025-01-09"," 10:48:00 AM","PE","77900","Sell","20","471.15","471.15","","0.00"
"506","2025-01-09"," 11:20:00 AM","2025-01-09"," 12:30:00 PM","","","","","","","14.58","-1000.00"
"506.1","2025-01-09"," 11:20:00 AM","2025-01-09"," 12:18:00 PM","CE","77800","Sell","20","472.40","522.40","","-1000.00"
"506.2","2025-01-09"," 11:20:00 AM","2025-01-09"," 12:30:00 PM","PE","77800","Sell","20","463.00","463.00","","0.00"
"507","2025-01-10"," 9:20:00 AM","2025-01-10"," 9:26:00 AM","","","","","","","14.77","-1000.00"
"507.1","2025-01-10"," 9:20:00 AM","2025-01-10"," 9:21:00 AM","CE","77800","Sell","20","438.55","488.55","","-1000.00"
"507.2","2025-01-10"," 9:20:00 AM","2025-01-10"," 9:26:00 AM","PE","77800","Sell","20","479.90","479.90","","0.00"
"508","2025-01-10"," 11:20:00 AM","2025-01-10"," 11:32:00 AM","","","","","","","14.88","-1000.00"
"508.1","2025-01-10"," 11:20:00 AM","2025-01-10"," 11:32:00 AM","CE","77900","Sell","20","436.15","436.15","","0.00"
"508.2","2025-01-10"," 11:20:00 AM","2025-01-10"," 11:24:00 AM","PE","77900","Sell","20","440.65","490.65","","-1000.00"
"509","2025-01-13"," 9:20:00 AM","2025-01-13"," 1:49:00 PM","","","","","","","16.01","-1000.00"
"509.1","2025-01-13"," 9:20:00 AM","2025-01-13"," 10:03:00 AM","CE","76700","Sell","20","405.10","455.10","","-1000.00"
"509.2","2025-01-13"," 9:20:00 AM","2025-01-13"," 1:49:00 PM","PE","76700","Sell","20","354.70","354.70","","0.00"
"510","2025-01-13"," 11:20:00 AM","2025-01-13"," 12:53:00 PM","","","","","","","15.74","1999.00"
"510.1","2025-01-13"," 11:20:00 AM","2025-01-13"," 12:53:00 PM","CE","77000","Sell","20","303.60","151.80","","3036.00"
"510.2","2025-01-13"," 11:20:00 AM","2025-01-13"," 11:30:00 AM","PE","77000","Sell","20","325.00","376.85","","-1037.00"
"511","2025-01-14"," 9:20:00 AM","2025-01-14"," 9:51:00 AM","","","","","","","15.76","4020.00"
"511.1","2025-01-14"," 9:20:00 AM","2025-01-14"," 9:40:00 AM","CE","76700","Sell","20","204.30","102.15","","2043.00"
"511.2","2025-01-14"," 9:20:00 AM","2025-01-14"," 9:51:00 AM","PE","76700","Sell","20","197.70","98.85","","1977.00"
"512","2025-01-14"," 11:20:00 AM","2025-01-14"," 11:42:00 AM","","","","","","","15.71","-387.00"
"512.1","2025-01-14"," 11:20:00 AM","2025-01-14"," 11:42:00 AM","CE","76800","Sell","20","61.30","30.65","","613.00"
"512.2","2025-01-14"," 11:20:00 AM","2025-01-14"," 11:41:00 AM","PE","76800","Sell","20","150.50","200.50","","-1000.00"
"513","2025-01-15"," 9:20:00 AM","2025-01-15"," 10:28:00 AM","","","","","","","15.48","-1000.00"
"513.1","2025-01-15"," 9:20:00 AM","2025-01-15"," 10:28:00 AM","CE","76700","Sell","20","607.70","607.70","","0.00"
"513.2","2025-01-15"," 9:20:00 AM","2025-01-15"," 9:32:00 AM","PE","76700","Sell","20","496.30","546.30","","-1000.00"
"514","2025-01-15"," 11:20:00 AM","2025-01-15"," 3:15:00 PM","","","","","","","15.28","964.00"
"514.1","2025-01-15"," 11:20:00 AM","2025-01-15"," 3:15:00 PM","CE","76900","Sell","20","492.50","394.30","","1964.00"
"514.2","2025-01-15"," 11:20:00 AM","2025-01-15"," 11:33:00 AM","PE","76900","Sell","20","520.80","570.80","","-1000.00"
"515","2025-01-16"," 9:20:00 AM","2025-01-16"," 12:56:00 PM","","","","","","","15.03","-1000.00"
"515.1","2025-01-16"," 9:20:00 AM","2025-01-16"," 12:56:00 PM","CE","77100","Sell","20","481.20","481.20","","0.00"
"515.2","2025-01-16"," 9:20:00 AM","2025-01-16"," 9:46:00 AM","PE","77100","Sell","20","408.95","458.95","","-1000.00"
"516","2025-01-16"," 11:20:00 AM","2025-01-16"," 2:22:00 PM","","","","","","","15.18","-1000.00"
"516.1","2025-01-16"," 11:20:00 AM","2025-01-16"," 12:32:00 PM","CE","76900","Sell","20","496.75","546.75","","-1000.00"
"516.2","2025-01-16"," 11:20:00 AM","2025-01-16"," 2:22:00 PM","PE","76900","Sell","20","413.95","413.95","","0.00"
"517","2025-01-17"," 9:20:00 AM","2025-01-17"," 12:02:00 PM","","","","","","","15.81","-1000.00"
"517.1","2025-01-17"," 9:20:00 AM","2025-01-17"," 12:02:00 PM","CE","76600","Sell","20","519.75","519.75","","0.00"
"517.2","2025-01-17"," 9:20:00 AM","2025-01-17"," 10:50:00 AM","PE","76600","Sell","20","377.90","427.90","","-1000.00"
"518","2025-01-17"," 11:20:00 AM","2025-01-17"," 11:47:00 AM","","","","","","","16.00","-1000.00"
"518.1","2025-01-17"," 11:20:00 AM","2025-01-17"," 11:34:00 AM","CE","76400","Sell","20","445.35","495.35","","-1000.00"
"518.2","2025-01-17"," 11:20:00 AM","2025-01-17"," 11:47:00 AM","PE","76400","Sell","20","449.60","449.60","","0.00"
"519","2025-01-20"," 9:20:00 AM","2025-01-20"," 9:22:00 AM","","","","","","","16.60","-1000.00"
"519.1","2025-01-20"," 9:20:00 AM","2025-01-20"," 9:22:00 AM","CE","76700","Sell","20","412.00","412.00","","0.00"
"519.2","2025-01-20"," 9:20:00 AM","2025-01-20"," 9:21:00 AM","PE","76700","Sell","20","345.20","395.20","","-1000.00"
"520","2025-01-20"," 11:20:00 AM","2025-01-20"," 3:15:00 PM","","","","","","","16.46","1242.00"
"520.1","2025-01-20"," 11:20:00 AM","2025-01-20"," 11:32:00 AM","CE","77100","Sell","20","290.00","340.00","","-1000.00"
"520.2","2025-01-20"," 11:20:00 AM","2025-01-20"," 3:15:00 PM","PE","77100","Sell","20","339.70","227.60","","2242.00"
"521","2025-01-21"," 9:20:00 AM","2025-01-21"," 9:27:00 AM","","","","","","","16.50","-2000.00"
"521.1","2025-01-21"," 9:20:00 AM","2025-01-21"," 9:27:00 AM","CE","77100","Sell","20","236.40","286.40","","-1000.00"
"521.2","2025-01-21"," 9:20:00 AM","2025-01-21"," 9:27:00 AM","PE","77100","Sell","20","204.95","254.95","","-1000.00"
"522","2025-01-21"," 11:20:00 AM","2025-01-21"," 11:28:00 AM","","","","","","","17.17","-1825.00"
"522.1","2025-01-21"," 11:20:00 AM","2025-01-21"," 11:27:00 AM","CE","76400","Sell","20","317.50","367.50","","-1000.00"
"522.2","2025-01-21"," 11:20:00 AM","2025-01-21"," 11:28:00 AM","PE","76400","Sell","20","392.25","433.50","","-825.00"
"523","2025-01-22"," 9:20:00 AM","2025-01-22"," 9:44:00 AM","","","","","","","17.20","-1000.00"
"523.1","2025-01-22"," 9:20:00 AM","2025-01-22"," 9:35:00 AM","CE","76200","Sell","20","680.35","730.35","","-1000.00"
"523.2","2025-01-22"," 9:20:00 AM","2025-01-22"," 9:44:00 AM","PE","76200","Sell","20","648.35","648.35","","0.00"
"524","2025-01-22"," 11:20:00 AM","2025-01-22"," 2:20:00 PM","","","","","","","17.04","-1000.00"
"524.1","2025-01-22"," 11:20:00 AM","2025-01-22"," 2:20:00 PM","CE","76100","Sell","20","626.45","626.45","","0.00"
"524.2","2025-01-22"," 11:20:00 AM","2025-01-22"," 12:03:00 PM","PE","76100","Sell","20","608.55","658.55","","-1000.00"
"525","2025-01-23"," 9:20:00 AM","2025-01-23"," 3:15:00 PM","","","","","","","16.91","1691.00"
"525.1","2025-01-23"," 9:20:00 AM","2025-01-23"," 9:36:00 AM","CE","76300","Sell","20","539.00","589.00","","-1000.00"
"525.2","2025-01-23"," 9:20:00 AM","2025-01-23"," 3:15:00 PM","PE","76300","Sell","20","512.10","377.55","","2691.00"
"526","2025-01-23"," 11:20:00 AM","2025-01-23"," 12:20:00 PM","","","","","","","16.82","-1000.00"
"526.1","2025-01-23"," 11:20:00 AM","2025-01-23"," 12:20:00 PM","CE","76600","Sell","20","542.70","542.70","","0.00"
"526.2","2025-01-23"," 11:20:00 AM","2025-01-23"," 11:50:00 AM","PE","76600","Sell","20","502.60","552.60","","-1000.00"
"527","2025-01-24"," 9:20:00 AM","2025-01-24"," 11:43:00 AM","","","","","","","17.02","-1000.00"
"527.1","2025-01-24"," 9:20:00 AM","2025-01-24"," 11:43:00 AM","CE","76800","Sell","20","462.10","462.10","","0.00"
"527.2","2025-01-24"," 9:20:00 AM","2025-01-24"," 9:32:00 AM","PE","76800","Sell","20","538.20","588.20","","-1000.00"
"528","2025-01-24"," 11:20:00 AM","2025-01-24"," 12:37:00 PM","","","","","","","16.80","-1000.00"
"528.1","2025-01-24"," 11:20:00 AM","2025-01-24"," 11:43:00 AM","CE","76700","Sell","20","443.80","493.80","","-1000.00"
"528.2","2025-01-24"," 11:20:00 AM","2025-01-24"," 12:37:00 PM","PE","76700","Sell","20","387.85","387.85","","0.00"
"529","2025-01-27"," 9:20:00 AM","2025-01-27"," 10:19:00 AM","","","","","","","17.77","-1000.00"
"529.1","2025-01-27"," 9:20:00 AM","2025-01-27"," 9:26:00 AM","CE","75600","Sell","20","423.45","473.45","","-1000.00"
"529.2","2025-01-27"," 9:20:00 AM","2025-01-27"," 10:19:00 AM","PE","75600","Sell","20","343.75","343.75","","0.00"
"530","2025-01-27"," 11:20:00 AM","2025-01-27"," 12:14:00 PM","","","","","","","17.93","-1000.00"
"530.1","2025-01-27"," 11:20:00 AM","2025-01-27"," 11:58:00 AM","CE","75500","Sell","20","341.50","391.50","","-1000.00"
"530.2","2025-01-27"," 11:20:00 AM","2025-01-27"," 12:14:00 PM","PE","75500","Sell","20","298.15","298.15","","0.00"
"531","2025-01-28"," 9:20:00 AM","2025-01-28"," 9:22:00 AM","","","","","","","17.95","-1084.00"
"531.1","2025-01-28"," 9:20:00 AM","2025-01-28"," 9:22:00 AM","CE","75700","Sell","20","264.05","268.25","","-84.00"
"531.2","2025-01-28"," 9:20:00 AM","2025-01-28"," 9:21:00 AM","PE","75700","Sell","20","258.55","308.55","","-1000.00"
"532","2025-01-28"," 11:20:00 AM","2025-01-28"," 2:26:00 PM","","","","","","","18.36","2250.00"
"532.1","2025-01-28"," 11:20:00 AM","2025-01-28"," 2:26:00 PM","CE","75900","Sell","20","428.90","478.90","","-1000.00"
"532.2","2025-01-28"," 11:20:00 AM","2025-01-28"," 11:42:00 AM","PE","75900","Sell","20","325.00","162.50","","3250.00"
"533","2025-01-29"," 9:20:00 AM","2025-01-29"," 9:24:00 AM","","","","","","","18.24","-1107.00"
"533.1","2025-01-29"," 9:20:00 AM","2025-01-29"," 9:23:00 AM","CE","76200","Sell","20","986.45","1036.45","","-1000.00"
"533.2","2025-01-29"," 9:20:00 AM","2025-01-29"," 9:24:00 AM","PE","76200","Sell","20","905.45","910.80","","-107.00"
"534","2025-01-29"," 11:20:00 AM","2025-01-29"," 11:28:00 AM","","","","","","","18.77","-1000.00"
"534.1","2025-01-29"," 11:20:00 AM","2025-01-29"," 11:28:00 AM","CE","76300","Sell","20","1084.50","1084.50","","0.00"
"534.2","2025-01-29"," 11:20:00 AM","2025-01-29"," 11:24:00 AM","PE","76300","Sell","20","986.05","1036.05","","-1000.00"
"535","2025-01-30"," 9:20:00 AM","2025-01-30"," 9:42:00 AM","","","","","","","18.90","-1000.00"
"535.1","2025-01-30"," 9:20:00 AM","2025-01-30"," 9:31:00 AM","CE","76500","Sell","20","1080.00","1130.00","","-1000.00"
"535.2","2025-01-30"," 9:20:00 AM","2025-01-30"," 9:42:00 AM","PE","76500","Sell","20","998.20","998.20","","0.00"
"536","2025-01-30"," 11:20:00 AM","2025-01-30"," 11:48:00 AM","","","","","","","18.19","-1000.00"
"536.1","2025-01-30"," 11:20:00 AM","2025-01-30"," 11:48:00 AM","CE","76800","Sell","20","1056.05","1056.05","","0.00"
"536.2","2025-01-30"," 11:20:00 AM","2025-01-30"," 11:36:00 AM","PE","76800","Sell","20","945.00","995.00","","-1000.00"
"537","2025-01-31"," 9:20:00 AM","2025-01-31"," 1:00:00 PM","","","","","","","17.91","8055.00"
"537.1","2025-01-31"," 9:20:00 AM","2025-01-31"," 9:44:00 AM","CE","76900","Sell","20","993.45","1043.45","","-1000.00"
"537.2","2025-01-31"," 9:20:00 AM","2025-01-31"," 1:00:00 PM","PE","76900","Sell","20","905.55","452.80","","9055.00"
"538","2025-01-31"," 11:20:00 AM","2025-01-31"," 12:13:00 PM","","","","","","","16.73","-1000.00"
"538.1","2025-01-31"," 11:20:00 AM","2025-01-31"," 12:13:00 PM","CE","77200","Sell","20","880.00","880.00","","0.00"
"538.2","2025-01-31"," 11:20:00 AM","2025-01-31"," 11:31:00 AM","PE","77200","Sell","20","759.30","809.30","","-1000.00"
"539","2025-02-01"," 9:20:00 AM","2025-02-01"," 9:24:00 AM","","","","","","","15.99","-1741.00"
"539.1","2025-02-01"," 9:20:00 AM","2025-02-01"," 9:24:00 AM","CE","77500","Sell","20","627.10","659.50","","-648.00"
"539.2","2025-02-01"," 9:20:00 AM","2025-02-01"," 9:23:00 AM","PE","77500","Sell","20","643.95","698.60","","-1093.00"
"540","2025-02-01"," 11:20:00 AM","2025-02-01"," 11:55:00 AM","","","","","","","15.78","5762.00"
"540.1","2025-02-01"," 11:20:00 AM","2025-02-01"," 11:55:00 AM","CE","77800","Sell","20","676.20","338.10","","6762.00"
"540.2","2025-02-01"," 11:20:00 AM","2025-02-01"," 11:50:00 AM","PE","77800","Sell","20","590.25","640.25","","-1000.00"
"541","2025-02-03"," 9:20:00 AM","2025-02-03"," 1:16:00 PM","","","","","","","14.82","1393.00"
"541.1","2025-02-03"," 9:20:00 AM","2025-02-03"," 1:04:00 PM","CE","76800","Sell","20","468.65","518.65","","-1000.00"
"541.2","2025-02-03"," 9:20:00 AM","2025-02-03"," 1:16:00 PM","PE","76800","Sell","20","239.25","119.60","","2393.00"
"542","2025-02-03"," 11:20:00 AM","2025-02-03"," 1:04:00 PM","","","","","","","14.42","-1000.00"
"542.1","2025-02-03"," 11:20:00 AM","2025-02-03"," 1:04:00 PM","CE","77100","Sell","20","283.35","283.35","","0.00"
"542.2","2025-02-03"," 11:20:00 AM","2025-02-03"," 11:30:00 AM","PE","77100","Sell","20","216.05","266.05","","-1000.00"
"543","2025-02-04"," 9:20:00 AM","2025-02-04"," 9:23:00 AM","","","","","","","14.18","-1261.00"
"543.1","2025-02-04"," 9:20:00 AM","2025-02-04"," 9:22:00 AM","CE","77600","Sell","20","179.00","229.00","","-1000.00"
"543.2","2025-02-04"," 9:20:00 AM","2025-02-04"," 9:23:00 AM","PE","77600","Sell","20","181.95","195.00","","-261.00"
"544","2025-02-04"," 11:20:00 AM","2025-02-04"," 11:50:00 AM","","","","","","","14.52","-1000.00"
"544.1","2025-02-04"," 11:20:00 AM","2025-02-04"," 11:23:00 AM","CE","77800","Sell","20","253.65","303.65","","-1000.00"
"544.2","2025-02-04"," 11:20:00 AM","2025-02-04"," 11:50:00 AM","PE","77800","Sell","20","333.70","333.70","","0.00"
"545","2025-02-05"," 9:20:00 AM","2025-02-05"," 9:25:00 AM","","","","","","","14.15","-1000.00"
"545.1","2025-02-05"," 9:20:00 AM","2025-02-05"," 9:25:00 AM","CE","78600","Sell","20","591.80","591.80","","0.00"
"545.2","2025-02-05"," 9:20:00 AM","2025-02-05"," 9:23:00 AM","PE","78600","Sell","20","594.80","644.80","","-1000.00"
"546","2025-02-05"," 11:20:00 AM","2025-02-05"," 3:07:00 PM","","","","","","","14.11","-1000.00"
"546.1","2025-02-05"," 11:20:00 AM","2025-02-05"," 11:48:00 AM","CE","78300","Sell","20","650.05","700.05","","-1000.00"
"546.2","2025-02-05"," 11:20:00 AM","2025-02-05"," 3:07:00 PM","PE","78300","Sell","20","529.20","529.20","","0.00"
"547","2025-02-06"," 9:20:00 AM","2025-02-06"," 3:15:00 PM","","","","","","","14.24","2641.00"
"547.1","2025-02-06"," 9:20:00 AM","2025-02-06"," 3:15:00 PM","CE","78400","Sell","20","597.35","415.30","","3641.00"
"547.2","2025-02-06"," 9:20:00 AM","2025-02-06"," 9:23:00 AM","PE","78400","Sell","20","528.25","578.25","","-1000.00"
"548","2025-02-06"," 11:20:00 AM","2025-02-06"," 3:15:00 PM","","","","","","","14.38","447.00"
"548.1","2025-02-06"," 11:20:00 AM","2025-02-06"," 3:15:00 PM","CE","77900","Sell","20","655.85","665.00","","-183.00"
"548.2","2025-02-06"," 11:20:00 AM","2025-02-06"," 3:15:00 PM","PE","77900","Sell","20","475.65","444.15","","630.00"
"549","2025-02-07"," 9:20:00 AM","2025-02-07"," 10:19:00 AM","","","","","","","14.48","-1000.00"
"549.1","2025-02-07"," 9:20:00 AM","2025-02-07"," 10:10:00 AM","CE","78000","Sell","20","608.75","658.75","","-1000.00"
"549.2","2025-02-07"," 9:20:00 AM","2025-02-07"," 10:19:00 AM","PE","78000","Sell","20","508.20","508.20","","0.00"
"550","2025-02-07"," 11:20:00 AM","2025-02-07"," 11:56:00 AM","","","","","","","13.65","-1003.00"
"550.1","2025-02-07"," 11:20:00 AM","2025-02-07"," 11:25:00 AM","CE","78100","Sell","20","520.90","570.90","","-1000.00"
"550.2","2025-02-07"," 11:20:00 AM","2025-02-07"," 11:56:00 AM","PE","78100","Sell","20","347.75","347.90","","-3.00"
"551","2025-02-10"," 9:20:00 AM","2025-02-10"," 11:58:00 AM","","","","","","","14.52","3161.00"
"551.1","2025-02-10"," 9:20:00 AM","2025-02-10"," 11:58:00 AM","CE","77600","Sell","20","416.05","208.00","","4161.00"
"551.2","2025-02-10"," 9:20:00 AM","2025-02-10"," 9:43:00 AM","PE","77600","Sell","20","315.40","365.40","","-1000.00"
"552","2025-02-10"," 11:20:00 AM","2025-02-10"," 2:41:00 PM","","","","","","","14.55","-1000.00"
"552.1","2025-02-10"," 11:20:00 AM","2025-02-10"," 2:41:00 PM","CE","77300","Sell","20","398.45","398.45","","0.00"
"552.2","2025-02-10"," 11:20:00 AM","2025-02-10"," 12:02:00 PM","PE","77300","Sell","20","300.05","350.05","","-1000.00"
"553","2025-02-11"," 9:20:00 AM","2025-02-11"," 12:50:00 PM","","","","","","","14.89","2372.00"
"553.1","2025-02-11"," 9:20:00 AM","2025-02-11"," 9:52:00 AM","CE","77200","Sell","20","337.20","168.60","","3372.00"
"553.2","2025-02-11"," 9:20:00 AM","2025-02-11"," 12:50:00 PM","PE","77200","Sell","20","297.60","347.60","","-1000.00"
"554","2025-02-11"," 11:20:00 AM","2025-02-11"," 12:48:00 PM","","","","","","","14.46","713.00"
"554.1","2025-02-11"," 11:20:00 AM","2025-02-11"," 11:48:00 AM","CE","77000","Sell","20","171.35","85.70","","1713.00"
"554.2","2025-02-11"," 11:20:00 AM","2025-02-11"," 12:48:00 PM","PE","77000","Sell","20","82.45","132.45","","-1000.00"
"555","2025-02-12"," 9:20:00 AM","2025-02-12"," 11:46:00 AM","","","","","","","15.04","-1000.00"
"555.1","2025-02-12"," 9:20:00 AM","2025-02-12"," 11:46:00 AM","CE","76100","Sell","20","721.35","721.35","","0.00"
"555.2","2025-02-12"," 9:20:00 AM","2025-02-12"," 9:31:00 AM","PE","76100","Sell","20","514.90","564.90","","-1000.00"
"556","2025-02-12"," 11:20:00 AM","2025-02-12"," 11:43:00 AM","","","","","","","15.20","-1000.00"
"556.1","2025-02-12"," 11:20:00 AM","2025-02-12"," 11:43:00 AM","CE","75800","Sell","20","691.45","691.45","","0.00"
"556.2","2025-02-12"," 11:20:00 AM","2025-02-12"," 11:36:00 AM","PE","75800","Sell","20","504.20","554.20","","-1000.00"
"557","2025-02-13"," 9:20:00 AM","2025-02-13"," 9:33:00 AM","","","","","","","15.18","-1000.00"
"557.1","2025-02-13"," 9:20:00 AM","2025-02-13"," 9:33:00 AM","CE","76300","Sell","20","629.60","629.60","","0.00"
"557.2","2025-02-13"," 9:20:00 AM","2025-02-13"," 9:25:00 AM","PE","76300","Sell","20","491.55","541.55","","-1000.00"
"558","2025-02-13"," 11:20:00 AM","2025-02-13"," 12:22:00 PM","","","","","","","14.64","-1000.00"
"558.1","2025-02-13"," 11:20:00 AM","2025-02-13"," 11:45:00 AM","CE","76600","Sell","20","562.10","612.10","","-1000.00"
"558.2","2025-02-13"," 11:20:00 AM","2025-02-13"," 12:22:00 PM","PE","76600","Sell","20","432.05","432.05","","0.00"
"559","2025-02-14"," 9:20:00 AM","2025-02-14"," 9:24:00 AM","","","","","","","14.84","-1000.00"
"559.1","2025-02-14"," 9:20:00 AM","2025-02-14"," 9:24:00 AM","CE","76400","Sell","20","496.65","496.65","","0.00"
"559.2","2025-02-14"," 9:20:00 AM","2025-02-14"," 9:23:00 AM","PE","76400","Sell","20","434.20","484.20","","-1000.00"
"560","2025-02-14"," 11:20:00 AM","2025-02-14"," 12:08:00 PM","","","","","","","15.31","-1000.00"
"560.1","2025-02-14"," 11:20:00 AM","2025-02-14"," 11:44:00 AM","CE","75700","Sell","20","490.00","540.00","","-1000.00"
"560.2","2025-02-14"," 11:20:00 AM","2025-02-14"," 12:08:00 PM","PE","75700","Sell","20","433.60","433.60","","0.00"
"561","2025-02-17"," 9:20:00 AM","2025-02-17"," 9:33:00 AM","","","","","","","16.05","-1000.00"
"561.1","2025-02-17"," 9:20:00 AM","2025-02-17"," 9:21:00 AM","CE","75500","Sell","20","498.30","548.30","","-1000.00"
"561.2","2025-02-17"," 9:20:00 AM","2025-02-17"," 9:33:00 AM","PE","75500","Sell","20","361.10","361.10","","0.00"
"562","2025-02-17"," 11:20:00 AM","2025-02-17"," 12:24:00 PM","","","","","","","16.08","-1000.00"
"562.1","2025-02-17"," 11:20:00 AM","2025-02-17"," 11:26:00 AM","CE","75500","Sell","20","443.30","493.30","","-1000.00"
"562.2","2025-02-17"," 11:20:00 AM","2025-02-17"," 12:24:00 PM","PE","75500","Sell","20","334.10","334.10","","0.00"
"563","2025-02-18"," 9:20:00 AM","2025-02-18"," 9:51:00 AM","","","","","","","16.06","-1000.00"
"563.1","2025-02-18"," 9:20:00 AM","2025-02-18"," 9:51:00 AM","CE","75900","Sell","20","353.65","353.65","","0.00"
"563.2","2025-02-18"," 9:20:00 AM","2025-02-18"," 9:25:00 AM","PE","75900","Sell","20","337.60","387.60","","-1000.00"
"564","2025-02-18"," 11:20:00 AM","2025-02-18"," 12:20:00 PM","","","","","","","16.11","641.00"
"564.1","2025-02-18"," 11:20:00 AM","2025-02-18"," 11:33:00 AM","CE","75600","Sell","20","186.70","236.70","","-1000.00"
"564.2","2025-02-18"," 11:20:00 AM","2025-02-18"," 12:20:00 PM","PE","75600","Sell","20","164.15","82.10","","1641.00"
"565","2025-02-19"," 9:20:00 AM","2025-02-19"," 3:15:00 PM","","","","","","","15.93","2514.00"
"565.1","2025-02-19"," 9:20:00 AM","2025-02-19"," 9:46:00 AM","CE","75700","Sell","20","689.60","739.60","","-1000.00"
"565.2","2025-02-19"," 9:20:00 AM","2025-02-19"," 3:15:00 PM","PE","75700","Sell","20","570.80","395.10","","3514.00"
"566","2025-02-19"," 11:20:00 AM","2025-02-19"," 11:43:00 AM","","","","","","","15.54","-1000.00"
"566.1","2025-02-19"," 11:20:00 AM","2025-02-19"," 11:35:00 AM","CE","76100","Sell","20","631.00","681.00","","-1000.00"
"566.2","2025-02-19"," 11:20:00 AM","2025-02-19"," 11:43:00 AM","PE","76100","Sell","20","536.35","536.35","","0.00"
"567","2025-02-20"," 9:20:00 AM","2025-02-20"," 10:23:00 AM","","","","","","","15.66","-1000.00"
"567.1","2025-02-20"," 9:20:00 AM","2025-02-20"," 10:23:00 AM","CE","75600","Sell","20","673.25","673.25","","0.00"
"567.2","2025-02-20"," 9:20:00 AM","2025-02-20"," 9:47:00 AM","PE","75600","Sell","20","454.45","504.45","","-1000.00"
"568","2025-02-20"," 11:20:00 AM","2025-02-20"," 3:15:00 PM","","","","","","","15.11","1812.00"
"568.1","2025-02-20"," 11:20:00 AM","2025-02-20"," 3:15:00 PM","CE","75800","Sell","20","563.35","494.80","","1371.00"
"568.2","2025-02-20"," 11:20:00 AM","2025-02-20"," 3:15:00 PM","PE","75800","Sell","20","442.75","420.70","","441.00"
"569","2025-02-21"," 9:20:00 AM","2025-02-21"," 1:40:00 PM","","","","","","","14.89","3839.00"
"569.1","2025-02-21"," 9:20:00 AM","2025-02-21"," 1:40:00 PM","CE","75700","Sell","20","483.95","242.00","","4839.00"
"569.2","2025-02-21"," 9:20:00 AM","2025-02-21"," 9:46:00 AM","PE","75700","Sell","20","407.80","457.80","","-1000.00"
"570","2025-02-21"," 11:20:00 AM","2025-02-21"," 1:03:00 PM","","","","","","","14.96","-1043.00"
"570.1","2025-02-21"," 11:20:00 AM","2025-02-21"," 11:39:00 AM","CE","75200","Sell","20","544.15","594.15","","-1000.00"
"570.2","2025-02-21"," 11:20:00 AM","2025-02-21"," 1:03:00 PM","PE","75200","Sell","20","336.45","338.60","","-43.00"
"571","2025-02-24"," 9:20:00 AM","2025-02-24"," 10:57:00 AM","","","","","","","15.19","3225.00"
"571.1","2025-02-24"," 9:20:00 AM","2025-02-24"," 10:57:00 AM","CE","74800","Sell","20","422.45","211.20","","4225.00"
"571.2","2025-02-24"," 9:20:00 AM","2025-02-24"," 9:38:00 AM","PE","74800","Sell","20","288.65","338.65","","-1000.00"
"572","2025-02-24"," 11:20:00 AM","2025-02-24"," 12:06:00 PM","","","","","","","14.61","-1000.00"
"572.1","2025-02-24"," 11:20:00 AM","2025-02-24"," 11:45:00 AM","CE","74600","Sell","20","343.25","393.25","","-1000.00"
"572.2","2025-02-24"," 11:20:00 AM","2025-02-24"," 12:06:00 PM","PE","74600","Sell","20","219.50","219.50","","0.00"
"573","2025-02-25"," 9:20:00 AM","2025-02-25"," 9:35:00 AM","","","","","","","14.44","799.00"
"573.1","2025-02-25"," 9:20:00 AM","2025-02-25"," 9:35:00 AM","CE","74500","Sell","20","199.00","249.00","","-1000.00"
"573.2","2025-02-25"," 9:20:00 AM","2025-02-25"," 9:34:00 AM","PE","74500","Sell","20","179.90","89.95","","1799.00"
"574","2025-02-25"," 11:20:00 AM","2025-02-25"," 1:08:00 PM","","","","","","","13.84","-497.00"
"574.1","2025-02-25"," 11:20:00 AM","2025-02-25"," 1:08:00 PM","CE","74600","Sell","20","123.90","173.90","","-1000.00"
"574.2","2025-02-25"," 11:20:00 AM","2025-02-25"," 12:56:00 PM","PE","74600","Sell","20","50.25","25.10","","503.00"
"575","2025-02-27"," 9:20:00 AM","2025-02-27"," 3:15:00 PM","","","","","","","13.64","722.00"
"575.1","2025-02-27"," 9:20:00 AM","2025-02-27"," 3:15:00 PM","CE","74700","Sell","20","458.65","440.10","","371.00"
"575.2","2025-02-27"," 9:20:00 AM","2025-02-27"," 3:15:00 PM","PE","74700","Sell","20","335.45","317.90","","351.00"
"576","2025-02-27"," 11:20:00 AM","2025-02-27"," 3:15:00 PM","","","","","","","13.32","-443.00"
"576.1","2025-02-27"," 11:20:00 AM","2025-02-27"," 3:15:00 PM","CE","74600","Sell","20","474.90","500.55","","-513.00"
"576.2","2025-02-27"," 11:20:00 AM","2025-02-27"," 3:15:00 PM","PE","74600","Sell","20","283.50","280.00","","70.00"
"577","2025-02-28"," 9:20:00 AM","2025-02-28"," 12:33:00 PM","","","","","","","13.65","4123.00"
"577.1","2025-02-28"," 9:20:00 AM","2025-02-28"," 12:33:00 PM","CE","73900","Sell","20","512.25","256.10","","5123.00"
"577.2","2025-02-28"," 9:20:00 AM","2025-02-28"," 9:34:00 AM","PE","73900","Sell","20","312.25","362.25","","-1000.00"
"578","2025-02-28"," 11:20:00 AM","2025-02-28"," 3:15:00 PM","","","","","","","13.38","2851.00"
"578.1","2025-02-28"," 11:20:00 AM","2025-02-28"," 3:15:00 PM","CE","73600","Sell","20","499.80","307.25","","3851.00"
"578.2","2025-02-28"," 11:20:00 AM","2025-02-28"," 12:35:00 PM","PE","73600","Sell","20","263.90","313.90","","-1000.00"
"579","2025-03-03"," 9:20:00 AM","2025-03-03"," 9:49:00 AM","","","","","","","13.98","2312.00"
"579.1","2025-03-03"," 9:20:00 AM","2025-03-03"," 9:49:00 AM","CE","73600","Sell","20","331.20","165.60","","3312.00"
"579.2","2025-03-03"," 9:20:00 AM","2025-03-03"," 9:24:00 AM","PE","73600","Sell","20","269.70","319.70","","-1000.00"
"580","2025-03-03"," 11:20:00 AM","2025-03-03"," 12:46:00 PM","","","","","","","14.21","1384.00"
"580.1","2025-03-03"," 11:20:00 AM","2025-03-03"," 12:15:00 PM","CE","72800","Sell","20","359.00","409.00","","-1000.00"
"580.2","2025-03-03"," 11:20:00 AM","2025-03-03"," 12:46:00 PM","PE","72800","Sell","20","238.40","119.20","","2384.00"
"581","2025-03-04"," 9:20:00 AM","2025-03-04"," 9:25:00 AM","","","","","","","13.88","-1028.00"
"581.1","2025-03-04"," 9:20:00 AM","2025-03-04"," 9:24:00 AM","CE","72700","Sell","20","202.05","252.05","","-1000.00"
"581.2","2025-03-04"," 9:20:00 AM","2025-03-04"," 9:25:00 AM","PE","72700","Sell","20","160.50","161.90","","-28.00"
"582","2025-03-04"," 11:20:00 AM","2025-03-04"," 1:59:00 PM","","","","","","","13.69","1374.00"
"582.1","2025-03-04"," 11:20:00 AM","2025-03-04"," 12:16:00 PM","CE","72900","Sell","20","89.15","44.60","","891.00"
"582.2","2025-03-04"," 11:20:00 AM","2025-03-04"," 1:59:00 PM","PE","72900","Sell","20","48.35","24.20","","483.00"
"583","2025-03-05"," 9:20:00 AM","2025-03-05"," 11:48:00 AM","","","","","","","13.80","3687.00"
"583.1","2025-03-05"," 9:20:00 AM","2025-03-05"," 9:23:00 AM","CE","73200","Sell","20","484.55","534.55","","-1000.00"
"583.2","2025-03-05"," 9:20:00 AM","2025-03-05"," 11:48:00 AM","PE","73200","Sell","20","468.70","234.35","","4687.00"
"584","2025-03-05"," 11:20:00 AM","2025-03-05"," 3:15:00 PM","","","","","","","13.65","320.00"
"584.1","2025-03-05"," 11:20:00 AM","2025-03-05"," 11:36:00 AM","CE","73600","Sell","20","506.80","556.80","","-1000.00"
"584.2","2025-03-05"," 11:20:00 AM","2025-03-05"," 3:15:00 PM","PE","73600","Sell","20","441.00","375.00","","1320.00"
"585","2025-03-06"," 9:20:00 AM","2025-03-06"," 11:08:00 AM","","","","","","","13.47","-1000.00"
"585.1","2025-03-06"," 9:20:00 AM","2025-03-06"," 11:08:00 AM","CE","74000","Sell","20","476.85","476.85","","0.00"
"585.2","2025-03-06"," 9:20:00 AM","2025-03-06"," 9:22:00 AM","PE","74000","Sell","20","373.95","423.95","","-1000.00"
"586","2025-03-06"," 11:20:00 AM","2025-03-06"," 12:04:00 PM","","","","","","","13.56","-1000.00"
"586.1","2025-03-06"," 11:20:00 AM","2025-03-06"," 12:04:00 PM","CE","74000","Sell","20","424.60","424.60","","0.00"
"586.2","2025-03-06"," 11:20:00 AM","2025-03-06"," 11:23:00 AM","PE","74000","Sell","20","422.90","472.90","","-1000.00"
"587","2025-03-07"," 9:20:00 AM","2025-03-07"," 10:09:00 AM","","","","","","","13.80","-1000.00"
"587.1","2025-03-07"," 9:20:00 AM","2025-03-07"," 10:09:00 AM","CE","74300","Sell","20","449.00","449.00","","0.00"
"587.2","2025-03-07"," 9:20:00 AM","2025-03-07"," 9:21:00 AM","PE","74300","Sell","20","402.00","452.00","","-1000.00"
"588","2025-03-07"," 11:20:00 AM","2025-03-07"," 3:15:00 PM","","","","","","","13.53","1205.00"
"588.1","2025-03-07"," 11:20:00 AM","2025-03-07"," 3:15:00 PM","CE","74500","Sell","20","389.30","279.05","","2205.00"
"588.2","2025-03-07"," 11:20:00 AM","2025-03-07"," 11:48:00 AM","PE","74500","Sell","20","340.70","390.70","","-1000.00"
"589","2025-03-10"," 9:20:00 AM","2025-03-10"," 9:55:00 AM","","","","","","","14.12","2423.00"
"589.1","2025-03-10"," 9:20:00 AM","2025-03-10"," 9:39:00 AM","CE","74400","Sell","20","260.55","310.55","","-1000.00"
"589.2","2025-03-10"," 9:20:00 AM","2025-03-10"," 9:55:00 AM","PE","74400","Sell","20","342.30","171.15","","3423.00"
"590","2025-03-10"," 11:20:00 AM","2025-03-10"," 1:46:00 PM","","","","","","","13.76","961.00"
"590.1","2025-03-10"," 11:20:00 AM","2025-03-10"," 1:46:00 PM","CE","74600","Sell","20","196.05","98.00","","1961.00"
"590.2","2025-03-10"," 11:20:00 AM","2025-03-10"," 12:04:00 PM","PE","74600","Sell","20","241.40","291.40","","-1000.00"
"591","2025-03-11"," 9:20:00 AM","2025-03-11"," 9:50:00 AM","","","","","","","14.22","583.00"
"591.1","2025-03-11"," 9:20:00 AM","2025-03-11"," 9:41:00 AM","CE","73700","Sell","20","224.80","274.80","","-1000.00"
"591.2","2025-03-11"," 9:20:00 AM","2025-03-11"," 9:50:00 AM","PE","73700","Sell","20","158.35","79.20","","1583.00"
"592","2025-03-11"," 11:20:00 AM","2025-03-11"," 1:46:00 PM","","","","","","","14.21","-340.00"
"592.1","2025-03-11"," 11:20:00 AM","2025-03-11"," 1:46:00 PM","CE","73900","Sell","20","142.20","192.20","","-1000.00"
"592.2","2025-03-11"," 11:20:00 AM","2025-03-11"," 12:28:00 PM","PE","73900","Sell","20","66.00","33.00","","660.00"
"593","2025-03-12"," 9:20:00 AM","2025-03-12"," 11:28:00 AM","","","","","","","13.93","3927.00"
"593.1","2025-03-12"," 9:20:00 AM","2025-03-12"," 11:28:00 AM","CE","74300","Sell","20","492.75","246.40","","4927.00"
"593.2","2025-03-12"," 9:20:00 AM","2025-03-12"," 9:21:00 AM","PE","74300","Sell","20","447.35","497.35","","-1000.00"
"594","2025-03-12"," 11:20:00 AM","2025-03-12"," 1:24:00 PM","","","","","","","13.90","-1000.00"
"594.1","2025-03-12"," 11:20:00 AM","2025-03-12"," 1:24:00 PM","CE","73900","Sell","20","458.65","458.65","","0.00"
"594.2","2025-03-12"," 11:20:00 AM","2025-03-12"," 11:28:00 AM","PE","73900","Sell","20","417.00","467.00","","-1000.00"
"595","2025-03-13"," 9:20:00 AM","2025-03-13"," 11:38:00 AM","","","","","","","13.73","-1000.00"
"595.1","2025-03-13"," 9:20:00 AM","2025-03-13"," 9:58:00 AM","CE","74100","Sell","20","392.60","442.60","","-1000.00"
"595.2","2025-03-13"," 9:20:00 AM","2025-03-13"," 11:38:00 AM","PE","74100","Sell","20","371.25","371.25","","0.00"
"596","2025-03-13"," 11:20:00 AM","2025-03-13"," 2:38:00 PM","","","","","","","13.34","2446.00"
"596.1","2025-03-13"," 11:20:00 AM","2025-03-13"," 2:38:00 PM","CE","74200","Sell","20","344.60","172.30","","3446.00"
"596.2","2025-03-13"," 11:20:00 AM","2025-03-13"," 11:29:00 AM","PE","74200","Sell","20","329.35","379.35","","-1000.00"
"597","2025-03-17"," 9:20:00 AM","2025-03-17"," 10:18:00 AM","","","","","","","13.83","-1000.00"
"597.1","2025-03-17"," 9:20:00 AM","2025-03-17"," 9:32:00 AM","CE","74200","Sell","20","253.55","303.55","","-1000.00"
"597.2","2025-03-17"," 9:20:00 AM","2025-03-17"," 10:18:00 AM","PE","74200","Sell","20","257.00","257.00","","0.00"
"598","2025-03-17"," 11:20:00 AM","2025-03-17"," 12:22:00 PM","","","","","","","13.58","-1000.00"
"598.1","2025-03-17"," 11:20:00 AM","2025-03-17"," 11:39:00 AM","CE","74100","Sell","20","255.90","305.90","","-1000.00"
"598.2","2025-03-17"," 11:20:00 AM","2025-03-17"," 12:22:00 PM","PE","74100","Sell","20","218.00","218.00","","0.00"
"599","2025-03-18"," 9:20:00 AM","2025-03-18"," 9:37:00 AM","","","","","","","13.45","1160.00"
"599.1","2025-03-18"," 9:20:00 AM","2025-03-18"," 9:24:00 AM","CE","74500","Sell","20","221.00","271.00","","-1000.00"
"599.2","2025-03-18"," 9:20:00 AM","2025-03-18"," 9:37:00 AM","PE","74500","Sell","20","216.00","108.00","","2160.00"
"600","2025-03-18"," 11:20:00 AM","2025-03-18"," 12:35:00 PM","","","","","","","13.34","577.00"
"600.1","2025-03-18"," 11:20:00 AM","2025-03-18"," 12:35:00 PM","CE","75000","Sell","20","157.65","78.80","","1577.00"
"600.2","2025-03-18"," 11:20:00 AM","2025-03-18"," 12:29:00 PM","PE","75000","Sell","20","111.75","161.75","","-1000.00"
"601","2025-03-19"," 9:20:00 AM","2025-03-19"," 10:20:00 AM","","","","","","","13.41","-1000.00"
"601.1","2025-03-19"," 9:20:00 AM","2025-03-19"," 10:20:00 AM","CE","75400","Sell","20","595.25","595.25","","0.00"
"601.2","2025-03-19"," 9:20:00 AM","2025-03-19"," 9:22:00 AM","PE","75400","Sell","20","398.10","448.10","","-1000.00"
"602","2025-03-19"," 11:20:00 AM","2025-03-19"," 3:15:00 PM","","","","","","","13.36","49.00"
"602.1","2025-03-19"," 11:20:00 AM","2025-03-19"," 3:15:00 PM","CE","75400","Sell","20","573.65","587.80","","-283.00"
"602.2","2025-03-19"," 11:20:00 AM","2025-03-19"," 3:15:00 PM","PE","75400","Sell","20","377.50","360.90","","332.00"
"603","2025-03-20"," 9:20:00 AM","2025-03-20"," 10:07:00 AM","","","","","","","13.21","-1000.00"
"603.1","2025-03-20"," 9:20:00 AM","2025-03-20"," 9:24:00 AM","CE","75800","Sell","20","460.45","510.45","","-1000.00"
"603.2","2025-03-20"," 9:20:00 AM","2025-03-20"," 10:07:00 AM","PE","75800","Sell","20","363.75","363.75","","0.00"
"604","2025-03-20"," 11:20:00 AM","2025-03-20"," 2:31:00 PM","","","","","","","13.06","2193.00"
"604.1","2025-03-20"," 11:20:00 AM","2025-03-20"," 12:49:00 PM","CE","75900","Sell","20","475.90","525.90","","-1000.00"
"604.2","2025-03-20"," 11:20:00 AM","2025-03-20"," 2:31:00 PM","PE","75900","Sell","20","319.30","159.65","","3193.00"
"605","2025-03-21"," 9:20:00 AM","2025-03-21"," 10:47:00 AM","","","","","","","12.67","1965.00"
"605.1","2025-03-21"," 9:20:00 AM","2025-03-21"," 9:33:00 AM","CE","76300","Sell","20","408.70","458.70","","-1000.00"
"605.2","2025-03-21"," 9:20:00 AM","2025-03-21"," 10:47:00 AM","PE","76300","Sell","20","296.55","148.30","","2965.00"
"606","2025-03-21"," 11:20:00 AM","2025-03-21"," 11:42:00 AM","","","","","","","12.60","-1000.00"
"606.1","2025-03-21"," 11:20:00 AM","2025-03-21"," 11:34:00 AM","CE","76900","Sell","20","360.55","410.55","","-1000.00"
"606.2","2025-03-21"," 11:20:00 AM","2025-03-21"," 11:42:00 AM","PE","76900","Sell","20","332.25","332.25","","0.00"
"607","2025-03-24"," 9:20:00 AM","2025-03-24"," 9:23:00 AM","","","","","","","13.09","-1000.00"
"607.1","2025-03-24"," 9:20:00 AM","2025-03-24"," 9:23:00 AM","CE","77500","Sell","20","268.70","268.70","","0.00"
"607.2","2025-03-24"," 9:20:00 AM","2025-03-24"," 9:22:00 AM","PE","77500","Sell","20","292.55","342.55","","-1000.00"
"608","2025-03-24"," 11:20:00 AM","2025-03-24"," 11:59:00 AM","","","","","","","13.63","-1002.00"
"608.1","2025-03-24"," 11:20:00 AM","2025-03-24"," 11:59:00 AM","CE","77800","Sell","20","345.10","345.10","","0.00"
"608.2","2025-03-24"," 11:20:00 AM","2025-03-24"," 11:45:00 AM","PE","77800","Sell","20","305.75","355.85","","-1002.00"
"609","2025-03-25"," 9:20:00 AM","2025-03-25"," 9:23:00 AM","","","","","","","14.15","-1000.00"
"609.1","2025-03-25"," 9:20:00 AM","2025-03-25"," 9:23:00 AM","CE","78200","Sell","20","344.05","344.05","","0.00"
"609.2","2025-03-25"," 9:20:00 AM","2025-03-25"," 9:22:00 AM","PE","78200","Sell","20","247.60","297.60","","-1000.00"
"610","2025-03-25"," 11:20:00 AM","2025-03-25"," 11:43:00 AM","","","","","","","14.21","463.00"
"610.1","2025-03-25"," 11:20:00 AM","2025-03-25"," 11:43:00 AM","CE","78200","Sell","20","146.30","73.15","","1463.00"
"610.2","2025-03-25"," 11:20:00 AM","2025-03-25"," 11:23:00 AM","PE","78200","Sell","20","111.40","161.40","","-1000.00"
"611","2025-03-26"," 9:20:00 AM","2025-03-26"," 9:22:00 AM","","","","","","","13.77","-1000.00"
"611.1","2025-03-26"," 9:20:00 AM","2025-03-26"," 9:21:00 AM","CE","78000","Sell","20","632.45","682.45","","-1000.00"
"611.2","2025-03-26"," 9:20:00 AM","2025-03-26"," 9:22:00 AM","PE","78000","Sell","20","392.30","392.30","","0.00"
"612","2025-03-26"," 11:20:00 AM","2025-03-26"," 11:40:00 AM","","","","","","","13.63","-1000.00"
"612.1","2025-03-26"," 11:20:00 AM","2025-03-26"," 11:32:00 AM","CE","77900","Sell","20","573.30","623.30","","-1000.00"
"612.2","2025-03-26"," 11:20:00 AM","2025-03-26"," 11:40:00 AM","PE","77900","Sell","20","392.40","392.40","","0.00"
"613","2025-03-27"," 9:20:00 AM","2025-03-27"," 9:23:00 AM","","","","","","","13.55","-1046.00"
"613.1","2025-03-27"," 9:20:00 AM","2025-03-27"," 9:22:00 AM","CE","77400","Sell","20","553.80","603.80","","-1000.00"
"613.2","2025-03-27"," 9:20:00 AM","2025-03-27"," 9:23:00 AM","PE","77400","Sell","20","397.70","400.00","","-46.00"
"614","2025-03-27"," 11:20:00 AM","2025-03-27"," 3:15:00 PM","","","","","","","13.75","654.00"
"614.1","2025-03-27"," 11:20:00 AM","2025-03-27"," 3:15:00 PM","CE","77700","Sell","20","515.85","524.70","","-177.00"
"614.2","2025-03-27"," 11:20:00 AM","2025-03-27"," 3:15:00 PM","PE","77700","Sell","20","335.30","293.75","","831.00"
"615","2025-03-28"," 9:20:00 AM","2025-03-28"," 10:35:00 AM","","","","","","","13.09","-1000.00"
"615.1","2025-03-28"," 9:20:00 AM","2025-03-28"," 10:35:00 AM","CE","77600","Sell","20","484.25","484.25","","0.00"
"615.2","2025-03-28"," 9:20:00 AM","2025-03-28"," 9:26:00 AM","PE","77600","Sell","20","278.45","328.45","","-1000.00"
"616","2025-03-28"," 11:20:00 AM","2025-03-28"," 1:02:00 PM","","","","","","","12.70","3290.00"
"616.1","2025-03-28"," 11:20:00 AM","2025-03-28"," 1:02:00 PM","CE","77500","Sell","20","429.00","214.50","","4290.00"
"616.2","2025-03-28"," 11:20:00 AM","2025-03-28"," 12:19:00 PM","PE","77500","Sell","20","230.70","280.70","","-1000.00"
"617","2025-04-01"," 9:20:00 AM","2025-04-01"," 9:30:00 AM","","","","","","","13.62","926.00"
"617.1","2025-04-01"," 9:20:00 AM","2025-04-01"," 9:22:00 AM","CE","77000","Sell","20","210.40","260.40","","-1000.00"
"617.2","2025-04-01"," 9:20:00 AM","2025-04-01"," 9:30:00 AM","PE","77000","Sell","20","192.60","96.30","","1926.00"
"618","2025-04-01"," 11:20:00 AM","2025-04-01"," 12:05:00 PM","","","","","","","13.80","493.00"
"618.1","2025-04-01"," 11:20:00 AM","2025-04-01"," 12:05:00 PM","CE","76300","Sell","20","149.30","74.65","","1493.00"
"618.2","2025-04-01"," 11:20:00 AM","2025-04-01"," 11:37:00 AM","PE","76300","Sell","20","169.85","219.85","","-1000.00"
"619","2025-04-02"," 9:20:00 AM","2025-04-02"," 9:22:00 AM","","","","","","","13.93","-1000.00"
"619.1","2025-04-02"," 9:20:00 AM","2025-04-02"," 9:22:00 AM","CE","76200","Sell","20","638.15","638.15","","0.00"
"619.2","2025-04-02"," 9:20:00 AM","2025-04-02"," 9:21:00 AM","PE","76200","Sell","20","484.10","534.10","","-1000.00"
"620","2025-04-02"," 11:20:00 AM","2025-04-02"," 3:15:00 PM","","","","","","","13.66","-128.00"
"620.1","2025-04-02"," 11:20:00 AM","2025-04-02"," 3:03:00 PM","CE","76400","Sell","20","599.75","649.75","","-1000.00"
"620.2","2025-04-02"," 11:20:00 AM","2025-04-02"," 3:15:00 PM","PE","76400","Sell","20","451.50","407.90","","872.00"
"621","2025-04-03"," 9:20:00 AM","2025-04-03"," 9:24:00 AM","","","","","","","13.89","-1000.00"
"621.1","2025-04-03"," 9:20:00 AM","2025-04-03"," 9:22:00 AM","CE","76200","Sell","20","487.70","537.70","","-1000.00"
"621.2","2025-04-03"," 9:20:00 AM","2025-04-03"," 9:24:00 AM","PE","76200","Sell","20","513.85","513.85","","0.00"
"622","2025-04-03"," 11:20:00 AM","2025-04-03"," 3:15:00 PM","","","","","","","13.56","234.00"
"622.1","2025-04-03"," 11:20:00 AM","2025-04-03"," 3:15:00 PM","CE","76300","Sell","20","489.25","451.50","","755.00"
"622.2","2025-04-03"," 11:20:00 AM","2025-04-03"," 3:15:00 PM","PE","76300","Sell","20","401.50","427.55","","-521.00"
"623","2025-04-04"," 9:20:00 AM","2025-04-04"," 9:34:00 AM","","","","","","","13.92","-1000.00"
"623.1","2025-04-04"," 9:20:00 AM","2025-04-04"," 9:34:00 AM","CE","75900","Sell","20","385.45","385.45","","0.00"
"623.2","2025-04-04"," 9:20:00 AM","2025-04-04"," 9:21:00 AM","PE","75900","Sell","20","478.30","528.30","","-1000.00"
"624","2025-04-04"," 11:20:00 AM","2025-04-04"," 2:05:00 PM","","","","","","","13.80","2364.00"
"624.1","2025-04-04"," 11:20:00 AM","2025-04-04"," 2:05:00 PM","CE","75600","Sell","20","336.40","168.20","","3364.00"
"624.2","2025-04-04"," 11:20:00 AM","2025-04-04"," 11:48:00 AM","PE","75600","Sell","20","382.90","432.90","","-1000.00"
"625","2025-04-07"," 9:20:00 AM","2025-04-07"," 9:22:00 AM","","","","","","","21.34","-1000.00"
"625.1","2025-04-07"," 9:20:00 AM","2025-04-07"," 9:22:00 AM","CE","72200","Sell","20","1084.65","1084.65","","0.00"
"625.2","2025-04-07"," 9:20:00 AM","2025-04-07"," 9:21:00 AM","PE","72200","Sell","20","739.75","789.75","","-1000.00"
"626","2025-04-07"," 11:20:00 AM","2025-04-07"," 11:27:00 AM","","","","","","","21.55","-1000.00"
"626.1","2025-04-07"," 11:20:00 AM","2025-04-07"," 11:27:00 AM","CE","72400","Sell","20","804.75","804.75","","0.00"
"626.2","2025-04-07"," 11:20:00 AM","2025-04-07"," 11:24:00 AM","PE","72400","Sell","20","624.45","674.45","","-1000.00"
"627","2025-04-08"," 9:20:00 AM","2025-04-08"," 9:32:00 AM","","","","","","","20.17","2205.00"
"627.1","2025-04-08"," 9:20:00 AM","2025-04-08"," 9:22:00 AM","CE","74300","Sell","20","357.75","407.75","","-1000.00"
"627.2","2025-04-08"," 9:20:00 AM","2025-04-08"," 9:32:00 AM","PE","74300","Sell","20","320.55","160.30","","3205.00"
"628","2025-04-08"," 11:20:00 AM","2025-04-08"," 11:38:00 AM","","","","","","","20.66","-1000.00"
"628.1","2025-04-08"," 11:20:00 AM","2025-04-08"," 11:38:00 AM","CE","73800","Sell","20","347.00","347.00","","0.00"
"628.2","2025-04-08"," 11:20:00 AM","2025-04-08"," 11:28:00 AM","PE","73800","Sell","20","373.70","423.70","","-1000.00"
"629","2025-04-09"," 9:20:00 AM","2025-04-09"," 9:31:00 AM","","","","","","","21.08","-1000.00"
"629.1","2025-04-09"," 9:20:00 AM","2025-04-09"," 9:22:00 AM","CE","73900","Sell","20","851.75","901.75","","-1000.00"
"629.2","2025-04-09"," 9:20:00 AM","2025-04-09"," 9:31:00 AM","PE","73900","Sell","20","866.40","866.40","","0.00"
"630","2025-04-09"," 11:20:00 AM","2025-04-09"," 11:37:00 AM","","","","","","","20.87","-1000.00"
"630.1","2025-04-09"," 11:20:00 AM","2025-04-09"," 11:32:00 AM","CE","73800","Sell","20","773.50","823.50","","-1000.00"
"630.2","2025-04-09"," 11:20:00 AM","2025-04-09"," 11:37:00 AM","PE","73800","Sell","20","703.65","703.65","","0.00"
"631","2025-04-11"," 9:20:00 AM","2025-04-11"," 9:35:00 AM","","","","","","","20.00","-1000.00"
"631.1","2025-04-11"," 9:20:00 AM","2025-04-11"," 9:35:00 AM","CE","75000","Sell","20","668.80","668.80","","0.00"
"631.2","2025-04-11"," 9:20:00 AM","2025-04-11"," 9:27:00 AM","PE","75000","Sell","20","516.70","566.70","","-1000.00"
"632","2025-04-11"," 11:20:00 AM","2025-04-11"," 12:40:00 PM","","","","","","","19.47","-1000.00"
"632.1","2025-04-11"," 11:20:00 AM","2025-04-11"," 11:24:00 AM","CE","75200","Sell","20","522.40","572.40","","-1000.00"
"632.2","2025-04-11"," 11:20:00 AM","2025-04-11"," 12:40:00 PM","PE","75200","Sell","20","491.05","491.05","","0.00"
"633","2025-04-15"," 9:20:00 AM","2025-04-15"," 9:37:00 AM","","","","","","","18.33","1410.00"
"633.1","2025-04-15"," 9:20:00 AM","2025-04-15"," 9:21:00 AM","CE","76600","Sell","20","309.55","359.55","","-1000.00"
"633.2","2025-04-15"," 9:20:00 AM","2025-04-15"," 9:37:00 AM","PE","76600","Sell","20","241.00","120.50","","2410.00"
"634","2025-04-15"," 11:20:00 AM","2025-04-15"," 12:23:00 PM","","","","","","","16.48","-479.00"
"634.1","2025-04-15"," 11:20:00 AM","2025-04-15"," 12:20:00 PM","CE","76700","Sell","20","78.70","128.70","","-1000.00"
"634.2","2025-04-15"," 11:20:00 AM","2025-04-15"," 12:23:00 PM","PE","76700","Sell","20","52.05","26.00","","521.00"
"635","2025-04-16"," 9:20:00 AM","2025-04-16"," 10:24:00 AM","","","","","","","15.44","-1000.00"
"635.1","2025-04-16"," 9:20:00 AM","2025-04-16"," 9:28:00 AM","CE","76600","Sell","20","499.35","549.35","","-1000.00"
"635.2","2025-04-16"," 9:20:00 AM","2025-04-16"," 10:24:00 AM","PE","76600","Sell","20","502.70","502.70","","0.00"
"636","2025-04-16"," 11:20:00 AM","2025-04-16"," 1:58:00 PM","","","","","","","15.58","-1000.00"
"636.1","2025-04-16"," 11:20:00 AM","2025-04-16"," 1:58:00 PM","CE","76700","Sell","20","567.00","567.00","","0.00"
"636.2","2025-04-16"," 11:20:00 AM","2025-04-16"," 1:29:00 PM","PE","76700","Sell","20","517.60","567.60","","-1000.00"
"637","2025-04-17"," 9:20:00 AM","2025-04-17"," 9:39:00 AM","","","","","","","15.65","-1000.00"
"637.1","2025-04-17"," 9:20:00 AM","2025-04-17"," 9:39:00 AM","CE","76800","Sell","20","505.20","505.20","","0.00"
"637.2","2025-04-17"," 9:20:00 AM","2025-04-17"," 9:22:00 AM","PE","76800","Sell","20","478.80","528.80","","-1000.00"
"638","2025-04-17"," 11:20:00 AM","2025-04-17"," 12:33:00 PM","","","","","","","16.08","4459.00"
"638.1","2025-04-17"," 11:20:00 AM","2025-04-17"," 11:29:00 AM","CE","77200","Sell","20","561.00","611.00","","-1000.00"
"638.2","2025-04-17"," 11:20:00 AM","2025-04-17"," 12:33:00 PM","PE","77200","Sell","20","545.95","273.00","","5459.00"
"639","2025-04-21"," 9:20:00 AM","2025-04-21"," 9:25:00 AM","","","","","","","15.83","-1000.00"
"639.1","2025-04-21"," 9:20:00 AM","2025-04-21"," 9:25:00 AM","CE","79000","Sell","20","362.10","362.10","","0.00"
"639.2","2025-04-21"," 9:20:00 AM","2025-04-21"," 9:21:00 AM","PE","79000","Sell","20","421.95","471.95","","-1000.00"
"640","2025-04-21"," 11:20:00 AM","2025-04-21"," 11:58:00 AM","","","","","","","15.73","-1000.00"
"640.1","2025-04-21"," 11:20:00 AM","2025-04-21"," 11:58:00 AM","CE","79400","Sell","20","279.00","279.00","","0.00"
"640.2","2025-04-21"," 11:20:00 AM","2025-04-21"," 11:33:00 AM","PE","79400","Sell","20","273.50","323.50","","-1000.00"
"641","2025-04-22"," 9:20:00 AM","2025-04-22"," 9:26:00 AM","","","","","","","15.16","1631.00"
"641.1","2025-04-22"," 9:20:00 AM","2025-04-22"," 9:23:00 AM","CE","79300","Sell","20","226.60","276.60","","-1000.00"
"641.2","2025-04-22"," 9:20:00 AM","2025-04-22"," 9:26:00 AM","PE","79300","Sell","20","263.10","131.55","","2631.00"
"642","2025-04-22"," 11:20:00 AM","2025-04-22"," 11:35:00 AM","","","","","","","15.35","-427.00"
"642.1","2025-04-22"," 11:20:00 AM","2025-04-22"," 11:35:00 AM","CE","79800","Sell","20","57.35","28.70","","573.00"
"642.2","2025-04-22"," 11:20:00 AM","2025-04-22"," 11:25:00 AM","PE","79800","Sell","20","142.55","192.55","","-1000.00"
"643","2025-04-23"," 9:20:00 AM","2025-04-23"," 9:30:00 AM","","","","","","","15.65","-1000.00"
"643.1","2025-04-23"," 9:20:00 AM","2025-04-23"," 9:22:00 AM","CE","80100","Sell","20","630.70","680.70","","-1000.00"
"643.2","2025-04-23"," 9:20:00 AM","2025-04-23"," 9:30:00 AM","PE","80100","Sell","20","575.00","575.00","","0.00"
"644","2025-04-23"," 11:20:00 AM","2025-04-23"," 11:44:00 AM","","","","","","","15.87","-1000.00"
"644.1","2025-04-23"," 11:20:00 AM","2025-04-23"," 11:44:00 AM","CE","79800","Sell","20","644.35","644.35","","0.00"
"644.2","2025-04-23"," 11:20:00 AM","2025-04-23"," 11:25:00 AM","PE","79800","Sell","20","575.40","625.40","","-1000.00"
"645","2025-04-24"," 9:20:00 AM","2025-04-24"," 9:41:00 AM","","","","","","","16.43","-1000.00"
"645.1","2025-04-24"," 9:20:00 AM","2025-04-24"," 9:35:00 AM","CE","80000","Sell","20","585.80","635.80","","-1000.00"
"645.2","2025-04-24"," 9:20:00 AM","2025-04-24"," 9:41:00 AM","PE","80000","Sell","20","539.65","539.65","","0.00"
"646","2025-04-24"," 11:20:00 AM","2025-04-24"," 3:15:00 PM","","","","","","","16.46","401.00"
"646.1","2025-04-24"," 11:20:00 AM","2025-04-24"," 3:15:00 PM","CE","79900","Sell","20","592.50","522.45","","1401.00"
"646.2","2025-04-24"," 11:20:00 AM","2025-04-24"," 12:36:00 PM","PE","79900","Sell","20","495.00","545.00","","-1000.00"
"647","2025-04-25"," 9:20:00 AM","2025-04-25"," 9:27:00 AM","","","","","","","16.03","-1000.00"
"647.1","2025-04-25"," 9:20:00 AM","2025-04-25"," 9:27:00 AM","CE","80000","Sell","20","511.75","511.75","","0.00"
"647.2","2025-04-25"," 9:20:00 AM","2025-04-25"," 9:26:00 AM","PE","80000","Sell","20","487.55","537.55","","-1000.00"
"648","2025-04-25"," 11:20:00 AM","2025-04-25"," 12:13:00 PM","","","","","","","16.92","-1000.00"
"648.1","2025-04-25"," 11:20:00 AM","2025-04-25"," 12:13:00 PM","CE","78800","Sell","20","507.10","507.10","","0.00"
"648.2","2025-04-25"," 11:20:00 AM","2025-04-25"," 11:48:00 AM","PE","78800","Sell","20","513.00","563.00","","-1000.00"
"649","2025-04-28"," 9:20:00 AM","2025-04-28"," 9:23:00 AM","","","","","","","17.46","-1000.00"
"649.1","2025-04-28"," 9:20:00 AM","2025-04-28"," 9:23:00 AM","CE","79600","Sell","20","322.30","322.30","","0.00"
"649.2","2025-04-28"," 9:20:00 AM","2025-04-28"," 9:22:00 AM","PE","79600","Sell","20","397.30","447.30","","-1000.00"
"650","2025-04-28"," 11:20:00 AM","2025-04-28"," 12:59:00 PM","","","","","","","16.98","2297.00"
"650.1","2025-04-28"," 11:20:00 AM","2025-04-28"," 11:30:00 AM","CE","79900","Sell","20","272.10","322.10","","-1000.00"
"650.2","2025-04-28"," 11:20:00 AM","2025-04-28"," 12:59:00 PM","PE","79900","Sell","20","329.70","164.85","","3297.00"
"651","2025-04-29"," 9:20:00 AM","2025-04-29"," 9:40:00 AM","","","","","","","16.83","622.00"
"651.1","2025-04-29"," 9:20:00 AM","2025-04-29"," 9:40:00 AM","CE","80600","Sell","20","162.20","81.10","","1622.00"
"651.2","2025-04-29"," 9:20:00 AM","2025-04-29"," 9:31:00 AM","PE","80600","Sell","20","226.00","276.00","","-1000.00"
"652","2025-04-29"," 11:20:00 AM","2025-04-29"," 12:08:00 PM","","","","","","","17.33","-400.00"
"652.1","2025-04-29"," 11:20:00 AM","2025-04-29"," 12:08:00 PM","CE","80300","Sell","20","60.00","30.00","","600.00"
"652.2","2025-04-29"," 11:20:00 AM","2025-04-29"," 11:58:00 AM","PE","80300","Sell","20","78.00","128.00","","-1000.00"
"653","2025-04-30"," 9:20:00 AM","2025-04-30"," 9:23:00 AM","","","","","","","17.70","-1000.00"
"653.1","2025-04-30"," 9:20:00 AM","2025-04-30"," 9:23:00 AM","CE","80300","Sell","20","612.55","612.55","","0.00"
"653.2","2025-04-30"," 9:20:00 AM","2025-04-30"," 9:22:00 AM","PE","80300","Sell","20","660.25","710.25","","-1000.00"
"654","2025-04-30"," 11:20:00 AM","2025-04-30"," 12:29:00 PM","","","","","","","17.69","-1000.00"
"654.1","2025-04-30"," 11:20:00 AM","2025-04-30"," 12:29:00 PM","CE","80400","Sell","20","622.40","622.40","","0.00"
"654.2","2025-04-30"," 11:20:00 AM","2025-04-30"," 11:31:00 AM","PE","80400","Sell","20","627.00","677.00","","-1000.00"
"655","2025-05-02"," 9:20:00 AM","2025-05-02"," 11:32:00 AM","","","","","","","17.97","-1000.00"
"655.1","2025-05-02"," 9:20:00 AM","2025-05-02"," 9:27:00 AM","CE","80600","Sell","20","569.05","619.05","","-1000.00"
"655.2","2025-05-02"," 9:20:00 AM","2025-05-02"," 11:32:00 AM","PE","80600","Sell","20","507.65","507.65","","0.00"
"656","2025-05-02"," 11:20:00 AM","2025-05-02"," 1:33:00 PM","","","","","","","18.08","-1000.00"
"656.1","2025-05-02"," 11:20:00 AM","2025-05-02"," 1:33:00 PM","CE","80700","Sell","20","480.95","480.95","","0.00"
"656.2","2025-05-02"," 11:20:00 AM","2025-05-02"," 11:24:00 AM","PE","80700","Sell","20","474.95","524.95","","-1000.00"
"657","2025-05-05"," 9:20:00 AM","2025-05-05"," 9:23:00 AM","","","","","","","18.46","-1000.00"
"657.1","2025-05-05"," 9:20:00 AM","2025-05-05"," 9:23:00 AM","CE","80800","Sell","20","331.65","331.65","","0.00"
"657.2","2025-05-05"," 9:20:00 AM","2025-05-05"," 9:22:00 AM","PE","80800","Sell","20","367.70","417.70","","-1000.00"
"658","2025-05-05"," 11:20:00 AM","2025-05-05"," 3:15:00 PM","","","","","","","18.43","694.00"
"658.1","2025-05-05"," 11:20:00 AM","2025-05-05"," 3:15:00 PM","CE","80900","Sell","20","241.55","156.85","","1694.00"
"658.2","2025-05-05"," 11:20:00 AM","2025-05-05"," 11:51:00 AM","PE","80900","Sell","20","316.10","366.10","","-1000.00"
"659","2025-05-06"," 9:20:00 AM","2025-05-06"," 10:00:00 AM","","","","","","","18.64","350.00"
"659.1","2025-05-06"," 9:20:00 AM","2025-05-06"," 9:42:00 AM","CE","80800","Sell","20","135.00","67.50","","1350.00"
"659.2","2025-05-06"," 9:20:00 AM","2025-05-06"," 10:00:00 AM","PE","80800","Sell","20","194.15","244.15","","-1000.00"
"660","2025-05-06"," 11:20:00 AM","2025-05-06"," 2:01:00 PM","","","","","","","18.40","-570.00"
"660.1","2025-05-06"," 11:20:00 AM","2025-05-06"," 2:01:00 PM","CE","80600","Sell","20","56.65","115.00","","-1167.00"
"660.2","2025-05-06"," 11:20:00 AM","2025-05-06"," 12:44:00 PM","PE","80600","Sell","20","59.75","29.90","","597.00"
"661","2025-05-07"," 9:20:00 AM","2025-05-07"," 10:09:00 AM","","","","","","","19.41","-1000.00"
"661.1","2025-05-07"," 9:20:00 AM","2025-05-07"," 9:28:00 AM","CE","80600","Sell","20","687.80","737.80","","-1000.00"
"661.2","2025-05-07"," 9:20:00 AM","2025-05-07"," 10:09:00 AM","PE","80600","Sell","20","730.40","730.40","","0.00"
"662","2025-05-07"," 11:20:00 AM","2025-05-07"," 11:39:00 AM","","","","","","","18.39","-1000.00"
"662.1","2025-05-07"," 11:20:00 AM","2025-05-07"," 11:26:00 AM","CE","80700","Sell","20","609.85","659.85","","-1000.00"
"662.2","2025-05-07"," 11:20:00 AM","2025-05-07"," 11:39:00 AM","PE","80700","Sell","20","631.55","631.55","","0.00"
"663","2025-05-08"," 9:20:00 AM","2025-05-08"," 3:15:00 PM","","","","","","","18.65","982.00"
"663.1","2025-05-08"," 9:20:00 AM","2025-05-08"," 3:15:00 PM","CE","80800","Sell","20","533.50","434.40","","1982.00"
"663.2","2025-05-08"," 9:20:00 AM","2025-05-08"," 1:40:00 PM","PE","80800","Sell","20","611.65","661.65","","-1000.00"
"664","2025-05-08"," 11:20:00 AM","2025-05-08"," 2:31:00 PM","","","","","","","18.32","-1000.00"
"664.1","2025-05-08"," 11:20:00 AM","2025-05-08"," 2:31:00 PM","CE","80800","Sell","20","474.15","474.15","","0.00"
"664.2","2025-05-08"," 11:20:00 AM","2025-05-08"," 1:24:00 PM","PE","80800","Sell","20","503.15","553.15","","-1000.00"
"665","2025-05-09"," 9:20:00 AM","2025-05-09"," 9:23:00 AM","","","","","","","21.77","-1000.00"
"665.1","2025-05-09"," 9:20:00 AM","2025-05-09"," 9:22:00 AM","CE","79900","Sell","20","650.40","700.40","","-1000.00"
"665.2","2025-05-09"," 9:20:00 AM","2025-05-09"," 9:23:00 AM","PE","79900","Sell","20","779.55","779.55","","0.00"
"666","2025-05-09"," 11:20:00 AM","2025-05-09"," 11:50:00 AM","","","","","","","21.76","-1000.00"
"666.1","2025-05-09"," 11:20:00 AM","2025-05-09"," 11:26:00 AM","CE","79500","Sell","20","633.20","683.20","","-1000.00"
"666.2","2025-05-09"," 11:20:00 AM","2025-05-09"," 11:50:00 AM","PE","79500","Sell","20","648.15","648.15","","0.00"
"667","2025-05-12"," 9:20:00 AM","2025-05-12"," 9:24:00 AM","","","","","","","17.68","-1000.00"
"667.1","2025-05-12"," 9:20:00 AM","2025-05-12"," 9:21:00 AM","CE","81300","Sell","20","275.55","325.55","","-1000.00"
"667.2","2025-05-12"," 9:20:00 AM","2025-05-12"," 9:24:00 AM","PE","81300","Sell","20","405.35","405.35","","0.00"
"668","2025-05-12"," 11:20:00 AM","2025-05-12"," 12:25:00 PM","","","","","","","17.92","-1000.00"
"668.1","2025-05-12"," 11:20:00 AM","2025-05-12"," 11:24:00 AM","CE","81700","Sell","20","371.75","421.75","","-1000.00"
"668.2","2025-05-12"," 11:20:00 AM","2025-05-12"," 12:25:00 PM","PE","81700","Sell","20","444.25","444.25","","0.00"
"669","2025-05-13"," 9:20:00 AM","2025-05-13"," 9:25:00 AM","","","","","","","18.64","3009.00"
"669.1","2025-05-13"," 9:20:00 AM","2025-05-13"," 9:25:00 AM","CE","82200","Sell","20","400.90","200.45","","4009.00"
"669.2","2025-05-13"," 9:20:00 AM","2025-05-13"," 9:21:00 AM","PE","82200","Sell","20","430.50","480.50","","-1000.00"
"670","2025-05-13"," 11:20:00 AM","2025-05-13"," 11:28:00 AM","","","","","","","18.58","-1000.00"
"670.1","2025-05-13"," 11:20:00 AM","2025-05-13"," 11:28:00 AM","CE","81900","Sell","20","435.75","435.75","","0.00"
"670.2","2025-05-13"," 11:20:00 AM","2025-05-13"," 11:24:00 AM","PE","81900","Sell","20","419.85","469.85","","-1000.00"
"671","2025-05-14"," 9:20:00 AM","2025-05-14"," 9:34:00 AM","","","","","","","17.80","-1000.00"
"671.1","2025-05-14"," 9:20:00 AM","2025-05-14"," 9:21:00 AM","CE","81500","Sell","20","695.20","745.20","","-1000.00"
"671.2","2025-05-14"," 9:20:00 AM","2025-05-14"," 9:34:00 AM","PE","81500","Sell","20","725.90","725.90","","0.00"
"672","2025-05-14"," 11:20:00 AM","2025-05-14"," 3:15:00 PM","","","","","","","17.39","1179.00"
"672.1","2025-05-14"," 11:20:00 AM","2025-05-14"," 3:15:00 PM","CE","81500","Sell","20","664.15","555.20","","2179.00"
"672.2","2025-05-14"," 11:20:00 AM","2025-05-14"," 11:46:00 AM","PE","81500","Sell","20","627.20","677.20","","-1000.00"
"673","2025-05-15"," 9:20:00 AM","2025-05-15"," 9:22:00 AM","","","","","","","17.40","-1000.00"
"673.1","2025-05-15"," 9:20:00 AM","2025-05-15"," 9:22:00 AM","CE","81200","Sell","20","620.00","620.00","","0.00"
"673.2","2025-05-15"," 9:20:00 AM","2025-05-15"," 9:21:00 AM","PE","81200","Sell","20","587.60","637.60","","-1000.00"
"674","2025-05-15"," 11:20:00 AM","2025-05-15"," 11:27:00 AM","","","","","","","17.35","-1000.00"
"674.1","2025-05-15"," 11:20:00 AM","2025-05-15"," 11:27:00 AM","CE","81200","Sell","20","646.90","646.90","","0.00"
"674.2","2025-05-15"," 11:20:00 AM","2025-05-15"," 11:23:00 AM","PE","81200","Sell","20","591.75","641.75","","-1000.00"
"675","2025-05-16"," 9:20:00 AM","2025-05-16"," 9:41:00 AM","","","","","","","16.85","-1000.00"
"675.1","2025-05-16"," 9:20:00 AM","2025-05-16"," 9:31:00 AM","CE","82300","Sell","20","560.35","610.35","","-1000.00"
"675.2","2025-05-16"," 9:20:00 AM","2025-05-16"," 9:41:00 AM","PE","82300","Sell","20","516.65","516.65","","0.00"
"676","2025-05-16"," 11:20:00 AM","2025-05-16"," 3:15:00 PM","","","","","","","16.65","555.00"
"676.1","2025-05-16"," 11:20:00 AM","2025-05-16"," 1:29:00 PM","CE","82200","Sell","20","518.00","568.00","","-1000.00"
"676.2","2025-05-16"," 11:20:00 AM","2025-05-16"," 3:15:00 PM","PE","82200","Sell","20","436.95","359.20","","1555.00"
"677","2025-05-19"," 9:20:00 AM","2025-05-19"," 2:13:00 PM","","","","","","","17.09","3278.00"
"677.1","2025-05-19"," 9:20:00 AM","2025-05-19"," 2:01:00 PM","CE","82300","Sell","20","427.80","213.90","","4278.00"
"677.2","2025-05-19"," 9:20:00 AM","2025-05-19"," 2:13:00 PM","PE","82300","Sell","20","433.85","483.85","","-1000.00"
"678","2025-05-19"," 11:20:00 AM","2025-05-19"," 2:05:00 PM","","","","","","","17.12","2475.00"
"678.1","2025-05-19"," 11:20:00 AM","2025-05-19"," 2:05:00 PM","CE","82400","Sell","20","347.50","173.75","","3475.00"
"678.2","2025-05-19"," 11:20:00 AM","2025-05-19"," 12:01:00 PM","PE","82400","Sell","20","367.25","417.25","","-1000.00"
"679","2025-05-20"," 9:20:00 AM","2025-05-20"," 9:24:00 AM","","","","","","","17.24","-1000.00"
"679.1","2025-05-20"," 9:20:00 AM","2025-05-20"," 9:24:00 AM","CE","82200","Sell","20","178.75","178.75","","0.00"
"679.2","2025-05-20"," 9:20:00 AM","2025-05-20"," 9:21:00 AM","PE","82200","Sell","20","181.90","231.90","","-1000.00"
"680","2025-05-20"," 11:20:00 AM","2025-05-20"," 11:54:00 AM","","","","","","","17.33","627.00"
"680.1","2025-05-20"," 11:20:00 AM","2025-05-20"," 11:54:00 AM","CE","81900","Sell","20","162.70","81.35","","1627.00"
"680.2","2025-05-20"," 11:20:00 AM","2025-05-20"," 11:31:00 AM","PE","81900","Sell","20","191.30","241.30","","-1000.00"
"681","2025-05-21"," 9:20:00 AM","2025-05-21"," 12:13:00 PM","","","","","","","17.50","-1000.00"
"681.1","2025-05-21"," 9:20:00 AM","2025-05-21"," 9:29:00 AM","CE","81300","Sell","20","702.00","752.00","","-1000.00"
"681.2","2025-05-21"," 9:20:00 AM","2025-05-21"," 12:13:00 PM","PE","81300","Sell","20","588.25","588.25","","0.00"
"682","2025-05-21"," 11:20:00 AM","2025-05-21"," 3:15:00 PM","","","","","","","17.51","4044.00"
"682.1","2025-05-21"," 11:20:00 AM","2025-05-21"," 3:15:00 PM","CE","81900","Sell","20","762.25","510.05","","5044.00"
"682.2","2025-05-21"," 11:20:00 AM","2025-05-21"," 11:30:00 AM","PE","81900","Sell","20","613.65","663.65","","-1000.00"
"683","2025-05-22"," 9:20:00 AM","2025-05-22"," 2:37:00 PM","","","","","","","18.05","5479.00"
"683.1","2025-05-22"," 9:20:00 AM","2025-05-22"," 2:37:00 PM","CE","81100","Sell","20","645.90","321.95","","6479.00"
"683.2","2025-05-22"," 9:20:00 AM","2025-05-22"," 9:21:00 AM","PE","81100","Sell","20","623.25","673.25","","-1000.00"
"684","2025-05-22"," 11:20:00 AM","2025-05-22"," 11:55:00 AM","","","","","","","17.53","-1000.00"
"684.1","2025-05-22"," 11:20:00 AM","2025-05-22"," 11:55:00 AM","CE","80900","Sell","20","549.20","549.20","","0.00"
"684.2","2025-05-22"," 11:20:00 AM","2025-05-22"," 11:36:00 AM","PE","80900","Sell","20","470.70","520.70","","-1000.00"
"685","2025-05-23"," 9:20:00 AM","2025-05-23"," 10:48:00 AM","","","","","","","17.25","3294.00"
"685.1","2025-05-23"," 9:20:00 AM","2025-05-23"," 9:21:00 AM","CE","80900","Sell","20","515.40","565.40","","-1000.00"
"685.2","2025-05-23"," 9:20:00 AM","2025-05-23"," 10:48:00 AM","PE","80900","Sell","20","429.40","214.70","","4294.00"
"686","2025-05-23"," 11:20:00 AM","2025-05-23"," 11:41:00 AM","","","","","","","17.34","-1000.00"
"686.1","2025-05-23"," 11:20:00 AM","2025-05-23"," 11:31:00 AM","CE","81800","Sell","20","586.90","636.90","","-1000.00"
"686.2","2025-05-23"," 11:20:00 AM","2025-05-23"," 11:41:00 AM","PE","81800","Sell","20","524.30","524.30","","0.00"
"687","2025-05-26"," 9:20:00 AM","2025-05-26"," 10:22:00 AM","","","","","","","17.92","-1000.00"
"687.1","2025-05-26"," 9:20:00 AM","2025-05-26"," 9:21:00 AM","CE","82200","Sell","20","570.70","620.70","","-1000.00"
"687.2","2025-05-26"," 9:20:00 AM","2025-05-26"," 10:22:00 AM","PE","82200","Sell","20","458.15","458.15","","0.00"
"688","2025-05-26"," 11:20:00 AM","2025-05-26"," 11:25:00 AM","","","","","","","18.16","-1000.00"
"688.1","2025-05-26"," 11:20:00 AM","2025-05-26"," 11:22:00 AM","CE","82200","Sell","20","572.00","622.00","","-1000.00"
"688.2","2025-05-26"," 11:20:00 AM","2025-05-26"," 11:25:00 AM","PE","82200","Sell","20","487.50","487.50","","0.00"
"689","2025-05-27"," 9:20:00 AM","2025-05-27"," 9:22:00 AM","","","","","","","18.63","-1000.00"
"689.1","2025-05-27"," 9:20:00 AM","2025-05-27"," 9:22:00 AM","CE","81700","Sell","20","376.10","376.10","","0.00"
"689.2","2025-05-27"," 9:20:00 AM","2025-05-27"," 9:21:00 AM","PE","81700","Sell","20","406.20","456.20","","-1000.00"
"690","2025-05-27"," 11:20:00 AM","2025-05-27"," 11:40:00 AM","","","","","","","18.52","-1000.00"
"690.1","2025-05-27"," 11:20:00 AM","2025-05-27"," 11:25:00 AM","CE","81900","Sell","20","442.75","492.75","","-1000.00"
"690.2","2025-05-27"," 11:20:00 AM","2025-05-27"," 11:40:00 AM","PE","81900","Sell","20","430.05","430.05","","0.00"
"691","2025-05-28"," 9:20:00 AM","2025-05-28"," 9:24:00 AM","","","","","","","18.91","-1000.00"
"691.1","2025-05-28"," 9:20:00 AM","2025-05-28"," 9:21:00 AM","CE","81500","Sell","20","946.80","996.80","","-1000.00"
"691.2","2025-05-28"," 9:20:00 AM","2025-05-28"," 9:24:00 AM","PE","81500","Sell","20","905.40","905.40","","0.00"
"692","2025-05-28"," 11:20:00 AM","2025-05-28"," 3:15:00 PM","","","","","","","18.58","-564.00"
"692.1","2025-05-28"," 11:20:00 AM","2025-05-28"," 12:49:00 PM","CE","81400","Sell","20","823.85","873.85","","-1000.00"
"692.2","2025-05-28"," 11:20:00 AM","2025-05-28"," 3:15:00 PM","PE","81400","Sell","20","797.15","775.35","","436.00"
"693","2025-05-29"," 9:20:00 AM","2025-05-29"," 3:15:00 PM","","","","","","","17.20","2610.00"
"693.1","2025-05-29"," 9:20:00 AM","2025-05-29"," 3:15:00 PM","CE","81700","Sell","20","670.15","489.65","","3610.00"
"693.2","2025-05-29"," 9:20:00 AM","2025-05-29"," 9:24:00 AM","PE","81700","Sell","20","635.70","685.70","","-1000.00"
"694","2025-05-29"," 11:20:00 AM","2025-05-29"," 12:39:00 PM","","","","","","","16.83","-1000.00"
"694.1","2025-05-29"," 11:20:00 AM","2025-05-29"," 12:30:00 PM","CE","81200","Sell","20","633.25","683.25","","-1000.00"
"694.2","2025-05-29"," 11:20:00 AM","2025-05-29"," 12:39:00 PM","PE","81200","Sell","20","534.50","534.50","","0.00"
"695","2025-05-30"," 9:20:00 AM","2025-05-30"," 9:31:00 AM","","","","","","","16.30","-1000.00"
"695.1","2025-05-30"," 9:20:00 AM","2025-05-30"," 9:22:00 AM","CE","81500","Sell","20","508.40","558.40","","-1000.00"
"695.2","2025-05-30"," 9:20:00 AM","2025-05-30"," 9:31:00 AM","PE","81500","Sell","20","467.10","467.10","","0.00"
"696","2025-05-30"," 11:20:00 AM","2025-05-30"," 2:15:00 PM","","","","","","","16.09","-1000.00"
"696.1","2025-05-30"," 11:20:00 AM","2025-05-30"," 1:57:00 PM","CE","81400","Sell","20","571.60","621.60","","-1000.00"
"696.2","2025-05-30"," 11:20:00 AM","2025-05-30"," 2:15:00 PM","PE","81400","Sell","20","470.60","470.60","","0.00"
"697","2025-06-02"," 9:20:00 AM","2025-06-02"," 1:38:00 PM","","","","","","","17.17","4804.00"
"697.1","2025-06-02"," 9:20:00 AM","2025-06-02"," 10:36:00 AM","CE","80800","Sell","20","476.35","526.35","","-1000.00"
"697.2","2025-06-02"," 9:20:00 AM","2025-06-02"," 1:38:00 PM","PE","80800","Sell","20","580.40","290.20","","5804.00"
"698","2025-06-02"," 11:20:00 AM","2025-06-02"," 3:15:00 PM","","","","","","","17.05","1681.00"
"698.1","2025-06-02"," 11:20:00 AM","2025-06-02"," 12:07:00 PM","CE","81100","Sell","20","543.65","593.65","","-1000.00"
"698.2","2025-06-02"," 11:20:00 AM","2025-06-02"," 3:15:00 PM","PE","81100","Sell","20","565.00","430.95","","2681.00"
"699","2025-06-03"," 9:20:00 AM","2025-06-03"," 9:29:00 AM","","","","","","","17.32","-1000.00"
"699.1","2025-06-03"," 9:20:00 AM","2025-06-03"," 9:29:00 AM","CE","81300","Sell","20","448.15","448.15","","0.00"
"699.2","2025-06-03"," 9:20:00 AM","2025-06-03"," 9:22:00 AM","PE","81300","Sell","20","500.40","550.40","","-1000.00"
"700","2025-06-03"," 11:20:00 AM","2025-06-03"," 11:40:00 AM","","","","","","","17.25","-1000.00"
"700.1","2025-06-03"," 11:20:00 AM","2025-06-03"," 11:31:00 AM","CE","81000","Sell","20","340.30","390.30","","-1000.00"
"700.2","2025-06-03"," 11:20:00 AM","2025-06-03"," 11:40:00 AM","PE","81000","Sell","20","384.70","384.70","","0.00"
"701","2025-06-04"," 9:20:00 AM","2025-06-04"," 3:15:00 PM","","","","","","","16.30","3491.00"
"701.1","2025-06-04"," 9:20:00 AM","2025-06-04"," 3:15:00 PM","CE","80800","Sell","20","737.40","751.00","","-272.00"
"701.2","2025-06-04"," 9:20:00 AM","2025-06-04"," 3:15:00 PM","PE","80800","Sell","20","650.40","462.25","","3763.00"
"702","2025-06-04"," 11:20:00 AM","2025-06-04"," 3:15:00 PM","","","","","","","15.83","140.00"
"702.1","2025-06-04"," 11:20:00 AM","2025-06-04"," 1:01:00 PM","CE","80900","Sell","20","638.30","688.30","","-1000.00"
"702.2","2025-06-04"," 11:20:00 AM","2025-06-04"," 3:15:00 PM","PE","80900","Sell","20","563.30","506.30","","1140.00"
"703","2025-06-05"," 9:20:00 AM","2025-06-05"," 12:14:00 PM","","","","","","","15.62","4010.00"
"703.1","2025-06-05"," 9:20:00 AM","2025-06-05"," 9:26:00 AM","CE","81000","Sell","20","572.90","622.90","","-1000.00"
"703.2","2025-06-05"," 9:20:00 AM","2025-06-05"," 12:14:00 PM","PE","81000","Sell","20","501.00","250.50","","5010.00"
"704","2025-06-05"," 11:20:00 AM","2025-06-05"," 11:49:00 AM","","","","","","","15.11","-1000.00"
"704.1","2025-06-05"," 11:20:00 AM","2025-06-05"," 11:26:00 AM","CE","81300","Sell","20","541.15","591.15","","-1000.00"
"704.2","2025-06-05"," 11:20:00 AM","2025-06-05"," 11:49:00 AM","PE","81300","Sell","20","476.25","476.25","","0.00"
"705","2025-06-06"," 9:20:00 AM","2025-06-06"," 10:07:00 AM","","","","","","","15.06","-1000.00"
"705.1","2025-06-06"," 9:20:00 AM","2025-06-06"," 10:07:00 AM","CE","81400","Sell","20","475.65","475.65","","0.00"
"705.2","2025-06-06"," 9:20:00 AM","2025-06-06"," 9:35:00 AM","PE","81400","Sell","20","487.25","537.25","","-1000.00"
"706","2025-06-06"," 11:20:00 AM","2025-06-06"," 12:22:00 PM","","","","","","","14.82","-1000.00"
"706.1","2025-06-06"," 11:20:00 AM","2025-06-06"," 11:42:00 AM","CE","82200","Sell","20","457.80","507.80","","-1000.00"
"706.2","2025-06-06"," 11:20:00 AM","2025-06-06"," 12:22:00 PM","PE","82200","Sell","20","501.20","501.20","","0.00"
"707","2025-06-09"," 9:20:00 AM","2025-06-09"," 3:15:00 PM","","","","","","","15.02","4464.00"
"707.1","2025-06-09"," 9:20:00 AM","2025-06-09"," 3:15:00 PM","CE","82500","Sell","20","369.70","235.85","","2677.00"
"707.2","2025-06-09"," 9:20:00 AM","2025-06-09"," 3:15:00 PM","PE","82500","Sell","20","380.80","291.45","","1787.00"
"708","2025-06-09"," 11:20:00 AM","2025-06-09"," 3:15:00 PM","","","","","","","14.73","1650.00"
"708.1","2025-06-09"," 11:20:00 AM","2025-06-09"," 3:15:00 PM","CE","82500","Sell","20","314.15","235.85","","1566.00"
"708.2","2025-06-09"," 11:20:00 AM","2025-06-09"," 3:15:00 PM","PE","82500","Sell","20","295.65","291.45","","84.00"
"709","2025-06-10"," 9:20:00 AM","2025-06-10"," 9:39:00 AM","","","","","","","14.66","-1000.00"
"709.1","2025-06-10"," 9:20:00 AM","2025-06-10"," 9:39:00 AM","CE","82500","Sell","20","189.75","189.75","","0.00"
"709.2","2025-06-10"," 9:20:00 AM","2025-06-10"," 9:30:00 AM","PE","82500","Sell","20","230.90","280.90","","-1000.00"
"710","2025-06-10"," 11:20:00 AM","2025-06-10"," 1:33:00 PM","","","","","","","14.14","2210.00"
"710.1","2025-06-10"," 11:20:00 AM","2025-06-10"," 1:33:00 PM","CE","82500","Sell","20","71.00","35.50","","710.00"
"710.2","2025-06-10"," 11:20:00 AM","2025-06-10"," 12:50:00 PM","PE","82500","Sell","20","150.00","75.00","","1500.00"
"711","2025-06-11"," 9:20:00 AM","2025-06-11"," 3:15:00 PM","","","","","","","13.82","376.00"
"711.1","2025-06-11"," 9:20:00 AM","2025-06-11"," 10:45:00 AM","CE","82500","Sell","20","502.95","552.95","","-1000.00"
"711.2","2025-06-11"," 9:20:00 AM","2025-06-11"," 3:15:00 PM","PE","82500","Sell","20","498.00","429.20","","1376.00"
"712","2025-06-11"," 11:20:00 AM","2025-06-11"," 12:40:00 PM","","","","","","","13.75","-1000.00"
"712.1","2025-06-11"," 11:20:00 AM","2025-06-11"," 11:55:00 AM","CE","82700","Sell","20","514.95","564.95","","-1000.00"
"712.2","2025-06-11"," 11:20:00 AM","2025-06-11"," 12:40:00 PM","PE","82700","Sell","20","491.40","491.40","","0.00"
"713","2025-06-12"," 9:20:00 AM","2025-06-12"," 9:39:00 AM","","","","","","","13.78","-1000.00"
"713.1","2025-06-12"," 9:20:00 AM","2025-06-12"," 9:34:00 AM","CE","82600","Sell","20","460.50","510.50","","-1000.00"
"713.2","2025-06-12"," 9:20:00 AM","2025-06-12"," 9:39:00 AM","PE","82600","Sell","20","435.25","435.25","","0.00"
"714","2025-06-12"," 11:20:00 AM","2025-06-12"," 12:49:00 PM","","","","","","","13.65","-1000.00"
"714.1","2025-06-12"," 11:20:00 AM","2025-06-12"," 12:49:00 PM","CE","82200","Sell","20","521.65","521.65","","0.00"
"714.2","2025-06-12"," 11:20:00 AM","2025-06-12"," 11:39:00 AM","PE","82200","Sell","20","384.30","434.30","","-1000.00"
"715","2025-06-13"," 9:20:00 AM","2025-06-13"," 9:24:00 AM","","","","","","","15.28","-1229.00"
"715.1","2025-06-13"," 9:20:00 AM","2025-06-13"," 9:24:00 AM","CE","80800","Sell","20","502.00","513.45","","-229.00"
"715.2","2025-06-13"," 9:20:00 AM","2025-06-13"," 9:23:00 AM","PE","80800","Sell","20","527.30","577.30","","-1000.00"
"716","2025-06-13"," 11:20:00 AM","2025-06-13"," 2:58:00 PM","","","","","","","15.19","-1000.00"
"716.1","2025-06-13"," 11:20:00 AM","2025-06-13"," 11:39:00 AM","CE","80900","Sell","20","451.50","501.50","","-1000.00"
"716.2","2025-06-13"," 11:20:00 AM","2025-06-13"," 2:58:00 PM","PE","80900","Sell","20","480.20","480.20","","0.00"
"717","2025-06-16"," 9:20:00 AM","2025-06-16"," 10:28:00 AM","","","","","","","14.83","-1000.00"
"717.1","2025-06-16"," 9:20:00 AM","2025-06-16"," 10:28:00 AM","CE","81300","Sell","20","336.35","336.35","","0.00"
"717.2","2025-06-16"," 9:20:00 AM","2025-06-16"," 9:48:00 AM","PE","81300","Sell","20","344.45","394.45","","-1000.00"
"718","2025-06-16"," 11:20:00 AM","2025-06-16"," 3:15:00 PM","","","","","","","14.79","833.00"
"718.1","2025-06-16"," 11:20:00 AM","2025-06-16"," 12:40:00 PM","CE","81700","Sell","20","316.25","366.25","","-1000.00"
"718.2","2025-06-16"," 11:20:00 AM","2025-06-16"," 3:15:00 PM","PE","81700","Sell","20","328.60","236.95","","1833.00"
"719","2025-06-17"," 9:20:00 AM","2025-06-17"," 9:40:00 AM","","","","","","","14.99","-1000.00"
"719.1","2025-06-17"," 9:20:00 AM","2025-06-17"," 9:40:00 AM","CE","81700","Sell","20","195.00","195.00","","0.00"
"719.2","2025-06-17"," 9:20:00 AM","2025-06-17"," 9:22:00 AM","PE","81700","Sell","20","292.25","342.25","","-1000.00"
"720","2025-06-17"," 11:20:00 AM","2025-06-17"," 12:56:00 PM","","","","","","","14.43","-530.00"
"720.1","2025-06-17"," 11:20:00 AM","2025-06-17"," 12:52:00 PM","CE","81600","Sell","20","47.00","23.50","","470.00"
"720.2","2025-06-17"," 11:20:00 AM","2025-06-17"," 12:56:00 PM","PE","81600","Sell","20","113.30","163.30","","-1000.00"
"721","2025-06-18"," 9:20:00 AM","2025-06-18"," 11:24:00 AM","","","","","","","14.40","-1000.00"
"721.1","2025-06-18"," 9:20:00 AM","2025-06-18"," 9:22:00 AM","CE","81500","Sell","20","543.05","593.05","","-1000.00"
"721.2","2025-06-18"," 9:20:00 AM","2025-06-18"," 11:24:00 AM","PE","81500","Sell","20","541.20","541.20","","0.00"
"722","2025-06-18"," 11:20:00 AM","2025-06-18"," 12:08:00 PM","","","","","","","14.24","-1000.00"
"722.1","2025-06-18"," 11:20:00 AM","2025-06-18"," 12:08:00 PM","CE","81400","Sell","20","604.20","604.20","","0.00"
"722.2","2025-06-18"," 11:20:00 AM","2025-06-18"," 11:32:00 AM","PE","81400","Sell","20","475.85","525.85","","-1000.00"
"723","2025-06-19"," 9:20:00 AM","2025-06-19"," 3:15:00 PM","","","","","","","14.19","568.00"
"723.1","2025-06-19"," 9:20:00 AM","2025-06-19"," 9:23:00 AM","CE","81200","Sell","20","541.60","591.60","","-1000.00"
"723.2","2025-06-19"," 9:20:00 AM","2025-06-19"," 3:15:00 PM","PE","81200","Sell","20","456.55","378.15","","1568.00"
"724","2025-06-19"," 11:20:00 AM","2025-06-19"," 11:33:00 AM","","","","","","","13.91","-1004.00"
"724.1","2025-06-19"," 11:20:00 AM","2025-06-19"," 11:33:00 AM","CE","81400","Sell","20","511.35","511.35","","0.00"
"724.2","2025-06-19"," 11:20:00 AM","2025-06-19"," 11:27:00 AM","PE","81400","Sell","20","414.00","464.20","","-1004.00"
"725","2025-06-20"," 9:20:00 AM","2025-06-20"," 10:53:00 AM","","","","","","","13.72","2689.00"
"725.1","2025-06-20"," 9:20:00 AM","2025-06-20"," 9:48:00 AM","CE","81600","Sell","20","442.25","492.25","","-1000.00"
"725.2","2025-06-20"," 9:20:00 AM","2025-06-20"," 10:53:00 AM","PE","81600","Sell","20","368.90","184.45","","3689.00"
"726","2025-06-20"," 11:20:00 AM","2025-06-20"," 12:29:00 PM","","","","","","","13.60","-1000.00"
"726.1","2025-06-20"," 11:20:00 AM","2025-06-20"," 11:40:00 AM","CE","82000","Sell","20","471.20","521.20","","-1000.00"
"726.2","2025-06-20"," 11:20:00 AM","2025-06-20"," 12:29:00 PM","PE","82000","Sell","20","326.20","326.20","","0.00"
"727","2025-06-23"," 9:20:00 AM","2025-06-23"," 11:26:00 AM","","","","","","","14.16","-1000.00"
"727.1","2025-06-23"," 9:20:00 AM","2025-06-23"," 11:26:00 AM","CE","81800","Sell","20","340.25","340.25","","0.00"
"727.2","2025-06-23"," 9:20:00 AM","2025-06-23"," 9:26:00 AM","PE","81800","Sell","20","281.60","331.60","","-1000.00"
"728","2025-06-23"," 11:20:00 AM","2025-06-23"," 2:02:00 PM","","","","","","","14.16","2081.00"
"728.1","2025-06-23"," 11:20:00 AM","2025-06-23"," 11:26:00 AM","CE","81800","Sell","20","294.95","344.95","","-1000.00"
"728.2","2025-06-23"," 11:20:00 AM","2025-06-23"," 2:02:00 PM","PE","81800","Sell","20","308.05","154.00","","3081.00"
"729","2025-06-24"," 9:20:00 AM","2025-06-24"," 9:38:00 AM","","","","","","","13.47","1137.00"
"729.1","2025-06-24"," 9:20:00 AM","2025-06-24"," 9:38:00 AM","CE","82800","Sell","20","213.65","106.80","","2137.00"
"729.2","2025-06-24"," 9:20:00 AM","2025-06-24"," 9:27:00 AM","PE","82800","Sell","20","178.60","228.60","","-1000.00"
"730","2025-06-24"," 11:20:00 AM","2025-06-24"," 12:13:00 PM","","","","","","","13.90","1009.00"
"730.1","2025-06-24"," 11:20:00 AM","2025-06-24"," 11:30:00 AM","CE","82800","Sell","20","275.50","325.50","","-1000.00"
"730.2","2025-06-24"," 11:20:00 AM","2025-06-24"," 12:13:00 PM","PE","82800","Sell","20","200.85","100.40","","2009.00"
"731","2025-06-25"," 9:20:00 AM","2025-06-25"," 3:15:00 PM","","","","","","","13.40","1993.00"
"731.1","2025-06-25"," 9:20:00 AM","2025-06-25"," 9:38:00 AM","CE","82400","Sell","20","558.90","608.90","","-1000.00"
"731.2","2025-06-25"," 9:20:00 AM","2025-06-25"," 3:15:00 PM","PE","82400","Sell","20","511.55","361.90","","2993.00"
"732","2025-06-25"," 11:20:00 AM","2025-06-25"," 3:15:00 PM","","","","","","","13.16","123.00"
"732.1","2025-06-25"," 11:20:00 AM","2025-06-25"," 1:14:00 PM","CE","82600","Sell","20","527.75","577.75","","-1000.00"
"732.2","2025-06-25"," 11:20:00 AM","2025-06-25"," 3:15:00 PM","PE","82600","Sell","20","495.35","439.20","","1123.00"
"733","2025-06-26"," 9:20:00 AM","2025-06-26"," 10:45:00 AM","","","","","","","12.95","-1000.00"
"733.1","2025-06-26"," 9:20:00 AM","2025-06-26"," 9:22:00 AM","CE","82900","Sell","20","456.90","506.90","","-1000.00"
"733.2","2025-06-26"," 9:20:00 AM","2025-06-26"," 10:45:00 AM","PE","82900","Sell","20","503.15","503.15","","0.00"
"734","2025-06-26"," 11:20:00 AM","2025-06-26"," 11:44:00 AM","","","","","","","13.05","-1000.00"
"734.1","2025-06-26"," 11:20:00 AM","2025-06-26"," 11:32:00 AM","CE","83100","Sell","20","489.55","539.55","","-1000.00"
"734.2","2025-06-26"," 11:20:00 AM","2025-06-26"," 11:44:00 AM","PE","83100","Sell","20","519.10","519.10","","0.00"
"735","2025-06-27"," 9:20:00 AM","2025-06-27"," 12:19:00 PM","","","","","","","12.59","-1000.00"
"735.1","2025-06-27"," 9:20:00 AM","2025-06-27"," 12:19:00 PM","CE","83900","Sell","20","431.50","431.50","","0.00"
"735.2","2025-06-27"," 9:20:00 AM","2025-06-27"," 9:25:00 AM","PE","83900","Sell","20","384.50","434.50","","-1000.00"
"736","2025-06-27"," 11:20:00 AM","2025-06-27"," 3:15:00 PM","","","","","","","12.53","776.00"
"736.1","2025-06-27"," 11:20:00 AM","2025-06-27"," 12:19:00 PM","CE","83900","Sell","20","383.10","433.10","","-1000.00"
"736.2","2025-06-27"," 11:20:00 AM","2025-06-27"," 3:15:00 PM","PE","83900","Sell","20","360.45","271.65","","1776.00"
"737","2025-06-30"," 9:20:00 AM","2025-06-30"," 9:31:00 AM","","","","","","","12.91","-1000.00"
"737.1","2025-06-30"," 9:20:00 AM","2025-06-30"," 9:28:00 AM","CE","83900","Sell","20","364.35","414.35","","-1000.00"
"737.2","2025-06-30"," 9:20:00 AM","2025-06-30"," 9:31:00 AM","PE","83900","Sell","20","279.25","279.25","","0.00"
"738","2025-06-30"," 11:20:00 AM","2025-06-30"," 12:56:00 PM","","","","","","","12.77","-1000.00"
"738.1","2025-06-30"," 11:20:00 AM","2025-06-30"," 12:17:00 PM","CE","83700","Sell","20","352.25","402.25","","-1000.00"
"738.2","2025-06-30"," 11:20:00 AM","2025-06-30"," 12:56:00 PM","PE","83700","Sell","20","232.85","232.85","","0.00"
"739","2025-07-01"," 9:20:00 AM","2025-07-01"," 9:31:00 AM","","","","","","","12.95","1719.00"
"739.1","2025-07-01"," 9:20:00 AM","2025-07-01"," 9:22:00 AM","CE","83700","Sell","20","219.80","269.80","","-1000.00"
"739.2","2025-07-01"," 9:20:00 AM","2025-07-01"," 9:31:00 AM","PE","83700","Sell","20","271.90","135.95","","2719.00"
"740","2025-07-01"," 11:20:00 AM","2025-07-01"," 11:55:00 AM","","","","","","","12.50","115.00"
"740.1","2025-07-01"," 11:20:00 AM","2025-07-01"," 11:54:00 AM","CE","83700","Sell","20","111.45","55.70","","1115.00"
"740.2","2025-07-01"," 11:20:00 AM","2025-07-01"," 11:55:00 AM","PE","83700","Sell","20","85.10","135.10","","-1000.00"
"741","2025-07-02"," 9:20:00 AM","2025-07-02"," 1:27:00 PM","","","","","","","12.44","3875.00"
"741.1","2025-07-02"," 9:20:00 AM","2025-07-02"," 1:27:00 PM","CE","83900","Sell","20","487.45","243.70","","4875.00"
"741.2","2025-07-02"," 9:20:00 AM","2025-07-02"," 9:41:00 AM","PE","83900","Sell","20","466.40","516.40","","-1000.00"
"742","2025-07-02"," 11:20:00 AM","2025-07-02"," 3:15:00 PM","","","","","","","12.53","96.00"
"742.1","2025-07-02"," 11:20:00 AM","2025-07-02"," 3:15:00 PM","CE","83500","Sell","20","503.00","448.20","","1096.00"
"742.2","2025-07-02"," 11:20:00 AM","2025-07-02"," 1:21:00 PM","PE","83500","Sell","20","452.00","502.00","","-1000.00"
"743","2025-07-03"," 9:20:00 AM","2025-07-03"," 9:55:00 AM","","","","","","","12.33","-1000.00"
"743.1","2025-07-03"," 9:20:00 AM","2025-07-03"," 9:55:00 AM","CE","83600","Sell","20","455.70","455.70","","0.00"
"743.2","2025-07-03"," 9:20:00 AM","2025-07-03"," 9:24:00 AM","PE","83600","Sell","20","375.80","425.80","","-1000.00"
"744","2025-07-03"," 11:20:00 AM","2025-07-03"," 11:29:00 AM","","","","","","","12.22","-1000.00"
"744.1","2025-07-03"," 11:20:00 AM","2025-07-03"," 11:26:00 AM","CE","83800","Sell","20","374.55","424.55","","-1000.00"
"744.2","2025-07-03"," 11:20:00 AM","2025-07-03"," 11:29:00 AM","PE","83800","Sell","20","413.20","413.20","","0.00"
"745","2025-07-04"," 9:20:00 AM","2025-07-04"," 2:41:00 PM","","","","","","","12.52","-1000.00"
"745.1","2025-07-04"," 9:20:00 AM","2025-07-04"," 2:41:00 PM","CE","83300","Sell","20","368.00","368.00","","0.00"
"745.2","2025-07-04"," 9:20:00 AM","2025-07-04"," 9:41:00 AM","PE","83300","Sell","20","378.05","428.05","","-1000.00"
"746","2025-07-04"," 11:20:00 AM","2025-07-04"," 2:37:00 PM","","","","","","","12.30","-1000.00"
"746.1","2025-07-04"," 11:20:00 AM","2025-07-04"," 2:37:00 PM","CE","83300","Sell","20","325.60","325.60","","0.00"
"746.2","2025-07-04"," 11:20:00 AM","2025-07-04"," 11:36:00 AM","PE","83300","Sell","20","328.15","378.15","","-1000.00"
"747","2025-07-07"," 9:20:00 AM","2025-07-07"," 10:11:00 AM","","","","","","","12.70","-1000.00"
"747.1","2025-07-07"," 9:20:00 AM","2025-07-07"," 9:35:00 AM","CE","83400","Sell","20","243.75","293.75","","-1000.00"
"747.2","2025-07-07"," 9:20:00 AM","2025-07-07"," 10:11:00 AM","PE","83400","Sell","20","308.50","308.50","","0.00"
"748","2025-07-07"," 11:20:00 AM","2025-07-07"," 1:19:00 PM","","","","","","","12.54","-1000.00"
"748.1","2025-07-07"," 11:20:00 AM","2025-07-07"," 1:19:00 PM","CE","83400","Sell","20","250.80","250.80","","0.00"
"748.2","2025-07-07"," 11:20:00 AM","2025-07-07"," 12:16:00 PM","PE","83400","Sell","20","238.65","288.65","","-1000.00"
"749","2025-07-08"," 9:20:00 AM","2025-07-08"," 9:31:00 AM","","","","","","","12.68","868.00"
"749.1","2025-07-08"," 9:20:00 AM","2025-07-08"," 9:23:00 AM","CE","83400","Sell","20","192.65","242.65","","-1000.00"
"749.2","2025-07-08"," 9:20:00 AM","2025-07-08"," 9:31:00 AM","PE","83400","Sell","20","186.80","93.40","","1868.00"
"750","2025-07-08"," 11:20:00 AM","2025-07-08"," 12:27:00 PM","","","","","","","12.25","-330.00"
"750.1","2025-07-08"," 11:20:00 AM","2025-07-08"," 12:27:00 PM","CE","83400","Sell","20","96.10","146.10","","-1000.00"
"750.2","2025-07-08"," 11:20:00 AM","2025-07-08"," 12:27:00 PM","PE","83400","Sell","20","67.00","33.50","","670.00"
"751","2025-07-09"," 9:20:00 AM","2025-07-09"," 2:35:00 PM","","","","","","","12.08","-1000.00"
"751.1","2025-07-09"," 9:20:00 AM","2025-07-09"," 10:11:00 AM","CE","83600","Sell","20","470.85","520.85","","-1000.00"
"751.2","2025-07-09"," 9:20:00 AM","2025-07-09"," 2:35:00 PM","PE","83600","Sell","20","411.90","411.90","","0.00"
"752","2025-07-09"," 11:20:00 AM","2025-07-09"," 3:15:00 PM","","","","","","","11.89","870.00"
"752.1","2025-07-09"," 11:20:00 AM","2025-07-09"," 3:15:00 PM","CE","83700","Sell","20","490.35","396.85","","1870.00"
"752.2","2025-07-09"," 11:20:00 AM","2025-07-09"," 2:28:00 PM","PE","83700","Sell","20","360.00","410.00","","-1000.00"
"753","2025-07-10"," 9:20:00 AM","2025-07-10"," 3:15:00 PM","","","","","","","11.75","2635.00"
"753.1","2025-07-10"," 9:20:00 AM","2025-07-10"," 3:15:00 PM","CE","83500","Sell","20","429.15","247.40","","3635.00"
"753.2","2025-07-10"," 9:20:00 AM","2025-07-10"," 9:30:00 AM","PE","83500","Sell","20","322.10","372.10","","-1000.00"
"754","2025-07-10"," 11:20:00 AM","2025-07-10"," 3:15:00 PM","","","","","","","12.13","2547.00"
"754.1","2025-07-10"," 11:20:00 AM","2025-07-10"," 3:15:00 PM","CE","83300","Sell","20","421.80","335.60","","1724.00"
"754.2","2025-07-10"," 11:20:00 AM","2025-07-10"," 3:15:00 PM","PE","83300","Sell","20","393.40","352.25","","823.00"
"755","2025-07-11"," 9:20:00 AM","2025-07-11"," 10:02:00 AM","","","","","","","11.70","-1000.00"
"755.1","2025-07-11"," 9:20:00 AM","2025-07-11"," 9:26:00 AM","CE","82900","Sell","20","342.65","392.65","","-1000.00"
"755.2","2025-07-11"," 9:20:00 AM","2025-07-11"," 10:02:00 AM","PE","82900","Sell","20","270.60","270.60","","0.00"
"756","2025-07-11"," 11:20:00 AM","2025-07-11"," 3:15:00 PM","","","","","","","11.91","1361.00"
"756.1","2025-07-11"," 11:20:00 AM","2025-07-11"," 3:15:00 PM","CE","82500","Sell","20","388.60","344.50","","882.00"
"756.2","2025-07-11"," 11:20:00 AM","2025-07-11"," 3:15:00 PM","PE","82500","Sell","20","247.95","224.00","","479.00"
"757","2025-07-14"," 9:20:00 AM","2025-07-14"," 9:55:00 AM","","","","","","","12.17","-1000.00"
"757.1","2025-07-14"," 9:20:00 AM","2025-07-14"," 9:55:00 AM","CE","82300","Sell","20","280.60","280.60","","0.00"
"757.2","2025-07-14"," 9:20:00 AM","2025-07-14"," 9:25:00 AM","PE","82300","Sell","20","207.20","257.20","","-1000.00"
"758","2025-07-14"," 11:20:00 AM","2025-07-14"," 2:53:00 PM","","","","","","","12.05","-1000.00"
"758.1","2025-07-14"," 11:20:00 AM","2025-07-14"," 2:53:00 PM","CE","82200","Sell","20","250.15","250.15","","0.00"
"758.2","2025-07-14"," 11:20:00 AM","2025-07-14"," 11:29:00 AM","PE","82200","Sell","20","195.35","245.35","","-1000.00"
"759","2025-07-15"," 9:20:00 AM","2025-07-15"," 9:47:00 AM","","","","","","","11.98","755.00"
"759.1","2025-07-15"," 9:20:00 AM","2025-07-15"," 9:47:00 AM","CE","82400","Sell","20","175.45","87.70","","1755.00"
"759.2","2025-07-15"," 9:20:00 AM","2025-07-15"," 9:41:00 AM","PE","82400","Sell","20","126.65","176.65","","-1000.00"
"760","2025-07-15"," 11:20:00 AM","2025-07-15"," 1:21:00 PM","","","","","","","11.73","2433.00"
"760.1","2025-07-15"," 11:20:00 AM","2025-07-15"," 1:21:00 PM","CE","82600","Sell","20","153.15","76.60","","1531.00"
"760.2","2025-07-15"," 11:20:00 AM","2025-07-15"," 12:40:00 PM","PE","82600","Sell","20","90.20","45.10","","902.00"
"761","2025-07-16"," 9:20:00 AM","2025-07-16"," 11:54:00 AM","","","","","","","11.53","-1000.00"
"761.1","2025-07-16"," 9:20:00 AM","2025-07-16"," 11:54:00 AM","CE","82500","Sell","20","421.30","421.30","","0.00"
"761.2","2025-07-16"," 9:20:00 AM","2025-07-16"," 9:28:00 AM","PE","82500","Sell","20","384.60","434.60","","-1000.00"
"762","2025-07-16"," 11:20:00 AM","2025-07-16"," 3:15:00 PM","","","","","","","11.41","1280.00"
"762.1","2025-07-16"," 11:20:00 AM","2025-07-16"," 11:51:00 AM","CE","82400","Sell","20","390.35","440.35","","-1000.00"
"762.2","2025-07-16"," 11:20:00 AM","2025-07-16"," 3:15:00 PM","PE","82400","Sell","20","377.85","263.85","","2280.00"
"763","2025-07-17"," 9:20:00 AM","2025-07-17"," 3:15:00 PM","","","","","","","11.20","1914.00"
"763.1","2025-07-17"," 9:20:00 AM","2025-07-17"," 3:15:00 PM","CE","82600","Sell","20","391.70","246.00","","2914.00"
"763.2","2025-07-17"," 9:20:00 AM","2025-07-17"," 9:36:00 AM","PE","82600","Sell","20","311.40","361.40","","-1000.00"
"764","2025-07-17"," 11:20:00 AM","2025-07-17"," 3:15:00 PM","","","","","","","11.24","950.00"
"764.1","2025-07-17"," 11:20:00 AM","2025-07-17"," 3:15:00 PM","CE","82500","Sell","20","383.00","285.50","","1950.00"
"764.2","2025-07-17"," 11:20:00 AM","2025-07-17"," 2:18:00 PM","PE","82500","Sell","20","313.70","363.70","","-1000.00"
"765","2025-07-18"," 9:20:00 AM","2025-07-18"," 10:31:00 AM","","","","","","","11.35","2830.00"
"765.1","2025-07-18"," 9:20:00 AM","2025-07-18"," 10:31:00 AM","CE","82100","Sell","20","383.00","191.50","","3830.00"
"765.2","2025-07-18"," 9:20:00 AM","2025-07-18"," 9:46:00 AM","PE","82100","Sell","20","255.05","305.05","","-1000.00"
"766","2025-07-18"," 11:20:00 AM","2025-07-18"," 3:15:00 PM","","","","","","","11.61","58.00"
"766.1","2025-07-18"," 11:20:00 AM","2025-07-18"," 2:31:00 PM","CE","81700","Sell","20","393.90","443.90","","-1000.00"
"766.2","2025-07-18"," 11:20:00 AM","2025-07-18"," 3:15:00 PM","PE","81700","Sell","20","279.40","226.50","","1058.00"
"767","2025-07-21"," 9:20:00 AM","2025-07-21"," 9:48:00 AM","","","","","","","11.55","-1000.00"
"767.1","2025-07-21"," 9:20:00 AM","2025-07-21"," 9:48:00 AM","CE","81800","Sell","20","231.65","231.65","","0.00"
"767.2","2025-07-21"," 9:20:00 AM","2025-07-21"," 9:22:00 AM","PE","81800","Sell","20","246.00","296.00","","-1000.00"
"768","2025-07-21"," 11:20:00 AM","2025-07-21"," 1:59:00 PM","","","","","","","11.48","1446.00"
"768.1","2025-07-21"," 11:20:00 AM","2025-07-21"," 1:59:00 PM","CE","82100","Sell","20","244.60","122.30","","2446.00"
"768.2","2025-07-21"," 11:20:00 AM","2025-07-21"," 11:43:00 AM","PE","82100","Sell","20","190.10","240.10","","-1000.00"
"769","2025-07-22"," 9:20:00 AM","2025-07-22"," 9:22:00 AM","","","","","","","11.15","-1000.00"
"769.1","2025-07-22"," 9:20:00 AM","2025-07-22"," 9:22:00 AM","CE","82400","Sell","20","126.50","126.50","","0.00"
"769.2","2025-07-22"," 9:20:00 AM","2025-07-22"," 9:21:00 AM","PE","82400","Sell","20","177.65","227.65","","-1000.00"
"770","2025-07-22"," 11:20:00 AM","2025-07-22"," 11:56:00 AM","","","","","","","11.06","-99.00"
"770.1","2025-07-22"," 11:20:00 AM","2025-07-22"," 11:56:00 AM","CE","82100","Sell","20","115.50","165.50","","-1000.00"
"770.2","2025-07-22"," 11:20:00 AM","2025-07-22"," 11:47:00 AM","PE","82100","Sell","20","90.05","45.00","","901.00"
"771","2025-07-23"," 9:20:00 AM","2025-07-23"," 10:56:00 AM","","","","","","","10.63","-1000.00"
"771.1","2025-07-23"," 9:20:00 AM","2025-07-23"," 10:56:00 AM","CE","82400","Sell","20","398.75","398.75","","0.00"
"771.2","2025-07-23"," 9:20:00 AM","2025-07-23"," 9:43:00 AM","PE","82400","Sell","20","311.30","361.30","","-1000.00"
"772","2025-07-23"," 11:20:00 AM","2025-07-23"," 3:15:00 PM","","","","","","","10.59","1372.00"
"772.1","2025-07-23"," 11:20:00 AM","2025-07-23"," 12:18:00 PM","CE","82500","Sell","20","364.00","414.00","","-1000.00"
"772.2","2025-07-23"," 11:20:00 AM","2025-07-23"," 3:15:00 PM","PE","82500","Sell","20","343.25","224.65","","2372.00"
"773","2025-07-24"," 9:20:00 AM","2025-07-24"," 12:04:00 PM","","","","","","","10.55","2504.00"
"773.1","2025-07-24"," 9:20:00 AM","2025-07-24"," 12:04:00 PM","CE","82600","Sell","20","350.40","175.20","","3504.00"
"773.2","2025-07-24"," 9:20:00 AM","2025-07-24"," 9:56:00 AM","PE","82600","Sell","20","277.25","327.25","","-1000.00"
"774","2025-07-24"," 11:20:00 AM","2025-07-24"," 3:15:00 PM","","","","","","","10.67","1266.00"
"774.1","2025-07-24"," 11:20:00 AM","2025-07-24"," 3:15:00 PM","CE","82400","Sell","20","362.30","249.00","","2266.00"
"774.2","2025-07-24"," 11:20:00 AM","2025-07-24"," 11:24:00 AM","PE","82400","Sell","20","263.85","313.85","","-1000.00"
"775","2025-07-25"," 9:20:00 AM","2025-07-25"," 9:45:00 AM","","","","","","","11.21","-1000.00"
"775.1","2025-07-25"," 9:20:00 AM","2025-07-25"," 9:29:00 AM","CE","81800","Sell","20","319.80","369.80","","-1000.00"
"775.2","2025-07-25"," 9:20:00 AM","2025-07-25"," 9:45:00 AM","PE","81800","Sell","20","288.80","288.80","","0.00"
"776","2025-07-25"," 11:20:00 AM","2025-07-25"," 3:15:00 PM","","","","","","","11.28","1230.00"
"776.1","2025-07-25"," 11:20:00 AM","2025-07-25"," 3:15:00 PM","CE","81600","Sell","20","354.45","242.95","","2230.00"
"776.2","2025-07-25"," 11:20:00 AM","2025-07-25"," 11:48:00 AM","PE","81600","Sell","20","260.30","310.30","","-1000.00"
"777","2025-07-28"," 9:20:00 AM","2025-07-28"," 10:16:00 AM","","","","","","","11.76","1409.00"
"777.1","2025-07-28"," 9:20:00 AM","2025-07-28"," 9:32:00 AM","CE","81300","Sell","20","243.45","293.45","","-1000.00"
"777.2","2025-07-28"," 9:20:00 AM","2025-07-28"," 10:16:00 AM","PE","81300","Sell","20","240.95","120.50","","2409.00"
"778","2025-07-28"," 11:20:00 AM","2025-07-28"," 12:52:00 PM","","","","","","","11.60","1700.00"
"778.1","2025-07-28"," 11:20:00 AM","2025-07-28"," 12:52:00 PM","CE","81300","Sell","20","270.00","135.00","","2700.00"
"778.2","2025-07-28"," 11:20:00 AM","2025-07-28"," 12:45:00 PM","PE","81300","Sell","20","178.30","228.30","","-1000.00"
"779","2025-07-29"," 9:20:00 AM","2025-07-29"," 9:24:00 AM","","","","","","","12.22","-1000.00"
"779.1","2025-07-29"," 9:20:00 AM","2025-07-29"," 9:24:00 AM","CE","80900","Sell","20","177.10","177.10","","0.00"
"779.2","2025-07-29"," 9:20:00 AM","2025-07-29"," 9:22:00 AM","PE","80900","Sell","20","181.45","231.45","","-1000.00"
"780","2025-07-29"," 11:20:00 AM","2025-07-29"," 12:35:00 PM","","","","","","","12.12","2396.00"
"780.1","2025-07-29"," 11:20:00 AM","2025-07-29"," 12:02:00 PM","CE","80900","Sell","20","98.05","49.00","","981.00"
"780.2","2025-07-29"," 11:20:00 AM","2025-07-29"," 12:35:00 PM","PE","80900","Sell","20","141.45","70.70","","1415.00"
"781","2025-07-30"," 9:20:00 AM","2025-07-30"," 9:48:00 AM","","","","","","","11.65","-1000.00"
"781.1","2025-07-30"," 9:20:00 AM","2025-07-30"," 9:35:00 AM","CE","81500","Sell","20","416.50","466.50","","-1000.00"
"781.2","2025-07-30"," 9:20:00 AM","2025-07-30"," 9:48:00 AM","PE","81500","Sell","20","430.80","430.80","","0.00"
"782","2025-07-30"," 11:20:00 AM","2025-07-30"," 11:40:00 AM","","","","","","","11.28","-1000.00"
"782.1","2025-07-30"," 11:20:00 AM","2025-07-30"," 11:29:00 AM","CE","81500","Sell","20","456.75","506.75","","-1000.00"
"782.2","2025-07-30"," 11:20:00 AM","2025-07-30"," 11:40:00 AM","PE","81500","Sell","20","358.00","358.00","","0.00"
"783","2025-07-31"," 9:20:00 AM","2025-07-31"," 10:01:00 AM","","","","","","","12.01","-1000.00"
"783.1","2025-07-31"," 9:20:00 AM","2025-07-31"," 9:21:00 AM","CE","80900","Sell","20","428.45","478.45","","-1000.00"
"783.2","2025-07-31"," 9:20:00 AM","2025-07-31"," 10:01:00 AM","PE","80900","Sell","20","420.50","420.50","","0.00"
"784","2025-07-31"," 11:20:00 AM","2025-07-31"," 1:29:00 PM","","","","","","","11.73","2664.00"
"784.1","2025-07-31"," 11:20:00 AM","2025-07-31"," 11:23:00 AM","CE","81100","Sell","20","456.75","506.75","","-1000.00"
"784.2","2025-07-31"," 11:20:00 AM","2025-07-31"," 1:29:00 PM","PE","81100","Sell","20","366.40","183.20","","3664.00"
"785","2025-08-01"," 9:20:00 AM","2025-08-01"," 9:34:00 AM","","","","","","","11.75","-1000.00"
"785.1","2025-08-01"," 9:20:00 AM","2025-08-01"," 9:34:00 AM","CE","81000","Sell","20","403.70","403.70","","0.00"
"785.2","2025-08-01"," 9:20:00 AM","2025-08-01"," 9:27:00 AM","PE","81000","Sell","20","348.80","398.80","","-1000.00"
"786","2025-08-01"," 11:20:00 AM","2025-08-01"," 12:32:00 PM","","","","","","","11.66","-1000.00"
"786.1","2025-08-01"," 11:20:00 AM","2025-08-01"," 12:32:00 PM","CE","81000","Sell","20","358.65","358.65","","0.00"
"786.2","2025-08-01"," 11:20:00 AM","2025-08-01"," 11:42:00 AM","PE","81000","Sell","20","348.80","398.80","","-1000.00"
"787","2025-08-04"," 9:20:00 AM","2025-08-04"," 9:51:00 AM","","","","","","","12.30","-1000.00"
"787.1","2025-08-04"," 9:20:00 AM","2025-08-04"," 9:51:00 AM","CE","80800","Sell","20","315.35","315.35","","0.00"
"787.2","2025-08-04"," 9:20:00 AM","2025-08-04"," 9:45:00 AM","PE","80800","Sell","20","285.55","335.55","","-1000.00"
"788","2025-08-04"," 11:20:00 AM","2025-08-04"," 3:15:00 PM","","","","","","","12.37","1377.00"
"788.1","2025-08-04"," 11:20:00 AM","2025-08-04"," 12:37:00 PM","CE","80900","Sell","20","269.85","319.85","","-1000.00"
"788.2","2025-08-04"," 11:20:00 AM","2025-08-04"," 3:15:00 PM","PE","80900","Sell","20","279.70","160.85","","2377.00"
"789","2025-08-05"," 9:20:00 AM","2025-08-05"," 9:48:00 AM","","","","","","","11.98","711.00"
"789.1","2025-08-05"," 9:20:00 AM","2025-08-05"," 9:48:00 AM","CE","80900","Sell","20","171.05","85.50","","1711.00"
"789.2","2025-08-05"," 9:20:00 AM","2025-08-05"," 9:37:00 AM","PE","80900","Sell","20","164.85","214.85","","-1000.00"
"790","2025-08-05"," 11:20:00 AM","2025-08-05"," 12:13:00 PM","","","","","","","11.99","155.00"
"790.1","2025-08-05"," 11:20:00 AM","2025-08-05"," 12:13:00 PM","CE","80700","Sell","20","132.45","182.45","","-1000.00"
"790.2","2025-08-05"," 11:20:00 AM","2025-08-05"," 12:13:00 PM","PE","80700","Sell","20","115.50","57.75","","1155.00"
"791","2025-08-06"," 9:20:00 AM","2025-08-06"," 9:53:00 AM","","","","","","","11.84","-1000.00"
"791.1","2025-08-06"," 9:20:00 AM","2025-08-06"," 9:53:00 AM","CE","80800","Sell","20","462.75","462.75","","0.00"
"791.2","2025-08-06"," 9:20:00 AM","2025-08-06"," 9:41:00 AM","PE","80800","Sell","20","454.80","504.80","","-1000.00"
"792","2025-08-06"," 11:20:00 AM","2025-08-06"," 3:15:00 PM","","","","","","","11.98","-265.00"
"792.1","2025-08-06"," 11:20:00 AM","2025-08-06"," 11:52:00 AM","CE","80500","Sell","20","459.20","509.20","","-1000.00"
"792.2","2025-08-06"," 11:20:00 AM","2025-08-06"," 3:15:00 PM","PE","80500","Sell","20","414.55","377.80","","735.00"
"793","2025-08-07"," 9:20:00 AM","2025-08-07"," 1:20:00 PM","","","","","","","11.89","2922.00"
"793.1","2025-08-07"," 9:20:00 AM","2025-08-07"," 1:20:00 PM","CE","80400","Sell","20","392.20","196.10","","3922.00"
"793.2","2025-08-07"," 9:20:00 AM","2025-08-07"," 10:10:00 AM","PE","80400","Sell","20","388.80","438.80","","-1000.00"
"794","2025-08-07"," 11:20:00 AM","2025-08-07"," 2:13:00 PM","","","","","","","12.16","-1000.00"
"794.1","2025-08-07"," 11:20:00 AM","2025-08-07"," 2:13:00 PM","CE","80100","Sell","20","374.00","374.00","","0.00"
"794.2","2025-08-07"," 11:20:00 AM","2025-08-07"," 1:23:00 PM","PE","80100","Sell","20","372.60","422.60","","-1000.00"
"795","2025-08-08"," 9:20:00 AM","2025-08-08"," 10:49:00 AM","","","","","","","11.81","2579.00"
"795.1","2025-08-08"," 9:20:00 AM","2025-08-08"," 10:49:00 AM","CE","80500","Sell","20","357.90","178.95","","3579.00"
"795.2","2025-08-08"," 9:20:00 AM","2025-08-08"," 9:29:00 AM","PE","80500","Sell","20","294.15","344.15","","-1000.00"
"796","2025-08-08"," 11:20:00 AM","2025-08-08"," 12:49:00 PM","","","","","","","11.83","-1000.00"
"796.1","2025-08-08"," 11:20:00 AM","2025-08-08"," 12:49:00 PM","CE","80100","Sell","20","382.95","382.95","","0.00"
"796.2","2025-08-08"," 11:20:00 AM","2025-08-08"," 12:03:00 PM","PE","80100","Sell","20","261.00","311.00","","-1000.00"
"797","2025-08-11"," 9:20:00 AM","2025-08-11"," 9:35:00 AM","","","","","","","12.60","-1000.00"
"797.1","2025-08-11"," 9:20:00 AM","2025-08-11"," 9:35:00 AM","CE","80000","Sell","20","285.50","285.50","","0.00"
"797.2","2025-08-11"," 9:20:00 AM","2025-08-11"," 9:32:00 AM","PE","80000","Sell","20","271.15","321.15","","-1000.00"
"798","2025-08-11"," 11:20:00 AM","2025-08-11"," 12:54:00 PM","","","","","","","12.43","-1000.00"
"798.1","2025-08-11"," 11:20:00 AM","2025-08-11"," 12:54:00 PM","CE","80200","Sell","20","242.25","242.25","","0.00"
"798.2","2025-08-11"," 11:20:00 AM","2025-08-11"," 11:42:00 AM","PE","80200","Sell","20","227.10","277.10","","-1000.00"
"799","2025-08-12"," 9:20:00 AM","2025-08-12"," 9:32:00 AM","","","","","","","12.13","832.00"
"799.1","2025-08-12"," 9:20:00 AM","2025-08-12"," 9:23:00 AM","CE","80600","Sell","20","129.50","179.50","","-1000.00"
"799.2","2025-08-12"," 9:20:00 AM","2025-08-12"," 9:32:00 AM","PE","80600","Sell","20","183.20","91.60","","1832.00"
"800","2025-08-12"," 11:20:00 AM","2025-08-12"," 11:43:00 AM","","","","","","","12.31","467.00"
"800.1","2025-08-12"," 11:20:00 AM","2025-08-12"," 11:43:00 AM","CE","80600","Sell","20","146.70","73.35","","1467.00"
"800.2","2025-08-12"," 11:20:00 AM","2025-08-12"," 11:27:00 AM","PE","80600","Sell","20","140.95","190.95","","-1000.00"
"801","2025-08-13"," 9:20:00 AM","2025-08-13"," 9:31:00 AM","","","","","","","12.24","-1000.00"
"801.1","2025-08-13"," 9:20:00 AM","2025-08-13"," 9:31:00 AM","CE","80400","Sell","20","510.10","510.10","","0.00"
"801.2","2025-08-13"," 9:20:00 AM","2025-08-13"," 9:29:00 AM","PE","80400","Sell","20","328.05","378.05","","-1000.00"
"802","2025-08-13"," 11:20:00 AM","2025-08-13"," 12:23:00 PM","","","","","","","12.17","-1000.00"
"802.1","2025-08-13"," 11:20:00 AM","2025-08-13"," 12:23:00 PM","CE","80500","Sell","20","473.85","473.85","","0.00"
"802.2","2025-08-13"," 11:20:00 AM","2025-08-13"," 11:58:00 AM","PE","80500","Sell","20","329.05","379.05","","-1000.00"
"803","2025-08-14"," 9:20:00 AM","2025-08-14"," 10:01:00 AM","","","","","","","12.34","-1000.00"
"803.1","2025-08-14"," 9:20:00 AM","2025-08-14"," 9:44:00 AM","CE","80600","Sell","20","410.45","460.45","","-1000.00"
"803.2","2025-08-14"," 9:20:00 AM","2025-08-14"," 10:01:00 AM","PE","80600","Sell","20","326.55","326.55","","0.00"
"804","2025-08-14"," 11:20:00 AM","2025-08-14"," 12:59:00 PM","","","","","","","12.36","-1000.00"
"804.1","2025-08-14"," 11:20:00 AM","2025-08-14"," 12:59:00 PM","CE","80700","Sell","20","381.55","381.55","","0.00"
"804.2","2025-08-14"," 11:20:00 AM","2025-08-14"," 11:43:00 AM","PE","80700","Sell","20","333.55","383.55","","-1000.00"
"805","2025-08-18"," 9:20:00 AM","2025-08-18"," 12:08:00 PM","","","","","","","12.70","-1000.00"
"805.1","2025-08-18"," 9:20:00 AM","2025-08-18"," 9:32:00 AM","CE","81600","Sell","20","333.25","383.25","","-1000.00"
"805.2","2025-08-18"," 9:20:00 AM","2025-08-18"," 12:08:00 PM","PE","81600","Sell","20","314.80","314.80","","0.00"
"806","2025-08-18"," 11:20:00 AM","2025-08-18"," 3:06:00 PM","","","","","","","12.61","2357.00"
"806.1","2025-08-18"," 11:20:00 AM","2025-08-18"," 3:06:00 PM","CE","81500","Sell","20","335.75","167.90","","3357.00"
"806.2","2025-08-18"," 11:20:00 AM","2025-08-18"," 12:09:00 PM","PE","81500","Sell","20","212.55","262.55","","-1000.00"
"807","2025-08-19"," 9:20:00 AM","2025-08-19"," 9:44:00 AM","","","","","","","12.24","-1000.00"
"807.1","2025-08-19"," 9:20:00 AM","2025-08-19"," 9:23:00 AM","CE","81400","Sell","20","159.00","209.00","","-1000.00"
"807.2","2025-08-19"," 9:20:00 AM","2025-08-19"," 9:44:00 AM","PE","81400","Sell","20","169.40","169.40","","0.00"
"808","2025-08-19"," 11:20:00 AM","2025-08-19"," 12:15:00 PM","","","","","","","11.92","-65.00"
"808.1","2025-08-19"," 11:20:00 AM","2025-08-19"," 12:03:00 PM","CE","81500","Sell","20","101.85","151.85","","-1000.00"
"808.2","2025-08-19"," 11:20:00 AM","2025-08-19"," 12:15:00 PM","PE","81500","Sell","20","93.50","46.75","","935.00"
"809","2025-08-20"," 9:20:00 AM","2025-08-20"," 3:15:00 PM","","","","","","","11.87","1899.00"
"809.1","2025-08-20"," 9:20:00 AM","2025-08-20"," 9:46:00 AM","CE","81500","Sell","20","460.95","510.95","","-1000.00"
"809.2","2025-08-20"," 9:20:00 AM","2025-08-20"," 3:15:00 PM","PE","81500","Sell","20","361.75","216.80","","2899.00"
"810","2025-08-20"," 11:20:00 AM","2025-08-20"," 3:15:00 PM","","","","","","","11.87","190.00"
"810.1","2025-08-20"," 11:20:00 AM","2025-08-20"," 11:59:00 AM","CE","81800","Sell","20","431.10","481.10","","-1000.00"
"810.2","2025-08-20"," 11:20:00 AM","2025-08-20"," 3:15:00 PM","PE","81800","Sell","20","381.60","322.10","","1190.00"
"811","2025-08-21"," 9:20:00 AM","2025-08-21"," 3:15:00 PM","","","","","","","11.77","702.00"
"811.1","2025-08-21"," 9:20:00 AM","2025-08-21"," 10:00:00 AM","CE","82000","Sell","20","381.00","431.00","","-1000.00"
"811.2","2025-08-21"," 9:20:00 AM","2025-08-21"," 3:15:00 PM","PE","82000","Sell","20","345.90","260.80","","1702.00"
"812","2025-08-21"," 11:20:00 AM","2025-08-21"," 2:18:00 PM","","","","","","","11.65","-1000.00"
"812.1","2025-08-21"," 11:20:00 AM","2025-08-21"," 2:18:00 PM","CE","82200","Sell","20","344.75","344.75","","0.00"
"812.2","2025-08-21"," 11:20:00 AM","2025-08-21"," 12:02:00 PM","PE","82200","Sell","20","328.00","378.00","","-1000.00"
"813","2025-08-22"," 9:20:00 AM","2025-08-22"," 2:19:00 PM","","","","","","","11.27","2109.00"
"813.1","2025-08-22"," 9:20:00 AM","2025-08-22"," 2:19:00 PM","CE","81800","Sell","20","310.85","155.40","","3109.00"
"813.2","2025-08-22"," 9:20:00 AM","2025-08-22"," 9:30:00 AM","PE","81800","Sell","20","287.85","337.85","","-1000.00"
"814","2025-08-22"," 11:20:00 AM","2025-08-22"," 12:25:00 PM","","","","","","","11.58","-1000.00"
"814.1","2025-08-22"," 11:20:00 AM","2025-08-22"," 12:06:00 PM","CE","81400","Sell","20","359.60","409.60","","-1000.00"
"814.2","2025-08-22"," 11:20:00 AM","2025-08-22"," 12:25:00 PM","PE","81400","Sell","20","241.80","241.80","","0.00"
"815","2025-08-25"," 9:20:00 AM","2025-08-25"," 10:10:00 AM","","","","","","","12.18","-1000.00"
"815.1","2025-08-25"," 9:20:00 AM","2025-08-25"," 9:36:00 AM","CE","81500","Sell","20","259.40","309.40","","-1000.00"
"815.2","2025-08-25"," 9:20:00 AM","2025-08-25"," 10:10:00 AM","PE","81500","Sell","20","214.80","214.80","","0.00"
"816","2025-08-25"," 11:20:00 AM","2025-08-25"," 3:15:00 PM","","","","","","","12.09","-116.00"
"816.1","2025-08-25"," 11:20:00 AM","2025-08-25"," 11:46:00 AM","CE","81600","Sell","20","195.50","245.50","","-1000.00"
"816.2","2025-08-25"," 11:20:00 AM","2025-08-25"," 3:15:00 PM","PE","81600","Sell","20","188.80","144.60","","884.00"
"817","2025-08-26"," 9:20:00 AM","2025-08-26"," 9:38:00 AM","","","","","","","12.08","809.00"
"817.1","2025-08-26"," 9:20:00 AM","2025-08-26"," 9:38:00 AM","CE","81200","Sell","20","180.95","90.50","","1809.00"
"817.2","2025-08-26"," 9:20:00 AM","2025-08-26"," 9:22:00 AM","PE","81200","Sell","20","112.85","162.85","","-1000.00"
"818","2025-08-26"," 11:20:00 AM","2025-08-26"," 11:39:00 AM","","","","","","","12.29","-1000.00"
"818.1","2025-08-26"," 11:20:00 AM","2025-08-26"," 11:30:00 AM","CE","81100","Sell","20","119.35","169.35","","-1000.00"
"818.2","2025-08-26"," 11:20:00 AM","2025-08-26"," 11:39:00 AM","PE","81100","Sell","20","93.75","93.75","","0.00"
"819","2025-08-28"," 9:20:00 AM","2025-08-28"," 9:47:00 AM","","","","","","","12.79","-1000.00"
"819.1","2025-08-28"," 9:20:00 AM","2025-08-28"," 9:47:00 AM","CE","80300","Sell","20","577.50","577.50","","0.00"
"819.2","2025-08-28"," 9:20:00 AM","2025-08-28"," 9:24:00 AM","PE","80300","Sell","20","448.45","498.45","","-1000.00"
"820","2025-08-28"," 11:20:00 AM","2025-08-28"," 3:15:00 PM","","","","","","","12.20","3305.00"
"820.1","2025-08-28"," 11:20:00 AM","2025-08-28"," 3:15:00 PM","CE","80500","Sell","20","586.25","371.00","","4305.00"
"820.2","2025-08-28"," 11:20:00 AM","2025-08-28"," 12:22:00 PM","PE","80500","Sell","20","432.05","482.05","","-1000.00"
"821","2025-08-29"," 9:20:00 AM","2025-08-29"," 9:35:00 AM","","","","","","","11.98","-1000.00"
"821.1","2025-08-29"," 9:20:00 AM","2025-08-29"," 9:22:00 AM","CE","80100","Sell","20","574.20","624.20","","-1000.00"
"821.2","2025-08-29"," 9:20:00 AM","2025-08-29"," 9:35:00 AM","PE","80100","Sell","20","401.60","401.60","","0.00"
"822","2025-08-29"," 11:20:00 AM","2025-08-29"," 3:15:00 PM","","","","","","","11.74","3762.00"
"822.1","2025-08-29"," 11:20:00 AM","2025-08-29"," 3:15:00 PM","CE","80200","Sell","20","530.00","291.90","","4762.00"
"822.2","2025-08-29"," 11:20:00 AM","2025-08-29"," 1:09:00 PM","PE","80200","Sell","20","332.30","382.30","","-1000.00"
"823","2025-09-01"," 9:20:00 AM","2025-09-01"," 3:15:00 PM","","","","","","","11.82","1006.00"
"823.1","2025-09-01"," 9:20:00 AM","2025-09-01"," 1:34:00 PM","CE","80100","Sell","20","468.50","518.50","","-1000.00"
"823.2","2025-09-01"," 9:20:00 AM","2025-09-01"," 3:15:00 PM","PE","80100","Sell","20","279.20","178.90","","2006.00"
"824","2025-09-01"," 11:20:00 AM","2025-09-01"," 3:15:00 PM","","","","","","","11.50","288.00"
"824.1","2025-09-01"," 11:20:00 AM","2025-09-01"," 1:08:00 PM","CE","80200","Sell","20","390.40","440.40","","-1000.00"
"824.2","2025-09-01"," 11:20:00 AM","2025-09-01"," 3:15:00 PM","PE","80200","Sell","20","275.60","211.20","","1288.00"
"825","2025-09-02"," 9:20:00 AM","2025-09-02"," 9:31:00 AM","","","","","","","11.02","-1000.00"
"825.1","2025-09-02"," 9:20:00 AM","2025-09-02"," 9:31:00 AM","CE","80500","Sell","20","310.00","310.00","","0.00"
"825.2","2025-09-02"," 9:20:00 AM","2025-09-02"," 9:28:00 AM","PE","80500","Sell","20","244.00","294.00","","-1000.00"
"826","2025-09-02"," 11:20:00 AM","2025-09-02"," 1:55:00 PM","","","","","","","11.17","1989.00"
"826.1","2025-09-02"," 11:20:00 AM","2025-09-02"," 1:55:00 PM","CE","80700","Sell","20","298.90","149.45","","2989.00"
"826.2","2025-09-02"," 11:20:00 AM","2025-09-02"," 1:22:00 PM","PE","80700","Sell","20","235.15","285.15","","-1000.00"
"827","2025-09-03"," 9:20:00 AM","2025-09-03"," 12:12:00 PM","","","","","","","11.46","1035.00"
"827.1","2025-09-03"," 9:20:00 AM","2025-09-03"," 9:27:00 AM","CE","80000","Sell","20","294.35","344.35","","-1000.00"
"827.2","2025-09-03"," 9:20:00 AM","2025-09-03"," 12:12:00 PM","PE","80000","Sell","20","203.55","101.80","","2035.00"
"828","2025-09-03"," 11:20:00 AM","2025-09-03"," 12:58:00 PM","","","","","","","11.11","-1000.00"
"828.1","2025-09-03"," 11:20:00 AM","2025-09-03"," 12:12:00 PM","CE","80100","Sell","20","252.05","302.05","","-1000.00"
"828.2","2025-09-03"," 11:20:00 AM","2025-09-03"," 12:58:00 PM","PE","80100","Sell","20","167.50","167.50","","0.00"
"829","2025-09-04"," 9:20:00 AM","2025-09-04"," 9:35:00 AM","","","","","","","10.95","507.00"
"829.1","2025-09-04"," 9:20:00 AM","2025-09-04"," 9:29:00 AM","CE","81100","Sell","20","192.80","242.80","","-1000.00"
"829.2","2025-09-04"," 9:20:00 AM","2025-09-04"," 9:35:00 AM","PE","81100","Sell","20","150.65","75.30","","1507.00"
"830","2025-09-04"," 11:20:00 AM","2025-09-04"," 11:28:00 AM","","","","","","","11.07","-1000.00"
"830.1","2025-09-04"," 11:20:00 AM","2025-09-04"," 11:28:00 AM","CE","81000","Sell","20","140.75","140.75","","0.00"
"830.2","2025-09-04"," 11:20:00 AM","2025-09-04"," 11:25:00 AM","PE","81000","Sell","20","159.35","209.35","","-1000.00"
"831","2025-09-05"," 9:20:00 AM","2025-09-05"," 10:22:00 AM","","","","","","","10.59","3036.00"
"831.1","2025-09-05"," 9:20:00 AM","2025-09-05"," 10:22:00 AM","CE","81000","Sell","20","403.60","201.80","","4036.00"
"831.2","2025-09-05"," 9:20:00 AM","2025-09-05"," 9:24:00 AM","PE","81000","Sell","20","319.40","369.40","","-1000.00"
"832","2025-09-05"," 11:20:00 AM","2025-09-05"," 1:27:00 PM","","","","","","","11.06","-1000.00"
"832.1","2025-09-05"," 11:20:00 AM","2025-09-05"," 1:27:00 PM","CE","80500","Sell","20","445.05","445.05","","0.00"
"832.2","2025-09-05"," 11:20:00 AM","2025-09-05"," 11:58:00 AM","PE","80500","Sell","20","344.80","394.80","","-1000.00"
"833","2025-09-08"," 9:20:00 AM","2025-09-08"," 10:30:00 AM","","","","","","","11.00","-1000.00"
"833.1","2025-09-08"," 9:20:00 AM","2025-09-08"," 9:33:00 AM","CE","80900","Sell","20","347.35","397.35","","-1000.00"
"833.2","2025-09-08"," 9:20:00 AM","2025-09-08"," 10:30:00 AM","PE","80900","Sell","20","315.40","315.40","","0.00"
"834","2025-09-08"," 11:20:00 AM","2025-09-08"," 2:49:00 PM","","","","","","","10.87","-1000.00"
"834.1","2025-09-08"," 11:20:00 AM","2025-09-08"," 12:36:00 PM","CE","80900","Sell","20","373.55","423.55","","-1000.00"
"834.2","2025-09-08"," 11:20:00 AM","2025-09-08"," 2:49:00 PM","PE","80900","Sell","20","257.20","257.20","","0.00"
"835","2025-09-09"," 9:20:00 AM","2025-09-09"," 11:01:00 AM","","","","","","","10.92","-1000.00"
"835.1","2025-09-09"," 9:20:00 AM","2025-09-09"," 11:01:00 AM","CE","81100","Sell","20","278.00","278.00","","0.00"
"835.2","2025-09-09"," 9:20:00 AM","2025-09-09"," 10:13:00 AM","PE","81100","Sell","20","269.35","319.35","","-1000.00"
"836","2025-09-09"," 11:20:00 AM","2025-09-09"," 3:15:00 PM","","","","","","","10.97","183.00"
"836.1","2025-09-09"," 11:20:00 AM","2025-09-09"," 2:28:00 PM","CE","81000","Sell","20","311.95","361.95","","-1000.00"
"836.2","2025-09-09"," 11:20:00 AM","2025-09-09"," 3:15:00 PM","PE","81000","Sell","20","253.20","194.05","","1183.00"
"837","2025-09-10"," 9:20:00 AM","2025-09-10"," 3:15:00 PM","","","","","","","10.54","607.00"
"837.1","2025-09-10"," 9:20:00 AM","2025-09-10"," 9:36:00 AM","CE","81400","Sell","20","227.35","277.35","","-1000.00"
"837.2","2025-09-10"," 9:20:00 AM","2025-09-10"," 3:15:00 PM","PE","81400","Sell","20","215.65","135.30","","1607.00"
"838","2025-09-10"," 11:20:00 AM","2025-09-10"," 3:15:00 PM","","","","","","","10.69","113.00"
"838.1","2025-09-10"," 11:20:00 AM","2025-09-10"," 3:15:00 PM","CE","81500","Sell","20","229.90","174.25","","1113.00"
"838.2","2025-09-10"," 11:20:00 AM","2025-09-10"," 1:17:00 PM","PE","81500","Sell","20","196.20","246.20","","-1000.00"
"839","2025-09-11"," 9:20:00 AM","2025-09-11"," 12:35:00 PM","","","","","","","10.55","3048.00"
"839.1","2025-09-11"," 9:20:00 AM","2025-09-11"," 10:09:00 AM","CE","81500","Sell","20","172.05","86.00","","1721.00"
"839.2","2025-09-11"," 9:20:00 AM","2025-09-11"," 12:35:00 PM","PE","81500","Sell","20","132.70","66.35","","1327.00"
"840","2025-09-11"," 11:20:00 AM","2025-09-11"," 3:10:00 PM","","","","","","","10.52","1978.00"
"840.1","2025-09-11"," 11:20:00 AM","2025-09-11"," 3:10:00 PM","CE","81500","Sell","20","95.30","47.65","","953.00"
"840.2","2025-09-11"," 11:20:00 AM","2025-09-11"," 1:07:00 PM","PE","81500","Sell","20","102.50","51.25","","1025.00"
"841","2025-09-12"," 9:20:00 AM","2025-09-12"," 3:15:00 PM","","","","","","","10.20","572.00"
"841.1","2025-09-12"," 9:20:00 AM","2025-09-12"," 10:42:00 AM","CE","81700","Sell","20","425.20","475.20","","-1000.00"
"841.2","2025-09-12"," 9:20:00 AM","2025-09-12"," 3:15:00 PM","PE","81700","Sell","20","295.35","216.75","","1572.00"
"842","2025-09-12"," 11:20:00 AM","2025-09-12"," 3:15:00 PM","","","","","","","10.24","444.00"
"842.1","2025-09-12"," 11:20:00 AM","2025-09-12"," 3:15:00 PM","CE","81900","Sell","20","406.60","403.55","","61.00"
"842.2","2025-09-12"," 11:20:00 AM","2025-09-12"," 3:15:00 PM","PE","81900","Sell","20","309.10","289.95","","383.00"
"843","2025-09-15"," 9:20:00 AM","2025-09-15"," 3:15:00 PM","","","","","","","10.48","711.00"
"843.1","2025-09-15"," 9:20:00 AM","2025-09-15"," 3:15:00 PM","CE","81900","Sell","20","339.40","309.40","","600.00"
"843.2","2025-09-15"," 9:20:00 AM","2025-09-15"," 3:15:00 PM","PE","81900","Sell","20","286.10","280.55","","111.00"
"844","2025-09-15"," 11:20:00 AM","2025-09-15"," 3:15:00 PM","","","","","","","10.42","-586.00"
"844.1","2025-09-15"," 11:20:00 AM","2025-09-15"," 11:56:00 AM","CE","81800","Sell","20","354.65","404.65","","-1000.00"
"844.2","2025-09-15"," 11:20:00 AM","2025-09-15"," 3:15:00 PM","PE","81800","Sell","20","259.25","238.55","","414.00"
"845","2025-09-16"," 9:20:00 AM","2025-09-16"," 12:34:00 PM","","","","","","","10.39","1392.00"
"845.1","2025-09-16"," 9:20:00 AM","2025-09-16"," 9:40:00 AM","CE","81900","Sell","20","307.00","357.00","","-1000.00"
"845.2","2025-09-16"," 9:20:00 AM","2025-09-16"," 12:34:00 PM","PE","81900","Sell","20","239.20","119.60","","2392.00"
"846","2025-09-16"," 11:20:00 AM","2025-09-16"," 3:15:00 PM","","","","","","","10.40","1080.00"
"846.1","2025-09-16"," 11:20:00 AM","2025-09-16"," 12:23:00 PM","CE","82100","Sell","20","322.40","372.40","","-1000.00"
"846.2","2025-09-16"," 11:20:00 AM","2025-09-16"," 3:15:00 PM","PE","82100","Sell","20","236.40","132.40","","2080.00"
"847","2025-09-17"," 9:20:00 AM","2025-09-17"," 1:21:00 PM","","","","","","","10.33","1145.00"
"847.1","2025-09-17"," 9:20:00 AM","2025-09-17"," 9:37:00 AM","CE","82600","Sell","20","219.30","269.30","","-1000.00"
"847.2","2025-09-17"," 9:20:00 AM","2025-09-17"," 1:21:00 PM","PE","82600","Sell","20","214.55","107.30","","2145.00"
"848","2025-09-17"," 11:20:00 AM","2025-09-17"," 3:15:00 PM","","","","","","","10.22","-166.00"
"848.1","2025-09-17"," 11:20:00 AM","2025-09-17"," 3:15:00 PM","CE","82700","Sell","20","211.00","230.45","","-389.00"
"848.2","2025-09-17"," 11:20:00 AM","2025-09-17"," 3:15:00 PM","PE","82700","Sell","20","172.80","161.65","","223.00"
"849","2025-09-18"," 9:20:00 AM","2025-09-18"," 12:33:00 PM","","","","","","","9.98","2570.00"
"849.1","2025-09-18"," 9:20:00 AM","2025-09-18"," 12:33:00 PM","CE","83000","Sell","20","145.55","72.80","","1455.00"
"849.2","2025-09-18"," 9:20:00 AM","2025-09-18"," 10:43:00 AM","PE","83000","Sell","20","111.55","55.80","","1115.00"
"850","2025-09-18"," 11:20:00 AM","2025-09-18"," 12:38:00 PM","","","","","","","9.96","241.00"
"850.1","2025-09-18"," 11:20:00 AM","2025-09-18"," 12:38:00 PM","CE","83000","Sell","20","124.10","62.05","","1241.00"
"850.2","2025-09-18"," 11:20:00 AM","2025-09-18"," 12:38:00 PM","PE","83000","Sell","20","56.25","106.25","","-1000.00"
"851","2025-09-19"," 9:20:00 AM","2025-09-19"," 3:15:00 PM","","","","","","","9.96","288.00"
"851.1","2025-09-19"," 9:20:00 AM","2025-09-19"," 3:15:00 PM","CE","82800","Sell","20","392.10","327.70","","1288.00"
"851.2","2025-09-19"," 9:20:00 AM","2025-09-19"," 9:34:00 AM","PE","82800","Sell","20","288.35","338.35","","-1000.00"
"852","2025-09-19"," 11:20:00 AM","2025-09-19"," 3:15:00 PM","","","","","","","10.13","-91.00"
"852.1","2025-09-19"," 11:20:00 AM","2025-09-19"," 1:29:00 PM","CE","82600","Sell","20","411.05","461.05","","-1000.00"
"852.2","2025-09-19"," 11:20:00 AM","2025-09-19"," 3:15:00 PM","PE","82600","Sell","20","300.00","254.55","","909.00"
"853","2025-09-22"," 9:20:00 AM","2025-09-22"," 2:35:00 PM","","","","","","","10.47","-1000.00"
"853.1","2025-09-22"," 9:20:00 AM","2025-09-22"," 9:25:00 AM","CE","82400","Sell","20","335.75","385.75","","-1000.00"
"853.2","2025-09-22"," 9:20:00 AM","2025-09-22"," 2:35:00 PM","PE","82400","Sell","20","271.80","271.80","","0.00"
"854","2025-09-22"," 11:20:00 AM","2025-09-22"," 3:15:00 PM","","","","","","","10.40","1553.00"
"854.1","2025-09-22"," 11:20:00 AM","2025-09-22"," 3:15:00 PM","CE","82400","Sell","20","393.60","265.95","","2553.00"
"854.2","2025-09-22"," 11:20:00 AM","2025-09-22"," 2:35:00 PM","PE","82400","Sell","20","222.55","272.55","","-1000.00"
"855","2025-09-23"," 9:20:00 AM","2025-09-23"," 11:14:00 AM","","","","","","","10.56","2112.00"
"855.1","2025-09-23"," 9:20:00 AM","2025-09-23"," 11:14:00 AM","CE","82300","Sell","20","311.20","155.60","","3112.00"
"855.2","2025-09-23"," 9:20:00 AM","2025-09-23"," 9:29:00 AM","PE","82300","Sell","20","238.00","288.00","","-1000.00"
"856","2025-09-23"," 11:20:00 AM","2025-09-23"," 12:35:00 PM","","","","","","","10.83","1206.00"
"856.1","2025-09-23"," 11:20:00 AM","2025-09-23"," 11:56:00 AM","CE","81800","Sell","20","368.25","418.25","","-1000.00"
"856.2","2025-09-23"," 11:20:00 AM","2025-09-23"," 12:35:00 PM","PE","81800","Sell","20","220.60","110.30","","2206.00"
"857","2025-09-24"," 9:20:00 AM","2025-09-24"," 1:01:00 PM","","","","","","","10.82","-1000.00"
"857.1","2025-09-24"," 9:20:00 AM","2025-09-24"," 1:01:00 PM","CE","81800","Sell","20","289.10","289.10","","0.00"
"857.2","2025-09-24"," 9:20:00 AM","2025-09-24"," 11:03:00 AM","PE","81800","Sell","20","164.45","214.45","","-1000.00"
"858","2025-09-24"," 11:20:00 AM","2025-09-24"," 1:01:00 PM","","","","","","","10.73","630.00"
"858.1","2025-09-24"," 11:20:00 AM","2025-09-24"," 12:13:00 PM","CE","81700","Sell","20","234.05","284.05","","-1000.00"
"858.2","2025-09-24"," 11:20:00 AM","2025-09-24"," 1:01:00 PM","PE","81700","Sell","20","163.00","81.50","","1630.00"
"859","2025-09-25"," 9:20:00 AM","2025-09-25"," 9:46:00 AM","","","","","","","10.60","-1000.00"
"859.1","2025-09-25"," 9:20:00 AM","2025-09-25"," 9:22:00 AM","CE","81700","Sell","20","164.85","214.85","","-1000.00"
"859.2","2025-09-25"," 9:20:00 AM","2025-09-25"," 9:46:00 AM","PE","81700","Sell","20","141.75","141.75","","0.00"
"860","2025-09-25"," 11:20:00 AM","2025-09-25"," 12:07:00 PM","","","","","","","10.57","297.00"
"860.1","2025-09-25"," 11:20:00 AM","2025-09-25"," 12:07:00 PM","CE","81600","Sell","20","129.75","64.90","","1297.00"
"860.2","2025-09-25"," 11:20:00 AM","2025-09-25"," 11:43:00 AM","PE","81600","Sell","20","81.85","131.85","","-1000.00"
"861","2025-09-26"," 9:20:00 AM","2025-09-26"," 1:53:00 PM","","","","","","","11.01","3830.00"
"861.1","2025-09-26"," 9:20:00 AM","2025-09-26"," 1:53:00 PM","CE","80900","Sell","20","482.05","240.55","","4830.00"
"861.2","2025-09-26"," 9:20:00 AM","2025-09-26"," 9:32:00 AM","PE","80900","Sell","20","288.70","338.70","","-1000.00"
"862","2025-09-26"," 11:20:00 AM","2025-09-26"," 1:16:00 PM","","","","","","","10.98","-1000.00"
"862.1","2025-09-26"," 11:20:00 AM","2025-09-26"," 12:52:00 PM","CE","80700","Sell","20","470.55","520.55","","-1000.00"
"862.2","2025-09-26"," 11:20:00 AM","2025-09-26"," 1:16:00 PM","PE","80700","Sell","20","265.95","265.95","","0.00"
"863","2025-09-29"," 9:20:00 AM","2025-09-29"," 10:20:00 AM","","","","","","","11.67","1827.00"
"863.1","2025-09-29"," 9:20:00 AM","2025-09-29"," 9:31:00 AM","CE","80500","Sell","20","428.55","478.55","","-1000.00"
"863.2","2025-09-29"," 9:20:00 AM","2025-09-29"," 10:20:00 AM","PE","80500","Sell","20","282.70","141.35","","2827.00"
"864","2025-09-29"," 11:20:00 AM","2025-09-29"," 12:43:00 PM","","","","","","","11.24","2903.00"
"864.1","2025-09-29"," 11:20:00 AM","2025-09-29"," 12:43:00 PM","CE","80700","Sell","20","390.35","195.20","","3903.00"
"864.2","2025-09-29"," 11:20:00 AM","2025-09-29"," 11:32:00 AM","PE","80700","Sell","20","243.70","293.70","","-1000.00"
"865","2025-09-30"," 9:20:00 AM","2025-09-30"," 10:37:00 AM","","","","","","","11.30","2272.00"
"865.1","2025-09-30"," 9:20:00 AM","2025-09-30"," 10:37:00 AM","CE","80600","Sell","20","327.20","163.60","","3272.00"
"865.2","2025-09-30"," 9:20:00 AM","2025-09-30"," 9:30:00 AM","PE","80600","Sell","20","237.80","287.80","","-1000.00"
"866","2025-09-30"," 11:20:00 AM","2025-09-30"," 12:23:00 PM","","","","","","","11.59","-1000.00"
"866.1","2025-09-30"," 11:20:00 AM","2025-09-30"," 12:23:00 PM","CE","80400","Sell","20","323.00","323.00","","0.00"
"866.2","2025-09-30"," 11:20:00 AM","2025-09-30"," 11:59:00 AM","PE","80400","Sell","20","213.75","263.75","","-1000.00"
"867","2025-10-01"," 9:20:00 AM","2025-10-01"," 10:09:00 AM","","","","","","","11.10","970.00"
"867.1","2025-10-01"," 9:20:00 AM","2025-10-01"," 9:40:00 AM","CE","80300","Sell","20","202.80","252.80","","-1000.00"
"867.2","2025-10-01"," 9:20:00 AM","2025-10-01"," 10:09:00 AM","PE","80300","Sell","20","197.00","98.50","","1970.00"
"868","2025-10-01"," 11:20:00 AM","2025-10-01"," 11:49:00 AM","","","","","","","10.67","351.00"
"868.1","2025-10-01"," 11:20:00 AM","2025-10-01"," 11:36:00 AM","CE","80700","Sell","20","103.45","153.45","","-1000.00"
"868.2","2025-10-01"," 11:20:00 AM","2025-10-01"," 11:49:00 AM","PE","80700","Sell","20","135.05","67.50","","1351.00"
"869","2025-10-03"," 9:20:00 AM","2025-10-03"," 10:46:00 AM","","","","","","","10.56","-1000.00"
"869.1","2025-10-03"," 9:20:00 AM","2025-10-03"," 9:52:00 AM","CE","80800","Sell","20","453.40","503.40","","-1000.00"
"869.2","2025-10-03"," 9:20:00 AM","2025-10-03"," 10:46:00 AM","PE","80800","Sell","20","294.60","294.60","","0.00"
"870","2025-10-03"," 11:20:00 AM","2025-10-03"," 3:15:00 PM","","","","","","","10.32","712.00"
"870.1","2025-10-03"," 11:20:00 AM","2025-10-03"," 2:38:00 PM","CE","81000","Sell","20","403.30","453.30","","-1000.00"
"870.2","2025-10-03"," 11:20:00 AM","2025-10-03"," 3:15:00 PM","PE","81000","Sell","20","311.60","226.00","","1712.00"
"871","2025-10-06"," 9:20:00 AM","2025-10-06"," 9:41:00 AM","","","","","","","10.47","-1000.00"
"871.1","2025-10-06"," 9:20:00 AM","2025-10-06"," 9:41:00 AM","CE","81300","Sell","20","332.10","332.10","","0.00"
"871.2","2025-10-06"," 9:20:00 AM","2025-10-06"," 9:30:00 AM","PE","81300","Sell","20","264.65","314.65","","-1000.00"
"872","2025-10-06"," 11:20:00 AM","2025-10-06"," 11:51:00 AM","","","","","","","10.27","-1000.00"
"872.1","2025-10-06"," 11:20:00 AM","2025-10-06"," 11:30:00 AM","CE","81600","Sell","20","286.95","336.95","","-1000.00"
"872.2","2025-10-06"," 11:20:00 AM","2025-10-06"," 11:51:00 AM","PE","81600","Sell","20","270.30","270.30","","0.00"
"873","2025-10-07"," 9:20:00 AM","2025-10-07"," 10:03:00 AM","","","","","","","10.40","1323.00"
"873.1","2025-10-07"," 9:20:00 AM","2025-10-07"," 9:24:00 AM","CE","81800","Sell","20","316.35","366.35","","-1000.00"
"873.2","2025-10-07"," 9:20:00 AM","2025-10-07"," 10:03:00 AM","PE","81800","Sell","20","232.35","116.20","","2323.00"
"874","2025-10-07"," 11:20:00 AM","2025-10-07"," 12:03:00 PM","","","","","","","10.29","-1000.00"
"874.1","2025-10-07"," 11:20:00 AM","2025-10-07"," 12:03:00 PM","CE","82000","Sell","20","312.05","312.05","","0.00"
"874.2","2025-10-07"," 11:20:00 AM","2025-10-07"," 11:25:00 AM","PE","82000","Sell","20","214.10","264.10","","-1000.00"
"875","2025-10-08"," 9:20:00 AM","2025-10-08"," 10:22:00 AM","","","","","","","10.24","-1000.00"
"875.1","2025-10-08"," 9:20:00 AM","2025-10-08"," 9:25:00 AM","CE","82100","Sell","20","214.65","264.65","","-1000.00"
"875.2","2025-10-08"," 9:20:00 AM","2025-10-08"," 10:22:00 AM","PE","82100","Sell","20","220.75","220.75","","0.00"
"876","2025-10-08"," 11:20:00 AM","2025-10-08"," 12:24:00 PM","","","","","","","10.44","-1000.00"
"876.1","2025-10-08"," 11:20:00 AM","2025-10-08"," 11:54:00 AM","CE","81700","Sell","20","231.25","281.25","","-1000.00"
"876.2","2025-10-08"," 11:20:00 AM","2025-10-08"," 12:24:00 PM","PE","81700","Sell","20","184.85","184.85","","0.00"
"877","2025-10-09"," 9:20:00 AM","2025-10-09"," 9:29:00 AM","","","","","","","10.40","575.00"
"877.1","2025-10-09"," 9:20:00 AM","2025-10-09"," 9:21:00 AM","CE","81800","Sell","20","177.75","227.75","","-1000.00"
"877.2","2025-10-09"," 9:20:00 AM","2025-10-09"," 9:29:00 AM","PE","81800","Sell","20","157.55","78.80","","1575.00"
"878","2025-10-09"," 11:20:00 AM","2025-10-09"," 11:56:00 AM","","","","","","","10.33","-1000.00"
"878.1","2025-10-09"," 11:20:00 AM","2025-10-09"," 11:35:00 AM","CE","82000","Sell","20","158.15","208.15","","-1000.00"
"878.2","2025-10-09"," 11:20:00 AM","2025-10-09"," 11:56:00 AM","PE","82000","Sell","20","101.00","101.00","","0.00"
"879","2025-10-10"," 9:20:00 AM","2025-10-10"," 3:15:00 PM","","","","","","","10.26","1083.00"
"879.1","2025-10-10"," 9:20:00 AM","2025-10-10"," 9:35:00 AM","CE","82300","Sell","20","457.80","507.80","","-1000.00"
"879.2","2025-10-10"," 9:20:00 AM","2025-10-10"," 3:15:00 PM","PE","82300","Sell","20","301.55","197.40","","2083.00"
"880","2025-10-10"," 11:20:00 AM","2025-10-10"," 3:15:00 PM","","","","","","","10.25","1274.00"
"880.1","2025-10-10"," 11:20:00 AM","2025-10-10"," 3:15:00 PM","CE","82600","Sell","20","470.00","403.85","","1323.00"
"880.2","2025-10-10"," 11:20:00 AM","2025-10-10"," 3:15:00 PM","PE","82600","Sell","20","292.95","295.40","","-49.00"
"881","2025-10-13"," 9:20:00 AM","2025-10-13"," 9:46:00 AM","","","","","","","11.03","-1000.00"
"881.1","2025-10-13"," 9:20:00 AM","2025-10-13"," 9:46:00 AM","CE","82200","Sell","20","427.10","427.10","","0.00"
"881.2","2025-10-13"," 9:20:00 AM","2025-10-13"," 9:31:00 AM","PE","82200","Sell","20","298.70","348.70","","-1000.00"
"882","2025-10-13"," 11:20:00 AM","2025-10-13"," 3:15:00 PM","","","","","","","11.15","730.00"
"882.1","2025-10-13"," 11:20:00 AM","2025-10-13"," 2:08:00 PM","CE","82200","Sell","20","360.45","410.45","","-1000.00"
"882.2","2025-10-13"," 11:20:00 AM","2025-10-13"," 3:15:00 PM","PE","82200","Sell","20","341.30","254.80","","1730.00"
"883","2025-10-14"," 9:20:00 AM","2025-10-14"," 11:20:00 AM","","","","","","","10.93","2761.00"
"883.1","2025-10-14"," 9:20:00 AM","2025-10-14"," 11:20:00 AM","CE","82500","Sell","20","376.15","188.10","","3761.00"
"883.2","2025-10-14"," 9:20:00 AM","2025-10-14"," 9:41:00 AM","PE","82500","Sell","20","234.75","284.75","","-1000.00"
"884","2025-10-14"," 11:20:00 AM","2025-10-14"," 11:41:00 AM","","","","","","","11.47","-1000.00"
"884.1","2025-10-14"," 11:20:00 AM","2025-10-14"," 11:41:00 AM","CE","82000","Sell","20","423.05","423.05","","0.00"
"884.2","2025-10-14"," 11:20:00 AM","2025-10-14"," 11:26:00 AM","PE","82000","Sell","20","260.00","310.00","","-1000.00"
"885","2025-10-15"," 9:20:00 AM","2025-10-15"," 10:22:00 AM","","","","","","","10.75","-1000.00"
"885.1","2025-10-15"," 9:20:00 AM","2025-10-15"," 10:22:00 AM","CE","82300","Sell","20","326.55","326.55","","0.00"
"885.2","2025-10-15"," 9:20:00 AM","2025-10-15"," 9:51:00 AM","PE","82300","Sell","20","177.15","227.15","","-1000.00"
"886","2025-10-15"," 11:20:00 AM","2025-10-15"," 12:18:00 PM","","","","","","","10.60","-1000.00"
"886.1","2025-10-15"," 11:20:00 AM","2025-10-15"," 11:30:00 AM","CE","82500","Sell","20","243.05","293.05","","-1000.00"
"886.2","2025-10-15"," 11:20:00 AM","2025-10-15"," 12:18:00 PM","PE","82500","Sell","20","177.35","177.35","","0.00"
"887","2025-10-16"," 9:20:00 AM","2025-10-16"," 10:28:00 AM","","","","","","","10.47","262.00"
"887.1","2025-10-16"," 9:20:00 AM","2025-10-16"," 9:56:00 AM","CE","82900","Sell","20","187.30","237.30","","-1000.00"
"887.2","2025-10-16"," 9:20:00 AM","2025-10-16"," 10:28:00 AM","PE","82900","Sell","20","126.20","63.10","","1262.00"
"888","2025-10-16"," 11:20:00 AM","2025-10-16"," 12:27:00 PM","","","","","","","10.60","282.00"
"888.1","2025-10-16"," 11:20:00 AM","2025-10-16"," 12:27:00 PM","CE","83100","Sell","20","87.00","137.00","","-1000.00"
"888.2","2025-10-16"," 11:20:00 AM","2025-10-16"," 12:27:00 PM","PE","83100","Sell","20","128.20","64.10","","1282.00"
"889","2025-10-17"," 9:20:00 AM","2025-10-17"," 11:00:00 AM","","","","","","","11.06","2879.00"
"889.1","2025-10-17"," 9:20:00 AM","2025-10-17"," 9:27:00 AM","CE","83400","Sell","20","419.40","469.40","","-1000.00"
"889.2","2025-10-17"," 9:20:00 AM","2025-10-17"," 11:00:00 AM","PE","83400","Sell","20","387.90","193.95","","3879.00"
"890","2025-10-17"," 11:20:00 AM","2025-10-17"," 3:15:00 PM","","","","","","","11.55","1930.00"
"890.1","2025-10-17"," 11:20:00 AM","2025-10-17"," 3:15:00 PM","CE","84100","Sell","20","517.30","370.80","","2930.00"
"890.2","2025-10-17"," 11:20:00 AM","2025-10-17"," 12:51:00 PM","PE","84100","Sell","20","410.05","460.05","","-1000.00"
"891","2025-10-20"," 9:20:00 AM","2025-10-20"," 2:29:00 PM","","","","","","","11.52","2893.00"
"891.1","2025-10-20"," 9:20:00 AM","2025-10-20"," 2:29:00 PM","CE","84600","Sell","20","389.25","194.60","","3893.00"
"891.2","2025-10-20"," 9:20:00 AM","2025-10-20"," 9:25:00 AM","PE","84600","Sell","20","293.00","343.00","","-1000.00"
"892","2025-10-20"," 11:20:00 AM","2025-10-20"," 12:16:00 PM","","","","","","","11.67","-1000.00"
"892.1","2025-10-20"," 11:20:00 AM","2025-10-20"," 12:16:00 PM","CE","84400","Sell","20","394.00","394.00","","0.00"
"892.2","2025-10-20"," 11:20:00 AM","2025-10-20"," 11:43:00 AM","PE","84400","Sell","20","273.00","323.00","","-1000.00"
"893","2025-10-23"," 9:20:00 AM","2025-10-23"," 9:32:00 AM","","","","","","","11.80","457.00"
"893.1","2025-10-23"," 9:20:00 AM","2025-10-23"," 9:25:00 AM","CE","84900","Sell","20","248.00","298.00","","-1000.00"
"893.2","2025-10-23"," 9:20:00 AM","2025-10-23"," 9:32:00 AM","PE","84900","Sell","20","145.65","72.80","","1457.00"
"894","2025-10-23"," 11:20:00 AM","2025-10-23"," 12:13:00 PM","","","","","","","11.80","30.00"
"894.1","2025-10-23"," 11:20:00 AM","2025-10-23"," 12:00:00 PM","CE","85100","Sell","20","131.55","181.55","","-1000.00"
"894.2","2025-10-23"," 11:20:00 AM","2025-10-23"," 12:13:00 PM","PE","85100","Sell","20","103.00","51.50","","1030.00"
"895","2025-10-24"," 9:20:00 AM","2025-10-24"," 10:19:00 AM","","","","","","","11.65","-1000.00"
"895.1","2025-10-24"," 9:20:00 AM","2025-10-24"," 9:22:00 AM","CE","84400","Sell","20","568.90","618.90","","-1000.00"
"895.2","2025-10-24"," 9:20:00 AM","2025-10-24"," 10:19:00 AM","PE","84400","Sell","20","389.90","389.90","","0.00"
"896","2025-10-24"," 11:20:00 AM","2025-10-24"," 12:56:00 PM","","","","","","","11.79","-1000.00"
"896.1","2025-10-24"," 11:20:00 AM","2025-10-24"," 11:37:00 AM","CE","84300","Sell","20","522.70","572.70","","-1000.00"
"896.2","2025-10-24"," 11:20:00 AM","2025-10-24"," 12:56:00 PM","PE","84300","Sell","20","400.05","400.05","","0.00"
"897","2025-10-27"," 9:20:00 AM","2025-10-27"," 3:15:00 PM","","","","","","","12.09","1223.00"
"897.1","2025-10-27"," 9:20:00 AM","2025-10-27"," 9:21:00 AM","CE","84400","Sell","20","518.75","568.75","","-1000.00"
"897.2","2025-10-27"," 9:20:00 AM","2025-10-27"," 3:15:00 PM","PE","84400","Sell","20","309.75","198.60","","2223.00"
"898","2025-10-27"," 11:20:00 AM","2025-10-27"," 12:30:00 PM","","","","","","","12.69","-1000.00"
"898.1","2025-10-27"," 11:20:00 AM","2025-10-27"," 12:00:00 PM","CE","84800","Sell","20","542.25","592.25","","-1000.00"
"898.2","2025-10-27"," 11:20:00 AM","2025-10-27"," 12:30:00 PM","PE","84800","Sell","20","335.20","335.20","","0.00"
"899","2025-10-28"," 9:20:00 AM","2025-10-28"," 9:54:00 AM","","","","","","","12.41","-1000.00"
"899.1","2025-10-28"," 9:20:00 AM","2025-10-28"," 9:24:00 AM","CE","84800","Sell","20","472.10","522.10","","-1000.00"
"899.2","2025-10-28"," 9:20:00 AM","2025-10-28"," 9:54:00 AM","PE","84800","Sell","20","380.05","380.05","","0.00"
"900","2025-10-28"," 11:20:00 AM","2025-10-28"," 12:00:00 PM","","","","","","","12.51","-1000.00"
"900.1","2025-10-28"," 11:20:00 AM","2025-10-28"," 11:31:00 AM","CE","84400","Sell","20","479.15","529.15","","-1000.00"
"900.2","2025-10-28"," 11:20:00 AM","2025-10-28"," 12:00:00 PM","PE","84400","Sell","20","348.75","348.75","","0.00"
"901","2025-10-29"," 9:20:00 AM","2025-10-29"," 9:37:00 AM","","","","","","","11.91","-1000.00"
"901.1","2025-10-29"," 9:20:00 AM","2025-10-29"," 9:28:00 AM","CE","84700","Sell","20","418.55","468.55","","-1000.00"
"901.2","2025-10-29"," 9:20:00 AM","2025-10-29"," 9:37:00 AM","PE","84700","Sell","20","211.20","211.20","","0.00"
"902","2025-10-29"," 11:20:00 AM","2025-10-29"," 3:15:00 PM","","","","","","","11.98","-20.00"
"902.1","2025-10-29"," 11:20:00 AM","2025-10-29"," 11:26:00 AM","CE","84800","Sell","20","367.20","417.20","","-1000.00"
"902.2","2025-10-29"," 11:20:00 AM","2025-10-29"," 3:15:00 PM","PE","84800","Sell","20","191.90","142.90","","980.00"
"903","2025-10-30"," 9:20:00 AM","2025-10-30"," 9:46:00 AM","","","","","","","12.04","859.00"
"903.1","2025-10-30"," 9:20:00 AM","2025-10-30"," 9:46:00 AM","CE","84800","Sell","20","185.90","92.95","","1859.00"
"903.2","2025-10-30"," 9:20:00 AM","2025-10-30"," 9:23:00 AM","PE","84800","Sell","20","190.90","240.90","","-1000.00"
"904","2025-10-30"," 11:20:00 AM","2025-10-30"," 11:54:00 AM","","","","","","","12.06","427.00"
"904.1","2025-10-30"," 11:20:00 AM","2025-10-30"," 11:54:00 AM","CE","84700","Sell","20","142.70","71.35","","1427.00"
"904.2","2025-10-30"," 11:20:00 AM","2025-10-30"," 11:53:00 AM","PE","84700","Sell","20","133.00","183.00","","-1000.00"
"905","2025-10-31"," 9:20:00 AM","2025-10-31"," 10:16:00 AM","","","","","","","12.11","-1000.00"
"905.1","2025-10-31"," 9:20:00 AM","2025-10-31"," 9:23:00 AM","CE","84400","Sell","20","528.00","578.00","","-1000.00"
"905.2","2025-10-31"," 9:20:00 AM","2025-10-31"," 10:16:00 AM","PE","84400","Sell","20","382.85","382.85","","0.00"
"906","2025-10-31"," 11:20:00 AM","2025-10-31"," 12:30:00 PM","","","","","","","12.15","-1000.00"
"906.1","2025-10-31"," 11:20:00 AM","2025-10-31"," 12:00:00 PM","CE","84100","Sell","20","541.30","591.30","","-1000.00"
"906.2","2025-10-31"," 11:20:00 AM","2025-10-31"," 12:30:00 PM","PE","84100","Sell","20","361.40","361.40","","0.00"
"907","2025-11-03"," 9:20:00 AM","2025-11-03"," 3:15:00 PM","","","","","","","12.79","1530.00"
"907.1","2025-11-03"," 9:20:00 AM","2025-11-03"," 9:40:00 AM","CE","83800","Sell","20","458.10","508.10","","-1000.00"
"907.2","2025-11-03"," 9:20:00 AM","2025-11-03"," 3:15:00 PM","PE","83800","Sell","20","360.60","234.10","","2530.00"
"908","2025-11-03"," 11:20:00 AM","2025-11-03"," 2:02:00 PM","","","","","","","12.72","-1000.00"
"908.1","2025-11-03"," 11:20:00 AM","2025-11-03"," 2:02:00 PM","CE","84000","Sell","20","455.65","455.65","","0.00"
"908.2","2025-11-03"," 11:20:00 AM","2025-11-03"," 11:40:00 AM","PE","84000","Sell","20","317.00","367.00","","-1000.00"
"909","2025-11-04"," 9:20:00 AM","2025-11-04"," 11:25:00 AM","","","","","","","12.82","2487.00"
"909.1","2025-11-04"," 9:20:00 AM","2025-11-04"," 11:25:00 AM","CE","84000","Sell","20","348.75","174.40","","3487.00"
"909.2","2025-11-04"," 9:20:00 AM","2025-11-04"," 9:28:00 AM","PE","84000","Sell","20","312.30","362.30","","-1000.00"
"910","2025-11-04"," 11:20:00 AM","2025-11-04"," 3:15:00 PM","","","","","","","12.64","1611.00"
"910.1","2025-11-04"," 11:20:00 AM","2025-11-04"," 3:15:00 PM","CE","83800","Sell","20","284.20","153.65","","2611.00"
"910.2","2025-11-04"," 11:20:00 AM","2025-11-04"," 11:27:00 AM","PE","83800","Sell","20","284.65","334.65","","-1000.00"
"911","2025-11-06"," 9:20:00 AM","2025-11-06"," 9:33:00 AM","","","","","","","12.55","637.00"
"911.1","2025-11-06"," 9:20:00 AM","2025-11-06"," 9:33:00 AM","CE","83800","Sell","20","163.65","81.80","","1637.00"
"911.2","2025-11-06"," 9:20:00 AM","2025-11-06"," 9:26:00 AM","PE","83800","Sell","20","159.45","209.45","","-1000.00"
"912","2025-11-06"," 11:20:00 AM","2025-11-06"," 12:09:00 PM","","","","","","","12.53","207.00"
"912.1","2025-11-06"," 11:20:00 AM","2025-11-06"," 12:01:00 PM","CE","83400","Sell","20","115.15","165.15","","-1000.00"
"912.2","2025-11-06"," 11:20:00 AM","2025-11-06"," 12:09:00 PM","PE","83400","Sell","20","120.70","60.35","","1207.00"
"913","2025-11-07"," 9:20:00 AM","2025-11-07"," 9:48:00 AM","","","","","","","12.41","-1000.00"
"913.1","2025-11-07"," 9:20:00 AM","2025-11-07"," 9:48:00 AM","CE","82900","Sell","20","474.00","474.00","","0.00"
"913.2","2025-11-07"," 9:20:00 AM","2025-11-07"," 9:23:00 AM","PE","82900","Sell","20","405.40","455.40","","-1000.00"
"914","2025-11-07"," 11:20:00 AM","2025-11-07"," 3:15:00 PM","","","","","","","12.26","877.00"
"914.1","2025-11-07"," 11:20:00 AM","2025-11-07"," 11:29:00 AM","CE","83000","Sell","20","463.75","513.75","","-1000.00"
"914.2","2025-11-07"," 11:20:00 AM","2025-11-07"," 3:15:00 PM","PE","83000","Sell","20","390.00","296.15","","1877.00"
"915","2025-11-10"," 9:20:00 AM","2025-11-10"," 9:32:00 AM","","","","","","","12.72","-1000.00"
"915.1","2025-11-10"," 9:20:00 AM","2025-11-10"," 9:32:00 AM","CE","83400","Sell","20","450.00","450.00","","0.00"
"915.2","2025-11-10"," 9:20:00 AM","2025-11-10"," 9:23:00 AM","PE","83400","Sell","20","339.85","389.85","","-1000.00"
"916","2025-11-10"," 11:20:00 AM","2025-11-10"," 3:15:00 PM","","","","","","","12.52","489.00"
"916.1","2025-11-10"," 11:20:00 AM","2025-11-10"," 3:15:00 PM","CE","83700","Sell","20","393.60","319.15","","1489.00"
"916.2","2025-11-10"," 11:20:00 AM","2025-11-10"," 1:48:00 PM","PE","83700","Sell","20","332.00","382.00","","-1000.00"
"917","2025-11-11"," 9:20:00 AM","2025-11-11"," 9:24:00 AM","","","","","","","12.67","-1000.00"
"917.1","2025-11-11"," 9:20:00 AM","2025-11-11"," 9:24:00 AM","CE","83400","Sell","20","402.80","402.80","","0.00"
"917.2","2025-11-11"," 9:20:00 AM","2025-11-11"," 9:22:00 AM","PE","83400","Sell","20","296.35","346.35","","-1000.00"
"918","2025-11-11"," 11:20:00 AM","2025-11-11"," 12:34:00 PM","","","","","","","12.66","1995.00"
"918.1","2025-11-11"," 11:20:00 AM","2025-11-11"," 11:49:00 AM","CE","83200","Sell","20","375.45","425.45","","-1000.00"
"918.2","2025-11-11"," 11:20:00 AM","2025-11-11"," 12:34:00 PM","PE","83200","Sell","20","299.55","149.80","","2995.00"
"919","2025-11-12"," 9:20:00 AM","2025-11-12"," 9:29:00 AM","","","","","","","12.01","-1000.00"
"919.1","2025-11-12"," 9:20:00 AM","2025-11-12"," 9:25:00 AM","CE","84300","Sell","20","250.20","300.20","","-1000.00"
"919.2","2025-11-12"," 9:20:00 AM","2025-11-12"," 9:29:00 AM","PE","84300","Sell","20","238.35","238.35","","0.00"
"920","2025-11-12"," 11:20:00 AM","2025-11-12"," 3:15:00 PM","","","","","","","11.81","-305.00"
"920.1","2025-11-12"," 11:20:00 AM","2025-11-12"," 12:36:00 PM","CE","84500","Sell","20","224.90","274.90","","-1000.00"
"920.2","2025-11-12"," 11:20:00 AM","2025-11-12"," 3:15:00 PM","PE","84500","Sell","20","212.25","177.50","","695.00"
"921","2025-11-13"," 9:20:00 AM","2025-11-13"," 9:25:00 AM","","","","","","","11.76","-1000.00"
"921.1","2025-11-13"," 9:20:00 AM","2025-11-13"," 9:25:00 AM","CE","84400","Sell","20","131.30","131.30","","0.00"
"921.2","2025-11-13"," 9:20:00 AM","2025-11-13"," 9:23:00 AM","PE","84400","Sell","20","175.90","225.90","","-1000.00"
"922","2025-11-13"," 11:20:00 AM","2025-11-13"," 12:54:00 PM","","","","","","","11.91","199.00"
"922.1","2025-11-13"," 11:20:00 AM","2025-11-13"," 12:54:00 PM","CE","84800","Sell","20","119.85","59.90","","1199.00"
"922.2","2025-11-13"," 11:20:00 AM","2025-11-13"," 12:38:00 PM","PE","84800","Sell","20","135.85","185.85","","-1000.00"
"923","2025-11-14"," 9:20:00 AM","2025-11-14"," 9:54:00 AM","","","","","","","12.29","-1000.00"
"923.1","2025-11-14"," 9:20:00 AM","2025-11-14"," 9:32:00 AM","CE","84200","Sell","20","654.00","704.00","","-1000.00"
"923.2","2025-11-14"," 9:20:00 AM","2025-11-14"," 9:54:00 AM","PE","84200","Sell","20","437.05","437.05","","0.00"
"924","2025-11-14"," 11:20:00 AM","2025-11-14"," 12:12:00 PM","","","","","","","12.05","-1000.00"
"924.1","2025-11-14"," 11:20:00 AM","2025-11-14"," 12:12:00 PM","CE","84300","Sell","20","578.90","578.90","","0.00"
"924.2","2025-11-14"," 11:20:00 AM","2025-11-14"," 11:43:00 AM","PE","84300","Sell","20","423.80","473.80","","-1000.00"
"925","2025-11-17"," 9:20:00 AM","2025-11-17"," 3:15:00 PM","","","","","","","12.15","1341.00"
"925.1","2025-11-17"," 9:20:00 AM","2025-11-17"," 9:28:00 AM","CE","84700","Sell","20","477.90","527.90","","-1000.00"
"925.2","2025-11-17"," 9:20:00 AM","2025-11-17"," 3:15:00 PM","PE","84700","Sell","20","369.80","252.75","","2341.00"
"926","2025-11-17"," 11:20:00 AM","2025-11-17"," 3:15:00 PM","","","","","","","11.92","527.00"
"926.1","2025-11-17"," 11:20:00 AM","2025-11-17"," 11:57:00 AM","CE","84700","Sell","20","447.70","497.70","","-1000.00"
"926.2","2025-11-17"," 11:20:00 AM","2025-11-17"," 3:15:00 PM","PE","84700","Sell","20","329.10","252.75","","1527.00"
"927","2025-11-18"," 9:20:00 AM","2025-11-18"," 11:03:00 AM","","","","","","","11.88","-1000.00"
"927.1","2025-11-18"," 9:20:00 AM","2025-11-18"," 11:03:00 AM","CE","84700","Sell","20","394.55","394.55","","0.00"
"927.2","2025-11-18"," 9:20:00 AM","2025-11-18"," 9:54:00 AM","PE","84700","Sell","20","323.50","373.50","","-1000.00"
"928","2025-11-18"," 11:20:00 AM","2025-11-18"," 12:37:00 PM","","","","","","","12.02","-1000.00"
"928.1","2025-11-18"," 11:20:00 AM","2025-11-18"," 11:47:00 AM","CE","84800","Sell","20","345.65","395.65","","-1000.00"
"928.2","2025-11-18"," 11:20:00 AM","2025-11-18"," 12:37:00 PM","PE","84800","Sell","20","338.45","338.45","","0.00"
"929","2025-11-19"," 9:20:00 AM","2025-11-19"," 10:15:00 AM","","","","","","","11.99","1131.00"
"929.1","2025-11-19"," 9:20:00 AM","2025-11-19"," 9:25:00 AM","CE","84500","Sell","20","305.65","355.65","","-1000.00"
"929.2","2025-11-19"," 9:20:00 AM","2025-11-19"," 10:15:00 AM","PE","84500","Sell","20","213.15","106.60","","2131.00"
"930","2025-11-19"," 11:20:00 AM","2025-11-19"," 1:06:00 PM","","","","","","","11.84","1401.00"
"930.1","2025-11-19"," 11:20:00 AM","2025-11-19"," 11:42:00 AM","CE","84800","Sell","20","216.85","266.85","","-1000.00"
"930.2","2025-11-19"," 11:20:00 AM","2025-11-19"," 1:06:00 PM","PE","84800","Sell","20","240.05","120.00","","2401.00"
"931","2025-11-20"," 9:20:00 AM","2025-11-20"," 10:17:00 AM","","","","","","","11.88","-1000.00"
"931.1","2025-11-20"," 9:20:00 AM","2025-11-20"," 10:17:00 AM","CE","85400","Sell","20","139.75","139.75","","0.00"
"931.2","2025-11-20"," 9:20:00 AM","2025-11-20"," 9:44:00 AM","PE","85400","Sell","20","182.00","232.00","","-1000.00"
"932","2025-11-20"," 11:20:00 AM","2025-11-20"," 12:25:00 PM","","","","","","","11.85","208.00"
"932.1","2025-11-20"," 11:20:00 AM","2025-11-20"," 12:25:00 PM","CE","85400","Sell","20","130.80","180.80","","-1000.00"
"932.2","2025-11-20"," 11:20:00 AM","2025-11-20"," 12:25:00 PM","PE","85400","Sell","20","120.80","60.40","","1208.00"
"933","2025-11-21"," 9:20:00 AM","2025-11-21"," 9:38:00 AM","","","","","","","13.50","-1000.00"
"933.1","2025-11-21"," 9:20:00 AM","2025-11-21"," 9:25:00 AM","CE","85500","Sell","20","532.10","582.10","","-1000.00"
"933.2","2025-11-21"," 9:20:00 AM","2025-11-21"," 9:38:00 AM","PE","85500","Sell","20","450.25","450.25","","0.00"
"934","2025-11-21"," 11:20:00 AM","2025-11-21"," 1:24:00 PM","","","","","","","13.67","-1000.00"
"934.1","2025-11-21"," 11:20:00 AM","2025-11-21"," 12:19:00 PM","CE","85300","Sell","20","564.15","614.15","","-1000.00"
"934.2","2025-11-21"," 11:20:00 AM","2025-11-21"," 1:24:00 PM","PE","85300","Sell","20","402.80","402.80","","0.00"
"935","2025-11-24"," 9:20:00 AM","2025-11-24"," 10:09:00 AM","","","","","","","12.91","-1000.00"
"935.1","2025-11-24"," 9:20:00 AM","2025-11-24"," 10:09:00 AM","CE","85300","Sell","20","497.45","497.45","","0.00"
"935.2","2025-11-24"," 9:20:00 AM","2025-11-24"," 9:46:00 AM","PE","85300","Sell","20","321.05","371.05","","-1000.00"
"936","2025-11-24"," 11:20:00 AM","2025-11-24"," 11:52:00 AM","","","","","","","12.92","-1000.00"
"936.1","2025-11-24"," 11:20:00 AM","2025-11-24"," 11:30:00 AM","CE","85300","Sell","20","453.95","503.95","","-1000.00"
"936.2","2025-11-24"," 11:20:00 AM","2025-11-24"," 11:52:00 AM","PE","85300","Sell","20","314.25","314.25","","0.00"
"937","2025-11-25"," 9:20:00 AM","2025-11-25"," 10:56:00 AM","","","","","","","12.57","-1000.00"
"937.1","2025-11-25"," 9:20:00 AM","2025-11-25"," 10:00:00 AM","CE","84900","Sell","20","416.80","466.80","","-1000.00"
"937.2","2025-11-25"," 9:20:00 AM","2025-11-25"," 10:56:00 AM","PE","84900","Sell","20","299.95","299.95","","0.00"
"938","2025-11-25"," 11:20:00 AM","2025-11-25"," 2:54:00 PM","","","","","","","12.59","-1000.00"
"938.1","2025-11-25"," 11:20:00 AM","2025-11-25"," 11:56:00 AM","CE","84800","Sell","20","395.60","445.60","","-1000.00"
"938.2","2025-11-25"," 11:20:00 AM","2025-11-25"," 2:54:00 PM","PE","84800","Sell","20","288.45","288.45","","0.00"
"939","2025-11-26"," 9:20:00 AM","2025-11-26"," 10:40:00 AM","","","","","","","11.91","915.00"
"939.1","2025-11-26"," 9:20:00 AM","2025-11-26"," 9:44:00 AM","CE","84900","Sell","20","276.30","326.30","","-1000.00"
"939.2","2025-11-26"," 9:20:00 AM","2025-11-26"," 10:40:00 AM","PE","84900","Sell","20","191.45","95.70","","1915.00"
"940","2025-11-26"," 11:20:00 AM","2025-11-26"," 3:15:00 PM","","","","","","","11.79","1205.00"
"940.1","2025-11-26"," 11:20:00 AM","2025-11-26"," 12:39:00 PM","CE","85400","Sell","20","215.90","265.90","","-1000.00"
"940.2","2025-11-26"," 11:20:00 AM","2025-11-26"," 3:15:00 PM","PE","85400","Sell","20","243.85","133.60","","2205.00"
"941","2025-11-27"," 9:20:00 AM","2025-11-27"," 9:40:00 AM","","","","","","","11.92","-1000.00"
"941.1","2025-11-27"," 9:20:00 AM","2025-11-27"," 9:23:00 AM","CE","85800","Sell","20","164.05","214.05","","-1000.00"
"941.2","2025-11-27"," 9:20:00 AM","2025-11-27"," 9:40:00 AM","PE","85800","Sell","20","144.45","144.45","","0.00"
"942","2025-11-27"," 11:20:00 AM","2025-11-27"," 11:49:00 AM","","","","","","","12.07","-54.00"
"942.1","2025-11-27"," 11:20:00 AM","2025-11-27"," 11:49:00 AM","CE","86000","Sell","20","94.60","47.30","","946.00"
"942.2","2025-11-27"," 11:20:00 AM","2025-11-27"," 11:48:00 AM","PE","86000","Sell","20","149.75","199.75","","-1000.00"
"943","2025-11-28"," 9:20:00 AM","2025-11-28"," 9:29:00 AM","","","","","","","11.11","-1000.00"
"943.1","2025-11-28"," 9:20:00 AM","2025-11-28"," 9:29:00 AM","CE","85800","Sell","20","517.35","517.35","","0.00"
"943.2","2025-11-28"," 9:20:00 AM","2025-11-28"," 9:26:00 AM","PE","85800","Sell","20","370.00","420.00","","-1000.00"
"944","2025-11-28"," 11:20:00 AM","2025-11-28"," 3:15:00 PM","","","","","","","11.17","1015.00"
"944.1","2025-11-28"," 11:20:00 AM","2025-11-28"," 3:15:00 PM","CE","85900","Sell","20","477.50","376.75","","2015.00"
"944.2","2025-11-28"," 11:20:00 AM","2025-11-28"," 12:19:00 PM","PE","85900","Sell","20","371.05","421.05","","-1000.00"
"945","2025-12-01"," 9:20:00 AM","2025-12-01"," 2:56:00 PM","","","","","","","11.25","3156.00"
"945.1","2025-12-01"," 9:20:00 AM","2025-12-01"," 2:56:00 PM","CE","86000","Sell","20","415.60","207.80","","4156.00"
"945.2","2025-12-01"," 9:20:00 AM","2025-12-01"," 10:52:00 AM","PE","86000","Sell","20","321.40","371.40","","-1000.00"
"946","2025-12-01"," 11:20:00 AM","2025-12-01"," 3:15:00 PM","","","","","","","11.36","1481.00"
"946.1","2025-12-01"," 11:20:00 AM","2025-12-01"," 3:15:00 PM","CE","85800","Sell","20","450.00","325.95","","2481.00"
"946.2","2025-12-01"," 11:20:00 AM","2025-12-01"," 11:44:00 AM","PE","85800","Sell","20","283.05","333.05","","-1000.00"
"947","2025-12-02"," 9:20:00 AM","2025-12-02"," 2:28:00 PM","","","","","","","11.19","2833.00"
"947.1","2025-12-02"," 9:20:00 AM","2025-12-02"," 2:28:00 PM","CE","85500","Sell","20","383.25","191.60","","3833.00"
"947.2","2025-12-02"," 9:20:00 AM","2025-12-02"," 9:31:00 AM","PE","85500","Sell","20","275.55","325.55","","-1000.00"
"948","2025-12-02"," 11:20:00 AM","2025-12-02"," 3:15:00 PM","","","","","","","11.73","807.00"
"948.1","2025-12-02"," 11:20:00 AM","2025-12-02"," 3:15:00 PM","CE","85300","Sell","20","369.50","279.15","","1807.00"
"948.2","2025-12-02"," 11:20:00 AM","2025-12-02"," 12:58:00 PM","PE","85300","Sell","20","266.15","316.15","","-1000.00"
"949","2025-12-03"," 9:20:00 AM","2025-12-03"," 10:04:00 AM","","","","","","","10.94","1466.00"
"949.1","2025-12-03"," 9:20:00 AM","2025-12-03"," 10:04:00 AM","CE","85200","Sell","20","246.60","123.30","","2466.00"
"949.2","2025-12-03"," 9:20:00 AM","2025-12-03"," 9:28:00 AM","PE","85200","Sell","20","233.80","283.80","","-1000.00"
"950","2025-12-03"," 11:20:00 AM","2025-12-03"," 3:01:00 PM","","","","","","","11.05","783.00"
"950.1","2025-12-03"," 11:20:00 AM","2025-12-03"," 11:40:00 AM","CE","84800","Sell","20","270.60","320.60","","-1000.00"
"950.2","2025-12-03"," 11:20:00 AM","2025-12-03"," 3:01:00 PM","PE","84800","Sell","20","178.30","89.15","","1783.00"
"951","2025-12-04"," 9:20:00 AM","2025-12-04"," 9:32:00 AM","","","","","","","10.97","627.00"
"951.1","2025-12-04"," 9:20:00 AM","2025-12-04"," 9:24:00 AM","CE","85000","Sell","20","130.30","180.30","","-1000.00"
"951.2","2025-12-04"," 9:20:00 AM","2025-12-04"," 9:32:00 AM","PE","85000","Sell","20","162.70","81.35","","1627.00"
"952","2025-12-04"," 11:20:00 AM","2025-12-04"," 11:42:00 AM","","","","","","","10.97","165.00"
"952.1","2025-12-04"," 11:20:00 AM","2025-12-04"," 11:42:00 AM","CE","85400","Sell","20","116.55","58.30","","1165.00"
"952.2","2025-12-04"," 11:20:00 AM","2025-12-04"," 11:39:00 AM","PE","85400","Sell","20","119.30","169.30","","-1000.00"
"953","2025-12-05"," 9:20:00 AM","2025-12-05"," 10:31:00 AM","","","","","","","10.78","-1000.00"
"953.1","2025-12-05"," 9:20:00 AM","2025-12-05"," 10:05:00 AM","CE","85300","Sell","20","496.55","546.55","","-1000.00"
"953.2","2025-12-05"," 9:20:00 AM","2025-12-05"," 10:31:00 AM","PE","85300","Sell","20","372.00","372.00","","0.00"
"954","2025-12-05"," 11:20:00 AM","2025-12-05"," 11:31:00 AM","","","","","","","10.56","-1000.00"
"954.1","2025-12-05"," 11:20:00 AM","2025-12-05"," 11:23:00 AM","CE","85600","Sell","20","447.00","497.00","","-1000.00"
"954.2","2025-12-05"," 11:20:00 AM","2025-12-05"," 11:31:00 AM","PE","85600","Sell","20","326.10","326.10","","0.00"
"955","2025-12-08"," 9:20:00 AM","2025-12-08"," 1:22:00 PM","","","","","","","10.73","3463.00"
"955.1","2025-12-08"," 9:20:00 AM","2025-12-08"," 1:22:00 PM","CE","85600","Sell","20","446.25","223.10","","4463.00"
"955.2","2025-12-08"," 9:20:00 AM","2025-12-08"," 9:32:00 AM","PE","85600","Sell","20","275.95","325.95","","-1000.00"
"956","2025-12-08"," 11:20:00 AM","2025-12-08"," 2:18:00 PM","","","","","","","10.66","3053.00"
"956.1","2025-12-08"," 11:20:00 AM","2025-12-08"," 2:18:00 PM","CE","85400","Sell","20","405.30","202.65","","4053.00"
"956.2","2025-12-08"," 11:20:00 AM","2025-12-08"," 12:31:00 PM","PE","85400","Sell","20","312.75","362.75","","-1000.00"
"957","2025-12-09"," 9:20:00 AM","2025-12-09"," 10:17:00 AM","","","","","","","11.22","-1000.00"
"957.1","2025-12-09"," 9:20:00 AM","2025-12-09"," 10:17:00 AM","CE","84700","Sell","20","356.25","356.25","","0.00"
"957.2","2025-12-09"," 9:20:00 AM","2025-12-09"," 9:31:00 AM","PE","84700","Sell","20","313.10","363.10","","-1000.00"
"958","2025-12-09"," 11:20:00 AM","2025-12-09"," 12:07:00 PM","","","","","","","11.31","-1000.00"
"958.1","2025-12-09"," 11:20:00 AM","2025-12-09"," 12:07:00 PM","CE","84800","Sell","20","365.00","365.00","","0.00"
"958.2","2025-12-09"," 11:20:00 AM","2025-12-09"," 11:45:00 AM","PE","84800","Sell","20","274.00","324.00","","-1000.00"
"959","2025-12-10"," 9:20:00 AM","2025-12-10"," 9:30:00 AM","","","","","","","10.90","-1000.00"
"959.1","2025-12-10"," 9:20:00 AM","2025-12-10"," 9:30:00 AM","CE","84800","Sell","20","289.05","289.05","","0.00"
"959.2","2025-12-10"," 9:20:00 AM","2025-12-10"," 9:26:00 AM","PE","84800","Sell","20","234.40","284.40","","-1000.00"
"960","2025-12-10"," 11:20:00 AM","2025-12-10"," 2:03:00 PM","","","","","","","10.87","1163.00"
"960.1","2025-12-10"," 11:20:00 AM","2025-12-10"," 2:03:00 PM","CE","84800","Sell","20","216.35","108.20","","2163.00"
"960.2","2025-12-10"," 11:20:00 AM","2025-12-10"," 11:35:00 AM","PE","84800","Sell","20","253.40","303.40","","-1000.00"
"961","2025-12-11"," 9:20:00 AM","2025-12-11"," 9:27:00 AM","","","","","","","10.74","-1000.00"
"961.1","2025-12-11"," 9:20:00 AM","2025-12-11"," 9:22:00 AM","CE","84400","Sell","20","193.80","243.80","","-1000.00"
"961.2","2025-12-11"," 9:20:00 AM","2025-12-11"," 9:27:00 AM","PE","84400","Sell","20","172.55","172.55","","0.00"
"962","2025-12-11"," 11:20:00 AM","2025-12-11"," 12:02:00 PM","","","","","","","10.62","181.00"
"962.1","2025-12-11"," 11:20:00 AM","2025-12-11"," 11:50:00 AM","CE","84500","Sell","20","157.05","207.05","","-1000.00"
"962.2","2025-12-11"," 11:20:00 AM","2025-12-11"," 12:02:00 PM","PE","84500","Sell","20","118.15","59.10","","1181.00"
"963","2025-12-12"," 9:20:00 AM","2025-12-12"," 9:59:00 AM","","","","","","","10.13","-1000.00"
"963.1","2025-12-12"," 9:20:00 AM","2025-12-12"," 9:31:00 AM","CE","85200","Sell","20","466.45","516.45","","-1000.00"
"963.2","2025-12-12"," 9:20:00 AM","2025-12-12"," 9:59:00 AM","PE","85200","Sell","20","354.45","354.45","","0.00"
"964","2025-12-12"," 11:20:00 AM","2025-12-12"," 3:15:00 PM","","","","","","","10.03","456.00"
"964.1","2025-12-12"," 11:20:00 AM","2025-12-12"," 11:25:00 AM","CE","85100","Sell","20","476.70","526.70","","-1000.00"
"964.2","2025-12-12"," 11:20:00 AM","2025-12-12"," 3:15:00 PM","PE","85100","Sell","20","322.90","250.10","","1456.00"
"965","2025-12-15"," 9:20:00 AM","2025-12-15"," 10:08:00 AM","","","","","","","10.57","-1000.00"
"965.1","2025-12-15"," 9:20:00 AM","2025-12-15"," 10:08:00 AM","CE","85000","Sell","20","388.90","388.90","","0.00"
"965.2","2025-12-15"," 9:20:00 AM","2025-12-15"," 9:24:00 AM","PE","85000","Sell","20","320.85","370.85","","-1000.00"
"966","2025-12-15"," 11:20:00 AM","2025-12-15"," 3:15:00 PM","","","","","","","10.16","756.00"
"966.1","2025-12-15"," 11:20:00 AM","2025-12-15"," 11:52:00 AM","CE","85100","Sell","20","335.00","385.00","","-1000.00"
"966.2","2025-12-15"," 11:20:00 AM","2025-12-15"," 3:15:00 PM","PE","85100","Sell","20","348.25","260.45","","1756.00"
"967","2025-12-16"," 9:20:00 AM","2025-12-16"," 3:15:00 PM","","","","","","","10.27","2002.00"
"967.1","2025-12-16"," 9:20:00 AM","2025-12-16"," 3:15:00 PM","CE","84900","Sell","20","349.75","199.65","","3002.00"
"967.2","2025-12-16"," 9:20:00 AM","2025-12-16"," 9:32:00 AM","PE","84900","Sell","20","282.05","332.05","","-1000.00"
"968","2025-12-16"," 11:20:00 AM","2025-12-16"," 3:15:00 PM","","","","","","","10.19","1838.00"
"968.1","2025-12-16"," 11:20:00 AM","2025-12-16"," 3:15:00 PM","CE","84800","Sell","20","327.60","248.05","","1591.00"
"968.2","2025-12-16"," 11:20:00 AM","2025-12-16"," 3:15:00 PM","PE","84800","Sell","20","281.80","269.45","","247.00"
"969","2025-12-17"," 9:20:00 AM","2025-12-17"," 9:48:00 AM","","","","","","","10.00","-1000.00"
"969.1","2025-12-17"," 9:20:00 AM","2025-12-17"," 9:23:00 AM","CE","84700","Sell","20","269.45","319.45","","-1000.00"
"969.2","2025-12-17"," 9:20:00 AM","2025-12-17"," 9:48:00 AM","PE","84700","Sell","20","204.85","204.85","","0.00"
"970","2025-12-17"," 11:20:00 AM","2025-12-17"," 3:15:00 PM","","","","","","","9.95","22.00"
"970.1","2025-12-17"," 11:20:00 AM","2025-12-17"," 3:15:00 PM","CE","84600","Sell","20","236.10","185.00","","1022.00"
"970.2","2025-12-17"," 11:20:00 AM","2025-12-17"," 12:03:00 PM","PE","84600","Sell","20","185.35","235.35","","-1000.00"
"971","2025-12-18"," 9:20:00 AM","2025-12-18"," 10:12:00 AM","","","","","","","9.83","-1000.00"
"971.1","2025-12-18"," 9:20:00 AM","2025-12-18"," 10:12:00 AM","CE","84400","Sell","20","162.40","162.40","","0.00"
"971.2","2025-12-18"," 9:20:00 AM","2025-12-18"," 9:46:00 AM","PE","84400","Sell","20","140.50","190.50","","-1000.00"
"972","2025-12-18"," 11:20:00 AM","2025-12-18"," 11:31:00 AM","","","","","","","9.81","-18.00"
"972.1","2025-12-18"," 11:20:00 AM","2025-12-18"," 11:23:00 AM","CE","84500","Sell","20","140.80","190.80","","-1000.00"
"972.2","2025-12-18"," 11:20:00 AM","2025-12-18"," 11:31:00 AM","PE","84500","Sell","20","98.20","49.10","","982.00"
"973","2025-12-19"," 9:20:00 AM","2025-12-19"," 11:44:00 AM","","","","","","","9.69","-1000.00"
"973.1","2025-12-19"," 9:20:00 AM","2025-12-19"," 9:30:00 AM","CE","84800","Sell","20","448.65","498.65","","-1000.00"
"973.2","2025-12-19"," 9:20:00 AM","2025-12-19"," 11:44:00 AM","PE","84800","Sell","20","284.15","284.15","","0.00"
"974","2025-12-19"," 11:20:00 AM","2025-12-19"," 2:26:00 PM","","","","","","","9.59","-1000.00"
"974.1","2025-12-19"," 11:20:00 AM","2025-12-19"," 2:26:00 PM","CE","85000","Sell","20","361.05","361.05","","0.00"
"974.2","2025-12-19"," 11:20:00 AM","2025-12-19"," 11:44:00 AM","PE","85000","Sell","20","321.00","371.00","","-1000.00"
"975","2025-12-22"," 9:20:00 AM","2025-12-22"," 3:15:00 PM","","","","","","","9.85","862.00"
"975.1","2025-12-22"," 9:20:00 AM","2025-12-22"," 3:15:00 PM","CE","85300","Sell","20","363.25","384.40","","-423.00"
"975.2","2025-12-22"," 9:20:00 AM","2025-12-22"," 3:15:00 PM","PE","85300","Sell","20","226.50","162.25","","1285.00"
"976","2025-12-22"," 11:20:00 AM","2025-12-22"," 3:15:00 PM","","","","","","","9.70","310.00"
"976.1","2025-12-22"," 11:20:00 AM","2025-12-22"," 3:15:00 PM","CE","85400","Sell","20","283.70","321.20","","-750.00"
"976.2","2025-12-22"," 11:20:00 AM","2025-12-22"," 3:15:00 PM","PE","85400","Sell","20","251.50","198.50","","1060.00"
"977","2025-12-23"," 9:20:00 AM","2025-12-23"," 10:02:00 AM","","","","","","","9.69","-1000.00"
"977.1","2025-12-23"," 9:20:00 AM","2025-12-23"," 10:02:00 AM","CE","85500","Sell","20","252.30","252.30","","0.00"
"977.2","2025-12-23"," 9:20:00 AM","2025-12-23"," 9:26:00 AM","PE","85500","Sell","20","208.60","258.60","","-1000.00"
"978","2025-12-23"," 11:20:00 AM","2025-12-23"," 3:15:00 PM","","","","","","","9.50","1094.00"
"978.1","2025-12-23"," 11:20:00 AM","2025-12-23"," 3:15:00 PM","CE","85600","Sell","20","183.15","142.15","","820.00"
"978.2","2025-12-23"," 11:20:00 AM","2025-12-23"," 3:15:00 PM","PE","85600","Sell","20","208.25","194.55","","274.00"
"979","2025-12-24"," 9:20:00 AM","2025-12-24"," 11:44:00 AM","","","","","","","9.44","2840.00"
"979.1","2025-12-24"," 9:20:00 AM","2025-12-24"," 11:44:00 AM","CE","85600","Sell","20","128.70","64.35","","1287.00"
"979.2","2025-12-24"," 9:20:00 AM","2025-12-24"," 10:15:00 AM","PE","85600","Sell","20","155.25","77.60","","1553.00"
"980","2025-12-24"," 11:20:00 AM","2025-12-24"," 12:40:00 PM","","","","","","","9.24","-127.00"
"980.1","2025-12-24"," 11:20:00 AM","2025-12-24"," 12:40:00 PM","CE","85600","Sell","20","87.30","43.65","","873.00"
"980.2","2025-12-24"," 11:20:00 AM","2025-12-24"," 11:47:00 AM","PE","85600","Sell","20","84.80","134.80","","-1000.00"
"981","2025-12-26"," 9:20:00 AM","2025-12-26"," 3:15:00 PM","","","","","","","9.31","2058.00"
"981.1","2025-12-26"," 9:20:00 AM","2025-12-26"," 3:15:00 PM","CE","85300","Sell","20","407.25","254.35","","3058.00"
"981.2","2025-12-26"," 9:20:00 AM","2025-12-26"," 9:54:00 AM","PE","85300","Sell","20","310.40","360.40","","-1000.00"
"982","2025-12-26"," 11:20:00 AM","2025-12-26"," 3:15:00 PM","","","","","","","9.14","-127.00"
"982.1","2025-12-26"," 11:20:00 AM","2025-12-26"," 3:15:00 PM","CE","85100","Sell","20","392.10","348.45","","873.00"
"982.2","2025-12-26"," 11:20:00 AM","2025-12-26"," 12:42:00 PM","PE","85100","Sell","20","257.00","307.00","","-1000.00"
"983","2025-12-29"," 9:20:00 AM","2025-12-29"," 9:59:00 AM","","","","","","","9.65","-1000.00"
"983.1","2025-12-29"," 9:20:00 AM","2025-12-29"," 9:36:00 AM","CE","85100","Sell","20","304.10","354.10","","-1000.00"
"983.2","2025-12-29"," 9:20:00 AM","2025-12-29"," 9:59:00 AM","PE","85100","Sell","20","272.30","272.30","","0.00"
"984","2025-12-29"," 11:20:00 AM","2025-12-29"," 3:15:00 PM","","","","","","","9.65","-424.00"
"984.1","2025-12-29"," 11:20:00 AM","2025-12-29"," 3:15:00 PM","CE","84800","Sell","20","323.20","294.40","","576.00"
"984.2","2025-12-29"," 11:20:00 AM","2025-12-29"," 1:38:00 PM","PE","84800","Sell","20","234.25","284.25","","-1000.00"
"985","2025-12-30"," 9:20:00 AM","2025-12-30"," 9:49:00 AM","","","","","","","9.89","-1000.00"
"985.1","2025-12-30"," 9:20:00 AM","2025-12-30"," 9:40:00 AM","CE","84600","Sell","20","287.40","337.40","","-1000.00"
"985.2","2025-12-30"," 9:20:00 AM","2025-12-30"," 9:49:00 AM","PE","84600","Sell","20","220.65","220.65","","0.00"
"986","2025-12-30"," 11:20:00 AM","2025-12-30"," 3:15:00 PM","","","","","","","9.78","174.00"
"986.1","2025-12-30"," 11:20:00 AM","2025-12-30"," 1:46:00 PM","CE","84600","Sell","20","311.15","361.15","","-1000.00"
"986.2","2025-12-30"," 11:20:00 AM","2025-12-30"," 3:15:00 PM","PE","84600","Sell","20","188.45","129.75","","1174.00"
"987","2025-12-31"," 9:20:00 AM","2025-12-31"," 9:30:00 AM","","","","","","","9.63","-1000.00"
"987.1","2025-12-31"," 9:20:00 AM","2025-12-31"," 9:30:00 AM","CE","84900","Sell","20","218.85","218.85","","0.00"
"987.2","2025-12-31"," 9:20:00 AM","2025-12-31"," 9:26:00 AM","PE","84900","Sell","20","153.65","203.65","","-1000.00"
"988","2025-12-31"," 11:20:00 AM","2025-12-31"," 12:49:00 PM","","","","","","","9.38","660.00"
"988.1","2025-12-31"," 11:20:00 AM","2025-12-31"," 12:10:00 PM","CE","85000","Sell","20","165.55","215.55","","-1000.00"
"988.2","2025-12-31"," 11:20:00 AM","2025-12-31"," 12:49:00 PM","PE","85000","Sell","20","166.00","83.00","","1660.00"
"989","2026-01-01"," 9:20:00 AM","2026-01-01"," 9:53:00 AM","","","","","","","9.38","111.00"
"989.1","2026-01-01"," 9:20:00 AM","2026-01-01"," 9:53:00 AM","CE","85300","Sell","20","143.30","193.30","","-1000.00"
"989.2","2026-01-01"," 9:20:00 AM","2026-01-01"," 9:52:00 AM","PE","85300","Sell","20","111.10","55.55","","1111.00"
"990","2026-01-01"," 11:20:00 AM","2026-01-01"," 11:52:00 AM","","","","","","","9.25","120.00"
"990.1","2026-01-01"," 11:20:00 AM","2026-01-01"," 11:52:00 AM","CE","85300","Sell","20","112.00","56.00","","1120.00"
"990.2","2026-01-01"," 11:20:00 AM","2026-01-01"," 11:44:00 AM","PE","85300","Sell","20","61.35","111.35","","-1000.00"
"991","2026-01-02"," 9:20:00 AM","2026-01-02"," 3:15:00 PM","","","","","","","9.25","1185.00"
"991.1","2026-01-02"," 9:20:00 AM","2026-01-02"," 9:30:00 AM","CE","85300","Sell","20","384.00","434.00","","-1000.00"
"991.2","2026-01-02"," 9:20:00 AM","2026-01-02"," 3:15:00 PM","PE","85300","Sell","20","251.20","141.95","","2185.00"
"992","2026-01-02"," 11:20:00 AM","2026-01-02"," 3:15:00 PM","","","","","","","9.31","-136.00"
"992.1","2026-01-02"," 11:20:00 AM","2026-01-02"," 11:45:00 AM","CE","85500","Sell","20","424.20","474.20","","-1000.00"
"992.2","2026-01-02"," 11:20:00 AM","2026-01-02"," 3:15:00 PM","PE","85500","Sell","20","241.50","198.30","","864.00"
"993","2026-01-05"," 9:20:00 AM","2026-01-05"," 10:11:00 AM","","","","","","","10.11","-1000.00"
"993.1","2026-01-05"," 9:20:00 AM","2026-01-05"," 10:11:00 AM","CE","85800","Sell","20","299.85","299.85","","0.00"
"993.2","2026-01-05"," 9:20:00 AM","2026-01-05"," 9:24:00 AM","PE","85800","Sell","20","275.25","325.25","","-1000.00"
"994","2026-01-05"," 11:20:00 AM","2026-01-05"," 1:58:00 PM","","","","","","","10.14","1999.00"
"994.1","2026-01-05"," 11:20:00 AM","2026-01-05"," 1:58:00 PM","CE","85800","Sell","20","299.90","149.95","","2999.00"
"994.2","2026-01-05"," 11:20:00 AM","2026-01-05"," 11:28:00 AM","PE","85800","Sell","20","275.45","325.45","","-1000.00"
"995","2026-01-06"," 9:20:00 AM","2026-01-06"," 9:34:00 AM","","","","","","","10.16","-1000.00"
"995.1","2026-01-06"," 9:20:00 AM","2026-01-06"," 9:34:00 AM","CE","85200","Sell","20","319.50","319.50","","0.00"
"995.2","2026-01-06"," 9:20:00 AM","2026-01-06"," 9:29:00 AM","PE","85200","Sell","20","227.85","277.85","","-1000.00"
"996","2026-01-06"," 11:20:00 AM","2026-01-06"," 12:22:00 PM","","","","","","","10.21","-1000.00"
"996.1","2026-01-06"," 11:20:00 AM","2026-01-06"," 11:48:00 AM","CE","85000","Sell","20","313.25","363.25","","-1000.00"
"996.2","2026-01-06"," 11:20:00 AM","2026-01-06"," 12:22:00 PM","PE","85000","Sell","20","191.60","191.60","","0.00"
"997","2026-01-07"," 9:20:00 AM","2026-01-07"," 9:28:00 AM","","","","","","","10.11","-1000.00"
"997.1","2026-01-07"," 9:20:00 AM","2026-01-07"," 9:22:00 AM","CE","84900","Sell","20","214.00","264.00","","-1000.00"
"997.2","2026-01-07"," 9:20:00 AM","2026-01-07"," 9:28:00 AM","PE","84900","Sell","20","175.05","175.05","","0.00"
"998","2026-01-07"," 11:20:00 AM","2026-01-07"," 1:26:00 PM","","","","","","","10.01","832.00"
"998.1","2026-01-07"," 11:20:00 AM","2026-01-07"," 1:26:00 PM","CE","85000","Sell","20","183.20","91.60","","1832.00"
"998.2","2026-01-07"," 11:20:00 AM","2026-01-07"," 12:04:00 PM","PE","85000","Sell","20","168.25","218.25","","-1000.00"
"999","2026-01-08"," 9:20:00 AM","2026-01-08"," 9:54:00 AM","","","","","","","10.03","263.00"
"999.1","2026-01-08"," 9:20:00 AM","2026-01-08"," 9:54:00 AM","CE","84900","Sell","20","126.25","63.10","","1263.00"
"999.2","2026-01-08"," 9:20:00 AM","2026-01-08"," 9:27:00 AM","PE","84900","Sell","20","137.50","187.50","","-1000.00"
"1000","2026-01-08"," 11:20:00 AM","2026-01-08"," 11:49:00 AM","","","","","","","10.41","351.00"
"1000.1","2026-01-08"," 11:20:00 AM","2026-01-08"," 11:49:00 AM","CE","84600","Sell","20","135.05","67.50","","1351.00"
"1000.2","2026-01-08"," 11:20:00 AM","2026-01-08"," 11:22:00 AM","PE","84600","Sell","20","75.15","125.15","","-1000.00"
"1001","2026-01-09"," 9:20:00 AM","2026-01-09"," 11:36:00 AM","","","","","","","10.66","3332.00"
"1001.1","2026-01-09"," 9:20:00 AM","2026-01-09"," 11:36:00 AM","CE","84400","Sell","20","433.20","216.60","","4332.00"
"1001.2","2026-01-09"," 9:20:00 AM","2026-01-09"," 9:22:00 AM","PE","84400","Sell","20","346.95","396.95","","-1000.00"
"1002","2026-01-09"," 11:20:00 AM","2026-01-09"," 3:15:00 PM","","","","","","","10.58","1899.00"
"1002.1","2026-01-09"," 11:20:00 AM","2026-01-09"," 3:15:00 PM","CE","83900","Sell","20","486.25","341.30","","2899.00"
"1002.2","2026-01-09"," 11:20:00 AM","2026-01-09"," 11:37:00 AM","PE","83900","Sell","20","307.65","357.65","","-1000.00"
"1003","2026-01-12"," 9:20:00 AM","2026-01-12"," 9:51:00 AM","","","","","","","11.65","-1000.00"
"1003.1","2026-01-12"," 9:20:00 AM","2026-01-12"," 9:51:00 AM","CE","83300","Sell","20","465.05","465.05","","0.00"
"1003.2","2026-01-12"," 9:20:00 AM","2026-01-12"," 9:22:00 AM","PE","83300","Sell","20","318.35","368.35","","-1000.00"
"1004","2026-01-12"," 11:20:00 AM","2026-01-12"," 12:14:00 PM","","","","","","","11.61","-1000.00"
"1004.1","2026-01-12"," 11:20:00 AM","2026-01-12"," 12:14:00 PM","CE","83000","Sell","20","442.30","442.30","","0.00"
"1004.2","2026-01-12"," 11:20:00 AM","2026-01-12"," 11:33:00 AM","PE","83000","Sell","20","326.00","376.00","","-1000.00"
"1005","2026-01-13"," 9:20:00 AM","2026-01-13"," 9:24:00 AM","","","","","","","11.32","-1000.00"
"1005.1","2026-01-13"," 9:20:00 AM","2026-01-13"," 9:24:00 AM","CE","84100","Sell","20","282.90","282.90","","0.00"
"1005.2","2026-01-13"," 9:20:00 AM","2026-01-13"," 9:21:00 AM","PE","84100","Sell","20","306.00","356.00","","-1000.00"
"1006","2026-01-13"," 11:20:00 AM","2026-01-13"," 12:25:00 PM","","","","","","","11.35","1723.00"
"1006.1","2026-01-13"," 11:20:00 AM","2026-01-13"," 12:25:00 PM","CE","83900","Sell","20","272.35","136.20","","2723.00"
"1006.2","2026-01-13"," 11:20:00 AM","2026-01-13"," 11:54:00 AM","PE","83900","Sell","20","254.85","304.85","","-1000.00"
"1007","2026-01-14"," 9:20:00 AM","2026-01-14"," 9:36:00 AM","","","","","","","11.41","983.00"
"1007.1","2026-01-14"," 9:20:00 AM","2026-01-14"," 9:22:00 AM","CE","83500","Sell","20","165.90","215.90","","-1000.00"
"1007.2","2026-01-14"," 9:20:00 AM","2026-01-14"," 9:36:00 AM","PE","83500","Sell","20","198.35","99.20","","1983.00"
"1008","2026-01-14"," 11:20:00 AM","2026-01-14"," 12:01:00 PM","","","","","","","11.25","98.00"
"1008.1","2026-01-14"," 11:20:00 AM","2026-01-14"," 11:29:00 AM","CE","83600","Sell","20","151.25","201.25","","-1000.00"
"1008.2","2026-01-14"," 11:20:00 AM","2026-01-14"," 12:01:00 PM","PE","83600","Sell","20","109.80","54.90","","1098.00"
"1009","2026-01-16"," 9:20:00 AM","2026-01-16"," 9:45:00 AM","","","","","","","11.46","-1000.00"
"1009.1","2026-01-16"," 9:20:00 AM","2026-01-16"," 9:45:00 AM","CE","83700","Sell","20","505.20","505.20","","0.00"
"1009.2","2026-01-16"," 9:20:00 AM","2026-01-16"," 9:34:00 AM","PE","83700","Sell","20","401.75","451.75","","-1000.00"
"1010","2026-01-16"," 11:20:00 AM","2026-01-16"," 11:33:00 AM","","","","","","","11.31","-1000.00"
"1010.1","2026-01-16"," 11:20:00 AM","2026-01-16"," 11:32:00 AM","CE","83900","Sell","20","527.30","577.30","","-1000.00"
"1010.2","2026-01-16"," 11:20:00 AM","2026-01-16"," 11:33:00 AM","PE","83900","Sell","20","380.90","380.90","","0.00"
"1011","2026-01-19"," 9:20:00 AM","2026-01-19"," 9:36:00 AM","","","","","","","11.96","-1000.00"
"1011.1","2026-01-19"," 9:20:00 AM","2026-01-19"," 9:36:00 AM","CE","83300","Sell","20","414.30","414.30","","0.00"
"1011.2","2026-01-19"," 9:20:00 AM","2026-01-19"," 9:31:00 AM","PE","83300","Sell","20","400.80","450.80","","-1000.00"
"1012","2026-01-19"," 11:20:00 AM","2026-01-19"," 12:29:00 PM","","","","","","","11.91","-1000.00"
"1012.1","2026-01-19"," 11:20:00 AM","2026-01-19"," 12:18:00 PM","CE","83000","Sell","20","417.95","467.95","","-1000.00"
"1012.2","2026-01-19"," 11:20:00 AM","2026-01-19"," 12:29:00 PM","PE","83000","Sell","20","341.45","341.45","","0.00"
"1013","2026-01-20"," 9:20:00 AM","2026-01-20"," 12:42:00 PM","","","","","","","11.98","2501.00"
"1013.1","2026-01-20"," 9:20:00 AM","2026-01-20"," 12:42:00 PM","CE","83200","Sell","20","350.05","175.00","","3501.00"
"1013.2","2026-01-20"," 9:20:00 AM","2026-01-20"," 9:23:00 AM","PE","83200","Sell","20","336.55","386.55","","-1000.00"
"1014","2026-01-20"," 11:20:00 AM","2026-01-20"," 12:10:00 PM","","","","","","","12.24","-1000.00"
"1014.1","2026-01-20"," 11:20:00 AM","2026-01-20"," 11:52:00 AM","CE","82900","Sell","20","335.55","385.55","","-1000.00"
"1014.2","2026-01-20"," 11:20:00 AM","2026-01-20"," 12:10:00 PM","PE","82900","Sell","20","329.35","329.35","","0.00"
"1015","2026-01-21"," 9:20:00 AM","2026-01-21"," 9:26:00 AM","","","","","","","13.13","-1000.00"
"1015.1","2026-01-21"," 9:20:00 AM","2026-01-21"," 9:26:00 AM","CE","82200","Sell","20","337.30","337.30","","0.00"
"1015.2","2026-01-21"," 9:20:00 AM","2026-01-21"," 9:22:00 AM","PE","82200","Sell","20","292.95","342.95","","-1000.00"
"1016","2026-01-21"," 11:20:00 AM","2026-01-21"," 11:52:00 AM","","","","","","","13.88","-1000.00"
"1016.1","2026-01-21"," 11:20:00 AM","2026-01-21"," 11:52:00 AM","CE","81600","Sell","20","398.20","398.20","","0.00"
"1016.2","2026-01-21"," 11:20:00 AM","2026-01-21"," 11:26:00 AM","PE","81600","Sell","20","296.95","346.95","","-1000.00"
"1017","2026-01-22"," 9:20:00 AM","2026-01-22"," 9:32:00 AM","","","","","","","13.33","1039.00"
"1017.1","2026-01-22"," 9:20:00 AM","2026-01-22"," 9:27:00 AM","CE","82400","Sell","20","250.95","300.95","","-1000.00"
"1017.2","2026-01-22"," 9:20:00 AM","2026-01-22"," 9:32:00 AM","PE","82400","Sell","20","203.95","102.00","","2039.00"
"1018","2026-01-22"," 11:20:00 AM","2026-01-22"," 11:26:00 AM","","","","","","","14.04","925.00"
"1018.1","2026-01-22"," 11:20:00 AM","2026-01-22"," 11:22:00 AM","CE","82000","Sell","20","240.95","290.95","","-1000.00"
"1018.2","2026-01-22"," 11:20:00 AM","2026-01-22"," 11:26:00 AM","PE","82000","Sell","20","192.45","96.20","","1925.00"
"1019","2026-01-23"," 9:20:00 AM","2026-01-23"," 9:46:00 AM","","","","","","","13.75","-1000.00"
"1019.1","2026-01-23"," 9:20:00 AM","2026-01-23"," 9:24:00 AM","CE","82200","Sell","20","658.15","708.15","","-1000.00"
"1019.2","2026-01-23"," 9:20:00 AM","2026-01-23"," 9:46:00 AM","PE","82200","Sell","20","433.10","433.10","","0.00"
"1020","2026-01-23"," 11:20:00 AM","2026-01-23"," 3:15:00 PM","","","","","","","13.37","3457.00"
"1020.1","2026-01-23"," 11:20:00 AM","2026-01-23"," 3:15:00 PM","CE","82200","Sell","20","550.85","328.00","","4457.00"
"1020.2","2026-01-23"," 11:20:00 AM","2026-01-23"," 11:40:00 AM","PE","82200","Sell","20","419.85","469.85","","-1000.00"
"1021","2026-01-27"," 9:20:00 AM","2026-01-27"," 9:36:00 AM","","","","","","","15.65","-1000.00"
"1021.1","2026-01-27"," 9:20:00 AM","2026-01-27"," 9:36:00 AM","CE","81400","Sell","20","589.20","589.20","","0.00"
"1021.2","2026-01-27"," 9:20:00 AM","2026-01-27"," 9:21:00 AM","PE","81400","Sell","20","496.25","546.25","","-1000.00"
"1022","2026-01-27"," 11:20:00 AM","2026-01-27"," 1:41:00 PM","","","","","","","15.25","-1000.00"
"1022.1","2026-01-27"," 11:20:00 AM","2026-01-27"," 11:31:00 AM","CE","81500","Sell","20","513.35","563.35","","-1000.00"
"1022.2","2026-01-27"," 11:20:00 AM","2026-01-27"," 1:41:00 PM","PE","81500","Sell","20","437.10","437.10","","0.00"
"1023","2026-01-28"," 9:20:00 AM","2026-01-28"," 9:27:00 AM","","","","","","","14.43","-1000.00"
"1023.1","2026-01-28"," 9:20:00 AM","2026-01-28"," 9:24:00 AM","CE","82400","Sell","20","394.65","444.65","","-1000.00"
"1023.2","2026-01-28"," 9:20:00 AM","2026-01-28"," 9:27:00 AM","PE","82400","Sell","20","357.65","357.65","","0.00"
"1024","2026-01-28"," 11:20:00 AM","2026-01-28"," 1:22:00 PM","","","","","","","13.89","2691.00"
"1024.1","2026-01-28"," 11:20:00 AM","2026-01-28"," 1:22:00 PM","CE","82300","Sell","20","369.15","184.60","","3691.00"
"1024.2","2026-01-28"," 11:20:00 AM","2026-01-28"," 12:24:00 PM","PE","82300","Sell","20","260.35","310.35","","-1000.00"
"1025","2026-01-29"," 9:20:00 AM","2026-01-29"," 9:26:00 AM","","","","","","","13.70","-1000.00"
"1025.1","2026-01-29"," 9:20:00 AM","2026-01-29"," 9:26:00 AM","CE","82100","Sell","20","231.50","231.50","","0.00"
"1025.2","2026-01-29"," 9:20:00 AM","2026-01-29"," 9:23:00 AM","PE","82100","Sell","20","215.40","265.40","","-1000.00"
"1026","2026-01-29"," 11:20:00 AM","2026-01-29"," 11:28:00 AM","","","","","","","13.68","-1000.00"
"1026.1","2026-01-29"," 11:20:00 AM","2026-01-29"," 11:23:00 AM","CE","82100","Sell","20","170.05","220.05","","-1000.00"
"1026.2","2026-01-29"," 11:20:00 AM","2026-01-29"," 11:28:00 AM","PE","82100","Sell","20","188.65","188.65","","0.00"
"1027","2026-01-30"," 9:20:00 AM","2026-01-30"," 9:35:00 AM","","","","","","","13.79","-1000.00"
"1027.1","2026-01-30"," 9:20:00 AM","2026-01-30"," 9:35:00 AM","CE","82100","Sell","20","772.80","772.80","","0.00"
"1027.2","2026-01-30"," 9:20:00 AM","2026-01-30"," 9:31:00 AM","PE","82100","Sell","20","652.50","702.50","","-1000.00"
"1028","2026-01-30"," 11:20:00 AM","2026-01-30"," 12:01:00 PM","","","","","","","13.90","-1000.00"
"1028.1","2026-01-30"," 11:20:00 AM","2026-01-30"," 11:54:00 AM","CE","82000","Sell","20","802.45","852.45","","-1000.00"
"1028.2","2026-01-30"," 11:20:00 AM","2026-01-30"," 12:01:00 PM","PE","82000","Sell","20","672.15","672.15","","0.00"
"1029","2026-02-01"," 9:20:00 AM","2026-02-01"," 9:33:00 AM","","","","","","","14.23","-1000.00"
"1029.1","2026-02-01"," 9:20:00 AM","2026-02-01"," 9:28:00 AM","CE","82200","Sell","20","780.55","830.55","","-1000.00"
"1029.2","2026-02-01"," 9:20:00 AM","2026-02-01"," 9:33:00 AM","PE","82200","Sell","20","655.90","655.90","","0.00"
"1030","2026-02-01"," 11:20:00 AM","2026-02-01"," 12:20:00 PM","","","","","","","14.09","7118.00"
"1030.1","2026-02-01"," 11:20:00 AM","2026-02-01"," 12:20:00 PM","CE","82500","Sell","20","811.80","405.90","","8118.00"
"1030.2","2026-02-01"," 11:20:00 AM","2026-02-01"," 11:42:00 AM","PE","82500","Sell","20","677.35","727.35","","-1000.00"
"1031","2026-02-02"," 9:20:00 AM","2026-02-02"," 11:02:00 AM","","","","","","","15.48","-1000.00"
"1031.1","2026-02-02"," 9:20:00 AM","2026-02-02"," 9:21:00 AM","CE","80800","Sell","20","705.75","755.75","","-1000.00"
"1031.2","2026-02-02"," 9:20:00 AM","2026-02-02"," 11:02:00 AM","PE","80800","Sell","20","668.10","668.10","","0.00"
"1032","2026-02-02"," 11:20:00 AM","2026-02-02"," 12:16:00 PM","","","","","","","15.21","4724.00"
"1032.1","2026-02-02"," 11:20:00 AM","2026-02-02"," 11:33:00 AM","CE","80500","Sell","20","616.20","666.20","","-1000.00"
"1032.2","2026-02-02"," 11:20:00 AM","2026-02-02"," 12:16:00 PM","PE","80500","Sell","20","572.40","286.20","","5724.00"
"1033","2026-02-03"," 9:20:00 AM","2026-02-03"," 9:27:00 AM","","","","","","","14.42","-1000.00"
"1033.1","2026-02-03"," 9:20:00 AM","2026-02-03"," 9:21:00 AM","CE","84000","Sell","20","666.55","716.55","","-1000.00"
"1033.2","2026-02-03"," 9:20:00 AM","2026-02-03"," 9:27:00 AM","PE","84000","Sell","20","792.40","792.40","","0.00"
"1034","2026-02-03"," 11:20:00 AM","2026-02-03"," 1:27:00 PM","","","","","","","13.99","-1000.00"
"1034.1","2026-02-03"," 11:20:00 AM","2026-02-03"," 11:25:00 AM","CE","83900","Sell","20","514.25","564.25","","-1000.00"
"1034.2","2026-02-03"," 11:20:00 AM","2026-02-03"," 1:27:00 PM","PE","83900","Sell","20","519.00","519.00","","0.00"
"1035","2026-02-04"," 9:20:00 AM","2026-02-04"," 1:30:00 PM","","","","","","","12.93","2823.00"
"1035.1","2026-02-04"," 9:20:00 AM","2026-02-04"," 9:24:00 AM","CE","83600","Sell","20","347.95","397.95","","-1000.00"
"1035.2","2026-02-04"," 9:20:00 AM","2026-02-04"," 1:30:00 PM","PE","83600","Sell","20","382.35","191.20","","3823.00"
"1036","2026-02-04"," 11:20:00 AM","2026-02-04"," 11:33:00 AM","","","","","","","12.42","-1000.00"
"1036.1","2026-02-04"," 11:20:00 AM","2026-02-04"," 11:33:00 AM","CE","83600","Sell","20","289.25","289.25","","0.00"
"1036.2","2026-02-04"," 11:20:00 AM","2026-02-04"," 11:28:00 AM","PE","83600","Sell","20","302.60","352.60","","-1000.00"
"1037","2026-02-05"," 9:20:00 AM","2026-02-05"," 9:46:00 AM","","","","","","","12.31","782.00"
"1037.1","2026-02-05"," 9:20:00 AM","2026-02-05"," 9:46:00 AM","CE","83700","Sell","20","178.20","89.10","","1782.00"
"1037.2","2026-02-05"," 9:20:00 AM","2026-02-05"," 9:22:00 AM","PE","83700","Sell","20","211.95","261.95","","-1000.00"
"1038","2026-02-05"," 11:20:00 AM","2026-02-05"," 12:34:00 PM","","","","","","","12.27","549.00"
"1038.1","2026-02-05"," 11:20:00 AM","2026-02-05"," 12:34:00 PM","CE","83400","Sell","20","154.95","77.50","","1549.00"
"1038.2","2026-02-05"," 11:20:00 AM","2026-02-05"," 12:18:00 PM","PE","83400","Sell","20","122.80","172.80","","-1000.00"
"1039","2026-02-06"," 9:20:00 AM","2026-02-06"," 11:36:00 AM","","","","","","","12.24","-1000.00"
"1039.1","2026-02-06"," 9:20:00 AM","2026-02-06"," 11:36:00 AM","CE","83200","Sell","20","548.45","548.45","","0.00"
"1039.2","2026-02-06"," 9:20:00 AM","2026-02-06"," 9:39:00 AM","PE","83200","Sell","20","454.30","504.30","","-1000.00"
"1040","2026-02-06"," 11:20:00 AM","2026-02-06"," 12:32:00 PM","","","","","","","12.01","-1000.00"
"1040.1","2026-02-06"," 11:20:00 AM","2026-02-06"," 11:35:00 AM","CE","83200","Sell","20","470.05","520.05","","-1000.00"
"1040.2","2026-02-06"," 11:20:00 AM","2026-02-06"," 12:32:00 PM","PE","83200","Sell","20","446.30","446.30","","0.00"
"1041","2026-02-09"," 9:20:00 AM","2026-02-09"," 10:39:00 AM","","","","","","","12.20","-1000.00"
"1041.1","2026-02-09"," 9:20:00 AM","2026-02-09"," 10:39:00 AM","CE","84000","Sell","20","437.25","437.25","","0.00"
"1041.2","2026-02-09"," 9:20:00 AM","2026-02-09"," 9:40:00 AM","PE","84000","Sell","20","371.70","421.70","","-1000.00"
"1042","2026-02-09"," 11:20:00 AM","2026-02-09"," 3:15:00 PM","","","","","","","12.15","-423.00"
"1042.1","2026-02-09"," 11:20:00 AM","2026-02-09"," 3:15:00 PM","CE","84100","Sell","20","390.95","362.10","","577.00"
"1042.2","2026-02-09"," 11:20:00 AM","2026-02-09"," 12:54:00 PM","PE","84100","Sell","20","374.65","424.65","","-1000.00"
"1043","2026-02-10"," 9:20:00 AM","2026-02-10"," 2:03:00 PM","","","","","","","11.89","-1000.00"
"1043.1","2026-02-10"," 9:20:00 AM","2026-02-10"," 9:35:00 AM","CE","84200","Sell","20","354.70","404.70","","-1000.00"
"1043.2","2026-02-10"," 9:20:00 AM","2026-02-10"," 2:03:00 PM","PE","84200","Sell","20","293.95","293.95","","0.00"
"1044","2026-02-10"," 11:20:00 AM","2026-02-10"," 3:15:00 PM","","","","","","","11.96","499.00"
"1044.1","2026-02-10"," 11:20:00 AM","2026-02-10"," 3:15:00 PM","CE","84400","Sell","20","305.75","230.80","","1499.00"
"1044.2","2026-02-10"," 11:20:00 AM","2026-02-10"," 2:01:00 PM","PE","84400","Sell","20","331.15","381.15","","-1000.00"
"1045","2026-02-11"," 9:20:00 AM","2026-02-11"," 12:35:00 PM","","","","","","","11.56","1543.00"
"1045.1","2026-02-11"," 9:20:00 AM","2026-02-11"," 12:35:00 PM","CE","84400","Sell","20","254.30","127.15","","2543.00"
"1045.2","2026-02-11"," 9:20:00 AM","2026-02-11"," 9:34:00 AM","PE","84400","Sell","20","195.50","245.50","","-1000.00"
"1046","2026-02-11"," 11:20:00 AM","2026-02-11"," 1:43:00 PM","","","","","","","11.36","-1000.00"
"1046.1","2026-02-11"," 11:20:00 AM","2026-02-11"," 1:43:00 PM","CE","84300","Sell","20","204.65","204.65","","0.00"
"1046.2","2026-02-11"," 11:20:00 AM","2026-02-11"," 12:38:00 PM","PE","84300","Sell","20","203.10","253.10","","-1000.00"
"1047","2026-02-12"," 9:20:00 AM","2026-02-12"," 11:17:00 AM","","","","","","","11.51","716.00"
"1047.1","2026-02-12"," 9:20:00 AM","2026-02-12"," 11:17:00 AM","CE","83900","Sell","20","171.60","85.80","","1716.00"
"1047.2","2026-02-12"," 9:20:00 AM","2026-02-12"," 9:32:00 AM","PE","83900","Sell","20","132.55","182.55","","-1000.00"
"1048","2026-02-12"," 11:20:00 AM","2026-02-12"," 1:14:00 PM","","","","","","","11.60","391.00"
"1048.1","2026-02-12"," 11:20:00 AM","2026-02-12"," 1:14:00 PM","CE","83800","Sell","20","139.10","69.55","","1391.00"
"1048.2","2026-02-12"," 11:20:00 AM","2026-02-12"," 11:38:00 AM","PE","83800","Sell","20","82.20","132.20","","-1000.00"
"1049","2026-02-13"," 9:20:00 AM","2026-02-13"," 3:15:00 PM","","","","","","","12.20","1676.00"
"1049.1","2026-02-13"," 9:20:00 AM","2026-02-13"," 3:15:00 PM","CE","83000","Sell","20","506.65","372.85","","2676.00"
"1049.2","2026-02-13"," 9:20:00 AM","2026-02-13"," 9:33:00 AM","PE","83000","Sell","20","393.90","443.90","","-1000.00"
"1050","2026-02-13"," 11:20:00 AM","2026-02-13"," 1:47:00 PM","","","","","","","12.43","-1000.00"
"1050.1","2026-02-13"," 11:20:00 AM","2026-02-13"," 12:07:00 PM","CE","82800","Sell","20","506.50","556.50","","-1000.00"
"1050.2","2026-02-13"," 11:20:00 AM","2026-02-13"," 1:47:00 PM","PE","82800","Sell","20","378.75","378.75","","0.00"
"1051","2026-02-16"," 9:20:00 AM","2026-02-16"," 9:45:00 AM","","","","","","","13.68","-1000.00"
"1051.1","2026-02-16"," 9:20:00 AM","2026-02-16"," 9:35:00 AM","CE","82600","Sell","20","500.00","550.00","","-1000.00"
"1051.2","2026-02-16"," 9:20:00 AM","2026-02-16"," 9:45:00 AM","PE","82600","Sell","20","412.85","412.85","","0.00"
"1052","2026-02-16"," 11:20:00 AM","2026-02-16"," 3:15:00 PM","","","","","","","13.35","2275.00"
"1052.1","2026-02-16"," 11:20:00 AM","2026-02-16"," 12:20:00 PM","CE","82800","Sell","20","433.90","483.90","","-1000.00"
"1052.2","2026-02-16"," 11:20:00 AM","2026-02-16"," 3:15:00 PM","PE","82800","Sell","20","380.50","216.75","","3275.00"
"1053","2026-02-17"," 9:20:00 AM","2026-02-17"," 9:34:00 AM","","","","","","","13.17","-1000.00"
"1053.1","2026-02-17"," 9:20:00 AM","2026-02-17"," 9:34:00 AM","CE","83100","Sell","20","349.45","349.45","","0.00"
"1053.2","2026-02-17"," 9:20:00 AM","2026-02-17"," 9:25:00 AM","PE","83100","Sell","20","340.20","390.20","","-1000.00"
"1054","2026-02-17"," 11:20:00 AM","2026-02-17"," 2:14:00 PM","","","","","","","12.92","-1000.00"
"1054.1","2026-02-17"," 11:20:00 AM","2026-02-17"," 11:34:00 AM","CE","83400","Sell","20","346.35","396.35","","-1000.00"
"1054.2","2026-02-17"," 11:20:00 AM","2026-02-17"," 2:14:00 PM","PE","83400","Sell","20","345.35","345.35","","0.00"
"1055","2026-02-18"," 9:20:00 AM","2026-02-18"," 2:16:00 PM","","","","","","","12.52","-1000.00"
"1055.1","2026-02-18"," 9:20:00 AM","2026-02-18"," 2:16:00 PM","CE","83500","Sell","20","249.45","249.45","","0.00"
"1055.2","2026-02-18"," 9:20:00 AM","2026-02-18"," 9:24:00 AM","PE","83500","Sell","20","234.40","284.40","","-1000.00"
"1056","2026-02-18"," 11:20:00 AM","2026-02-18"," 11:43:00 AM","","","","","","","12.36","-1000.00"
"1056.1","2026-02-18"," 11:20:00 AM","2026-02-18"," 11:35:00 AM","CE","83300","Sell","20","235.60","285.60","","-1000.00"
"1056.2","2026-02-18"," 11:20:00 AM","2026-02-18"," 11:43:00 AM","PE","83300","Sell","20","213.70","213.70","","0.00"
"1057","2026-02-19"," 9:20:00 AM","2026-02-19"," 9:38:00 AM","","","","","","","12.05","515.00"
"1057.1","2026-02-19"," 9:20:00 AM","2026-02-19"," 9:38:00 AM","CE","83800","Sell","20","151.45","75.70","","1515.00"
"1057.2","2026-02-19"," 9:20:00 AM","2026-02-19"," 9:27:00 AM","PE","83800","Sell","20","123.70","173.70","","-1000.00"
"1058","2026-02-19"," 11:20:00 AM","2026-02-19"," 12:02:00 PM","","","","","","","12.70","644.00"
"1058.1","2026-02-19"," 11:20:00 AM","2026-02-19"," 12:02:00 PM","CE","83300","Sell","20","164.40","82.20","","1644.00"
"1058.2","2026-02-19"," 11:20:00 AM","2026-02-19"," 11:25:00 AM","PE","83300","Sell","20","102.90","152.90","","-1000.00"
"1059","2026-02-20"," 9:20:00 AM","2026-02-20"," 9:34:00 AM","","","","","","","14.23","-1000.00"
"1059.1","2026-02-20"," 9:20:00 AM","2026-02-20"," 9:34:00 AM","CE","82400","Sell","20","596.05","596.05","","0.00"
"1059.2","2026-02-20"," 9:20:00 AM","2026-02-20"," 9:26:00 AM","PE","82400","Sell","20","462.45","512.45","","-1000.00"
"1060","2026-02-20"," 11:20:00 AM","2026-02-20"," 1:08:00 PM","","","","","","","14.37","-1000.00"
"1060.1","2026-02-20"," 11:20:00 AM","2026-02-20"," 11:47:00 AM","CE","82800","Sell","20","657.80","707.80","","-1000.00"
"1060.2","2026-02-20"," 11:20:00 AM","2026-02-20"," 1:08:00 PM","PE","82800","Sell","20","500.70","500.70","","0.00"
"1061","2026-02-23"," 9:20:00 AM","2026-02-23"," 10:14:00 AM","","","","","","","13.95","-1011.00"
"1061.1","2026-02-23"," 9:20:00 AM","2026-02-23"," 9:22:00 AM","CE","83200","Sell","20","536.50","587.05","","-1011.00"
"1061.2","2026-02-23"," 9:20:00 AM","2026-02-23"," 10:14:00 AM","PE","83200","Sell","20","438.70","438.70","","0.00"
"1062","2026-02-23"," 11:20:00 AM","2026-02-23"," 12:06:00 PM","","","","","","","14.32","-1000.00"
"1062.1","2026-02-23"," 11:20:00 AM","2026-02-23"," 12:06:00 PM","CE","83200","Sell","20","488.10","488.10","","0.00"
"1062.2","2026-02-23"," 11:20:00 AM","2026-02-23"," 11:50:00 AM","PE","83200","Sell","20","469.60","519.60","","-1000.00"
"1063","2026-02-24"," 9:20:00 AM","2026-02-24"," 12:44:00 PM","","","","","","","14.16","3430.00"
"1063.1","2026-02-24"," 9:20:00 AM","2026-02-24"," 12:44:00 PM","CE","82800","Sell","20","443.00","221.50","","4430.00"
"1063.2","2026-02-24"," 9:20:00 AM","2026-02-24"," 9:31:00 AM","PE","82800","Sell","20","411.00","461.00","","-1000.00"
"1064","2026-02-24"," 11:20:00 AM","2026-02-24"," 3:15:00 PM","","","","","","","14.06","2212.00"
"1064.1","2026-02-24"," 11:20:00 AM","2026-02-24"," 3:15:00 PM","CE","82600","Sell","20","428.65","268.05","","3212.00"
"1064.2","2026-02-24"," 11:20:00 AM","2026-02-24"," 11:59:00 AM","PE","82600","Sell","20","407.05","457.05","","-1000.00"
"1065","2026-02-25"," 9:20:00 AM","2026-02-25"," 9:55:00 AM","","","","","","","13.48","-1000.00"
"1065.1","2026-02-25"," 9:20:00 AM","2026-02-25"," 9:27:00 AM","CE","82700","Sell","20","332.40","382.40","","-1000.00"
"1065.2","2026-02-25"," 9:20:00 AM","2026-02-25"," 9:55:00 AM","PE","82700","Sell","20","269.45","269.45","","0.00"
"1066","2026-02-25"," 11:20:00 AM","2026-02-25"," 12:36:00 PM","","","","","","","12.91","2251.00"
"1066.1","2026-02-25"," 11:20:00 AM","2026-02-25"," 12:36:00 PM","CE","82700","Sell","20","325.15","162.60","","3251.00"
"1066.2","2026-02-25"," 11:20:00 AM","2026-02-25"," 12:23:00 PM","PE","82700","Sell","20","211.45","261.45","","-1000.00"
"1067","2026-02-26"," 9:20:00 AM","2026-02-26"," 9:39:00 AM","","","","","","","13.15","-1000.00"
"1067.1","2026-02-26"," 9:20:00 AM","2026-02-26"," 9:39:00 AM","CE","82400","Sell","20","228.85","228.85","","0.00"
"1067.2","2026-02-26"," 9:20:00 AM","2026-02-26"," 9:22:00 AM","PE","82400","Sell","20","165.25","215.25","","-1000.00"
"1068","2026-02-26"," 11:20:00 AM","2026-02-26"," 11:30:00 AM","","","","","","","13.07","-1000.00"
"1068.1","2026-02-26"," 11:20:00 AM","2026-02-26"," 11:26:00 AM","CE","82400","Sell","20","152.25","202.25","","-1000.00"
"1068.2","2026-02-26"," 11:20:00 AM","2026-02-26"," 11:30:00 AM","PE","82400","Sell","20","138.00","138.00","","0.00"
"1069","2026-02-27"," 9:20:00 AM","2026-02-27"," 3:09:00 PM","","","","","","","13.20","4940.00"
"1069.1","2026-02-27"," 9:20:00 AM","2026-02-27"," 3:09:00 PM","CE","81900","Sell","20","594.00","297.00","","5940.00"
"1069.2","2026-02-27"," 9:20:00 AM","2026-02-27"," 9:37:00 AM","PE","81900","Sell","20","470.00","520.00","","-1000.00"
"1070","2026-02-27"," 11:20:00 AM","2026-02-27"," 2:00:00 PM","","","","","","","13.44","-1000.00"
"1070.1","2026-02-27"," 11:20:00 AM","2026-02-27"," 2:00:00 PM","CE","81800","Sell","20","561.20","561.20","","0.00"
"1070.2","2026-02-27"," 11:20:00 AM","2026-02-27"," 11:32:00 AM","PE","81800","Sell","20","496.00","546.00","","-1000.00"
"1071","2026-03-02"," 9:20:00 AM","2026-03-02"," 9:24:00 AM","","","","","","","16.00","-1000.00"
"1071.1","2026-03-02"," 9:20:00 AM","2026-03-02"," 9:21:00 AM","CE","80300","Sell","20","695.95","745.95","","-1000.00"
"1071.2","2026-03-02"," 9:20:00 AM","2026-03-02"," 9:24:00 AM","PE","80300","Sell","20","621.50","621.50","","0.00"
"1072","2026-03-02"," 11:20:00 AM","2026-03-02"," 2:14:00 PM","","","","","","","15.89","-1000.00"
"1072.1","2026-03-02"," 11:20:00 AM","2026-03-02"," 2:14:00 PM","CE","80200","Sell","20","564.65","564.65","","0.00"
"1072.2","2026-03-02"," 11:20:00 AM","2026-03-02"," 11:29:00 AM","PE","80200","Sell","20","578.85","628.85","","-1000.00"
"1073","2026-03-04"," 9:20:00 AM","2026-03-04"," 9:42:00 AM","","","","","","","19.98","-1000.00"
"1073.1","2026-03-04"," 9:20:00 AM","2026-03-04"," 9:42:00 AM","CE","78700","Sell","20","593.65","593.65","","0.00"
"1073.2","2026-03-04"," 9:20:00 AM","2026-03-04"," 9:24:00 AM","PE","78700","Sell","20","614.10","664.10","","-1000.00"
"1074","2026-03-04"," 11:20:00 AM","2026-03-04"," 12:57:00 PM","","","","","","","20.74","-1000.00"
"1074.1","2026-03-04"," 11:20:00 AM","2026-03-04"," 12:57:00 PM","CE","78900","Sell","20","548.70","548.70","","0.00"
"1074.2","2026-03-04"," 11:20:00 AM","2026-03-04"," 11:27:00 AM","PE","78900","Sell","20","571.55","621.55","","-1000.00"
"1075","2026-03-05"," 9:20:00 AM","2026-03-05"," 9:23:00 AM","","","","","","","19.19","-1000.00"
"1075.1","2026-03-05"," 9:20:00 AM","2026-03-05"," 9:23:00 AM","CE","79400","Sell","20","312.95","312.95","","0.00"
"1075.2","2026-03-05"," 9:20:00 AM","2026-03-05"," 9:22:00 AM","PE","79400","Sell","20","259.50","309.50","","-1000.00"
"1076","2026-03-05"," 11:20:00 AM","2026-03-05"," 11:37:00 AM","","","","","","","18.76","1239.00"
"1076.1","2026-03-05"," 11:20:00 AM","2026-03-05"," 11:37:00 AM","CE","79600","Sell","20","223.90","111.95","","2239.00"
"1076.2","2026-03-05"," 11:20:00 AM","2026-03-05"," 11:28:00 AM","PE","79600","Sell","20","189.10","239.10","","-1000.00"
"1077","2026-03-06"," 9:20:00 AM","2026-03-06"," 10:50:00 AM","","","","","","","18.41","-1000.00"
"1077.1","2026-03-06"," 9:20:00 AM","2026-03-06"," 9:21:00 AM","CE","79500","Sell","20","875.95","925.95","","-1000.00"
"1077.2","2026-03-06"," 9:20:00 AM","2026-03-06"," 10:50:00 AM","PE","79500","Sell","20","842.60","842.60","","0.00"
"1078","2026-03-06"," 11:20:00 AM","2026-03-06"," 12:04:00 PM","","","","","","","18.76","-1000.00"
"1078.1","2026-03-06"," 11:20:00 AM","2026-03-06"," 11:42:00 AM","CE","79500","Sell","20","858.60","908.60","","-1000.00"
"1078.2","2026-03-06"," 11:20:00 AM","2026-03-06"," 12:04:00 PM","PE","79500","Sell","20","809.90","809.90","","0.00"
"1079","2026-03-09"," 9:20:00 AM","2026-03-09"," 10:11:00 AM","","","","","","","24.02","-1000.00"
"1079.1","2026-03-09"," 9:20:00 AM","2026-03-09"," 10:11:00 AM","CE","76700","Sell","20","1151.05","1151.05","","0.00"
"1079.2","2026-03-09"," 9:20:00 AM","2026-03-09"," 9:27:00 AM","PE","76700","Sell","20","1100.40","1150.40","","-1000.00"
"1080","2026-03-09"," 11:20:00 AM","2026-03-09"," 12:10:00 PM","","","","","","","23.76","-1000.00"
"1080.1","2026-03-09"," 11:20:00 AM","2026-03-09"," 11:24:00 AM","CE","77000","Sell","20","1021.05","1071.05","","-1000.00"
"1080.2","2026-03-09"," 11:20:00 AM","2026-03-09"," 12:10:00 PM","PE","77000","Sell","20","973.75","973.75","","0.00"
"1081","2026-03-10"," 9:20:00 AM","2026-03-10"," 9:45:00 AM","","","","","","","20.71","-1000.00"
"1081.1","2026-03-10"," 9:20:00 AM","2026-03-10"," 9:45:00 AM","CE","78000","Sell","20","678.90","678.90","","0.00"
"1081.2","2026-03-10"," 9:20:00 AM","2026-03-10"," 9:37:00 AM","PE","78000","Sell","20","681.15","731.15","","-1000.00"
"1082","2026-03-10"," 11:20:00 AM","2026-03-10"," 11:49:00 AM","","","","","","","19.97","-1000.00"
"1082.1","2026-03-10"," 11:20:00 AM","2026-03-10"," 11:36:00 AM","CE","78100","Sell","20","655.00","705.00","","-1000.00"
"1082.2","2026-03-10"," 11:20:00 AM","2026-03-10"," 11:49:00 AM","PE","78100","Sell","20","569.30","569.30","","0.00"
"1083","2026-03-11"," 9:20:00 AM","2026-03-11"," 10:43:00 AM","","","","","","","18.55","3161.00"
"1083.1","2026-03-11"," 9:20:00 AM","2026-03-11"," 10:43:00 AM","CE","78300","Sell","20","416.15","208.10","","4161.00"
"1083.2","2026-03-11"," 9:20:00 AM","2026-03-11"," 9:25:00 AM","PE","78300","Sell","20","420.10","470.10","","-1000.00"
"1084","2026-03-11"," 11:20:00 AM","2026-03-11"," 3:00:00 PM","","","","","","","20.06","4310.00"
"1084.1","2026-03-11"," 11:20:00 AM","2026-03-11"," 3:00:00 PM","CE","77400","Sell","20","531.00","265.50","","5310.00"
"1084.2","2026-03-11"," 11:20:00 AM","2026-03-11"," 11:24:00 AM","PE","77400","Sell","20","461.10","511.10","","-1000.00"
"1085","2026-03-12"," 9:20:00 AM","2026-03-12"," 9:22:00 AM","","","","","","","21.96","-1000.00"
"1085.1","2026-03-12"," 9:20:00 AM","2026-03-12"," 9:21:00 AM","CE","75900","Sell","20","280.40","330.40","","-1000.00"
"1085.2","2026-03-12"," 9:20:00 AM","2026-03-12"," 9:22:00 AM","PE","75900","Sell","20","244.45","244.45","","0.00"
"1086","2026-03-12"," 11:20:00 AM","2026-03-12"," 11:25:00 AM","","","","","","","21.87","-1000.00"
"1086.1","2026-03-12"," 11:20:00 AM","2026-03-12"," 11:25:00 AM","CE","76300","Sell","20","270.00","270.00","","0.00"
"1086.2","2026-03-12"," 11:20:00 AM","2026-03-12"," 11:22:00 AM","PE","76300","Sell","20","221.15","271.15","","-1000.00"
"1087","2026-03-13"," 9:20:00 AM","2026-03-13"," 9:22:00 AM","","","","","","","21.64","-1000.00"
"1087.1","2026-03-13"," 9:20:00 AM","2026-03-13"," 9:22:00 AM","CE","75400","Sell","20","998.05","998.05","","0.00"
"1087.2","2026-03-13"," 9:20:00 AM","2026-03-13"," 9:21:00 AM","PE","75400","Sell","20","912.15","962.15","","-1000.00"
"1088","2026-03-13"," 11:20:00 AM","2026-03-13"," 12:21:00 PM","","","","","","","21.94","-1000.00"
"1088.1","2026-03-13"," 11:20:00 AM","2026-03-13"," 11:29:00 AM","CE","75100","Sell","20","1044.00","1094.00","","-1000.00"
"1088.2","2026-03-13"," 11:20:00 AM","2026-03-13"," 12:21:00 PM","PE","75100","Sell","20","935.00","935.00","","0.00"
"1089","2026-03-16"," 9:20:00 AM","2026-03-16"," 9:29:00 AM","","","","","","","21.77","-1000.00"
"1089.1","2026-03-16"," 9:20:00 AM","2026-03-16"," 9:29:00 AM","CE","74600","Sell","20","867.15","867.15","","0.00"
"1089.2","2026-03-16"," 9:20:00 AM","2026-03-16"," 9:25:00 AM","PE","74600","Sell","20","752.60","802.60","","-1000.00"
"1090","2026-03-16"," 11:20:00 AM","2026-03-16"," 11:32:00 AM","","","","","","","21.84","-1000.00"
"1090.1","2026-03-16"," 11:20:00 AM","2026-03-16"," 11:32:00 AM","CE","74700","Sell","20","912.65","912.65","","0.00"
"1090.2","2026-03-16"," 11:20:00 AM","2026-03-16"," 11:26:00 AM","PE","74700","Sell","20","830.35","880.35","","-1000.00"
"1091","2026-03-17"," 9:20:00 AM","2026-03-17"," 9:34:00 AM","","","","","","","21.02","-1000.00"
"1091.1","2026-03-17"," 9:20:00 AM","2026-03-17"," 9:34:00 AM","CE","75500","Sell","20","639.60","639.60","","0.00"
"1091.2","2026-03-17"," 9:20:00 AM","2026-03-17"," 9:25:00 AM","PE","75500","Sell","20","676.70","726.70","","-1000.00"
"1092","2026-03-17"," 11:20:00 AM","2026-03-17"," 12:09:00 PM","","","","","","","20.41","-1000.00"
"1092.1","2026-03-17"," 11:20:00 AM","2026-03-17"," 12:09:00 PM","CE","75600","Sell","20","572.15","572.15","","0.00"
"1092.2","2026-03-17"," 11:20:00 AM","2026-03-17"," 11:22:00 AM","PE","75600","Sell","20","606.80","656.80","","-1000.00"
"1093","2026-03-18"," 9:20:00 AM","2026-03-18"," 9:33:00 AM","","","","","","","18.92","-1000.00"
"1093.1","2026-03-18"," 9:20:00 AM","2026-03-18"," 9:33:00 AM","CE","76500","Sell","20","393.10","393.10","","0.00"
"1093.2","2026-03-18"," 9:20:00 AM","2026-03-18"," 9:23:00 AM","PE","76500","Sell","20","392.60","442.60","","-1000.00"
"1094","2026-03-18"," 11:20:00 AM","2026-03-18"," 12:03:00 PM","","","","","","","18.87","-1000.00"
"1094.1","2026-03-18"," 11:20:00 AM","2026-03-18"," 11:41:00 AM","CE","76800","Sell","20","375.75","425.75","","-1000.00"
"1094.2","2026-03-18"," 11:20:00 AM","2026-03-18"," 12:03:00 PM","PE","76800","Sell","20","457.30","457.30","","0.00"
"1095","2026-03-19"," 9:20:00 AM","2026-03-19"," 9:31:00 AM","","","","","","","21.74","-1000.00"
"1095.1","2026-03-19"," 9:20:00 AM","2026-03-19"," 9:25:00 AM","CE","75100","Sell","20","298.60","348.60","","-1000.00"
"1095.2","2026-03-19"," 9:20:00 AM","2026-03-19"," 9:31:00 AM","PE","75100","Sell","20","250.35","250.35","","0.00"
"1096","2026-03-19"," 11:20:00 AM","2026-03-19"," 12:13:00 PM","","","","","","","21.67","1127.00"
"1096.1","2026-03-19"," 11:20:00 AM","2026-03-19"," 11:25:00 AM","CE","74900","Sell","20","206.75","256.75","","-1000.00"
"1096.2","2026-03-19"," 11:20:00 AM","2026-03-19"," 12:13:00 PM","PE","74900","Sell","20","212.70","106.35","","2127.00"
"1097","2026-03-20"," 9:20:00 AM","2026-03-20"," 9:22:00 AM","","","","","","","22.02","-1000.00"
"1097.1","2026-03-20"," 9:20:00 AM","2026-03-20"," 9:21:00 AM","CE","75100","Sell","20","899.50","949.50","","-1000.00"
"1097.2","2026-03-20"," 9:20:00 AM","2026-03-20"," 9:22:00 AM","PE","75100","Sell","20","851.45","851.45","","0.00"
"1098","2026-03-20"," 11:20:00 AM","2026-03-20"," 11:35:00 AM","","","","","","","22.08","-1000.00"
"1098.1","2026-03-20"," 11:20:00 AM","2026-03-20"," 11:22:00 AM","CE","75100","Sell","20","926.90","976.90","","-1000.00"
"1098.2","2026-03-20"," 11:20:00 AM","2026-03-20"," 11:35:00 AM","PE","75100","Sell","20","822.05","822.05","","0.00"
"1099","2026-03-23"," 9:20:00 AM","2026-03-23"," 9:48:00 AM","","","","","","","25.11","-1000.00"
"1099.1","2026-03-23"," 9:20:00 AM","2026-03-23"," 9:22:00 AM","CE","73100","Sell","20","912.95","962.95","","-1000.00"
"1099.2","2026-03-23"," 9:20:00 AM","2026-03-23"," 9:48:00 AM","PE","73100","Sell","20","860.60","860.60","","0.00"
"1100","2026-03-23"," 11:20:00 AM","2026-03-23"," 12:36:00 PM","","","","","","","26.14","-1000.00"
"1100.1","2026-03-23"," 11:20:00 AM","2026-03-23"," 12:36:00 PM","CE","72700","Sell","20","960.00","960.00","","0.00"
"1100.2","2026-03-23"," 11:20:00 AM","2026-03-23"," 12:24:00 PM","PE","72700","Sell","20","915.80","965.80","","-1000.00"
"1101","2026-03-24"," 9:20:00 AM","2026-03-24"," 9:43:00 AM","","","","","","","25.77","-1000.00"
"1101.1","2026-03-24"," 9:20:00 AM","2026-03-24"," 9:28:00 AM","CE","73500","Sell","20","713.40","763.40","","-1000.00"
"1101.2","2026-03-24"," 9:20:00 AM","2026-03-24"," 9:43:00 AM","PE","73500","Sell","20","658.85","658.85","","0.00"
"1102","2026-03-24"," 11:20:00 AM","2026-03-24"," 11:29:00 AM","","","","","","","25.54","-1000.00"
"1102.1","2026-03-24"," 11:20:00 AM","2026-03-24"," 11:29:00 AM","CE","73400","Sell","20","590.55","590.55","","0.00"
"1102.2","2026-03-24"," 11:20:00 AM","2026-03-24"," 11:26:00 AM","PE","73400","Sell","20","577.85","627.85","","-1000.00"
"1103","2026-03-25"," 9:20:00 AM","2026-03-25"," 10:01:00 AM","","","","","","","24.94","1625.00"
"1103.1","2026-03-25"," 9:20:00 AM","2026-03-25"," 9:22:00 AM","CE","74800","Sell","20","283.05","333.05","","-1000.00"
"1103.2","2026-03-25"," 9:20:00 AM","2026-03-25"," 10:01:00 AM","PE","74800","Sell","20","262.55","131.30","","2625.00"
"1104","2026-03-25"," 11:20:00 AM","2026-03-25"," 12:14:00 PM","","","","","","","24.46","-1000.00"
"1104.1","2026-03-25"," 11:20:00 AM","2026-03-25"," 12:14:00 PM","CE","75700","Sell","20","250.85","250.85","","0.00"
"1104.2","2026-03-25"," 11:20:00 AM","2026-03-25"," 11:26:00 AM","PE","75700","Sell","20","291.00","341.00","","-1000.00"
"1105","2026-03-27"," 9:20:00 AM","2026-03-27"," 9:26:00 AM","","","","","","","25.55","-1000.00"
"1105.1","2026-03-27"," 9:20:00 AM","2026-03-27"," 9:23:00 AM","CE","74400","Sell","20","1204.70","1254.70","","-1000.00"
"1105.2","2026-03-27"," 9:20:00 AM","2026-03-27"," 9:26:00 AM","PE","74400","Sell","20","1069.70","1069.70","","0.00"
"1106","2026-03-27"," 11:20:00 AM","2026-03-27"," 3:15:00 PM","","","","","","","26.58","4358.00"
"1106.1","2026-03-27"," 11:20:00 AM","2026-03-27"," 3:15:00 PM","CE","74100","Sell","20","1170.90","903.00","","5358.00"
"1106.2","2026-03-27"," 11:20:00 AM","2026-03-27"," 11:29:00 AM","PE","74100","Sell","20","1079.50","1129.50","","-1000.00"
"1107","2026-03-30"," 9:20:00 AM","2026-03-30"," 9:24:00 AM","","","","","","","28.69","-1447.00"
"1107.1","2026-03-30"," 9:20:00 AM","2026-03-30"," 9:23:00 AM","CE","72600","Sell","20","1024.55","1074.55","","-1000.00"
"1107.2","2026-03-30"," 9:20:00 AM","2026-03-30"," 9:24:00 AM","PE","72600","Sell","20","987.30","1009.65","","-447.00"
"1108","2026-03-30"," 11:20:00 AM","2026-03-30"," 11:46:00 AM","","","","","","","28.44","-1000.00"
"1108.1","2026-03-30"," 11:20:00 AM","2026-03-30"," 11:36:00 AM","CE","72400","Sell","20","954.15","1004.15","","-1000.00"
"1108.2","2026-03-30"," 11:20:00 AM","2026-03-30"," 11:46:00 AM","PE","72400","Sell","20","876.90","876.90","","0.00"
"1109","2026-04-01"," 9:20:00 AM","2026-04-01"," 9:52:00 AM","","","","","","","25.13","-1000.00"
"1109.1","2026-04-01"," 9:20:00 AM","2026-04-01"," 9:52:00 AM","CE","73800","Sell","20","559.90","559.90","","0.00"
"1109.2","2026-04-01"," 9:20:00 AM","2026-04-01"," 9:35:00 AM","PE","73800","Sell","20","563.75","613.75","","-1000.00"
"1110","2026-04-01"," 11:20:00 AM","2026-04-01"," 11:49:00 AM","","","","","","","25.24","-1000.00"
"1110.1","2026-04-01"," 11:20:00 AM","2026-04-01"," 11:28:00 AM","CE","73400","Sell","20","544.70","594.70","","-1000.00"
"1110.2","2026-04-01"," 11:20:00 AM","2026-04-01"," 11:49:00 AM","PE","73400","Sell","20","466.10","466.10","","0.00"
"1111","2026-04-02"," 9:20:00 AM","2026-04-02"," 9:53:00 AM","","","","","","","26.27","-1000.00"
"1111.1","2026-04-02"," 9:20:00 AM","2026-04-02"," 9:32:00 AM","CE","71700","Sell","20","289.45","339.45","","-1000.00"
"1111.2","2026-04-02"," 9:20:00 AM","2026-04-02"," 9:53:00 AM","PE","71700","Sell","20","305.85","305.85","","0.00"
"1112","2026-04-02"," 11:20:00 AM","2026-04-02"," 12:30:00 PM","","","","","","","26.06","1101.00"
"1112.1","2026-04-02"," 11:20:00 AM","2026-04-02"," 11:48:00 AM","CE","71600","Sell","20","205.45","255.45","","-1000.00"
"1112.2","2026-04-02"," 11:20:00 AM","2026-04-02"," 12:30:00 PM","PE","71600","Sell","20","210.05","105.00","","2101.00"
"1113","2026-04-06"," 9:20:00 AM","2026-04-06"," 9:23:00 AM","","","","","","","26.08","-1000.00"
"1113.1","2026-04-06"," 9:20:00 AM","2026-04-06"," 9:21:00 AM","CE","73100","Sell","20","1012.80","1062.80","","-1000.00"
"1113.2","2026-04-06"," 9:20:00 AM","2026-04-06"," 9:23:00 AM","PE","73100","Sell","20","954.95","954.95","","0.00"
"1114","2026-04-06"," 11:20:00 AM","2026-04-06"," 11:41:00 AM","","","","","","","26.27","-1000.00"
"1114.1","2026-04-06"," 11:20:00 AM","2026-04-06"," 11:38:00 AM","CE","72900","Sell","20","951.50","1001.50","","-1000.00"
"1114.2","2026-04-06"," 11:20:00 AM","2026-04-06"," 11:41:00 AM","PE","72900","Sell","20","881.10","881.10","","0.00"
"1115","2026-04-07"," 9:20:00 AM","2026-04-07"," 3:02:00 PM","","","","","","","25.93","7125.00"
"1115.1","2026-04-07"," 9:20:00 AM","2026-04-07"," 9:23:00 AM","CE","73400","Sell","20","881.40","931.40","","-1000.00"
"1115.2","2026-04-07"," 9:20:00 AM","2026-04-07"," 3:02:00 PM","PE","73400","Sell","20","812.45","406.20","","8125.00"
"1116","2026-04-07"," 11:20:00 AM","2026-04-07"," 3:15:00 PM","","","","","","","25.50","5040.00"
"1116.1","2026-04-07"," 11:20:00 AM","2026-04-07"," 11:23:00 AM","CE","73900","Sell","20","809.45","859.45","","-1000.00"
"1116.2","2026-04-07"," 11:20:00 AM","2026-04-07"," 3:15:00 PM","PE","73900","Sell","20","851.85","549.85","","6040.00"
"1117","2026-04-08"," 9:20:00 AM","2026-04-08"," 9:28:00 AM","","","","","","","19.99","-1239.00"
"1117.1","2026-04-08"," 9:20:00 AM","2026-04-08"," 9:28:00 AM","CE","77300","Sell","20","396.35","408.30","","-239.00"
"1117.2","2026-04-08"," 9:20:00 AM","2026-04-08"," 9:27:00 AM","PE","77300","Sell","20","546.75","596.75","","-1000.00"
"1118","2026-04-08"," 11:20:00 AM","2026-04-08"," 11:47:00 AM","","","","","","","19.41","-1000.00"
"1118.1","2026-04-08"," 11:20:00 AM","2026-04-08"," 11:47:00 AM","CE","77600","Sell","20","375.25","375.25","","0.00"
"1118.2","2026-04-08"," 11:20:00 AM","2026-04-08"," 11:39:00 AM","PE","77600","Sell","20","448.75","498.75","","-1000.00"
"1119","2026-04-09"," 9:20:00 AM","2026-04-09"," 9:32:00 AM","","","","","","","19.95","-1000.00"
"1119.1","2026-04-09"," 9:20:00 AM","2026-04-09"," 9:22:00 AM","CE","77300","Sell","20","235.45","285.45","","-1000.00"
"1119.2","2026-04-09"," 9:20:00 AM","2026-04-09"," 9:32:00 AM","PE","77300","Sell","20","296.10","296.10","","0.00"
"1120","2026-04-09"," 11:20:00 AM","2026-04-09"," 11:56:00 AM","","","","","","","20.35","1431.00"
"1120.1","2026-04-09"," 11:20:00 AM","2026-04-09"," 11:31:00 AM","CE","76900","Sell","20","209.15","259.15","","-1000.00"
"1120.2","2026-04-09"," 11:20:00 AM","2026-04-09"," 11:56:00 AM","PE","76900","Sell","20","243.10","121.55","","2431.00"
"1121","2026-04-10"," 9:20:00 AM","2026-04-10"," 9:47:00 AM","","","","","","","19.38","-1000.00"
"1121.1","2026-04-10"," 9:20:00 AM","2026-04-10"," 9:47:00 AM","CE","77200","Sell","20","800.00","800.00","","0.00"
"1121.2","2026-04-10"," 9:20:00 AM","2026-04-10"," 9:25:00 AM","PE","77200","Sell","20","724.20","774.20","","-1000.00"
"1122","2026-04-10"," 11:20:00 AM","2026-04-10"," 12:05:00 PM","","","","","","","18.99","-1000.00"
"1122.1","2026-04-10"," 11:20:00 AM","2026-04-10"," 12:05:00 PM","CE","77300","Sell","20","796.40","796.40","","0.00"
"1122.2","2026-04-10"," 11:20:00 AM","2026-04-10"," 11:48:00 AM","PE","77300","Sell","20","663.40","713.40","","-1000.00"
"1123","2026-04-13"," 9:20:00 AM","2026-04-13"," 1:55:00 PM","","","","","","","21.47","6335.00"
"1123.1","2026-04-13"," 9:20:00 AM","2026-04-13"," 9:42:00 AM","CE","76000","Sell","20","744.30","794.30","","-1000.00"
"1123.2","2026-04-13"," 9:20:00 AM","2026-04-13"," 1:55:00 PM","PE","76000","Sell","20","733.45","366.70","","7335.00"
"1124","2026-04-13"," 11:20:00 AM","2026-04-13"," 3:15:00 PM","","","","","","","20.71","1560.00"
"1124.1","2026-04-13"," 11:20:00 AM","2026-04-13"," 11:50:00 AM","CE","76500","Sell","20","730.65","780.65","","-1000.00"
"1124.2","2026-04-13"," 11:20:00 AM","2026-04-13"," 3:15:00 PM","PE","76500","Sell","20","708.80","580.80","","2560.00"
"1125","2026-04-15"," 9:20:00 AM","2026-04-15"," 10:07:00 AM","","","","","","","18.27","-1000.00"
"1125.1","2026-04-15"," 9:20:00 AM","2026-04-15"," 10:07:00 AM","CE","78100","Sell","20","406.80","406.80","","0.00"
"1125.2","2026-04-15"," 9:20:00 AM","2026-04-15"," 9:28:00 AM","PE","78100","Sell","20","348.50","398.50","","-1000.00"
"1126","2026-04-15"," 11:20:00 AM","2026-04-15"," 3:15:00 PM","","","","","","","18.92","1132.00"
"1126.1","2026-04-15"," 11:20:00 AM","2026-04-15"," 11:49:00 AM","CE","78000","Sell","20","369.35","419.35","","-1000.00"
"1126.2","2026-04-15"," 11:20:00 AM","2026-04-15"," 3:15:00 PM","PE","78000","Sell","20","392.60","286.00","","2132.00"
"1127","2026-04-16"," 9:20:00 AM","2026-04-16"," 9:41:00 AM","","","","","","","18.10","781.00"
"1127.1","2026-04-16"," 9:20:00 AM","2026-04-16"," 9:41:00 AM","CE","78700","Sell","20","178.10","89.05","","1781.00"
"1127.2","2026-04-16"," 9:20:00 AM","2026-04-16"," 9:38:00 AM","PE","78700","Sell","20","243.10","293.10","","-1000.00"
"1128","2026-04-16"," 11:20:00 AM","2026-04-16"," 11:43:00 AM","","","","","","","17.87","530.00"
"1128.1","2026-04-16"," 11:20:00 AM","2026-04-16"," 11:43:00 AM","CE","78400","Sell","20","153.00","76.50","","1530.00"
"1128.2","2026-04-16"," 11:20:00 AM","2026-04-16"," 11:27:00 AM","PE","78400","Sell","20","141.75","191.75","","-1000.00"
"1129","2026-04-17"," 9:20:00 AM","2026-04-17"," 9:40:00 AM","","","","","","","18.22","-1000.00"
"1129.1","2026-04-17"," 9:20:00 AM","2026-04-17"," 9:40:00 AM","CE","78100","Sell","20","727.45","727.45","","0.00"
"1129.2","2026-04-17"," 9:20:00 AM","2026-04-17"," 9:36:00 AM","PE","78100","Sell","20","730.00","780.00","","-1000.00"
"1130","2026-04-17"," 11:20:00 AM","2026-04-17"," 12:00:00 PM","","","","","","","17.80","-1000.00"
"1130.1","2026-04-17"," 11:20:00 AM","2026-04-17"," 11:55:00 AM","CE","78300","Sell","20","717.10","767.10","","-1000.00"
"1130.2","2026-04-17"," 11:20:00 AM","2026-04-17"," 12:00:00 PM","PE","78300","Sell","20","679.50","679.50","","0.00"
"1131","2026-04-20"," 9:20:00 AM","2026-04-20"," 9:33:00 AM","","","","","","","18.40","-1000.00"
"1131.1","2026-04-20"," 9:20:00 AM","2026-04-20"," 9:23:00 AM","CE","78500","Sell","20","647.10","697.10","","-1000.00"
"1131.2","2026-04-20"," 9:20:00 AM","2026-04-20"," 9:33:00 AM","PE","78500","Sell","20","645.70","645.70","","0.00"
"1132","2026-04-20"," 11:20:00 AM","2026-04-20"," 12:14:00 PM","","","","","","","18.04","-1000.00"
"1132.1","2026-04-20"," 11:20:00 AM","2026-04-20"," 11:25:00 AM","CE","78800","Sell","20","667.00","717.00","","-1000.00"
"1132.2","2026-04-20"," 11:20:00 AM","2026-04-20"," 12:14:00 PM","PE","78800","Sell","20","661.55","661.55","","0.00"
"1133","2026-04-21"," 9:20:00 AM","2026-04-21"," 3:15:00 PM","","","","","","","18.11","2951.00"
"1133.1","2026-04-21"," 9:20:00 AM","2026-04-21"," 9:47:00 AM","CE","78900","Sell","20","581.15","631.15","","-1000.00"
"1133.2","2026-04-21"," 9:20:00 AM","2026-04-21"," 3:15:00 PM","PE","78900","Sell","20","580.75","383.20","","3951.00"
"1134","2026-04-21"," 11:20:00 AM","2026-04-21"," 12:05:00 PM","","","","","","","17.62","-1000.00"
"1134.1","2026-04-21"," 11:20:00 AM","2026-04-21"," 12:05:00 PM","CE","79200","Sell","20","543.65","543.65","","0.00"
"1134.2","2026-04-21"," 11:20:00 AM","2026-04-21"," 11:35:00 AM","PE","79200","Sell","20","524.80","574.80","","-1000.00"
"1135","2026-04-22"," 9:20:00 AM","2026-04-22"," 2:17:00 PM","","","","","","","18.12","2907.00"
"1135.1","2026-04-22"," 9:20:00 AM","2026-04-22"," 2:17:00 PM","CE","78900","Sell","20","390.75","195.40","","3907.00"
"1135.2","2026-04-22"," 9:20:00 AM","2026-04-22"," 9:29:00 AM","PE","78900","Sell","20","427.60","477.60","","-1000.00"
"1136","2026-04-22"," 11:20:00 AM","2026-04-22"," 3:15:00 PM","","","","","","","18.23","1583.00"
"1136.1","2026-04-22"," 11:20:00 AM","2026-04-22"," 3:15:00 PM","CE","78700","Sell","20","388.05","258.90","","2583.00"
"1136.2","2026-04-22"," 11:20:00 AM","2026-04-22"," 11:46:00 AM","PE","78700","Sell","20","369.70","419.70","","-1000.00"
"1137","2026-04-23"," 9:20:00 AM","2026-04-23"," 9:34:00 AM","","","","","","","18.86","-1000.00"
"1137.1","2026-04-23"," 9:20:00 AM","2026-04-23"," 9:32:00 AM","CE","77900","Sell","20","183.90","233.90","","-1000.00"
"1137.2","2026-04-23"," 9:20:00 AM","2026-04-23"," 9:34:00 AM","PE","77900","Sell","20","219.25","219.25","","0.00"
"1138","2026-04-23"," 11:20:00 AM","2026-04-23"," 12:23:00 PM","","","","","","","18.85","574.00"
"1138.1","2026-04-23"," 11:20:00 AM","2026-04-23"," 12:23:00 PM","CE","77800","Sell","20","122.80","172.80","","-1000.00"
"1138.2","2026-04-23"," 11:20:00 AM","2026-04-23"," 12:23:00 PM","PE","77800","Sell","20","157.40","78.70","","1574.00"
"1139","2026-04-24"," 9:20:00 AM","2026-04-24"," 1:44:00 PM","","","","","","","18.78","6561.00"
"1139.1","2026-04-24"," 9:20:00 AM","2026-04-24"," 1:44:00 PM","CE","77500","Sell","20","756.05","378.00","","7561.00"
"1139.2","2026-04-24"," 9:20:00 AM","2026-04-24"," 9:21:00 AM","PE","77500","Sell","20","708.10","758.10","","-1000.00"
"1140","2026-04-24"," 11:20:00 AM","2026-04-24"," 2:31:00 PM","","","","","","","19.31","-1000.00"
"1140.1","2026-04-24"," 11:20:00 AM","2026-04-24"," 2:31:00 PM","CE","76800","Sell","20","763.90","763.90","","0.00"
"1140.2","2026-04-24"," 11:20:00 AM","2026-04-24"," 12:26:00 PM","PE","76800","Sell","20","728.30","778.30","","-1000.00"
"1141","2026-04-27"," 9:20:00 AM","2026-04-27"," 9:34:00 AM","","","","","","","19.35","-1000.00"
"1141.1","2026-04-27"," 9:20:00 AM","2026-04-27"," 9:22:00 AM","CE","77100","Sell","20","652.65","702.65","","-1000.00"
"1141.2","2026-04-27"," 9:20:00 AM","2026-04-27"," 9:34:00 AM","PE","77100","Sell","20","594.35","594.35","","0.00"
"1142","2026-04-27"," 11:20:00 AM","2026-04-27"," 12:34:00 PM","","","","","","","18.51","-1000.00"
"1142.1","2026-04-27"," 11:20:00 AM","2026-04-27"," 12:34:00 PM","CE","77200","Sell","20","607.80","607.80","","0.00"
"1142.2","2026-04-27"," 11:20:00 AM","2026-04-27"," 11:27:00 AM","PE","77200","Sell","20","506.00","556.00","","-1000.00"
"1143","2026-04-28"," 9:20:00 AM","2026-04-28"," 9:33:00 AM","","","","","","","18.14","-1000.00"
"1143.1","2026-04-28"," 9:20:00 AM","2026-04-28"," 9:27:00 AM","CE","77200","Sell","20","495.30","545.30","","-1000.00"
"1143.2","2026-04-28"," 9:20:00 AM","2026-04-28"," 9:33:00 AM","PE","77200","Sell","20","430.40","430.40","","0.00"
"1144","2026-04-28"," 11:20:00 AM","2026-04-28"," 2:16:00 PM","","","","","","","17.47","3587.00"
"1144.1","2026-04-28"," 11:20:00 AM","2026-04-28"," 2:16:00 PM","CE","77300","Sell","20","458.75","229.40","","4587.00"
"1144.2","2026-04-28"," 11:20:00 AM","2026-04-28"," 11:26:00 AM","PE","77300","Sell","20","421.40","471.40","","-1000.00"
"1145","2026-04-29"," 9:20:00 AM","2026-04-29"," 9:40:00 AM","","","","","","","17.63","-1000.00"
"1145.1","2026-04-29"," 9:20:00 AM","2026-04-29"," 9:28:00 AM","CE","77200","Sell","20","333.55","383.55","","-1000.00"
"1145.2","2026-04-29"," 9:20:00 AM","2026-04-29"," 9:40:00 AM","PE","77200","Sell","20","314.70","314.70","","0.00"
"1146","2026-04-29"," 11:20:00 AM","2026-04-29"," 1:42:00 PM","","","","","","","17.02","-1000.00"
"1146.1","2026-04-29"," 11:20:00 AM","2026-04-29"," 12:11:00 PM","CE","77800","Sell","20","355.30","405.30","","-1000.00"
"1146.2","2026-04-29"," 11:20:00 AM","2026-04-29"," 1:42:00 PM","PE","77800","Sell","20","308.65","308.65","","0.00"
"1147","2026-04-30"," 9:20:00 AM","2026-04-30"," 9:46:00 AM","","","","","","","18.07","-1000.00"
"1147.1","2026-04-30"," 9:20:00 AM","2026-04-30"," 9:46:00 AM","CE","76800","Sell","20","170.50","170.50","","0.00"
"1147.2","2026-04-30"," 9:20:00 AM","2026-04-30"," 9:21:00 AM","PE","76800","Sell","20","213.35","263.35","","-1000.00"
"1148","2026-04-30"," 11:20:00 AM","2026-04-30"," 12:05:00 PM","","","","","","","19.34","484.00"
"1148.1","2026-04-30"," 11:20:00 AM","2026-04-30"," 11:34:00 AM","CE","76300","Sell","20","142.85","192.85","","-1000.00"
"1148.2","2026-04-30"," 11:20:00 AM","2026-04-30"," 12:05:00 PM","PE","76300","Sell","20","148.40","74.20","","1484.00"
"1149","2026-05-04"," 9:20:00 AM","2026-05-04"," 9:22:00 AM","","","","","","","17.89","-1000.00"
"1149.1","2026-05-04"," 9:20:00 AM","2026-05-04"," 9:21:00 AM","CE","77500","Sell","20","755.60","805.60","","-1000.00"
"1149.2","2026-05-04"," 9:20:00 AM","2026-05-04"," 9:22:00 AM","PE","77500","Sell","20","533.15","533.15","","0.00"
"1150","2026-05-04"," 11:20:00 AM","2026-05-04"," 3:15:00 PM","","","","","","","18.01","2057.00"
"1150.1","2026-05-04"," 11:20:00 AM","2026-05-04"," 3:15:00 PM","CE","77700","Sell","20","678.60","525.75","","3057.00"
"1150.2","2026-05-04"," 11:20:00 AM","2026-05-04"," 12:08:00 PM","PE","77700","Sell","20","548.75","598.75","","-1000.00"
"1151","2026-05-05"," 9:20:00 AM","2026-05-05"," 9:24:00 AM","","","","","","","18.65","-1000.00"
"1151.1","2026-05-05"," 9:20:00 AM","2026-05-05"," 9:24:00 AM","CE","77100","Sell","20","532.45","532.45","","0.00"
"1151.2","2026-05-05"," 9:20:00 AM","2026-05-05"," 9:22:00 AM","PE","77100","Sell","20","484.25","534.25","","-1000.00"
"1152","2026-05-05"," 11:20:00 AM","2026-05-05"," 12:15:00 PM","","","","","","","18.59","-1000.00"
"1152.1","2026-05-05"," 11:20:00 AM","2026-05-05"," 12:15:00 PM","CE","76700","Sell","20","482.00","482.00","","0.00"
"1152.2","2026-05-05"," 11:20:00 AM","2026-05-05"," 11:48:00 AM","PE","76700","Sell","20","470.25","520.25","","-1000.00"
"1153","2026-05-06"," 9:20:00 AM","2026-05-06"," 9:24:00 AM","","","","","","","17.26","-1000.00"
"1153.1","2026-05-06"," 9:20:00 AM","2026-05-06"," 9:24:00 AM","CE","77400","Sell","20","455.15","455.15","","0.00"
"1153.2","2026-05-06"," 9:20:00 AM","2026-05-06"," 9:23:00 AM","PE","77400","Sell","20","255.00","305.00","","-1000.00"
"1154","2026-05-06"," 11:20:00 AM","2026-05-06"," 11:38:00 AM","","","","","","","17.48","-1000.00"
"1154.1","2026-05-06"," 11:20:00 AM","2026-05-06"," 11:31:00 AM","CE","77200","Sell","20","362.05","412.05","","-1000.00"
"1154.2","2026-05-06"," 11:20:00 AM","2026-05-06"," 11:38:00 AM","PE","77200","Sell","20","310.95","310.95","","0.00"
"1155","2026-05-07"," 9:20:00 AM","2026-05-07"," 9:31:00 AM","","","","","","","16.73","-1000.00"
"1155.1","2026-05-07"," 9:20:00 AM","2026-05-07"," 9:29:00 AM","CE","77900","Sell","20","235.80","285.80","","-1000.00"
"1155.2","2026-05-07"," 9:20:00 AM","2026-05-07"," 9:31:00 AM","PE","77900","Sell","20","242.90","242.90","","0.00"
"1156","2026-05-07"," 11:20:00 AM","2026-05-07"," 11:32:00 AM","","","","","","","17.00","-1000.00"
"1156.1","2026-05-07"," 11:20:00 AM","2026-05-07"," 11:32:00 AM","CE","77800","Sell","20","197.25","197.25","","0.00"
"1156.2","2026-05-07"," 11:20:00 AM","2026-05-07"," 11:22:00 AM","PE","77800","Sell","20","175.65","225.65","","-1000.00"
"1157","2026-05-08"," 9:20:00 AM","2026-05-08"," 9:25:00 AM","","","","","","","16.70","-1000.00"
"1157.1","2026-05-08"," 9:20:00 AM","2026-05-08"," 9:23:00 AM","CE","77500","Sell","20","731.15","781.15","","-1000.00"
"1157.2","2026-05-08"," 9:20:00 AM","2026-05-08"," 9:25:00 AM","PE","77500","Sell","20","672.75","672.75","","0.00"
"1158","2026-05-08"," 11:20:00 AM","2026-05-08"," 11:35:00 AM","","","","","","","17.05","-1000.00"
"1158.1","2026-05-08"," 11:20:00 AM","2026-05-08"," 11:35:00 AM","CE","77500","Sell","20","696.55","696.55","","0.00"
"1158.2","2026-05-08"," 11:20:00 AM","2026-05-08"," 11:31:00 AM","PE","77500","Sell","20","672.60","722.60","","-1000.00"
"1159","2026-05-11"," 9:20:00 AM","2026-05-11"," 11:21:00 AM","","","","","","","18.55","-1000.00"
"1159.1","2026-05-11"," 9:20:00 AM","2026-05-11"," 11:21:00 AM","CE","76400","Sell","20","677.50","677.50","","0.00"
"1159.2","2026-05-11"," 9:20:00 AM","2026-05-11"," 9:39:00 AM","PE","76400","Sell","20","587.95","637.95","","-1000.00"
"1160","2026-05-11"," 11:20:00 AM","2026-05-11"," 12:32:00 PM","","","","","","","18.38","-1000.00"
"1160.1","2026-05-11"," 11:20:00 AM","2026-05-11"," 11:43:00 AM","CE","76400","Sell","20","653.00","703.00","","-1000.00"
"1160.2","2026-05-11"," 11:20:00 AM","2026-05-11"," 12:32:00 PM","PE","76400","Sell","20","553.45","553.45","","0.00"
"1161","2026-05-12"," 9:20:00 AM","2026-05-12"," 12:31:00 PM","","","","","","","18.42","4118.00"
"1161.1","2026-05-12"," 9:20:00 AM","2026-05-12"," 12:31:00 PM","CE","75700","Sell","20","511.80","255.90","","5118.00"
"1161.2","2026-05-12"," 9:20:00 AM","2026-05-12"," 9:24:00 AM","PE","75700","Sell","20","483.25","533.25","","-1000.00"
"1162","2026-05-12"," 11:20:00 AM","2026-05-12"," 2:58:00 PM","","","","","","","18.77","4215.00"
"1162.1","2026-05-12"," 11:20:00 AM","2026-05-12"," 2:58:00 PM","CE","75200","Sell","20","521.50","260.75","","5215.00"
"1162.2","2026-05-12"," 11:20:00 AM","2026-05-12"," 12:08:00 PM","PE","75200","Sell","20","434.50","484.50","","-1000.00"
"1163","2026-05-13"," 9:20:00 AM","2026-05-13"," 10:06:00 AM","","","","","","","19.07","-1000.00"
"1163.1","2026-05-13"," 9:20:00 AM","2026-05-13"," 10:06:00 AM","CE","74600","Sell","20","482.70","482.70","","0.00"
"1163.2","2026-05-13"," 9:20:00 AM","2026-05-13"," 9:32:00 AM","PE","74600","Sell","20","401.00","451.00","","-1000.00"
"1164","2026-05-13"," 11:20:00 AM","2026-05-13"," 12:56:00 PM","","","","","","","19.69","3012.00"
"1164.1","2026-05-13"," 11:20:00 AM","2026-05-13"," 11:37:00 AM","CE","74600","Sell","20","440.30","490.30","","-1000.00"
"1164.2","2026-05-13"," 11:20:00 AM","2026-05-13"," 12:56:00 PM","PE","74600","Sell","20","401.20","200.60","","4012.00"
"1165","2026-05-14"," 9:20:00 AM","2026-05-14"," 9:37:00 AM","","","","","","","18.76","-1000.00"
"1165.1","2026-05-14"," 9:20:00 AM","2026-05-14"," 9:27:00 AM","CE","75000","Sell","20","215.45","265.45","","-1000.00"
"1165.2","2026-05-14"," 9:20:00 AM","2026-05-14"," 9:37:00 AM","PE","75000","Sell","20","242.05","242.05","","0.00"
"1166","2026-05-14"," 11:20:00 AM","2026-05-14"," 11:29:00 AM","","","","","","","18.85","851.00"
"1166.1","2026-05-14"," 11:20:00 AM","2026-05-14"," 11:22:00 AM","CE","74800","Sell","20","168.60","218.60","","-1000.00"
"1166.2","2026-05-14"," 11:20:00 AM","2026-05-14"," 11:29:00 AM","PE","74800","Sell","20","185.05","92.50","","1851.00"
"1167","2026-05-15"," 9:20:00 AM","2026-05-15"," 11:18:00 AM","","","","","","","18.60","-1000.00"
"1167.1","2026-05-15"," 9:20:00 AM","2026-05-15"," 9:24:00 AM","CE","75500","Sell","20","761.15","811.15","","-1000.00"
"1167.2","2026-05-15"," 9:20:00 AM","2026-05-15"," 11:18:00 AM","PE","75500","Sell","20","694.05","694.05","","0.00"
"1168","2026-05-15"," 11:20:00 AM","2026-05-15"," 11:39:00 AM","","","","","","","18.55","-1000.00"
"1168.1","2026-05-15"," 11:20:00 AM","2026-05-15"," 11:39:00 AM","CE","75500","Sell","20","741.00","741.00","","0.00"
"1168.2","2026-05-15"," 11:20:00 AM","2026-05-15"," 11:30:00 AM","PE","75500","Sell","20","675.90","725.90","","-1000.00"
"1169","2026-05-18"," 9:20:00 AM","2026-05-18"," 9:28:00 AM","","","","","","","19.49","-1023.00"
"1169.1","2026-05-18"," 9:20:00 AM","2026-05-18"," 9:28:00 AM","CE","74500","Sell","20","654.85","656.00","","-23.00"
"1169.2","2026-05-18"," 9:20:00 AM","2026-05-18"," 9:27:00 AM","PE","74500","Sell","20","641.50","691.50","","-1000.00"
"1170","2026-05-18"," 11:20:00 AM","2026-05-18"," 11:28:00 AM","","","","","","","19.56","-1000.00"
"1170.1","2026-05-18"," 11:20:00 AM","2026-05-18"," 11:25:00 AM","CE","74800","Sell","20","617.55","667.55","","-1000.00"
"1170.2","2026-05-18"," 11:20:00 AM","2026-05-18"," 11:28:00 AM","PE","74800","Sell","20","648.40","648.40","","0.00"
"1171","2026-05-19"," 9:20:00 AM","2026-05-19"," 9:44:00 AM","","","","","","","18.77","-1000.00"
"1171.1","2026-05-19"," 9:20:00 AM","2026-05-19"," 9:44:00 AM","CE","75700","Sell","20","488.40","488.40","","0.00"
"1171.2","2026-05-19"," 9:20:00 AM","2026-05-19"," 9:34:00 AM","PE","75700","Sell","20","533.10","583.10","","-1000.00"
"1172","2026-05-19"," 11:20:00 AM","2026-05-19"," 1:39:00 PM","","","","","","","18.68","-1000.00"
"1172.1","2026-05-19"," 11:20:00 AM","2026-05-19"," 11:43:00 AM","CE","75500","Sell","20","478.35","528.35","","-1000.00"
"1172.2","2026-05-19"," 11:20:00 AM","2026-05-19"," 1:39:00 PM","PE","75500","Sell","20","463.80","463.80","","0.00"
"1173","2026-05-20"," 9:20:00 AM","2026-05-20"," 11:46:00 AM","","","","","","","19.15","3284.00"
"1173.1","2026-05-20"," 9:20:00 AM","2026-05-20"," 9:32:00 AM","CE","74700","Sell","20","402.55","452.55","","-1000.00"
"1173.2","2026-05-20"," 9:20:00 AM","2026-05-20"," 11:46:00 AM","PE","74700","Sell","20","428.40","214.20","","4284.00"
"1174","2026-05-20"," 11:20:00 AM","2026-05-20"," 2:22:00 PM","","","","","","","18.75","3030.00"
"1174.1","2026-05-20"," 11:20:00 AM","2026-05-20"," 11:23:00 AM","CE","75000","Sell","20","360.50","410.50","","-1000.00"
"1174.2","2026-05-20"," 11:20:00 AM","2026-05-20"," 2:22:00 PM","PE","75000","Sell","20","403.00","201.50","","4030.00"
"1175","2026-05-21"," 9:20:00 AM","2026-05-21"," 9:46:00 AM","","","","","","","17.87","-1000.00"
"1175.1","2026-05-21"," 9:20:00 AM","2026-05-21"," 9:46:00 AM","CE","75600","Sell","20","262.70","262.70","","0.00"
"1175.2","2026-05-21"," 9:20:00 AM","2026-05-21"," 9:29:00 AM","PE","75600","Sell","20","198.40","248.40","","-1000.00"
"1176","2026-05-21"," 11:20:00 AM","2026-05-21"," 11:29:00 AM","","","","","","","18.15","941.00"
"1176.1","2026-05-21"," 11:20:00 AM","2026-05-21"," 11:25:00 AM","CE","75300","Sell","20","168.15","218.15","","-1000.00"
"1176.2","2026-05-21"," 11:20:00 AM","2026-05-21"," 11:29:00 AM","PE","75300","Sell","20","194.10","97.05","","1941.00"
"1177","2026-05-22"," 9:20:00 AM","2026-05-22"," 3:15:00 PM","","","","","","","18.38","523.00"
"1177.1","2026-05-22"," 9:20:00 AM","2026-05-22"," 9:22:00 AM","CE","75300","Sell","20","644.25","694.25","","-1000.00"
"1177.2","2026-05-22"," 9:20:00 AM","2026-05-22"," 3:15:00 PM","PE","75300","Sell","20","542.10","465.95","","1523.00"
"1178","2026-05-22"," 11:20:00 AM","2026-05-22"," 12:33:00 PM","","","","","","","18.52","-1000.00"
"1178.1","2026-05-22"," 11:20:00 AM","2026-05-22"," 11:43:00 AM","CE","75600","Sell","20","585.60","635.60","","-1000.00"
"1178.2","2026-05-22"," 11:20:00 AM","2026-05-22"," 12:33:00 PM","PE","75600","Sell","20","549.30","549.30","","0.00"
"1179","2026-05-25"," 9:20:00 AM","2026-05-25"," 10:07:00 AM","","","","","","","17.14","-1000.00"
"1179.1","2026-05-25"," 9:20:00 AM","2026-05-25"," 10:07:00 AM","CE","76200","Sell","20","484.25","484.25","","0.00"
"1179.2","2026-05-25"," 9:20:00 AM","2026-05-25"," 9:49:00 AM","PE","76200","Sell","20","390.65","440.65","","-1000.00"
"1180","2026-05-25"," 11:20:00 AM","2026-05-25"," 1:04:00 PM","","","","","","","16.84","-1000.00"
"1180.1","2026-05-25"," 11:20:00 AM","2026-05-25"," 1:04:00 PM","CE","76300","Sell","20","454.85","454.85","","0.00"
"1180.2","2026-05-25"," 11:20:00 AM","2026-05-25"," 12:47:00 PM","PE","76300","Sell","20","384.80","434.80","","-1000.00"
"1181","2026-05-26"," 9:20:00 AM","2026-05-26"," 9:59:00 AM","","","","","","","16.22","-1000.00"
"1181.1","2026-05-26"," 9:20:00 AM","2026-05-26"," 9:29:00 AM","CE","76400","Sell","20","341.55","391.55","","-1000.00"
"1181.2","2026-05-26"," 9:20:00 AM","2026-05-26"," 9:59:00 AM","PE","76400","Sell","20","309.25","309.25","","0.00"
"1182","2026-05-26"," 11:20:00 AM","2026-05-26"," 11:40:00 AM","","","","","","","15.67","-1000.00"
"1182.1","2026-05-26"," 11:20:00 AM","2026-05-26"," 11:40:00 AM","CE","76500","Sell","20","311.35","311.35","","0.00"
"1182.2","2026-05-26"," 11:20:00 AM","2026-05-26"," 11:31:00 AM","PE","76500","Sell","20","276.05","326.05","","-1000.00"
"1183","2026-05-27"," 9:20:00 AM","2026-05-27"," 9:47:00 AM","","","","","","","15.43","1284.00"
"1183.1","2026-05-27"," 9:20:00 AM","2026-05-27"," 9:47:00 AM","CE","76000","Sell","20","228.40","114.20","","2284.00"
"1183.2","2026-05-27"," 9:20:00 AM","2026-05-27"," 9:29:00 AM","PE","76000","Sell","20","150.95","200.95","","-1000.00"
"1184","2026-05-27"," 11:20:00 AM","2026-05-27"," 11:54:00 AM","","","","","","","15.46","225.00"
"1184.1","2026-05-27"," 11:20:00 AM","2026-05-27"," 11:54:00 AM","CE","76200","Sell","20","122.45","61.20","","1225.00"
"1184.2","2026-05-27"," 11:20:00 AM","2026-05-27"," 11:40:00 AM","PE","76200","Sell","20","149.65","199.65","","-1000.00"
"1185","2026-05-29"," 9:20:00 AM","2026-05-29"," 3:01:00 PM","","","","","","","15.29","5737.00"
"1185.1","2026-05-29"," 9:20:00 AM","2026-05-29"," 3:01:00 PM","CE","76100","Sell","20","673.70","336.85","","6737.00"
"1185.2","2026-05-29"," 9:20:00 AM","2026-05-29"," 9:24:00 AM","PE","76100","Sell","20","481.65","531.65","","-1000.00"
"1186","2026-05-29"," 11:20:00 AM","2026-05-29"," 11:53:00 AM","","","","","","","14.87","-1012.00"
"1186.1","2026-05-29"," 11:20:00 AM","2026-05-29"," 11:53:00 AM","CE","76000","Sell","20","641.45","641.45","","0.00"
"1186.2","2026-05-29"," 11:20:00 AM","2026-05-29"," 11:35:00 AM","PE","76000","Sell","20","478.10","528.70","","-1012.00"
"1187","2026-06-01"," 9:20:00 AM","2026-06-01"," 2:08:00 PM","","","","","","","15.53","4555.00"
"1187.1","2026-06-01"," 9:20:00 AM","2026-06-01"," 2:08:00 PM","CE","75100","Sell","20","555.45","277.70","","5555.00"
"1187.2","2026-06-01"," 9:20:00 AM","2026-06-01"," 9:25:00 AM","PE","75100","Sell","20","460.15","510.15","","-1000.00"
"1188","2026-06-01"," 11:20:00 AM","2026-06-01"," 2:25:00 PM","","","","","","","16.01","4735.00"
"1188.1","2026-06-01"," 11:20:00 AM","2026-06-01"," 2:25:00 PM","CE","75000","Sell","20","573.50","286.75","","5735.00"
"1188.2","2026-06-01"," 11:20:00 AM","2026-06-01"," 11:27:00 AM","PE","75000","Sell","20","437.60","487.60","","-1000.00"
"1189","2026-06-02"," 9:20:00 AM","2026-06-02"," 12:46:00 PM","","","","","","","16.18","3045.00"
"1189.1","2026-06-02"," 9:20:00 AM","2026-06-02"," 9:56:00 AM","CE","74000","Sell","20","477.75","527.75","","-1000.00"
"1189.2","2026-06-02"," 9:20:00 AM","2026-06-02"," 12:46:00 PM","PE","74000","Sell","20","404.55","202.30","","4045.00"
"1190","2026-06-02"," 11:20:00 AM","2026-06-02"," 11:38:00 AM","","","","","","","16.14","-1000.00"
"1190.1","2026-06-02"," 11:20:00 AM","2026-06-02"," 11:23:00 AM","CE","74100","Sell","20","462.40","512.40","","-1000.00"
"1190.2","2026-06-02"," 11:20:00 AM","2026-06-02"," 11:38:00 AM","PE","74100","Sell","20","337.55","337.55","","0.00"
"1191","2026-06-03"," 9:20:00 AM","2026-06-03"," 12:03:00 PM","","","","","","","16.37","3067.00"
"1191.1","2026-06-03"," 9:20:00 AM","2026-06-03"," 12:03:00 PM","CE","74000","Sell","20","406.70","203.35","","4067.00"
"1191.2","2026-06-03"," 9:20:00 AM","2026-06-03"," 9:27:00 AM","PE","74000","Sell","20","334.35","384.35","","-1000.00"
"1192","2026-06-03"," 11:20:00 AM","2026-06-03"," 12:29:00 PM","","","","","","","16.70","-1000.00"
"1192.1","2026-06-03"," 11:20:00 AM","2026-06-03"," 12:29:00 PM","CE","73700","Sell","20","407.35","407.35","","0.00"
"1192.2","2026-06-03"," 11:20:00 AM","2026-06-03"," 12:01:00 PM","PE","73700","Sell","20","296.65","346.65","","-1000.00"
"1193","2026-06-04"," 9:20:00 AM","2026-06-04"," 9:57:00 AM","","","","","","","16.04","1201.00"
"1193.1","2026-06-04"," 9:20:00 AM","2026-06-04"," 9:49:00 AM","CE","74100","Sell","20","274.30","324.30","","-1000.00"
"1193.2","2026-06-04"," 9:20:00 AM","2026-06-04"," 9:57:00 AM","PE","74100","Sell","20","220.15","110.10","","2201.00"
"1194","2026-06-04"," 11:20:00 AM","2026-06-04"," 11:34:00 AM","","","","","","","16.18","-1000.00"
"1194.1","2026-06-04"," 11:20:00 AM","2026-06-04"," 11:34:00 AM","CE","74300","Sell","20","171.55","171.55","","0.00"
"1194.2","2026-06-04"," 11:20:00 AM","2026-06-04"," 11:33:00 AM","PE","74300","Sell","20","186.45","236.45","","-1000.00"
"1195","2026-06-05"," 9:20:00 AM","2026-06-05"," 9:38:00 AM","","","","","","","15.62","-1000.00"
"1195.1","2026-06-05"," 9:20:00 AM","2026-06-05"," 9:37:00 AM","CE","74500","Sell","20","743.05","793.05","","-1000.00"
"1195.2","2026-06-05"," 9:20:00 AM","2026-06-05"," 9:38:00 AM","PE","74500","Sell","20","567.80","567.80","","0.00"
"1196","2026-06-05"," 11:20:00 AM","2026-06-05"," 11:31:00 AM","","","","","","","15.75","-1000.00"
"1196.1","2026-06-05"," 11:20:00 AM","2026-06-05"," 11:31:00 AM","CE","74400","Sell","20","734.50","734.50","","0.00"
"1196.2","2026-06-05"," 11:20:00 AM","2026-06-05"," 11:21:00 AM","PE","74400","Sell","20","522.70","572.70","","-1000.00"
"1197","2026-06-08"," 9:20:00 AM","2026-06-08"," 9:51:00 AM","","","","","","","17.25","-1000.00"
"1197.1","2026-06-08"," 9:20:00 AM","2026-06-08"," 9:31:00 AM","CE","73500","Sell","20","648.40","698.40","","-1000.00"
"1197.2","2026-06-08"," 9:20:00 AM","2026-06-08"," 9:51:00 AM","PE","73500","Sell","20","546.40","546.40","","0.00"
"1198","2026-06-08"," 11:20:00 AM","2026-06-08"," 1:47:00 PM","","","","","","","16.98","-1000.00"
"1198.1","2026-06-08"," 11:20:00 AM","2026-06-08"," 11:44:00 AM","CE","73600","Sell","20","640.30","690.30","","-1000.00"
"1198.2","2026-06-08"," 11:20:00 AM","2026-06-08"," 1:47:00 PM","PE","73600","Sell","20","525.10","525.10","","0.00"
"1199","2026-06-09"," 9:20:00 AM","2026-06-09"," 2:41:00 PM","","","","","","","16.16","-1000.00"
"1199.1","2026-06-09"," 9:20:00 AM","2026-06-09"," 2:41:00 PM","CE","73900","Sell","20","442.45","442.45","","0.00"
"1199.2","2026-06-09"," 9:20:00 AM","2026-06-09"," 9:50:00 AM","PE","73900","Sell","20","440.15","490.15","","-1000.00"
"1200","2026-06-09"," 11:20:00 AM","2026-06-09"," 11:46:00 AM","","","","","","","16.27","-1000.00"
"1200.1","2026-06-09"," 11:20:00 AM","2026-06-09"," 11:46:00 AM","CE","73600","Sell","20","466.50","466.50","","0.00"
"1200.2","2026-06-09"," 11:20:00 AM","2026-06-09"," 11:24:00 AM","PE","73600","Sell","20","420.55","470.55","","-1000.00"
"1201","2026-06-10"," 9:20:00 AM","2026-06-10"," 10:16:00 AM","","","","","","","15.80","-1000.00"
"1201.1","2026-06-10"," 9:20:00 AM","2026-06-10"," 9:50:00 AM","CE","74300","Sell","20","359.40","409.40","","-1000.00"
"1201.2","2026-06-10"," 9:20:00 AM","2026-06-10"," 10:16:00 AM","PE","74300","Sell","20","387.60","387.60","","0.00"
"1202","2026-06-10"," 11:20:00 AM","2026-06-10"," 12:44:00 PM","","","","","","","15.55","-1000.00"
"1202.1","2026-06-10"," 11:20:00 AM","2026-06-10"," 11:28:00 AM","CE","74400","Sell","20","306.10","356.10","","-1000.00"
"1202.2","2026-06-10"," 11:20:00 AM","2026-06-10"," 12:44:00 PM","PE","74400","Sell","20","351.85","351.85","","0.00"
"1203","2026-06-11"," 9:20:00 AM","2026-06-11"," 9:25:00 AM","","","","","","","15.69","-1000.00"
"1203.1","2026-06-11"," 9:20:00 AM","2026-06-11"," 9:22:00 AM","CE","73600","Sell","20","203.90","253.90","","-1000.00"
"1203.2","2026-06-11"," 9:20:00 AM","2026-06-11"," 9:25:00 AM","PE","73600","Sell","20","183.35","183.35","","0.00"
"1204","2026-06-11"," 11:20:00 AM","2026-06-11"," 11:48:00 AM","","","","","","","15.55","455.00"
"1204.1","2026-06-11"," 11:20:00 AM","2026-06-11"," 11:27:00 AM","CE","73900","Sell","20","169.80","219.80","","-1000.00"
"1204.2","2026-06-11"," 11:20:00 AM","2026-06-11"," 11:48:00 AM","PE","73900","Sell","20","145.55","72.80","","1455.00"
"1205","2026-06-12"," 9:20:00 AM","2026-06-12"," 1:34:00 PM","","","","","","","14.74","-1000.00"
"1205.1","2026-06-12"," 9:20:00 AM","2026-06-12"," 1:34:00 PM","CE","74800","Sell","20","621.90","621.90","","0.00"
"1205.2","2026-06-12"," 9:20:00 AM","2026-06-12"," 9:30:00 AM","PE","74800","Sell","20","546.75","596.75","","-1000.00"
"1206","2026-06-12"," 11:20:00 AM","2026-06-12"," 12:12:00 PM","","","","","","","14.88","-1000.00"
"1206.1","2026-06-12"," 11:20:00 AM","2026-06-12"," 11:48:00 AM","CE","74600","Sell","20","598.45","648.45","","-1000.00"
"1206.2","2026-06-12"," 11:20:00 AM","2026-06-12"," 12:12:00 PM","PE","74600","Sell","20","555.60","555.60","","0.00"
"1207","2026-06-15"," 9:20:00 AM","2026-06-15"," 9:59:00 AM","","","","","","","14.12","-1000.00"
"1207.1","2026-06-15"," 9:20:00 AM","2026-06-15"," 9:46:00 AM","CE","76600","Sell","20","494.15","544.15","","-1000.00"
"1207.2","2026-06-15"," 9:20:00 AM","2026-06-15"," 9:59:00 AM","PE","76600","Sell","20","486.95","486.95","","0.00"
"1208","2026-06-15"," 11:20:00 AM","2026-06-15"," 3:15:00 PM","","","","","","","14.01","3038.00"
"1208.1","2026-06-15"," 11:20:00 AM","2026-06-15"," 3:15:00 PM","CE","76700","Sell","20","510.75","308.85","","4038.00"
"1208.2","2026-06-15"," 11:20:00 AM","2026-06-15"," 12:06:00 PM","PE","76700","Sell","20","485.10","535.10","","-1000.00"
"1209","2026-06-16"," 9:20:00 AM","2026-06-16"," 9:42:00 AM","","","","","","","13.77","-1000.00"
"1209.1","2026-06-16"," 9:20:00 AM","2026-06-16"," 9:35:00 AM","CE","76600","Sell","20","387.90","437.90","","-1000.00"
"1209.2","2026-06-16"," 9:20:00 AM","2026-06-16"," 9:42:00 AM","PE","76600","Sell","20","393.20","393.20","","0.00"
"1210","2026-06-16"," 11:20:00 AM","2026-06-16"," 3:15:00 PM","","","","","","","13.58","1731.00"
"1210.1","2026-06-16"," 11:20:00 AM","2026-06-16"," 1:23:00 PM","CE","76600","Sell","20","359.80","409.80","","-1000.00"
"1210.2","2026-06-16"," 11:20:00 AM","2026-06-16"," 3:15:00 PM","PE","76600","Sell","20","374.25","237.70","","2731.00"
"1211","2026-06-17"," 9:20:00 AM","2026-06-17"," 11:32:00 AM","","","","","","","13.44","1849.00"
"1211.1","2026-06-17"," 9:20:00 AM","2026-06-17"," 9:31:00 AM","CE","76800","Sell","20","327.80","377.80","","-1000.00"
"1211.2","2026-06-17"," 9:20:00 AM","2026-06-17"," 11:32:00 AM","PE","76800","Sell","20","284.90","142.45","","2849.00"
"1212","2026-06-17"," 11:20:00 AM","2026-06-17"," 3:15:00 PM","","","","","","","13.40","-139.00"
"1212.1","2026-06-17"," 11:20:00 AM","2026-06-17"," 3:15:00 PM","CE","77100","Sell","20","307.90","264.85","","861.00"
"1212.2","2026-06-17"," 11:20:00 AM","2026-06-17"," 12:26:00 PM","PE","77100","Sell","20","278.55","328.55","","-1000.00"
"1213","2026-06-18"," 9:20:00 AM","2026-06-18"," 9:49:00 AM","","","","","","","13.02","570.00"
"1213.1","2026-06-18"," 9:20:00 AM","2026-06-18"," 9:43:00 AM","CE","77100","Sell","20","180.50","230.50","","-1000.00"
"1213.2","2026-06-18"," 9:20:00 AM","2026-06-18"," 9:49:00 AM","PE","77100","Sell","20","157.00","78.50","","1570.00"
"1214","2026-06-18"," 11:20:00 AM","2026-06-18"," 12:01:00 PM","","","","","","","13.13","379.00"
"1214.1","2026-06-18"," 11:20:00 AM","2026-06-18"," 12:01:00 PM","CE","77000","Sell","20","138.25","188.25","","-1000.00"
"1214.2","2026-06-18"," 11:20:00 AM","2026-06-18"," 12:01:00 PM","PE","77000","Sell","20","137.90","68.95","","1379.00"
"1215","2026-06-19"," 9:20:00 AM","2026-06-19"," 9:55:00 AM","","","","","","","13.29","-1000.00"
"1215.1","2026-06-19"," 9:20:00 AM","2026-06-19"," 9:55:00 AM","CE","76700","Sell","20","585.00","585.00","","0.00"
"1215.2","2026-06-19"," 9:20:00 AM","2026-06-19"," 9:26:00 AM","PE","76700","Sell","20","473.20","523.20","","-1000.00"
"1216","2026-06-19"," 11:20:00 AM","2026-06-19"," 2:00:00 PM","","","","","","","13.34","-1000.00"
"1216.1","2026-06-19"," 11:20:00 AM","2026-06-19"," 2:00:00 PM","CE","76600","Sell","20","601.85","601.85","","0.00"
"1216.2","2026-06-19"," 11:20:00 AM","2026-06-19"," 1:04:00 PM","PE","76600","Sell","20","461.70","511.70","","-1000.00"
"1217","2026-06-22"," 9:20:00 AM","2026-06-22"," 3:15:00 PM","","","","","","","13.08","1905.00"
"1217.1","2026-06-22"," 9:20:00 AM","2026-06-22"," 3:15:00 PM","CE","77200","Sell","20","429.70","361.00","","1374.00"
"1217.2","2026-06-22"," 9:20:00 AM","2026-06-22"," 3:15:00 PM","PE","77200","Sell","20","401.25","374.70","","531.00"
"1218","2026-06-22"," 11:20:00 AM","2026-06-22"," 3:15:00 PM","","","","","","","12.87","527.00"
"1218.1","2026-06-22"," 11:20:00 AM","2026-06-22"," 3:15:00 PM","CE","77300","Sell","20","389.85","313.50","","1527.00"
"1218.2","2026-06-22"," 11:20:00 AM","2026-06-22"," 1:14:00 PM","PE","77300","Sell","20","409.80","459.80","","-1000.00"
"1219","2026-06-23"," 9:20:00 AM","2026-06-23"," 11:46:00 AM","","","","","","","12.67","-1000.00"
"1219.1","2026-06-23"," 9:20:00 AM","2026-06-23"," 9:36:00 AM","CE","77000","Sell","20","332.55","382.55","","-1000.00"
"1219.2","2026-06-23"," 9:20:00 AM","2026-06-23"," 11:46:00 AM","PE","77000","Sell","20","305.45","305.45","","0.00"
"1220","2026-06-23"," 11:20:00 AM","2026-06-23"," 12:23:00 PM","","","","","","","12.46","2009.00"
"1220.1","2026-06-23"," 11:20:00 AM","2026-06-23"," 12:23:00 PM","CE","77200","Sell","20","300.95","150.50","","3009.00"
"1220.2","2026-06-23"," 11:20:00 AM","2026-06-23"," 11:44:00 AM","PE","77200","Sell","20","297.05","347.05","","-1000.00"
"1221","2026-06-24"," 9:20:00 AM","2026-06-24"," 9:50:00 AM","","","","","","","14.09","-1000.00"
"1221.1","2026-06-24"," 9:20:00 AM","2026-06-24"," 9:27:00 AM","CE","76300","Sell","20","326.40","376.40","","-1000.00"
"1221.2","2026-06-24"," 9:20:00 AM","2026-06-24"," 9:50:00 AM","PE","76300","Sell","20","280.00","280.00","","0.00"
"1222","2026-06-24"," 11:20:00 AM","2026-06-24"," 1:36:00 PM","","","","","","","13.62","1780.00"
"1222.1","2026-06-24"," 11:20:00 AM","2026-06-24"," 11:44:00 AM","CE","76800","Sell","20","310.50","360.50","","-1000.00"
"1222.2","2026-06-24"," 11:20:00 AM","2026-06-24"," 1:36:00 PM","PE","76800","Sell","20","278.00","139.00","","2780.00"
"1223","2026-06-25"," 9:20:00 AM","2026-06-25"," 9:31:00 AM","","","","","","","12.94","-1000.00"
"1223.1","2026-06-25"," 9:20:00 AM","2026-06-25"," 9:23:00 AM","CE","77300","Sell","20","174.55","224.55","","-1000.00"
"1223.2","2026-06-25"," 9:20:00 AM","2026-06-25"," 9:31:00 AM","PE","77300","Sell","20","131.00","131.00","","0.00"
"1224","2026-06-25"," 11:20:00 AM","2026-06-25"," 11:59:00 AM","","","","","","","12.77","470.00"
"1224.1","2026-06-25"," 11:20:00 AM","2026-06-25"," 11:57:00 AM","CE","77600","Sell","20","107.75","157.75","","-1000.00"
"1224.2","2026-06-25"," 11:20:00 AM","2026-06-25"," 11:59:00 AM","PE","77600","Sell","20","147.00","73.50","","1470.00"
"1225","2026-06-29"," 9:20:00 AM","2026-06-29"," 9:45:00 AM","","","","","","","13.59","-1000.00"
"1225.1","2026-06-29"," 9:20:00 AM","2026-06-29"," 9:45:00 AM","CE","77100","Sell","20","501.15","501.15","","0.00"
"1225.2","2026-06-29"," 9:20:00 AM","2026-06-29"," 9:28:00 AM","PE","77100","Sell","20","410.75","460.75","","-1000.00"
"1226","2026-06-29"," 11:20:00 AM","2026-06-29"," 3:15:00 PM","","","","","","","13.35","2718.00"
"1226.1","2026-06-29"," 11:20:00 AM","2026-06-29"," 3:15:00 PM","CE","77100","Sell","20","487.10","301.20","","3718.00"
"1226.2","2026-06-29"," 11:20:00 AM","2026-06-29"," 11:33:00 AM","PE","77100","Sell","20","391.25","441.25","","-1000.00"
"1227","2026-06-30"," 9:20:00 AM","2026-06-30"," 11:24:00 AM","","","","","","","13.56","-1000.00"
"1227.1","2026-06-30"," 9:20:00 AM","2026-06-30"," 11:24:00 AM","CE","76800","Sell","20","400.40","400.40","","0.00"
"1227.2","2026-06-30"," 9:20:00 AM","2026-06-30"," 9:23:00 AM","PE","76800","Sell","20","388.15","438.15","","-1000.00"
"1228","2026-06-30"," 11:20:00 AM","2026-06-30"," 11:36:00 AM","","","","","","","13.44","-1000.00"
"1228.1","2026-06-30"," 11:20:00 AM","2026-06-30"," 11:24:00 AM","CE","76700","Sell","20","415.90","465.90","","-1000.00"
"1228.2","2026-06-30"," 11:20:00 AM","2026-06-30"," 11:36:00 AM","PE","76700","Sell","20","354.15","354.15","","0.00"
"1229","2026-07-01"," 9:20:00 AM","2026-07-01"," 11:49:00 AM","","","","","","","13.95","1709.00"
"1229.1","2026-07-01"," 9:20:00 AM","2026-07-01"," 9:57:00 AM","CE","76600","Sell","20","398.20","448.20","","-1000.00"
"1229.2","2026-07-01"," 9:20:00 AM","2026-07-01"," 11:49:00 AM","PE","76600","Sell","20","270.95","135.50","","2709.00"
"1230","2026-07-01"," 11:20:00 AM","2026-07-01"," 11:48:00 AM","","","","","","","13.50","-1000.00"
"1230.1","2026-07-01"," 11:20:00 AM","2026-07-01"," 11:48:00 AM","CE","77000","Sell","20","301.75","301.75","","0.00"
"1230.2","2026-07-01"," 11:20:00 AM","2026-07-01"," 11:36:00 AM","PE","77000","Sell","20","298.10","348.10","","-1000.00"
"1231","2026-07-02"," 9:20:00 AM","2026-07-02"," 10:09:00 AM","","","","","","","13.02","-1000.00"
"1231.1","2026-07-02"," 9:20:00 AM","2026-07-02"," 9:24:00 AM","CE","77200","Sell","20","179.60","229.60","","-1000.00"
"1231.2","2026-07-02"," 9:20:00 AM","2026-07-02"," 10:09:00 AM","PE","77200","Sell","20","160.75","160.75","","0.00"
"1232","2026-07-02"," 11:20:00 AM","2026-07-02"," 11:55:00 AM","","","","","","","12.73","-1000.00"
"1232.1","2026-07-02"," 11:20:00 AM","2026-07-02"," 11:55:00 AM","CE","77200","Sell","20","145.05","145.05","","0.00"
"1232.2","2026-07-02"," 11:20:00 AM","2026-07-02"," 11:39:00 AM","PE","77200","Sell","20","125.95","175.95","","-1000.00"
"1233","2026-07-03"," 9:20:00 AM","2026-07-03"," 1:34:00 PM","","","","","","","12.08","-1000.00"
"1233.1","2026-07-03"," 9:20:00 AM","2026-07-03"," 9:26:00 AM","CE","77900","Sell","20","524.40","574.40","","-1000.00"
"1233.2","2026-07-03"," 9:20:00 AM","2026-07-03"," 1:34:00 PM","PE","77900","Sell","20","440.30","440.30","","0.00"
"1234","2026-07-03"," 11:20:00 AM","2026-07-03"," 1:06:00 PM","","","","","","","11.89","-1000.00"
"1234.1","2026-07-03"," 11:20:00 AM","2026-07-03"," 12:08:00 PM","CE","78000","Sell","20","474.20","524.20","","-1000.00"
"1234.2","2026-07-03"," 11:20:00 AM","2026-07-03"," 1:06:00 PM","PE","78000","Sell","20","421.35","421.35","","0.00"