Index,Entry Date,Entry Time,Exit Date,Exit Time,Type,Strike,B/S,Qty,Entry Price,Exit Price,Vix,P/L
1,01-01-2024, 9:45:00 AM,01-01-2024, 10:25:00 AM,,,,,,,14.56,-1000
1.1,01-01-2024, 9:45:00 AM,01-01-2024, 9:54:00 AM,CE,72100,Sell,20,530.95,580.95,,-1000
1.2,01-01-2024, 9:45:00 AM,01-01-2024, 10:25:00 AM,PE,72100,Sell,20,399.4,399.4,,0
2,01-01-2024, 11:45:00 AM,01-01-2024, 3:15:00 PM,,,,,,,14.49,-418
2.1,01-01-2024, 11:45:00 AM,01-01-2024, 1:31:00 PM,CE,72200,Sell,20,524.4,574.4,,-1000
2.2,01-01-2024, 11:45:00 AM,01-01-2024, 3:15:00 PM,PE,72200,Sell,20,379.3,350.2,,582
3,02-01-2024, 9:45:00 AM,02-01-2024, 11:37:00 AM,,,,,,,14.61,3571
3.1,02-01-2024, 9:45:00 AM,02-01-2024, 11:37:00 AM,CE,72200,Sell,20,457.1,228.55,,4571
3.2,02-01-2024, 9:45:00 AM,02-01-2024, 9:56:00 AM,PE,72200,Sell,20,348.9,398.9,,-1000
4,02-01-2024, 11:45:00 AM,02-01-2024, 1:05:00 PM,,,,,,,14.87,-1000
4.1,02-01-2024, 11:45:00 AM,02-01-2024, 12:17:00 PM,CE,71700,Sell,20,467.1,517.1,,-1000
4.2,02-01-2024, 11:45:00 AM,02-01-2024, 1:05:00 PM,PE,71700,Sell,20,388.25,388.25,,0
5,03-01-2024, 9:45:00 AM,03-01-2024, 10:21:00 AM,,,,,,,14.67,-1000
5.1,03-01-2024, 9:45:00 AM,03-01-2024, 10:05:00 AM,CE,71500,Sell,20,396.75,446.75,,-1000
5.2,03-01-2024, 9:45:00 AM,03-01-2024, 10:21:00 AM,PE,71500,Sell,20,344.3,344.3,,0
6,03-01-2024, 11:45:00 AM,03-01-2024, 3:09:00 PM,,,,,,,14.42,2450
6.1,03-01-2024, 11:45:00 AM,03-01-2024, 3:09:00 PM,CE,71600,Sell,20,345,172.5,,3450
6.2,03-01-2024, 11:45:00 AM,03-01-2024, 12:23:00 PM,PE,71600,Sell,20,292.75,342.75,,-1000
7,04-01-2024, 9:45:00 AM,04-01-2024, 12:30:00 PM,,,,,,,13.88,1153
7.1,04-01-2024, 9:45:00 AM,04-01-2024, 11:17:00 AM,CE,71700,Sell,20,257.6,307.6,,-1000
7.2,04-01-2024, 9:45:00 AM,04-01-2024, 12:30:00 PM,PE,71700,Sell,20,215.3,107.65,,2153
8,04-01-2024, 11:45:00 AM,04-01-2024, 3:15:00 PM,,,,,,,13.63,737
8.1,04-01-2024, 11:45:00 AM,04-01-2024, 12:48:00 PM,CE,71800,Sell,20,222.75,272.75,,-1000
8.2,04-01-2024, 11:45:00 AM,04-01-2024, 3:15:00 PM,PE,71800,Sell,20,183.5,96.65,,1737
9,05-01-2024, 9:45:00 AM,05-01-2024, 10:44:00 AM,,,,,,,13.13,49
9.1,05-01-2024, 9:45:00 AM,05-01-2024, 10:44:00 AM,CE,72100,Sell,20,104.9,52.45,,1049
9.2,05-01-2024, 9:45:00 AM,05-01-2024, 10:44:00 AM,PE,72100,Sell,20,103.5,153.5,,-1000
10,05-01-2024, 11:45:00 AM,05-01-2024, 2:04:00 PM,,,,,,,13.06,1474
10.1,05-01-2024, 11:45:00 AM,05-01-2024, 2:04:00 PM,CE,71900,Sell,20,95.7,47.85,,957
10.2,05-01-2024, 11:45:00 AM,05-01-2024, 1:14:00 PM,PE,71900,Sell,20,51.65,25.8,,517
11,08-01-2024, 9:45:00 AM,08-01-2024, 10:53:00 AM,,,,,,,13.15,-1000
11.1,08-01-2024, 9:45:00 AM,08-01-2024, 10:31:00 AM,CE,71900,Sell,20,437.4,487.4,,-1000
11.2,08-01-2024, 9:45:00 AM,08-01-2024, 10:53:00 AM,PE,71900,Sell,20,382.75,382.75,,0
12,08-01-2024, 11:45:00 AM,08-01-2024, 3:15:00 PM,,,,,,,13.12,2666
12.1,08-01-2024, 11:45:00 AM,08-01-2024, 3:15:00 PM,CE,71800,Sell,20,430,246.7,,3666
12.2,08-01-2024, 11:45:00 AM,08-01-2024, 11:52:00 AM,PE,71800,Sell,20,366.7,416.7,,-1000
13,09-01-2024, 9:45:00 AM,09-01-2024, 2:21:00 PM,,,,,,,13.1,-1000
13.1,09-01-2024, 9:45:00 AM,09-01-2024, 10:14:00 AM,CE,71700,Sell,20,387.3,437.3,,-1000
13.2,09-01-2024, 9:45:00 AM,09-01-2024, 2:21:00 PM,PE,71700,Sell,20,361.4,361.4,,0
14,09-01-2024, 11:45:00 AM,09-01-2024, 1:53:00 PM,,,,,,,13.12,-1000
14.1,09-01-2024, 11:45:00 AM,09-01-2024, 12:39:00 PM,CE,72000,Sell,20,366.5,416.5,,-1000
14.2,09-01-2024, 11:45:00 AM,09-01-2024, 1:53:00 PM,PE,72000,Sell,20,350.7,350.7,,0
15,10-01-2024, 9:45:00 AM,10-01-2024, 10:19:00 AM,,,,,,,13.43,-1000
15.1,10-01-2024, 9:45:00 AM,10-01-2024, 10:19:00 AM,CE,71400,Sell,20,372.65,372.65,,0
15.2,10-01-2024, 9:45:00 AM,10-01-2024, 9:49:00 AM,PE,71400,Sell,20,313.2,363.2,,-1000
16,10-01-2024, 11:45:00 AM,10-01-2024, 2:18:00 PM,,,,,,,13.46,-1000
16.1,10-01-2024, 11:45:00 AM,10-01-2024, 2:18:00 PM,CE,71400,Sell,20,342.15,342.15,,0
16.2,10-01-2024, 11:45:00 AM,10-01-2024, 12:06:00 PM,PE,71400,Sell,20,320.75,370.75,,-1000
17,11-01-2024, 9:45:00 AM,11-01-2024, 2:11:00 PM,,,,,,,13.04,1431
17.1,11-01-2024, 9:45:00 AM,11-01-2024, 2:11:00 PM,CE,71900,Sell,20,243.15,121.6,,2431
17.2,11-01-2024, 9:45:00 AM,11-01-2024, 10:32:00 AM,PE,71900,Sell,20,249.95,299.95,,-1000
18,11-01-2024, 11:45:00 AM,11-01-2024, 2:15:00 PM,,,,,,,12.93,1297
18.1,11-01-2024, 11:45:00 AM,11-01-2024, 2:15:00 PM,CE,71800,Sell,20,229.75,114.9,,2297
18.2,11-01-2024, 11:45:00 AM,11-01-2024, 2:11:00 PM,PE,71800,Sell,20,211.35,261.35,,-1000
19,12-01-2024, 9:45:00 AM,12-01-2024, 10:07:00 AM,,,,,,,12.5,427
19.1,12-01-2024, 9:45:00 AM,12-01-2024, 10:04:00 AM,CE,72100,Sell,20,82.65,132.65,,-1000
19.2,12-01-2024, 9:45:00 AM,12-01-2024, 10:07:00 AM,PE,72100,Sell,20,142.7,71.35,,1427
20,12-01-2024, 11:45:00 AM,12-01-2024, 1:32:00 PM,,,,,,,12.95,157
20.1,12-01-2024, 11:45:00 AM,12-01-2024, 1:32:00 PM,CE,72400,Sell,20,85.45,135.45,,-1000
20.2,12-01-2024, 11:45:00 AM,12-01-2024, 1:16:00 PM,PE,72400,Sell,20,115.7,57.85,,1157
21,15-01-2024, 9:45:00 AM,15-01-2024, 11:24:00 AM,,,,,,,13.68,-1000
21.1,15-01-2024, 9:45:00 AM,15-01-2024, 11:24:00 AM,CE,73200,Sell,20,494.8,494.8,,0
21.2,15-01-2024, 9:45:00 AM,15-01-2024, 9:52:00 AM,PE,73200,Sell,20,498.45,548.45,,-1000
22,15-01-2024, 11:45:00 AM,15-01-2024, 3:15:00 PM,,,,,,,13.62,771
22.1,15-01-2024, 11:45:00 AM,15-01-2024, 2:06:00 PM,CE,73200,Sell,20,472.6,522.6,,-1000
22.2,15-01-2024, 11:45:00 AM,15-01-2024, 3:15:00 PM,PE,73200,Sell,20,491.75,403.2,,1771
23,16-01-2024, 9:45:00 AM,16-01-2024, 10:02:00 AM,,,,,,,13.88,-1000
23.1,16-01-2024, 9:45:00 AM,16-01-2024, 9:49:00 AM,CE,73200,Sell,20,446.85,496.85,,-1000
23.2,16-01-2024, 9:45:00 AM,16-01-2024, 10:02:00 AM,PE,73200,Sell,20,423.5,423.5,,0
24,16-01-2024, 11:45:00 AM,16-01-2024, 3:15:00 PM,,,,,,,13.85,1234
24.1,16-01-2024, 11:45:00 AM,16-01-2024, 3:15:00 PM,CE,73300,Sell,20,413.2,301.5,,2234
24.2,16-01-2024, 11:45:00 AM,16-01-2024, 12:49:00 PM,PE,73300,Sell,20,415.8,465.8,,-1000
25,17-01-2024, 9:45:00 AM,17-01-2024, 1:15:00 PM,,,,,,,13.87,2913
25.1,17-01-2024, 9:45:00 AM,17-01-2024, 1:15:00 PM,CE,72400,Sell,20,391.3,195.65,,3913
25.2,17-01-2024, 9:45:00 AM,17-01-2024, 10:25:00 AM,PE,72400,Sell,20,409.8,459.8,,-1000
26,17-01-2024, 11:45:00 AM,17-01-2024, 12:15:00 PM,,,,,,,14.37,-1000
26.1,17-01-2024, 11:45:00 AM,17-01-2024, 12:15:00 PM,CE,71900,Sell,20,436.7,436.7,,0
26.2,17-01-2024, 11:45:00 AM,17-01-2024, 12:03:00 PM,PE,71900,Sell,20,419.95,469.95,,-1000
27,18-01-2024, 9:45:00 AM,18-01-2024, 10:10:00 AM,,,,,,,15.17,-1000
27.1,18-01-2024, 9:45:00 AM,18-01-2024, 10:10:00 AM,CE,71000,Sell,20,346.2,346.2,,0
27.2,18-01-2024, 9:45:00 AM,18-01-2024, 9:49:00 AM,PE,71000,Sell,20,416.65,466.65,,-1000
28,18-01-2024, 11:45:00 AM,18-01-2024, 12:27:00 PM,,,,,,,14.66,1848
28.1,18-01-2024, 11:45:00 AM,18-01-2024, 11:58:00 AM,CE,71200,Sell,20,304.4,354.4,,-1000
28.2,18-01-2024, 11:45:00 AM,18-01-2024, 12:27:00 PM,PE,71200,Sell,20,284.8,142.4,,2848
29,19-01-2024, 9:45:00 AM,19-01-2024, 9:58:00 AM,,,,,,,13.86,-1000
29.1,19-01-2024, 9:45:00 AM,19-01-2024, 9:58:00 AM,CE,71800,Sell,20,163.7,163.7,,0
29.2,19-01-2024, 9:45:00 AM,19-01-2024, 9:51:00 AM,PE,71800,Sell,20,148.9,198.9,,-1000
30,19-01-2024, 11:45:00 AM,19-01-2024, 2:16:00 PM,,,,,,,13.97,1877
30.1,19-01-2024, 11:45:00 AM,19-01-2024, 2:16:00 PM,CE,71700,Sell,20,66.9,33.45,,669
30.2,19-01-2024, 11:45:00 AM,19-01-2024, 12:54:00 PM,PE,71700,Sell,20,120.8,60.4,,1208
31,20-01-2024, 9:45:00 AM,20-01-2024, 10:17:00 AM,,,,,,,14.09,-1000
31.1,20-01-2024, 9:45:00 AM,20-01-2024, 10:17:00 AM,CE,71800,Sell,20,558.85,558.85,,0
31.2,20-01-2024, 9:45:00 AM,20-01-2024, 10:00:00 AM,PE,71800,Sell,20,461.7,511.7,,-1000
32,20-01-2024, 11:45:00 AM,20-01-2024, 3:15:00 PM,,,,,,,13.96,1894
32.1,20-01-2024, 11:45:00 AM,20-01-2024, 3:15:00 PM,CE,71800,Sell,20,515.55,370.85,,2894
32.2,20-01-2024, 11:45:00 AM,20-01-2024, 12:35:00 PM,PE,71800,Sell,20,401.2,451.2,,-1000
33,23-01-2024, 9:45:00 AM,23-01-2024, 10:39:00 AM,,,,,,,13.4,3367
33.1,23-01-2024, 9:45:00 AM,23-01-2024, 10:39:00 AM,CE,71900,Sell,20,436.75,218.4,,4367
33.2,23-01-2024, 9:45:00 AM,23-01-2024, 9:57:00 AM,PE,71900,Sell,20,299.65,349.65,,-1000
34,23-01-2024, 11:45:00 AM,23-01-2024, 1:52:00 PM,,,,,,,14.33,3643
34.1,23-01-2024, 11:45:00 AM,23-01-2024, 1:52:00 PM,CE,71100,Sell,20,464.3,232.15,,4643
34.2,23-01-2024, 11:45:00 AM,23-01-2024, 12:03:00 PM,PE,71100,Sell,20,477.6,527.6,,-1000
35,24-01-2024, 9:45:00 AM,24-01-2024, 10:01:00 AM,,,,,,,15.18,2279
35.1,24-01-2024, 9:45:00 AM,24-01-2024, 9:47:00 AM,CE,70400,Sell,20,432.75,482.75,,-1000
35.2,24-01-2024, 9:45:00 AM,24-01-2024, 10:01:00 AM,PE,70400,Sell,20,327.9,163.95,,3279
36,24-01-2024, 11:45:00 AM,24-01-2024, 1:01:00 PM,,,,,,,14.94,-1000
36.1,24-01-2024, 11:45:00 AM,24-01-2024, 1:01:00 PM,CE,70600,Sell,20,331.1,331.1,,0
36.2,24-01-2024, 11:45:00 AM,24-01-2024, 11:49:00 AM,PE,70600,Sell,20,297.35,347.35,,-1000
37,25-01-2024, 9:45:00 AM,25-01-2024, 10:23:00 AM,,,,,,,14.86,824
37.1,25-01-2024, 9:45:00 AM,25-01-2024, 10:23:00 AM,CE,70800,Sell,20,182.4,91.2,,1824
37.2,25-01-2024, 9:45:00 AM,25-01-2024, 10:18:00 AM,PE,70800,Sell,20,228.1,278.1,,-1000
38,25-01-2024, 11:45:00 AM,25-01-2024, 11:56:00 AM,,,,,,,14.65,824
38.1,25-01-2024, 11:45:00 AM,25-01-2024, 11:56:00 AM,CE,70700,Sell,20,182.4,91.2,,1824
38.2,25-01-2024, 11:45:00 AM,25-01-2024, 11:48:00 AM,PE,70700,Sell,20,214.7,264.7,,-1000
39,29-01-2024, 9:45:00 AM,29-01-2024, 3:15:00 PM,,,,,,,15.29,4015
39.1,29-01-2024, 9:45:00 AM,29-01-2024, 10:00:00 AM,CE,71300,Sell,20,814,864.3,,-1006
39.2,29-01-2024, 9:45:00 AM,29-01-2024, 3:15:00 PM,PE,71300,Sell,20,661.55,410.5,,5021
40,29-01-2024, 11:45:00 AM,29-01-2024, 12:27:00 PM,,,,,,,15.11,-1042
40.1,29-01-2024, 11:45:00 AM,29-01-2024, 11:55:00 AM,CE,71600,Sell,20,780.2,832.3,,-1042
40.2,29-01-2024, 11:45:00 AM,29-01-2024, 12:27:00 PM,PE,71600,Sell,20,634.8,634.8,,0
41,30-01-2024, 9:45:00 AM,30-01-2024, 2:36:00 PM,,,,,,,16.49,6739
41.1,30-01-2024, 9:45:00 AM,30-01-2024, 2:36:00 PM,CE,72000,Sell,20,773.85,386.9,,7739
41.2,30-01-2024, 9:45:00 AM,30-01-2024, 9:48:00 AM,PE,72000,Sell,20,651.15,701.15,,-1000
42,30-01-2024, 11:45:00 AM,30-01-2024, 3:15:00 PM,,,,,,,16.1,4655
42.1,30-01-2024, 11:45:00 AM,30-01-2024, 3:15:00 PM,CE,71800,Sell,20,694.35,411.6,,5655
42.2,30-01-2024, 11:45:00 AM,30-01-2024, 12:44:00 PM,PE,71800,Sell,20,626.55,676.55,,-1000
43,31-01-2024, 9:45:00 AM,31-01-2024, 10:08:00 AM,,,,,,,16.06,-1000
43.1,31-01-2024, 9:45:00 AM,31-01-2024, 10:08:00 AM,CE,71300,Sell,20,724.6,724.6,,0
43.2,31-01-2024, 9:45:00 AM,31-01-2024, 9:56:00 AM,PE,71300,Sell,20,570,620,,-1000
44,31-01-2024, 11:45:00 AM,31-01-2024, 3:03:00 PM,,,,,,,16,-1000
44.1,31-01-2024, 11:45:00 AM,31-01-2024, 3:03:00 PM,CE,71700,Sell,20,684.5,684.5,,0
44.2,31-01-2024, 11:45:00 AM,31-01-2024, 12:29:00 PM,PE,71700,Sell,20,503.55,553.55,,-1000
45,01-02-2024, 9:45:00 AM,01-02-2024, 11:18:00 AM,,,,,,,15.78,-1000
45.1,01-02-2024, 9:45:00 AM,01-02-2024, 10:08:00 AM,CE,71800,Sell,20,482.3,532.3,,-1000
45.2,01-02-2024, 9:45:00 AM,01-02-2024, 11:18:00 AM,PE,71800,Sell,20,496,496,,0
46,01-02-2024, 11:45:00 AM,01-02-2024, 1:28:00 PM,,,,,,,15.6,3935
46.1,01-02-2024, 11:45:00 AM,01-02-2024, 1:28:00 PM,CE,71900,Sell,20,493.55,246.8,,4935
46.2,01-02-2024, 11:45:00 AM,01-02-2024, 11:59:00 AM,PE,71900,Sell,20,457.55,507.55,,-1000
47,02-02-2024, 9:45:00 AM,02-02-2024, 10:02:00 AM,,,,,,,14.26,-1000
47.1,02-02-2024, 9:45:00 AM,02-02-2024, 10:02:00 AM,CE,72400,Sell,20,167.6,167.6,,0
47.2,02-02-2024, 9:45:00 AM,02-02-2024, 9:46:00 AM,PE,72400,Sell,20,148.25,198.25,,-1000
48,02-02-2024, 11:45:00 AM,02-02-2024, 12:08:00 PM,,,,,,,14.82,2065
48.1,02-02-2024, 11:45:00 AM,02-02-2024, 12:07:00 PM,CE,72900,Sell,20,306.5,153.25,,3065
48.2,02-02-2024, 11:45:00 AM,02-02-2024, 12:08:00 PM,PE,72900,Sell,20,120,170,,-1000
49,05-02-2024, 9:45:00 AM,05-02-2024, 10:19:00 AM,,,,,,,15.88,-1000
49.1,05-02-2024, 9:45:00 AM,05-02-2024, 9:48:00 AM,CE,72200,Sell,20,683.2,733.2,,-1000
49.2,05-02-2024, 9:45:00 AM,05-02-2024, 10:19:00 AM,PE,72200,Sell,20,665,665,,0
50,05-02-2024, 11:45:00 AM,05-02-2024, 12:06:00 PM,,,,,,,15.73,-1000
50.1,05-02-2024, 11:45:00 AM,05-02-2024, 12:00:00 PM,CE,72200,Sell,20,643.35,693.35,,-1000
50.2,05-02-2024, 11:45:00 AM,05-02-2024, 12:06:00 PM,PE,72200,Sell,20,604.35,604.35,,0
51,06-02-2024, 9:45:00 AM,06-02-2024, 9:55:00 AM,,,,,,,15.83,-1000
51.1,06-02-2024, 9:45:00 AM,06-02-2024, 9:51:00 AM,CE,72000,Sell,20,600.75,650.75,,-1000
51.2,06-02-2024, 9:45:00 AM,06-02-2024, 9:55:00 AM,PE,72000,Sell,20,593.5,593.5,,0
52,06-02-2024, 11:45:00 AM,06-02-2024, 3:15:00 PM,,,,,,,15.81,528
52.1,06-02-2024, 11:45:00 AM,06-02-2024, 12:00:00 PM,CE,72000,Sell,20,600.4,650.4,,-1000
52.2,06-02-2024, 11:45:00 AM,06-02-2024, 3:15:00 PM,PE,72000,Sell,20,536.45,460.05,,1528
53,07-02-2024, 9:45:00 AM,07-02-2024, 10:41:00 AM,,,,,,,15.89,-1000
53.1,07-02-2024, 9:45:00 AM,07-02-2024, 10:00:00 AM,CE,72300,Sell,20,519.65,569.65,,-1000
53.2,07-02-2024, 9:45:00 AM,07-02-2024, 10:41:00 AM,PE,72300,Sell,20,499,499,,0
54,07-02-2024, 11:45:00 AM,07-02-2024, 12:33:00 PM,,,,,,,15.84,-1000
54.1,07-02-2024, 11:45:00 AM,07-02-2024, 12:33:00 PM,CE,72000,Sell,20,528.05,528.05,,0
54.2,07-02-2024, 11:45:00 AM,07-02-2024, 11:57:00 AM,PE,72000,Sell,20,444.35,494.35,,-1000
55,08-02-2024, 9:45:00 AM,08-02-2024, 10:05:00 AM,,,,,,,15.51,-1000
55.1,08-02-2024, 9:45:00 AM,08-02-2024, 10:05:00 AM,CE,72300,Sell,20,431.75,431.75,,0
55.2,08-02-2024, 9:45:00 AM,08-02-2024, 9:52:00 AM,PE,72300,Sell,20,364.3,414.3,,-1000
56,08-02-2024, 11:45:00 AM,08-02-2024, 2:39:00 PM,,,,,,,15.74,2950
56.1,08-02-2024, 11:45:00 AM,08-02-2024, 2:39:00 PM,CE,71600,Sell,20,395,197.5,,3950
56.2,08-02-2024, 11:45:00 AM,08-02-2024, 2:07:00 PM,PE,71600,Sell,20,299.95,349.95,,-1000
57,09-02-2024, 9:45:00 AM,09-02-2024, 10:37:00 AM,,,,,,,16.02,1555
57.1,09-02-2024, 9:45:00 AM,09-02-2024, 10:37:00 AM,CE,71500,Sell,20,255.55,127.8,,2555
57.2,09-02-2024, 9:45:00 AM,09-02-2024, 9:52:00 AM,PE,71500,Sell,20,187.9,237.9,,-1000
58,09-02-2024, 11:45:00 AM,09-02-2024, 12:14:00 PM,,,,,,,15.85,-1000
58.1,09-02-2024, 11:45:00 AM,09-02-2024, 12:10:00 PM,CE,71500,Sell,20,142.4,192.4,,-1000
58.2,09-02-2024, 11:45:00 AM,09-02-2024, 12:14:00 PM,PE,71500,Sell,20,131.85,131.85,,0
59,12-02-2024, 9:45:00 AM,12-02-2024, 3:15:00 PM,,,,,,,16.32,3602
59.1,12-02-2024, 9:45:00 AM,12-02-2024, 3:15:00 PM,CE,71500,Sell,20,657.7,427.6,,4602
59.2,12-02-2024, 9:45:00 AM,12-02-2024, 10:03:00 AM,PE,71500,Sell,20,568.5,618.5,,-1000
60,12-02-2024, 11:45:00 AM,12-02-2024, 3:15:00 PM,,,,,,,15.9,1592
60.1,12-02-2024, 11:45:00 AM,12-02-2024, 3:15:00 PM,CE,71400,Sell,20,603.8,474.2,,2592
60.2,12-02-2024, 11:45:00 AM,12-02-2024, 12:04:00 PM,PE,71400,Sell,20,548,598,,-1000
61,13-02-2024, 9:45:00 AM,13-02-2024, 9:55:00 AM,,,,,,,16.13,-1000
61.1,13-02-2024, 9:45:00 AM,13-02-2024, 9:55:00 AM,CE,71200,Sell,20,602.3,602.3,,0
61.2,13-02-2024, 9:45:00 AM,13-02-2024, 9:51:00 AM,PE,71200,Sell,20,517.7,567.7,,-1000
62,13-02-2024, 11:45:00 AM,13-02-2024, 1:01:00 PM,,,,,,,16.21,-1000
62.1,13-02-2024, 11:45:00 AM,13-02-2024, 1:01:00 PM,CE,71500,Sell,20,502.7,502.7,,0
62.2,13-02-2024, 11:45:00 AM,13-02-2024, 12:14:00 PM,PE,71500,Sell,20,522.55,572.55,,-1000
63,14-02-2024, 9:45:00 AM,14-02-2024, 2:13:00 PM,,,,,,,15.99,3492
63.1,14-02-2024, 9:45:00 AM,14-02-2024, 10:20:00 AM,CE,71000,Sell,20,453.8,503.8,,-1000
63.2,14-02-2024, 9:45:00 AM,14-02-2024, 2:13:00 PM,PE,71000,Sell,20,449.2,224.6,,4492
64,14-02-2024, 11:45:00 AM,14-02-2024, 2:18:00 PM,,,,,,,15.72,3340
64.1,14-02-2024, 11:45:00 AM,14-02-2024, 12:28:00 PM,CE,71100,Sell,20,421,471,,-1000
64.2,14-02-2024, 11:45:00 AM,14-02-2024, 2:18:00 PM,PE,71100,Sell,20,434,217,,4340
65,15-02-2024, 9:45:00 AM,15-02-2024, 9:56:00 AM,,,,,,,15.53,-1000
65.1,15-02-2024, 9:45:00 AM,15-02-2024, 9:49:00 AM,CE,71700,Sell,20,420.15,470.15,,-1000
65.2,15-02-2024, 9:45:00 AM,15-02-2024, 9:56:00 AM,PE,71700,Sell,20,352.8,352.8,,0
66,15-02-2024, 11:45:00 AM,15-02-2024, 12:00:00 PM,,,,,,,15.52,-1000
66.1,15-02-2024, 11:45:00 AM,15-02-2024, 11:57:00 AM,CE,71800,Sell,20,388.15,438.15,,-1000
66.2,15-02-2024, 11:45:00 AM,15-02-2024, 12:00:00 PM,PE,71800,Sell,20,287.6,287.6,,0
67,16-02-2024, 9:45:00 AM,16-02-2024, 10:29:00 AM,,,,,,,15.28,960
67.1,16-02-2024, 9:45:00 AM,16-02-2024, 10:15:00 AM,CE,72300,Sell,20,192.8,242.8,,-1000
67.2,16-02-2024, 9:45:00 AM,16-02-2024, 10:29:00 AM,PE,72300,Sell,20,196,98,,1960
68,16-02-2024, 11:45:00 AM,16-02-2024, 2:14:00 PM,,,,,,,15.31,2194
68.1,16-02-2024, 11:45:00 AM,16-02-2024, 2:14:00 PM,CE,72400,Sell,20,90.1,45.05,,901
68.2,16-02-2024, 11:45:00 AM,16-02-2024, 1:34:00 PM,PE,72400,Sell,20,129.35,64.7,,1293
69,19-02-2024, 9:45:00 AM,19-02-2024, 10:16:00 AM,,,,,,,15.97,-1000
69.1,19-02-2024, 9:45:00 AM,19-02-2024, 10:16:00 AM,CE,72500,Sell,20,552,552,,0
69.2,19-02-2024, 9:45:00 AM,19-02-2024, 9:51:00 AM,PE,72500,Sell,20,582,632,,-1000
70,19-02-2024, 11:45:00 AM,19-02-2024, 12:03:00 PM,,,,,,,16.04,-1000
70.1,19-02-2024, 11:45:00 AM,19-02-2024, 11:58:00 AM,CE,72700,Sell,20,575.1,625.1,,-1000
70.2,19-02-2024, 11:45:00 AM,19-02-2024, 12:03:00 PM,PE,72700,Sell,20,545.6,545.6,,0
71,20-02-2024, 9:45:00 AM,20-02-2024, 10:16:00 AM,,,,,,,16.24,-1000
71.1,20-02-2024, 9:45:00 AM,20-02-2024, 10:16:00 AM,CE,72700,Sell,20,526.75,526.75,,0
71.2,20-02-2024, 9:45:00 AM,20-02-2024, 9:51:00 AM,PE,72700,Sell,20,533.1,583.1,,-1000
72,20-02-2024, 11:45:00 AM,20-02-2024, 2:03:00 PM,,,,,,,16.22,-1000
72.1,20-02-2024, 11:45:00 AM,20-02-2024, 12:02:00 PM,CE,72800,Sell,20,491.95,541.95,,-1000
72.2,20-02-2024, 11:45:00 AM,20-02-2024, 2:03:00 PM,PE,72800,Sell,20,527,527,,0
73,21-02-2024, 9:45:00 AM,21-02-2024, 2:24:00 PM,,,,,,,16.25,2987
73.1,21-02-2024, 9:45:00 AM,21-02-2024, 2:24:00 PM,CE,73200,Sell,20,398.7,199.35,,3987
73.2,21-02-2024, 9:45:00 AM,21-02-2024, 10:21:00 AM,PE,73200,Sell,20,469.6,519.6,,-1000
74,21-02-2024, 11:45:00 AM,21-02-2024, 2:26:00 PM,,,,,,,16.07,2912
74.1,21-02-2024, 11:45:00 AM,21-02-2024, 2:26:00 PM,CE,73100,Sell,20,391.2,195.6,,3912
74.2,21-02-2024, 11:45:00 AM,21-02-2024, 1:49:00 PM,PE,73100,Sell,20,408.4,458.4,,-1000
75,22-02-2024, 9:45:00 AM,22-02-2024, 10:56:00 AM,,,,,,,15.69,2483
75.1,22-02-2024, 9:45:00 AM,22-02-2024, 10:56:00 AM,CE,72600,Sell,20,348.35,174.2,,3483
75.2,22-02-2024, 9:45:00 AM,22-02-2024, 9:54:00 AM,PE,72600,Sell,20,353.55,403.55,,-1000
76,22-02-2024, 11:45:00 AM,22-02-2024, 1:51:00 PM,,,,,,,15.79,2151
76.1,22-02-2024, 11:45:00 AM,22-02-2024, 1:42:00 PM,CE,72300,Sell,20,346.05,396.05,,-1000
76.2,22-02-2024, 11:45:00 AM,22-02-2024, 1:51:00 PM,PE,72300,Sell,20,315.05,157.5,,3151
77,23-02-2024, 9:45:00 AM,23-02-2024, 10:01:00 AM,,,,,,,15.37,-1000
77.1,23-02-2024, 9:45:00 AM,23-02-2024, 10:01:00 AM,CE,73300,Sell,20,189.05,189.05,,0
77.2,23-02-2024, 9:45:00 AM,23-02-2024, 9:55:00 AM,PE,73300,Sell,20,152.5,202.5,,-1000
78,23-02-2024, 11:45:00 AM,23-02-2024, 1:23:00 PM,,,,,,,15.16,6
78.1,23-02-2024, 11:45:00 AM,23-02-2024, 1:23:00 PM,CE,73300,Sell,20,100.6,50.3,,1006
78.2,23-02-2024, 11:45:00 AM,23-02-2024, 11:51:00 AM,PE,73300,Sell,20,97.15,147.15,,-1000
79,26-02-2024, 9:45:00 AM,26-02-2024, 3:15:00 PM,,,,,,,15.61,2052
79.1,26-02-2024, 9:45:00 AM,26-02-2024, 3:15:00 PM,CE,73100,Sell,20,648.8,496.2,,3052
79.2,26-02-2024, 9:45:00 AM,26-02-2024, 9:51:00 AM,PE,73100,Sell,20,545.25,595.25,,-1000
80,26-02-2024, 11:45:00 AM,26-02-2024, 12:58:00 PM,,,,,,,15.89,-1000
80.1,26-02-2024, 11:45:00 AM,26-02-2024, 12:58:00 PM,CE,72800,Sell,20,684.45,684.45,,0
80.2,26-02-2024, 11:45:00 AM,26-02-2024, 11:56:00 AM,PE,72800,Sell,20,524.15,574.15,,-1000
81,27-02-2024, 9:45:00 AM,27-02-2024, 3:15:00 PM,,,,,,,15.95,1644
81.1,27-02-2024, 9:45:00 AM,27-02-2024, 11:41:00 AM,CE,72800,Sell,20,616.95,666.95,,-1000
81.2,27-02-2024, 9:45:00 AM,27-02-2024, 3:15:00 PM,PE,72800,Sell,20,490.1,357.9,,2644
82,27-02-2024, 11:45:00 AM,27-02-2024, 12:45:00 PM,,,,,,,15.67,-1000
82.1,27-02-2024, 11:45:00 AM,27-02-2024, 12:45:00 PM,CE,72900,Sell,20,578.1,578.1,,0
82.2,27-02-2024, 11:45:00 AM,27-02-2024, 12:06:00 PM,PE,72900,Sell,20,470.95,520.95,,-1000
83,28-02-2024, 9:45:00 AM,28-02-2024, 11:47:00 AM,,,,,,,15.72,3805
83.1,28-02-2024, 9:45:00 AM,28-02-2024, 11:47:00 AM,CE,73100,Sell,20,480.5,240.25,,4805
83.2,28-02-2024, 9:45:00 AM,28-02-2024, 10:52:00 AM,PE,73100,Sell,20,411.9,461.9,,-1000
84,28-02-2024, 11:45:00 AM,28-02-2024, 11:48:00 AM,,,,,,,16.25,-1000
84.1,28-02-2024, 11:45:00 AM,28-02-2024, 11:48:00 AM,CE,72600,Sell,20,481.1,481.1,,0
84.2,28-02-2024, 11:45:00 AM,28-02-2024, 11:47:00 AM,PE,72600,Sell,20,455,505,,-1000
85,29-02-2024, 9:45:00 AM,29-02-2024, 10:09:00 AM,,,,,,,16.16,-1000
85.1,29-02-2024, 9:45:00 AM,29-02-2024, 9:55:00 AM,CE,72400,Sell,20,387.95,437.95,,-1000
85.2,29-02-2024, 9:45:00 AM,29-02-2024, 10:09:00 AM,PE,72400,Sell,20,394.2,394.2,,0
86,29-02-2024, 11:45:00 AM,29-02-2024, 1:04:00 PM,,,,,,,16.03,-1000
86.1,29-02-2024, 11:45:00 AM,29-02-2024, 1:04:00 PM,CE,72400,Sell,20,386.15,386.15,,0
86.2,29-02-2024, 11:45:00 AM,29-02-2024, 12:30:00 PM,PE,72400,Sell,20,338.9,388.9,,-1000
87,01-03-2024, 9:45:00 AM,01-03-2024, 9:47:00 AM,,,,,,,15.23,-1000
87.1,01-03-2024, 9:45:00 AM,01-03-2024, 9:46:00 AM,CE,73000,Sell,20,360.6,410.6,,-1000
87.2,01-03-2024, 9:45:00 AM,01-03-2024, 9:47:00 AM,PE,73000,Sell,20,253.85,253.85,,0
88,01-03-2024, 11:45:00 AM,01-03-2024, 12:33:00 PM,,,,,,,15.43,1046
88.1,01-03-2024, 11:45:00 AM,01-03-2024, 11:54:00 AM,CE,73500,Sell,20,244,294,,-1000
88.2,01-03-2024, 11:45:00 AM,01-03-2024, 12:33:00 PM,PE,73500,Sell,20,204.6,102.3,,2046
89,04-03-2024, 9:45:00 AM,04-03-2024, 10:07:00 AM,,,,,,,15.18,-1000
89.1,04-03-2024, 9:45:00 AM,04-03-2024, 10:07:00 AM,CE,73900,Sell,20,514.8,514.8,,0
89.2,04-03-2024, 9:45:00 AM,04-03-2024, 9:53:00 AM,PE,73900,Sell,20,503.65,553.65,,-1000
90,04-03-2024, 11:45:00 AM,04-03-2024, 3:15:00 PM,,,,,,,14.93,1549
90.1,04-03-2024, 11:45:00 AM,04-03-2024, 3:15:00 PM,CE,73900,Sell,20,461.55,421.5,,801
90.2,04-03-2024, 11:45:00 AM,04-03-2024, 3:15:00 PM,PE,73900,Sell,20,474.65,437.25,,748
91,05-03-2024, 9:45:00 AM,05-03-2024, 12:55:00 PM,,,,,,,14.88,-1000
91.1,05-03-2024, 9:45:00 AM,05-03-2024, 12:55:00 PM,CE,73700,Sell,20,414.55,414.55,,0
91.2,05-03-2024, 9:45:00 AM,05-03-2024, 10:01:00 AM,PE,73700,Sell,20,373.55,423.55,,-1000
92,05-03-2024, 11:45:00 AM,05-03-2024, 3:15:00 PM,,,,,,,14.72,251
92.1,05-03-2024, 11:45:00 AM,05-03-2024, 12:52:00 PM,CE,73600,Sell,20,375.85,425.85,,-1000
92.2,05-03-2024, 11:45:00 AM,05-03-2024, 3:15:00 PM,PE,73600,Sell,20,364.35,301.8,,1251
93,06-03-2024, 9:45:00 AM,06-03-2024, 10:19:00 AM,,,,,,,14.34,-1000
93.1,06-03-2024, 9:45:00 AM,06-03-2024, 10:19:00 AM,CE,73700,Sell,20,333.85,333.85,,0
93.2,06-03-2024, 9:45:00 AM,06-03-2024, 9:51:00 AM,PE,73700,Sell,20,282.7,332.7,,-1000
94,06-03-2024, 11:45:00 AM,06-03-2024, 1:43:00 PM,,,,,,,14.56,1857
94.1,06-03-2024, 11:45:00 AM,06-03-2024, 12:39:00 PM,CE,73400,Sell,20,327.3,377.3,,-1000
94.2,06-03-2024, 11:45:00 AM,06-03-2024, 1:43:00 PM,PE,73400,Sell,20,285.75,142.9,,2857
95,07-03-2024, 9:45:00 AM,07-03-2024, 10:45:00 AM,,,,,,,14.21,-1000
95.1,07-03-2024, 9:45:00 AM,07-03-2024, 10:05:00 AM,CE,74100,Sell,20,130.1,180.1,,-1000
95.2,07-03-2024, 9:45:00 AM,07-03-2024, 10:45:00 AM,PE,74100,Sell,20,155.9,155.9,,0
96,07-03-2024, 11:45:00 AM,07-03-2024, 2:42:00 PM,,,,,,,14.06,1920
96.1,07-03-2024, 11:45:00 AM,07-03-2024, 2:42:00 PM,CE,74100,Sell,20,104.35,52.2,,1043
96.2,07-03-2024, 11:45:00 AM,07-03-2024, 1:32:00 PM,PE,74100,Sell,20,87.75,43.9,,877
97,11-03-2024, 9:45:00 AM,11-03-2024, 3:15:00 PM,,,,,,,14.24,3557
97.1,11-03-2024, 9:45:00 AM,11-03-2024, 3:15:00 PM,CE,74000,Sell,20,537.4,309.55,,4557
97.2,11-03-2024, 9:45:00 AM,11-03-2024, 10:15:00 AM,PE,74000,Sell,20,468.85,518.85,,-1000
98,11-03-2024, 11:45:00 AM,11-03-2024, 1:32:00 PM,,,,,,,14.24,-1000
98.1,11-03-2024, 11:45:00 AM,11-03-2024, 1:32:00 PM,CE,73800,Sell,20,557.95,557.95,,0
98.2,11-03-2024, 11:45:00 AM,11-03-2024, 12:12:00 PM,PE,73800,Sell,20,430.25,480.25,,-1000
99,12-03-2024, 9:45:00 AM,12-03-2024, 3:15:00 PM,,,,,,,13.9,1287
99.1,12-03-2024, 9:45:00 AM,12-03-2024, 3:15:00 PM,CE,73900,Sell,20,484.75,370.4,,2287
99.2,12-03-2024, 9:45:00 AM,12-03-2024, 10:45:00 AM,PE,73900,Sell,20,389.7,439.7,,-1000
100,12-03-2024, 11:45:00 AM,12-03-2024, 1:06:00 PM,,,,,,,13.9,-1000
100.1,12-03-2024, 11:45:00 AM,12-03-2024, 12:11:00 PM,CE,73600,Sell,20,526.7,576.7,,-1000
100.2,12-03-2024, 11:45:00 AM,12-03-2024, 1:06:00 PM,PE,73600,Sell,20,369.85,369.85,,0
101,13-03-2024, 9:45:00 AM,13-03-2024, 10:15:00 AM,,,,,,,13.73,-1000
101.1,13-03-2024, 9:45:00 AM,13-03-2024, 10:15:00 AM,CE,73800,Sell,20,438.75,438.75,,0
101.2,13-03-2024, 9:45:00 AM,13-03-2024, 9:49:00 AM,PE,73800,Sell,20,382.4,432.4,,-1000
102,13-03-2024, 11:45:00 AM,13-03-2024, 12:07:00 PM,,,,,,,14.21,-1000
102.1,13-03-2024, 11:45:00 AM,13-03-2024, 12:07:00 PM,CE,73200,Sell,20,507.05,507.05,,0
102.2,13-03-2024, 11:45:00 AM,13-03-2024, 11:52:00 AM,PE,73200,Sell,20,371.3,421.3,,-1000
103,14-03-2024, 9:45:00 AM,14-03-2024, 10:42:00 AM,,,,,,,14.24,2185
103.1,14-03-2024, 9:45:00 AM,14-03-2024, 9:58:00 AM,CE,72700,Sell,20,395.55,445.55,,-1000
103.2,14-03-2024, 9:45:00 AM,14-03-2024, 10:42:00 AM,PE,72700,Sell,20,318.55,159.3,,3185
104,14-03-2024, 11:45:00 AM,14-03-2024, 12:43:00 PM,,,,,,,13.91,-1000
104.1,14-03-2024, 11:45:00 AM,14-03-2024, 12:25:00 PM,CE,73200,Sell,20,394,444,,-1000
104.2,14-03-2024, 11:45:00 AM,14-03-2024, 12:43:00 PM,PE,73200,Sell,20,232.75,232.75,,0
105,15-03-2024, 9:45:00 AM,15-03-2024, 10:20:00 AM,,,,,,,14.14,731
105.1,15-03-2024, 9:45:00 AM,15-03-2024, 10:20:00 AM,CE,72800,Sell,20,173.05,86.5,,1731
105.2,15-03-2024, 9:45:00 AM,15-03-2024, 9:59:00 AM,PE,72800,Sell,20,168.15,218.15,,-1000
106,15-03-2024, 11:45:00 AM,15-03-2024, 2:23:00 PM,,,,,,,14.18,2231
106.1,15-03-2024, 11:45:00 AM,15-03-2024, 2:23:00 PM,CE,72600,Sell,20,111.2,55.6,,1112
106.2,15-03-2024, 11:45:00 AM,15-03-2024, 1:37:00 PM,PE,72600,Sell,20,111.95,56,,1119
107,18-03-2024, 9:45:00 AM,18-03-2024, 9:53:00 AM,,,,,,,14.54,-1000
107.1,18-03-2024, 9:45:00 AM,18-03-2024, 9:53:00 AM,CE,72500,Sell,20,600,600,,0
107.2,18-03-2024, 9:45:00 AM,18-03-2024, 9:49:00 AM,PE,72500,Sell,20,527.65,577.65,,-1000
108,18-03-2024, 11:45:00 AM,18-03-2024, 3:15:00 PM,,,,,,,14.31,1246
108.1,18-03-2024, 11:45:00 AM,18-03-2024, 12:03:00 PM,CE,72500,Sell,20,585.5,635.5,,-1000
108.2,18-03-2024, 11:45:00 AM,18-03-2024, 3:15:00 PM,PE,72500,Sell,20,450.65,338.35,,2246
109,19-03-2024, 9:45:00 AM,19-03-2024, 3:14:00 PM,,,,,,,14.08,3992
109.1,19-03-2024, 9:45:00 AM,19-03-2024, 3:14:00 PM,CE,72500,Sell,20,499.2,249.6,,4992
109.2,19-03-2024, 9:45:00 AM,19-03-2024, 9:58:00 AM,PE,72500,Sell,20,418.5,468.5,,-1000
110,19-03-2024, 11:45:00 AM,19-03-2024, 2:17:00 PM,,,,,,,14.32,-1021
110.1,19-03-2024, 11:45:00 AM,19-03-2024, 12:20:00 PM,CE,72000,Sell,20,535.45,585.45,,-1000
110.2,19-03-2024, 11:45:00 AM,19-03-2024, 2:17:00 PM,PE,72000,Sell,20,405.55,406.6,,-21
111,20-03-2024, 9:45:00 AM,20-03-2024, 10:48:00 AM,,,,,,,13.91,3423
111.1,20-03-2024, 9:45:00 AM,20-03-2024, 10:48:00 AM,CE,72200,Sell,20,442.25,221.1,,4423
111.2,20-03-2024, 9:45:00 AM,20-03-2024, 10:00:00 AM,PE,72200,Sell,20,343.7,393.7,,-1000
112,20-03-2024, 11:45:00 AM,20-03-2024, 2:22:00 PM,,,,,,,13.84,-1000
112.1,20-03-2024, 11:45:00 AM,20-03-2024, 12:18:00 PM,CE,72100,Sell,20,438.5,488.5,,-1000
112.2,20-03-2024, 11:45:00 AM,20-03-2024, 2:22:00 PM,PE,72100,Sell,20,335,335,,0
113,21-03-2024, 9:45:00 AM,21-03-2024, 12:02:00 PM,,,,,,,12.93,-1000
113.1,21-03-2024, 9:45:00 AM,21-03-2024, 10:06:00 AM,CE,72600,Sell,20,322.5,372.5,,-1000
113.2,21-03-2024, 9:45:00 AM,21-03-2024, 12:02:00 PM,PE,72600,Sell,20,234.55,234.55,,0
114,21-03-2024, 11:45:00 AM,21-03-2024, 3:15:00 PM,,,,,,,12.69,-328
114.1,21-03-2024, 11:45:00 AM,21-03-2024, 3:15:00 PM,CE,72700,Sell,20,266.7,233.1,,672
114.2,21-03-2024, 11:45:00 AM,21-03-2024, 12:02:00 PM,PE,72700,Sell,20,235.35,285.35,,-1000
115,22-03-2024, 9:45:00 AM,22-03-2024, 9:49:00 AM,,,,,,,12.54,-1000
115.1,22-03-2024, 9:45:00 AM,22-03-2024, 9:49:00 AM,CE,72400,Sell,20,238.6,238.6,,0
115.2,22-03-2024, 9:45:00 AM,22-03-2024, 9:46:00 AM,PE,72400,Sell,20,174.45,224.45,,-1000
116,22-03-2024, 11:45:00 AM,22-03-2024, 1:36:00 PM,,,,,,,12.52,3045
116.1,22-03-2024, 11:45:00 AM,22-03-2024, 1:36:00 PM,CE,72800,Sell,20,194.25,97.1,,1943
116.2,22-03-2024, 11:45:00 AM,22-03-2024, 12:55:00 PM,PE,72800,Sell,20,110.2,55.1,,1102
117,26-03-2024, 9:45:00 AM,26-03-2024, 3:15:00 PM,,,,,,,13.05,328
117.1,26-03-2024, 9:45:00 AM,26-03-2024, 10:31:00 AM,CE,72500,Sell,20,500.45,550.45,,-1000
117.2,26-03-2024, 9:45:00 AM,26-03-2024, 3:15:00 PM,PE,72500,Sell,20,306.4,240,,1328
118,26-03-2024, 11:45:00 AM,26-03-2024, 3:15:00 PM,,,,,,,12.62,1087
118.1,26-03-2024, 11:45:00 AM,26-03-2024, 3:15:00 PM,CE,72600,Sell,20,473.5,413.15,,1207
118.2,26-03-2024, 11:45:00 AM,26-03-2024, 3:15:00 PM,PE,72600,Sell,20,270.95,276.95,,-120
119,27-03-2024, 9:45:00 AM,27-03-2024, 1:40:00 PM,,,,,,,12.93,1245
119.1,27-03-2024, 9:45:00 AM,27-03-2024, 10:02:00 AM,CE,72800,Sell,20,328.9,378.9,,-1000
119.2,27-03-2024, 9:45:00 AM,27-03-2024, 1:40:00 PM,PE,72800,Sell,20,224.55,112.3,,2245
120,27-03-2024, 11:45:00 AM,27-03-2024, 3:15:00 PM,,,,,,,12.76,1824
120.1,27-03-2024, 11:45:00 AM,27-03-2024, 3:15:00 PM,CE,73000,Sell,20,264.15,214.5,,993
120.2,27-03-2024, 11:45:00 AM,27-03-2024, 3:15:00 PM,PE,73000,Sell,20,219.65,178.1,,831
121,28-03-2024, 9:45:00 AM,28-03-2024, 10:17:00 AM,,,,,,,12.66,141
121.1,28-03-2024, 9:45:00 AM,28-03-2024, 9:49:00 AM,CE,73400,Sell,20,179.65,229.65,,-1000
121.2,28-03-2024, 9:45:00 AM,28-03-2024, 10:17:00 AM,PE,73400,Sell,20,114.1,57.05,,1141
122,28-03-2024, 11:45:00 AM,28-03-2024, 12:20:00 PM,,,,,,,12.83,515
122.1,28-03-2024, 11:45:00 AM,28-03-2024, 12:20:00 PM,CE,73800,Sell,20,151.5,75.75,,1515
122.2,28-03-2024, 11:45:00 AM,28-03-2024, 11:56:00 AM,PE,73800,Sell,20,140.1,190.1,,-1000
123,01-04-2024, 9:45:00 AM,01-04-2024, 11:06:00 AM,,,,,,,12.56,-1000
123.1,01-04-2024, 9:45:00 AM,01-04-2024, 10:01:00 AM,CE,74100,Sell,20,529.15,579.15,,-1000
123.2,01-04-2024, 9:45:00 AM,01-04-2024, 11:06:00 AM,PE,74100,Sell,20,472.55,472.55,,0
124,01-04-2024, 11:45:00 AM,01-04-2024, 1:31:00 PM,,,,,,,12.22,-1000
124.1,01-04-2024, 11:45:00 AM,01-04-2024, 1:31:00 PM,CE,74000,Sell,20,542.8,542.8,,0
124.2,01-04-2024, 11:45:00 AM,01-04-2024, 1:08:00 PM,PE,74000,Sell,20,385,435,,-1000
125,02-04-2024, 9:45:00 AM,02-04-2024, 3:15:00 PM,,,,,,,12.09,696
125.1,02-04-2024, 9:45:00 AM,02-04-2024, 3:15:00 PM,CE,74100,Sell,20,409.65,324.85,,1696
125.2,02-04-2024, 9:45:00 AM,02-04-2024, 9:48:00 AM,PE,74100,Sell,20,409.25,459.25,,-1000
126,02-04-2024, 11:45:00 AM,02-04-2024, 3:15:00 PM,,,,,,,11.71,262
126.1,02-04-2024, 11:45:00 AM,02-04-2024, 3:15:00 PM,CE,73900,Sell,20,399.55,428.2,,-573
126.2,02-04-2024, 11:45:00 AM,02-04-2024, 3:15:00 PM,PE,73900,Sell,20,356.3,314.55,,835
127,03-04-2024, 9:45:00 AM,03-04-2024, 12:15:00 PM,,,,,,,11.63,2162
127.1,03-04-2024, 9:45:00 AM,03-04-2024, 10:03:00 AM,CE,73600,Sell,20,335.8,385.8,,-1000
127.2,03-04-2024, 9:45:00 AM,03-04-2024, 12:15:00 PM,PE,73600,Sell,20,316.2,158.1,,3162
128,03-04-2024, 11:45:00 AM,03-04-2024, 3:03:00 PM,,,,,,,11.46,-1000
128.1,03-04-2024, 11:45:00 AM,03-04-2024, 12:16:00 PM,CE,73900,Sell,20,352.3,402.3,,-1000
128.2,03-04-2024, 11:45:00 AM,03-04-2024, 3:03:00 PM,PE,73900,Sell,20,309.05,309.05,,0
129,04-04-2024, 9:45:00 AM,04-04-2024, 10:54:00 AM,,,,,,,11.52,2257
129.1,04-04-2024, 9:45:00 AM,04-04-2024, 10:54:00 AM,CE,74000,Sell,20,325.65,162.8,,3257
129.2,04-04-2024, 9:45:00 AM,04-04-2024, 9:54:00 AM,PE,74000,Sell,20,314.95,364.95,,-1000
130,04-04-2024, 11:45:00 AM,04-04-2024, 1:15:00 PM,,,,,,,11.56,1746
130.1,04-04-2024, 11:45:00 AM,04-04-2024, 12:39:00 PM,CE,73800,Sell,20,311.05,361.05,,-1000
130.2,04-04-2024, 11:45:00 AM,04-04-2024, 1:15:00 PM,PE,73800,Sell,20,274.6,137.3,,2746
131,05-04-2024, 9:45:00 AM,05-04-2024, 10:02:00 AM,,,,,,,11.59,-1000
131.1,05-04-2024, 9:45:00 AM,05-04-2024, 9:53:00 AM,CE,74100,Sell,20,205.35,255.35,,-1000
131.2,05-04-2024, 9:45:00 AM,05-04-2024, 10:02:00 AM,PE,74100,Sell,20,218.25,218.25,,0
132,05-04-2024, 11:45:00 AM,05-04-2024, 2:38:00 PM,,,,,,,11.63,2099
132.1,05-04-2024, 11:45:00 AM,05-04-2024, 2:38:00 PM,CE,74200,Sell,20,70.75,35.4,,707
132.2,05-04-2024, 11:45:00 AM,05-04-2024, 1:53:00 PM,PE,74200,Sell,20,139.2,69.6,,1392
133,08-04-2024, 9:45:00 AM,08-04-2024, 3:15:00 PM,,,,,,,11.62,1621
133.1,08-04-2024, 9:45:00 AM,08-04-2024, 1:03:00 PM,CE,74600,Sell,20,451.1,501.1,,-1000
133.2,08-04-2024, 9:45:00 AM,08-04-2024, 3:15:00 PM,PE,74600,Sell,20,480.05,349,,2621
134,08-04-2024, 11:45:00 AM,08-04-2024, 3:15:00 PM,,,,,,,11.5,268
134.1,08-04-2024, 11:45:00 AM,08-04-2024, 1:03:00 PM,CE,74700,Sell,20,408.55,458.55,,-1000
134.2,08-04-2024, 11:45:00 AM,08-04-2024, 3:15:00 PM,PE,74700,Sell,20,450.8,387.4,,1268
135,09-04-2024, 9:45:00 AM,09-04-2024, 12:14:00 PM,,,,,,,11.45,-1000
135.1,09-04-2024, 9:45:00 AM,09-04-2024, 10:39:00 AM,CE,75000,Sell,20,340.9,390.9,,-1000
135.2,09-04-2024, 9:45:00 AM,09-04-2024, 12:14:00 PM,PE,75000,Sell,20,378.4,378.4,,0
136,09-04-2024, 11:45:00 AM,09-04-2024, 3:15:00 PM,,,,,,,11.46,2268
136.1,09-04-2024, 11:45:00 AM,09-04-2024, 3:15:00 PM,CE,75000,Sell,20,364.8,201.4,,3268
136.2,09-04-2024, 11:45:00 AM,09-04-2024, 12:14:00 PM,PE,75000,Sell,20,320.45,370.45,,-1000
137,10-04-2024, 9:45:00 AM,10-04-2024, 3:15:00 PM,,,,,,,11.24,2228
137.1,10-04-2024, 9:45:00 AM,10-04-2024, 3:15:00 PM,CE,74900,Sell,20,292.8,277.2,,312
137.2,10-04-2024, 9:45:00 AM,10-04-2024, 3:15:00 PM,PE,74900,Sell,20,300.35,204.55,,1916
138,10-04-2024, 11:45:00 AM,10-04-2024, 3:15:00 PM,,,,,,,11.3,398
138.1,10-04-2024, 11:45:00 AM,10-04-2024, 1:46:00 PM,CE,74800,Sell,20,292.25,342.25,,-1000
138.2,10-04-2024, 11:45:00 AM,10-04-2024, 3:15:00 PM,PE,74800,Sell,20,234.5,164.6,,1398
139,12-04-2024, 9:45:00 AM,12-04-2024, 12:18:00 PM,,,,,,,11.42,4512
139.1,12-04-2024, 9:45:00 AM,12-04-2024, 12:18:00 PM,CE,74700,Sell,20,157.65,78.8,,1577
139.2,12-04-2024, 9:45:00 AM,12-04-2024, 11:18:00 AM,PE,74700,Sell,20,293.5,146.75,,2935
140,12-04-2024, 11:45:00 AM,12-04-2024, 12:20:00 PM,,,,,,,11.33,-1000
140.1,12-04-2024, 11:45:00 AM,12-04-2024, 12:20:00 PM,CE,74800,Sell,20,108,108,,0
140.2,12-04-2024, 11:45:00 AM,12-04-2024, 12:17:00 PM,PE,74800,Sell,20,147,197,,-1000
141,15-04-2024, 9:45:00 AM,15-04-2024, 3:15:00 PM,,,,,,,12.55,527
141.1,15-04-2024, 9:45:00 AM,15-04-2024, 9:58:00 AM,CE,73500,Sell,20,608.8,658.8,,-1000
141.2,15-04-2024, 9:45:00 AM,15-04-2024, 3:15:00 PM,PE,73500,Sell,20,515.3,438.95,,1527
142,15-04-2024, 11:45:00 AM,15-04-2024, 3:15:00 PM,,,,,,,12.1,2767
142.1,15-04-2024, 11:45:00 AM,15-04-2024, 3:15:00 PM,CE,73700,Sell,20,559.9,371.55,,3767
142.2,15-04-2024, 11:45:00 AM,15-04-2024, 1:03:00 PM,PE,73700,Sell,20,411.45,461.45,,-1000
143,16-04-2024, 9:45:00 AM,16-04-2024, 3:15:00 PM,,,,,,,12.53,784
143.1,16-04-2024, 9:45:00 AM,16-04-2024, 3:15:00 PM,CE,73100,Sell,20,418.15,328.95,,1784
143.2,16-04-2024, 9:45:00 AM,16-04-2024, 12:31:00 PM,PE,73100,Sell,20,400.1,450.1,,-1000
144,16-04-2024, 11:45:00 AM,16-04-2024, 3:15:00 PM,,,,,,,12.43,-536
144.1,16-04-2024, 11:45:00 AM,16-04-2024, 3:15:00 PM,CE,73000,Sell,20,410.4,387.2,,464
144.2,16-04-2024, 11:45:00 AM,16-04-2024, 12:03:00 PM,PE,73000,Sell,20,341,391,,-1000
145,18-04-2024, 9:45:00 AM,18-04-2024, 11:05:00 AM,,,,,,,12.39,-1000
145.1,18-04-2024, 9:45:00 AM,18-04-2024, 11:05:00 AM,CE,73100,Sell,20,281.4,281.4,,0
145.2,18-04-2024, 9:45:00 AM,18-04-2024, 10:21:00 AM,PE,73100,Sell,20,324.45,374.45,,-1000
146,18-04-2024, 11:45:00 AM,18-04-2024, 1:27:00 PM,,,,,,,12.04,-1000
146.1,18-04-2024, 11:45:00 AM,18-04-2024, 12:19:00 PM,CE,73300,Sell,20,260.55,310.55,,-1000
146.2,18-04-2024, 11:45:00 AM,18-04-2024, 1:27:00 PM,PE,73300,Sell,20,268,268,,0
147,19-04-2024, 9:45:00 AM,19-04-2024, 11:28:00 AM,,,,,,,13.71,1287
147.1,19-04-2024, 9:45:00 AM,19-04-2024, 9:48:00 AM,CE,72000,Sell,20,229.35,279.35,,-1000
147.2,19-04-2024, 9:45:00 AM,19-04-2024, 11:28:00 AM,PE,72000,Sell,20,228.7,114.35,,2287
148,19-04-2024, 11:45:00 AM,19-04-2024, 12:16:00 PM,,,,,,,13.69,-1000
148.1,19-04-2024, 11:45:00 AM,19-04-2024, 12:16:00 PM,CE,72300,Sell,20,223.35,223.35,,0
148.2,19-04-2024, 11:45:00 AM,19-04-2024, 11:54:00 AM,PE,72300,Sell,20,232.6,282.6,,-1000
149,22-04-2024, 9:45:00 AM,22-04-2024, 3:15:00 PM,,,,,,,13.23,3237
149.1,22-04-2024, 9:45:00 AM,22-04-2024, 10:19:00 AM,CE,73300,Sell,20,522.85,575,,-1043
149.2,22-04-2024, 9:45:00 AM,22-04-2024, 3:15:00 PM,PE,73300,Sell,20,535.1,321.1,,4280
150,22-04-2024, 11:45:00 AM,22-04-2024, 1:48:00 PM,,,,,,,12.98,-1000
150.1,22-04-2024, 11:45:00 AM,22-04-2024, 1:48:00 PM,CE,73500,Sell,20,473.25,473.25,,0
150.2,22-04-2024, 11:45:00 AM,22-04-2024, 1:10:00 PM,PE,73500,Sell,20,495.7,545.7,,-1000
151,23-04-2024, 9:45:00 AM,23-04-2024, 9:54:00 AM,,,,,,,10.38,-1000
151.1,23-04-2024, 9:45:00 AM,23-04-2024, 9:54:00 AM,CE,73900,Sell,20,366,366,,0
151.2,23-04-2024, 9:45:00 AM,23-04-2024, 9:49:00 AM,PE,73900,Sell,20,426.15,476.15,,-1000
152,23-04-2024, 11:45:00 AM,23-04-2024, 1:06:00 PM,,,,,,,10.38,-1000
152.1,23-04-2024, 11:45:00 AM,23-04-2024, 12:14:00 PM,CE,73800,Sell,20,388,438,,-1000
152.2,23-04-2024, 11:45:00 AM,23-04-2024, 1:06:00 PM,PE,73800,Sell,20,390,390,,0
153,24-04-2024, 9:45:00 AM,24-04-2024, 2:35:00 PM,,,,,,,10.18,-1000
153.1,24-04-2024, 9:45:00 AM,24-04-2024, 9:55:00 AM,CE,73900,Sell,20,326.45,376.45,,-1000
153.2,24-04-2024, 9:45:00 AM,24-04-2024, 2:35:00 PM,PE,73900,Sell,20,333.5,333.5,,0
154,24-04-2024, 11:45:00 AM,24-04-2024, 3:15:00 PM,,,,,,,10.41,121
154.1,24-04-2024, 11:45:00 AM,24-04-2024, 3:15:00 PM,CE,74000,Sell,20,325.75,269.7,,1121
154.2,24-04-2024, 11:45:00 AM,24-04-2024, 2:34:00 PM,PE,74000,Sell,20,302.45,352.45,,-1000
155,25-04-2024, 9:45:00 AM,25-04-2024, 10:52:00 AM,,,,,,,10.44,-1000
155.1,25-04-2024, 9:45:00 AM,25-04-2024, 10:14:00 AM,CE,73800,Sell,20,352.35,402.35,,-1000
155.2,25-04-2024, 9:45:00 AM,25-04-2024, 10:52:00 AM,PE,73800,Sell,20,249.65,249.65,,0
156,25-04-2024, 11:45:00 AM,25-04-2024, 2:21:00 PM,,,,,,,11.13,1457
156.1,25-04-2024, 11:45:00 AM,25-04-2024, 1:02:00 PM,CE,73900,Sell,20,319.1,369.1,,-1000
156.2,25-04-2024, 11:45:00 AM,25-04-2024, 2:21:00 PM,PE,73900,Sell,20,245.7,122.85,,2457
157,26-04-2024, 9:45:00 AM,26-04-2024, 10:14:00 AM,,,,,,,10.87,714
157.1,26-04-2024, 9:45:00 AM,26-04-2024, 10:14:00 AM,CE,74400,Sell,20,171.4,85.7,,1714
157.2,26-04-2024, 9:45:00 AM,26-04-2024, 9:51:00 AM,PE,74400,Sell,20,204.9,254.9,,-1000
158,26-04-2024, 11:45:00 AM,26-04-2024, 1:08:00 PM,,,,,,,10.97,169
158.1,26-04-2024, 11:45:00 AM,26-04-2024, 1:08:00 PM,CE,74200,Sell,20,116.95,58.5,,1169
158.2,26-04-2024, 11:45:00 AM,26-04-2024, 11:56:00 AM,PE,74200,Sell,20,164.95,214.95,,-1000
159,29-04-2024, 9:45:00 AM,29-04-2024, 10:09:00 AM,,,,,,,12.01,-1000
159.1,29-04-2024, 9:45:00 AM,29-04-2024, 10:09:00 AM,CE,74100,Sell,20,571.8,571.8,,0
159.2,29-04-2024, 9:45:00 AM,29-04-2024, 9:59:00 AM,PE,74100,Sell,20,355.05,405.05,,-1000
160,29-04-2024, 11:45:00 AM,29-04-2024, 12:15:00 PM,,,,,,,12.25,-1000
160.1,29-04-2024, 11:45:00 AM,29-04-2024, 12:02:00 PM,CE,74300,Sell,20,506.7,556.7,,-1000
160.2,29-04-2024, 11:45:00 AM,29-04-2024, 12:15:00 PM,PE,74300,Sell,20,372.45,372.45,,0
161,30-04-2024, 9:45:00 AM,30-04-2024, 2:50:00 PM,,,,,,,12.6,-1000
161.1,30-04-2024, 9:45:00 AM,30-04-2024, 9:53:00 AM,CE,74800,Sell,20,434,484,,-1000
161.2,30-04-2024, 9:45:00 AM,30-04-2024, 2:50:00 PM,PE,74800,Sell,20,361.2,361.2,,0
162,30-04-2024, 11:45:00 AM,30-04-2024, 2:02:00 PM,,,,,,,13.13,-1000
162.1,30-04-2024, 11:45:00 AM,30-04-2024, 2:02:00 PM,CE,75000,Sell,20,364.1,364.1,,0
162.2,30-04-2024, 11:45:00 AM,30-04-2024, 1:19:00 PM,PE,75000,Sell,20,406.95,456.95,,-1000
163,02-05-2024, 9:45:00 AM,02-05-2024, 10:03:00 AM,,,,,,,13.8,-1000
163.1,02-05-2024, 9:45:00 AM,02-05-2024, 10:03:00 AM,CE,74700,Sell,20,320.6,320.6,,0
163.2,02-05-2024, 9:45:00 AM,02-05-2024, 9:51:00 AM,PE,74700,Sell,20,316.05,366.05,,-1000
164,02-05-2024, 11:45:00 AM,02-05-2024, 3:15:00 PM,,,,,,,13.69,832
164.1,02-05-2024, 11:45:00 AM,02-05-2024, 3:15:00 PM,CE,74700,Sell,20,320,228.4,,1832
164.2,02-05-2024, 11:45:00 AM,02-05-2024, 2:20:00 PM,PE,74700,Sell,20,254.2,304.2,,-1000
165,03-05-2024, 9:45:00 AM,03-05-2024, 10:11:00 AM,,,,,,,13.73,939
165.1,03-05-2024, 9:45:00 AM,03-05-2024, 10:11:00 AM,CE,75000,Sell,20,193.9,96.95,,1939
165.2,03-05-2024, 9:45:00 AM,03-05-2024, 10:06:00 AM,PE,75000,Sell,20,244.15,294.15,,-1000
166,03-05-2024, 11:45:00 AM,03-05-2024, 12:41:00 PM,,,,,,,14.73,-1000
166.1,03-05-2024, 11:45:00 AM,03-05-2024, 12:41:00 PM,CE,74000,Sell,20,175.25,175.25,,0
166.2,03-05-2024, 11:45:00 AM,03-05-2024, 11:52:00 AM,PE,74000,Sell,20,263.8,313.8,,-1000
167,06-05-2024, 9:45:00 AM,06-05-2024, 10:42:00 AM,,,,,,,16.62,-1000
167.1,06-05-2024, 9:45:00 AM,06-05-2024, 10:42:00 AM,CE,74200,Sell,20,550,550,,0
167.2,06-05-2024, 9:45:00 AM,06-05-2024, 9:46:00 AM,PE,74200,Sell,20,511.1,561.1,,-1000
168,06-05-2024, 11:45:00 AM,06-05-2024, 3:15:00 PM,,,,,,,16.44,1171
168.1,06-05-2024, 11:45:00 AM,06-05-2024, 3:15:00 PM,CE,74100,Sell,20,546.3,437.75,,2171
168.2,06-05-2024, 11:45:00 AM,06-05-2024, 12:37:00 PM,PE,74100,Sell,20,477.4,527.4,,-1000
169,07-05-2024, 9:45:00 AM,07-05-2024, 11:38:00 AM,,,,,,,16.89,3943
169.1,07-05-2024, 9:45:00 AM,07-05-2024, 11:38:00 AM,CE,73900,Sell,20,494.35,247.2,,4943
169.2,07-05-2024, 9:45:00 AM,07-05-2024, 9:50:00 AM,PE,73900,Sell,20,412,462,,-1000
170,07-05-2024, 11:45:00 AM,07-05-2024, 11:58:00 AM,,,,,,,17.37,-1000
170.1,07-05-2024, 11:45:00 AM,07-05-2024, 11:55:00 AM,CE,73400,Sell,20,488.4,538.4,,-1000
170.2,07-05-2024, 11:45:00 AM,07-05-2024, 11:58:00 AM,PE,73400,Sell,20,451.05,451.05,,0
171,08-05-2024, 9:45:00 AM,08-05-2024, 10:04:00 AM,,,,,,,17.37,-1000
171.1,08-05-2024, 9:45:00 AM,08-05-2024, 10:04:00 AM,CE,73300,Sell,20,468.85,468.85,,0
171.2,08-05-2024, 9:45:00 AM,08-05-2024, 9:56:00 AM,PE,73300,Sell,20,376.45,426.45,,-1000
172,08-05-2024, 11:45:00 AM,08-05-2024, 2:21:00 PM,,,,,,,17.03,-1000
172.1,08-05-2024, 11:45:00 AM,08-05-2024, 11:48:00 AM,CE,73400,Sell,20,409.9,459.9,,-1000
172.2,08-05-2024, 11:45:00 AM,08-05-2024, 2:21:00 PM,PE,73400,Sell,20,365.3,365.3,,0
173,09-05-2024, 9:45:00 AM,09-05-2024, 12:48:00 PM,,,,,,,17.55,2921
173.1,09-05-2024, 9:45:00 AM,09-05-2024, 12:48:00 PM,CE,73200,Sell,20,392.05,196,,3921
173.2,09-05-2024, 9:45:00 AM,09-05-2024, 10:14:00 AM,PE,73200,Sell,20,290,340,,-1000
174,09-05-2024, 11:45:00 AM,09-05-2024, 12:40:00 PM,,,,,,,17.53,-1000
174.1,09-05-2024, 11:45:00 AM,09-05-2024, 12:19:00 PM,CE,73000,Sell,20,356,406,,-1000
174.2,09-05-2024, 11:45:00 AM,09-05-2024, 12:40:00 PM,PE,73000,Sell,20,295.7,295.7,,0
175,10-05-2024, 9:45:00 AM,10-05-2024, 10:21:00 AM,,,,,,,18.21,-1000
175.1,10-05-2024, 9:45:00 AM,10-05-2024, 9:53:00 AM,CE,72800,Sell,20,192.55,242.55,,-1000
175.2,10-05-2024, 9:45:00 AM,10-05-2024, 10:21:00 AM,PE,72800,Sell,20,166,166,,0
176,10-05-2024, 11:45:00 AM,10-05-2024, 12:27:00 PM,,,,,,,18.35,690
176.1,10-05-2024, 11:45:00 AM,10-05-2024, 12:27:00 PM,CE,72600,Sell,20,169,84.5,,1690
176.2,10-05-2024, 11:45:00 AM,10-05-2024, 11:54:00 AM,PE,72600,Sell,20,99.05,149.05,,-1000
177,13-05-2024, 9:45:00 AM,13-05-2024, 9:57:00 AM,,,,,,,21.01,-1000
177.1,13-05-2024, 9:45:00 AM,13-05-2024, 9:47:00 AM,CE,72000,Sell,20,661.3,711.3,,-1000
177.2,13-05-2024, 9:45:00 AM,13-05-2024, 9:57:00 AM,PE,72000,Sell,20,498.45,498.45,,0
178,13-05-2024, 11:45:00 AM,13-05-2024, 12:07:00 PM,,,,,,,20.65,-1000
178.1,13-05-2024, 11:45:00 AM,13-05-2024, 12:06:00 PM,CE,72300,Sell,20,596.4,646.4,,-1000
178.2,13-05-2024, 11:45:00 AM,13-05-2024, 12:07:00 PM,PE,72300,Sell,20,453.4,453.4,,0
179,14-05-2024, 9:45:00 AM,14-05-2024, 10:45:00 AM,,,,,,,20.9,-1000
179.1,14-05-2024, 9:45:00 AM,14-05-2024, 10:45:00 AM,CE,72900,Sell,20,496.35,496.35,,0
179.2,14-05-2024, 9:45:00 AM,14-05-2024, 10:03:00 AM,PE,72900,Sell,20,428.5,478.5,,-1000
180,14-05-2024, 11:45:00 AM,14-05-2024, 3:15:00 PM,,,,,,,20.64,740
180.1,14-05-2024, 11:45:00 AM,14-05-2024, 12:54:00 PM,CE,73000,Sell,20,474,524,,-1000
180.2,14-05-2024, 11:45:00 AM,14-05-2024, 3:15:00 PM,PE,73000,Sell,20,403.25,316.25,,1740
181,15-05-2024, 9:45:00 AM,15-05-2024, 3:15:00 PM,,,,,,,19.9,1882
181.1,15-05-2024, 9:45:00 AM,15-05-2024, 3:15:00 PM,CE,73200,Sell,20,445.1,301,,2882
181.2,15-05-2024, 9:45:00 AM,15-05-2024, 9:58:00 AM,PE,73200,Sell,20,319.55,369.55,,-1000
182,15-05-2024, 11:45:00 AM,15-05-2024, 12:23:00 PM,,,,,,,20.45,-1000
182.1,15-05-2024, 11:45:00 AM,15-05-2024, 11:58:00 AM,CE,72900,Sell,20,415.15,465.15,,-1000
182.2,15-05-2024, 11:45:00 AM,15-05-2024, 12:23:00 PM,PE,72900,Sell,20,354.15,354.15,,0
183,16-05-2024, 9:45:00 AM,16-05-2024, 10:22:00 AM,,,,,,,20.38,-1000
183.1,16-05-2024, 9:45:00 AM,16-05-2024, 9:58:00 AM,CE,73100,Sell,20,369.5,419.5,,-1000
183.2,16-05-2024, 9:45:00 AM,16-05-2024, 10:22:00 AM,PE,73100,Sell,20,330.25,330.25,,0
184,16-05-2024, 11:45:00 AM,16-05-2024, 12:15:00 PM,,,,,,,20.49,1910
184.1,16-05-2024, 11:45:00 AM,16-05-2024, 12:10:00 PM,CE,72900,Sell,20,396.55,446.55,,-1000
184.2,16-05-2024, 11:45:00 AM,16-05-2024, 12:15:00 PM,PE,72900,Sell,20,291,145.5,,2910
185,17-05-2024, 9:45:00 AM,17-05-2024, 10:25:00 AM,,,,,,,20.1,1341
185.1,17-05-2024, 9:45:00 AM,17-05-2024, 9:48:00 AM,CE,73500,Sell,20,168.7,218.7,,-1000
185.2,17-05-2024, 9:45:00 AM,17-05-2024, 10:25:00 AM,PE,73500,Sell,20,234.05,117,,2341
186,17-05-2024, 11:45:00 AM,17-05-2024, 1:03:00 PM,,,,,,,19.66,803
186.1,17-05-2024, 11:45:00 AM,17-05-2024, 12:15:00 PM,CE,74000,Sell,20,180.3,90.15,,1803
186.2,17-05-2024, 11:45:00 AM,17-05-2024, 1:03:00 PM,PE,74000,Sell,20,186.15,236.15,,-1000
187,21-05-2024, 9:45:00 AM,21-05-2024, 3:15:00 PM,,,,,,,22.06,1086
187.1,21-05-2024, 9:45:00 AM,21-05-2024, 11:54:00 AM,CE,73900,Sell,20,521.65,571.65,,-1000
187.2,21-05-2024, 9:45:00 AM,21-05-2024, 3:15:00 PM,PE,73900,Sell,20,456.9,352.6,,2086
188,21-05-2024, 11:45:00 AM,21-05-2024, 12:29:00 PM,,,,,,,21.85,-1000
188.1,21-05-2024, 11:45:00 AM,21-05-2024, 11:57:00 AM,CE,74000,Sell,20,497.15,547.15,,-1000
188.2,21-05-2024, 11:45:00 AM,21-05-2024, 12:29:00 PM,PE,74000,Sell,20,404.25,404.25,,0
189,22-05-2024, 9:45:00 AM,22-05-2024, 2:03:00 PM,,,,,,,21.91,2851
189.1,22-05-2024, 9:45:00 AM,22-05-2024, 9:58:00 AM,CE,73900,Sell,20,460,510,,-1000
189.2,22-05-2024, 9:45:00 AM,22-05-2024, 2:03:00 PM,PE,73900,Sell,20,385.15,192.6,,3851
190,22-05-2024, 11:45:00 AM,22-05-2024, 3:15:00 PM,,,,,,,21.71,1420
190.1,22-05-2024, 11:45:00 AM,22-05-2024, 12:18:00 PM,CE,74000,Sell,20,440,490,,-1000
190.2,22-05-2024, 11:45:00 AM,22-05-2024, 3:15:00 PM,PE,74000,Sell,20,354.6,233.6,,2420
191,23-05-2024, 9:45:00 AM,23-05-2024, 10:43:00 AM,,,,,,,21.32,-1000
191.1,23-05-2024, 9:45:00 AM,23-05-2024, 10:22:00 AM,CE,74500,Sell,20,367.65,417.65,,-1000
191.2,23-05-2024, 9:45:00 AM,23-05-2024, 10:43:00 AM,PE,74500,Sell,20,328.15,328.15,,0
192,23-05-2024, 11:45:00 AM,23-05-2024, 2:04:00 PM,,,,,,,21.41,1791
192.1,23-05-2024, 11:45:00 AM,23-05-2024, 11:58:00 AM,CE,74600,Sell,20,349.25,399.25,,-1000
192.2,23-05-2024, 11:45:00 AM,23-05-2024, 2:04:00 PM,PE,74600,Sell,20,279.1,139.55,,2791
193,24-05-2024, 9:45:00 AM,24-05-2024, 10:02:00 AM,,,,,,,21.53,589
193.1,24-05-2024, 9:45:00 AM,24-05-2024, 10:02:00 AM,CE,75500,Sell,20,158.9,79.45,,1589
193.2,24-05-2024, 9:45:00 AM,24-05-2024, 9:52:00 AM,PE,75500,Sell,20,216.55,266.55,,-1000
194,24-05-2024, 11:45:00 AM,24-05-2024, 12:39:00 PM,,,,,,,21.59,-1000
194.1,24-05-2024, 11:45:00 AM,24-05-2024, 12:39:00 PM,CE,75400,Sell,20,102.85,102.85,,0
194.2,24-05-2024, 11:45:00 AM,24-05-2024, 12:13:00 PM,PE,75400,Sell,20,103.55,153.55,,-1000
195,27-05-2024, 9:45:00 AM,27-05-2024, 10:10:00 AM,,,,,,,22.8,-1000
195.1,27-05-2024, 9:45:00 AM,27-05-2024, 10:10:00 AM,CE,75600,Sell,20,540.45,540.45,,0
195.2,27-05-2024, 9:45:00 AM,27-05-2024, 10:04:00 AM,PE,75600,Sell,20,487.4,537.4,,-1000
196,27-05-2024, 11:45:00 AM,27-05-2024, 2:49:00 PM,,,,,,,22.69,-1000
196.1,27-05-2024, 11:45:00 AM,27-05-2024, 11:55:00 AM,CE,75700,Sell,20,557.95,607.95,,-1000
196.2,27-05-2024, 11:45:00 AM,27-05-2024, 2:49:00 PM,PE,75700,Sell,20,450,450,,0
197,28-05-2024, 9:45:00 AM,28-05-2024, 10:19:00 AM,,,,,,,23.64,-1000
197.1,28-05-2024, 9:45:00 AM,28-05-2024, 10:19:00 AM,CE,75500,Sell,20,518.75,518.75,,0
197.2,28-05-2024, 9:45:00 AM,28-05-2024, 10:10:00 AM,PE,75500,Sell,20,454.85,504.85,,-1000
198,28-05-2024, 11:45:00 AM,28-05-2024, 12:56:00 PM,,,,,,,24.18,-1000
198.1,28-05-2024, 11:45:00 AM,28-05-2024, 12:56:00 PM,CE,75400,Sell,20,530,530,,0
198.2,28-05-2024, 11:45:00 AM,28-05-2024, 12:34:00 PM,PE,75400,Sell,20,405.55,455.55,,-1000
199,29-05-2024, 9:45:00 AM,29-05-2024, 3:15:00 PM,,,,,,,23.98,2391
199.1,29-05-2024, 9:45:00 AM,29-05-2024, 3:15:00 PM,CE,74900,Sell,20,505.55,336,,3391
199.2,29-05-2024, 9:45:00 AM,29-05-2024, 10:06:00 AM,PE,74900,Sell,20,326.7,376.7,,-1000
200,29-05-2024, 11:45:00 AM,29-05-2024, 3:06:00 PM,,,,,,,24.39,-1000
200.1,29-05-2024, 11:45:00 AM,29-05-2024, 12:17:00 PM,CE,74600,Sell,20,519.65,569.65,,-1000
200.2,29-05-2024, 11:45:00 AM,29-05-2024, 3:06:00 PM,PE,74600,Sell,20,365.45,365.45,,0
201,30-05-2024, 9:45:00 AM,30-05-2024, 10:37:00 AM,,,,,,,24.29,-1000
201.1,30-05-2024, 9:45:00 AM,30-05-2024, 10:37:00 AM,CE,74200,Sell,20,457,457,,0
201.2,30-05-2024, 9:45:00 AM,30-05-2024, 10:11:00 AM,PE,74200,Sell,20,378.6,428.6,,-1000
202,30-05-2024, 11:45:00 AM,30-05-2024, 2:37:00 PM,,,,,,,24.05,-1000
202.1,30-05-2024, 11:45:00 AM,30-05-2024, 12:08:00 PM,CE,74000,Sell,20,432,482,,-1000
202.2,30-05-2024, 11:45:00 AM,30-05-2024, 2:37:00 PM,PE,74000,Sell,20,328,328,,0
203,31-05-2024, 9:45:00 AM,31-05-2024, 10:02:00 AM,,,,,,,22.68,1980
203.1,31-05-2024, 9:45:00 AM,31-05-2024, 10:02:00 AM,CE,74400,Sell,20,298,149,,2980
203.2,31-05-2024, 9:45:00 AM,31-05-2024, 9:53:00 AM,PE,74400,Sell,20,166.6,216.6,,-1000
204,31-05-2024, 11:45:00 AM,31-05-2024, 12:37:00 PM,,,,,,,22.68,791
204.1,31-05-2024, 11:45:00 AM,31-05-2024, 12:37:00 PM,CE,74100,Sell,20,179.1,89.55,,1791
204.2,31-05-2024, 11:45:00 AM,31-05-2024, 12:11:00 PM,PE,74100,Sell,20,142.2,192.2,,-1000
205,03-06-2024, 9:45:00 AM,03-06-2024, 3:15:00 PM,,,,,,,19.38,5597
205.1,03-06-2024, 9:45:00 AM,03-06-2024, 9:56:00 AM,CE,75800,Sell,20,1152.8,1202.8,,-1000
205.2,03-06-2024, 9:45:00 AM,03-06-2024, 3:15:00 PM,PE,75800,Sell,20,1137.65,807.8,,6597
206,03-06-2024, 11:45:00 AM,03-06-2024, 1:42:00 PM,,,,,,,20.01,-1000
206.1,03-06-2024, 11:45:00 AM,03-06-2024, 12:05:00 PM,CE,76200,Sell,20,1084.5,1134.5,,-1000
206.2,03-06-2024, 11:45:00 AM,03-06-2024, 1:42:00 PM,PE,76200,Sell,20,1083.35,1083.35,,0
207,04-06-2024, 9:45:00 AM,04-06-2024, 10:45:00 AM,,,,,,,25.36,-1000
207.1,04-06-2024, 9:45:00 AM,04-06-2024, 9:46:00 AM,CE,74300,Sell,20,1507.6,1557.6,,-1000
207.2,04-06-2024, 9:45:00 AM,04-06-2024, 10:45:00 AM,PE,74300,Sell,20,1500.75,1500.75,,0
208,04-06-2024, 11:45:00 AM,04-06-2024, 11:47:00 AM,,,,,,,28.15,-1897
208.1,04-06-2024, 11:45:00 AM,04-06-2024, 11:46:00 AM,CE,72900,Sell,20,1702.05,1755,,-1059
208.2,04-06-2024, 11:45:00 AM,04-06-2024, 11:47:00 AM,PE,72900,Sell,20,1672.65,1714.55,,-838
209,05-06-2024, 9:45:00 AM,05-06-2024, 10:03:00 AM,,,,,,,21.36,-1000
209.1,05-06-2024, 9:45:00 AM,05-06-2024, 10:03:00 AM,CE,72300,Sell,20,807.05,807.05,,0
209.2,05-06-2024, 9:45:00 AM,05-06-2024, 9:50:00 AM,PE,72300,Sell,20,855.85,905.85,,-1000
210,05-06-2024, 11:45:00 AM,05-06-2024, 12:17:00 PM,,,,,,,19.19,-1000
210.1,05-06-2024, 11:45:00 AM,05-06-2024, 12:17:00 PM,CE,73600,Sell,20,725.3,725.3,,0
210.2,05-06-2024, 11:45:00 AM,05-06-2024, 11:46:00 AM,PE,73600,Sell,20,756.5,806.5,,-1000
211,06-06-2024, 9:45:00 AM,06-06-2024, 9:52:00 AM,,,,,,,17.72,-1000
211.1,06-06-2024, 9:45:00 AM,06-06-2024, 9:52:00 AM,CE,74700,Sell,20,597.2,597.2,,0
211.2,06-06-2024, 9:45:00 AM,06-06-2024, 9:50:00 AM,PE,74700,Sell,20,501.4,551.4,,-1000
212,06-06-2024, 11:45:00 AM,06-06-2024, 11:54:00 AM,,,,,,,17.46,-1000
212.1,06-06-2024, 11:45:00 AM,06-06-2024, 11:54:00 AM,CE,75000,Sell,20,531.4,531.4,,0
212.2,06-06-2024, 11:45:00 AM,06-06-2024, 11:47:00 AM,PE,75000,Sell,20,520.7,570.7,,-1000
213,07-06-2024, 9:45:00 AM,07-06-2024, 9:59:00 AM,,,,,,,16.93,-1000
213.1,07-06-2024, 9:45:00 AM,07-06-2024, 9:59:00 AM,CE,75500,Sell,20,332.6,332.6,,0
213.2,07-06-2024, 9:45:00 AM,07-06-2024, 9:51:00 AM,PE,75500,Sell,20,327.75,377.75,,-1000
214,07-06-2024, 11:45:00 AM,07-06-2024, 12:23:00 PM,,,,,,,16.44,1835
214.1,07-06-2024, 11:45:00 AM,07-06-2024, 11:47:00 AM,CE,76200,Sell,20,324,374,,-1000
214.2,07-06-2024, 11:45:00 AM,07-06-2024, 12:23:00 PM,PE,76200,Sell,20,283.45,141.7,,2835
215,10-06-2024, 9:45:00 AM,10-06-2024, 9:48:00 AM,,,,,,,17.01,-1000
215.1,10-06-2024, 9:45:00 AM,10-06-2024, 9:48:00 AM,CE,76800,Sell,20,718,718,,0
215.2,10-06-2024, 9:45:00 AM,10-06-2024, 9:47:00 AM,PE,76800,Sell,20,804.6,854.6,,-1000
216,10-06-2024, 11:45:00 AM,10-06-2024, 1:47:00 PM,,,,,,,16.59,-1000
216.1,10-06-2024, 11:45:00 AM,10-06-2024, 1:47:00 PM,CE,76800,Sell,20,692.8,692.8,,0
216.2,10-06-2024, 11:45:00 AM,10-06-2024, 12:15:00 PM,PE,76800,Sell,20,746.8,796.8,,-1000
217,11-06-2024, 9:45:00 AM,11-06-2024, 3:15:00 PM,,,,,,,15.87,1213
217.1,11-06-2024, 9:45:00 AM,11-06-2024, 10:03:00 AM,CE,76400,Sell,20,609.7,659.7,,-1000
217.2,11-06-2024, 9:45:00 AM,11-06-2024, 3:15:00 PM,PE,76400,Sell,20,540.15,429.5,,2213
218,11-06-2024, 11:45:00 AM,11-06-2024, 2:20:00 PM,,,,,,,15.13,-1000
218.1,11-06-2024, 11:45:00 AM,11-06-2024, 1:36:00 PM,CE,76700,Sell,20,532.45,582.45,,-1000
218.2,11-06-2024, 11:45:00 AM,11-06-2024, 2:20:00 PM,PE,76700,Sell,20,515,515,,0
219,12-06-2024, 9:45:00 AM,12-06-2024, 11:31:00 AM,,,,,,,14.41,-1000
219.1,12-06-2024, 9:45:00 AM,12-06-2024, 9:58:00 AM,CE,76800,Sell,20,427.15,477.15,,-1000
219.2,12-06-2024, 9:45:00 AM,12-06-2024, 11:31:00 AM,PE,76800,Sell,20,417.9,417.9,,0
220,12-06-2024, 11:45:00 AM,12-06-2024, 12:10:00 PM,,,,,,,14.41,-1000
220.1,12-06-2024, 11:45:00 AM,12-06-2024, 11:59:00 AM,CE,76900,Sell,20,412.3,462.3,,-1000
220.2,12-06-2024, 11:45:00 AM,12-06-2024, 12:10:00 PM,PE,76900,Sell,20,406.95,406.95,,0
221,13-06-2024, 9:45:00 AM,13-06-2024, 9:53:00 AM,,,,,,,14.19,-1000
221.1,13-06-2024, 9:45:00 AM,13-06-2024, 9:53:00 AM,CE,76800,Sell,20,338.5,338.5,,0
221.2,13-06-2024, 9:45:00 AM,13-06-2024, 9:49:00 AM,PE,76800,Sell,20,317.9,367.9,,-1000
222,13-06-2024, 11:45:00 AM,13-06-2024, 3:15:00 PM,,,,,,,13.73,-150
222.1,13-06-2024, 11:45:00 AM,13-06-2024, 11:55:00 AM,CE,76800,Sell,20,236.25,286.25,,-1000
222.2,13-06-2024, 11:45:00 AM,13-06-2024, 3:15:00 PM,PE,76800,Sell,20,266.8,224.3,,850
223,14-06-2024, 9:45:00 AM,14-06-2024, 9:58:00 AM,,,,,,,13.12,633
223.1,14-06-2024, 9:45:00 AM,14-06-2024, 9:48:00 AM,CE,76600,Sell,20,127.05,177.05,,-1000
223.2,14-06-2024, 9:45:00 AM,14-06-2024, 9:58:00 AM,PE,76600,Sell,20,163.25,81.6,,1633
224,14-06-2024, 11:45:00 AM,14-06-2024, 1:56:00 PM,,,,,,,12.93,1778
224.1,14-06-2024, 11:45:00 AM,14-06-2024, 1:56:00 PM,CE,76900,Sell,20,67.35,33.7,,673
224.2,14-06-2024, 11:45:00 AM,14-06-2024, 1:20:00 PM,PE,76900,Sell,20,110.5,55.25,,1105
225,18-06-2024, 9:45:00 AM,18-06-2024, 3:15:00 PM,,,,,,,13.31,1371
225.1,18-06-2024, 9:45:00 AM,18-06-2024, 3:15:00 PM,CE,77300,Sell,20,380,339.55,,809
225.2,18-06-2024, 9:45:00 AM,18-06-2024, 3:15:00 PM,PE,77300,Sell,20,425.35,397.25,,562
226,18-06-2024, 11:45:00 AM,18-06-2024, 1:53:00 PM,,,,,,,13.02,-1000
226.1,18-06-2024, 11:45:00 AM,18-06-2024, 1:53:00 PM,CE,77300,Sell,20,352.45,352.45,,0
226.2,18-06-2024, 11:45:00 AM,18-06-2024, 12:34:00 PM,PE,77300,Sell,20,404,454,,-1000
227,19-06-2024, 9:45:00 AM,19-06-2024, 11:48:00 AM,,,,,,,13.26,-1000
227.1,19-06-2024, 9:45:00 AM,19-06-2024, 11:48:00 AM,CE,77500,Sell,20,303.6,303.6,,0
227.2,19-06-2024, 9:45:00 AM,19-06-2024, 10:14:00 AM,PE,77500,Sell,20,409.6,459.6,,-1000
228,19-06-2024, 11:45:00 AM,19-06-2024, 3:02:00 PM,,,,,,,13.46,-1000
228.1,19-06-2024, 11:45:00 AM,19-06-2024, 2:23:00 PM,CE,77400,Sell,20,321.65,371.65,,-1000
228.2,19-06-2024, 11:45:00 AM,19-06-2024, 3:02:00 PM,PE,77400,Sell,20,422.4,422.4,,0
229,20-06-2024, 9:45:00 AM,20-06-2024, 10:00:00 AM,,,,,,,13.87,-1000
229.1,20-06-2024, 9:45:00 AM,20-06-2024, 10:00:00 AM,CE,77300,Sell,20,322.6,322.6,,0
229.2,20-06-2024, 9:45:00 AM,20-06-2024, 9:50:00 AM,PE,77300,Sell,20,357.45,407.45,,-1000
230,20-06-2024, 11:45:00 AM,20-06-2024, 1:54:00 PM,,,,,,,13.63,-1000
230.1,20-06-2024, 11:45:00 AM,20-06-2024, 1:21:00 PM,CE,77400,Sell,20,301.3,351.3,,-1000
230.2,20-06-2024, 11:45:00 AM,20-06-2024, 1:54:00 PM,PE,77400,Sell,20,232.85,232.85,,0
231,21-06-2024, 9:45:00 AM,21-06-2024, 9:53:00 AM,,,,,,,13.41,-1000
231.1,21-06-2024, 9:45:00 AM,21-06-2024, 9:53:00 AM,CE,77500,Sell,20,155.8,155.8,,0
231.2,21-06-2024, 9:45:00 AM,21-06-2024, 9:51:00 AM,PE,77500,Sell,20,247.85,297.85,,-1000
232,21-06-2024, 11:45:00 AM,21-06-2024, 11:49:00 AM,,,,,,,13.19,-1000
232.1,21-06-2024, 11:45:00 AM,21-06-2024, 11:49:00 AM,CE,77300,Sell,20,127.95,127.95,,0
232.2,21-06-2024, 11:45:00 AM,21-06-2024, 11:47:00 AM,PE,77300,Sell,20,185.65,235.65,,-1000
233,24-06-2024, 9:45:00 AM,24-06-2024, 3:15:00 PM,,,,,,,13.57,2810
233.1,24-06-2024, 9:45:00 AM,24-06-2024, 9:56:00 AM,CE,76900,Sell,20,485,535,,-1000
233.2,24-06-2024, 9:45:00 AM,24-06-2024, 3:15:00 PM,PE,76900,Sell,20,489.1,298.6,,3810
234,24-06-2024, 11:45:00 AM,24-06-2024, 3:15:00 PM,,,,,,,13.91,358
234.1,24-06-2024, 11:45:00 AM,24-06-2024, 11:55:00 AM,CE,77200,Sell,20,515.6,565.6,,-1000
234.2,24-06-2024, 11:45:00 AM,24-06-2024, 3:15:00 PM,PE,77200,Sell,20,475.9,408,,1358
235,25-06-2024, 9:45:00 AM,25-06-2024, 3:15:00 PM,,,,,,,14.07,2572
235.1,25-06-2024, 9:45:00 AM,25-06-2024, 12:32:00 PM,CE,77600,Sell,20,380.85,430.85,,-1000
235.2,25-06-2024, 9:45:00 AM,25-06-2024, 3:15:00 PM,PE,77600,Sell,20,472.05,293.45,,3572
236,25-06-2024, 11:45:00 AM,25-06-2024, 3:15:00 PM,,,,,,,14.03,1652
236.1,25-06-2024, 11:45:00 AM,25-06-2024, 12:27:00 PM,CE,77500,Sell,20,421.6,471.6,,-1000
236.2,25-06-2024, 11:45:00 AM,25-06-2024, 3:15:00 PM,PE,77500,Sell,20,392.55,259.95,,2652
237,26-06-2024, 9:45:00 AM,26-06-2024, 12:23:00 PM,,,,,,,14.3,3475
237.1,26-06-2024, 9:45:00 AM,26-06-2024, 10:19:00 AM,CE,78000,Sell,20,342.65,392.65,,-1000
237.2,26-06-2024, 9:45:00 AM,26-06-2024, 12:23:00 PM,PE,78000,Sell,20,447.5,223.75,,4475
238,26-06-2024, 11:45:00 AM,26-06-2024, 12:05:00 PM,,,,,,,14.36,-1000
238.1,26-06-2024, 11:45:00 AM,26-06-2024, 12:01:00 PM,CE,78400,Sell,20,408,458,,-1000
238.2,26-06-2024, 11:45:00 AM,26-06-2024, 12:05:00 PM,PE,78400,Sell,20,415.05,415.05,,0
239,27-06-2024, 9:45:00 AM,27-06-2024, 10:30:00 AM,,,,,,,14.16,2673
239.1,27-06-2024, 9:45:00 AM,27-06-2024, 9:57:00 AM,CE,78600,Sell,20,350,400,,-1000
239.2,27-06-2024, 9:45:00 AM,27-06-2024, 10:30:00 AM,PE,78600,Sell,20,367.3,183.65,,3673
240,27-06-2024, 11:45:00 AM,27-06-2024, 1:00:00 PM,,,,,,,14.33,-1000
240.1,27-06-2024, 11:45:00 AM,27-06-2024, 12:13:00 PM,CE,79000,Sell,20,289.1,339.1,,-1000
240.2,27-06-2024, 11:45:00 AM,27-06-2024, 1:00:00 PM,PE,79000,Sell,20,358.35,358.35,,0
241,28-06-2024, 9:45:00 AM,28-06-2024, 10:00:00 AM,,,,,,,14.15,-1000
241.1,28-06-2024, 9:45:00 AM,28-06-2024, 10:00:00 AM,CE,79600,Sell,20,194.35,194.35,,0
241.2,28-06-2024, 9:45:00 AM,28-06-2024, 9:59:00 AM,PE,79600,Sell,20,213.15,263.15,,-1000
242,28-06-2024, 11:45:00 AM,28-06-2024, 12:18:00 PM,,,,,,,13.85,619
242.1,28-06-2024, 11:45:00 AM,28-06-2024, 12:18:00 PM,CE,79500,Sell,20,161.95,81,,1619
242.2,28-06-2024, 11:45:00 AM,28-06-2024, 12:14:00 PM,PE,79500,Sell,20,148.95,198.95,,-1000
243,01-07-2024, 9:45:00 AM,01-07-2024, 3:15:00 PM,,,,,,,14.13,1026
243.1,01-07-2024, 9:45:00 AM,01-07-2024, 12:23:00 PM,CE,79200,Sell,20,568.25,618.25,,-1000
243.2,01-07-2024, 9:45:00 AM,01-07-2024, 3:15:00 PM,PE,79200,Sell,20,522.4,421.1,,2026
244,01-07-2024, 11:45:00 AM,01-07-2024, 3:15:00 PM,,,,,,,13.98,-435
244.1,01-07-2024, 11:45:00 AM,01-07-2024, 2:03:00 PM,CE,79400,Sell,20,498.7,548.7,,-1000
244.2,01-07-2024, 11:45:00 AM,01-07-2024, 3:15:00 PM,PE,79400,Sell,20,535.05,506.8,,565
245,02-07-2024, 9:45:00 AM,02-07-2024, 1:00:00 PM,,,,,,,13.93,-1000
245.1,02-07-2024, 9:45:00 AM,02-07-2024, 9:53:00 AM,CE,79300,Sell,20,499.4,549.4,,-1000
245.2,02-07-2024, 9:45:00 AM,02-07-2024, 1:00:00 PM,PE,79300,Sell,20,471.45,471.45,,0
246,02-07-2024, 11:45:00 AM,02-07-2024, 12:39:00 PM,,,,,,,13.63,-1000
246.1,02-07-2024, 11:45:00 AM,02-07-2024, 11:56:00 AM,CE,79400,Sell,20,488.55,538.55,,-1000
246.2,02-07-2024, 11:45:00 AM,02-07-2024, 12:39:00 PM,PE,79400,Sell,20,420.95,420.95,,0
247,03-07-2024, 9:45:00 AM,03-07-2024, 10:12:00 AM,,,,,,,13.51,-1000
247.1,03-07-2024, 9:45:00 AM,03-07-2024, 9:53:00 AM,CE,80000,Sell,20,330,380,,-1000
247.2,03-07-2024, 9:45:00 AM,03-07-2024, 10:12:00 AM,PE,80000,Sell,20,458.9,458.9,,0
248,03-07-2024, 11:45:00 AM,03-07-2024, 3:15:00 PM,,,,,,,13.46,-24
248.1,03-07-2024, 11:45:00 AM,03-07-2024, 12:35:00 PM,CE,79900,Sell,20,337.7,387.7,,-1000
248.2,03-07-2024, 11:45:00 AM,03-07-2024, 3:15:00 PM,PE,79900,Sell,20,409.1,360.3,,976
249,04-07-2024, 9:45:00 AM,04-07-2024, 9:47:00 AM,,,,,,,13.03,-1000
249.1,04-07-2024, 9:45:00 AM,04-07-2024, 9:46:00 AM,CE,80300,Sell,20,295,345,,-1000
249.2,04-07-2024, 9:45:00 AM,04-07-2024, 9:47:00 AM,PE,80300,Sell,20,306.3,306.3,,0
250,04-07-2024, 11:45:00 AM,04-07-2024, 3:15:00 PM,,,,,,,13.08,1440
250.1,04-07-2024, 11:45:00 AM,04-07-2024, 3:15:00 PM,CE,80100,Sell,20,246.45,183,,1269
250.2,04-07-2024, 11:45:00 AM,04-07-2024, 3:15:00 PM,PE,80100,Sell,20,263.8,255.25,,171
251,05-07-2024, 9:45:00 AM,05-07-2024, 9:57:00 AM,,,,,,,12.9,239
251.1,05-07-2024, 9:45:00 AM,05-07-2024, 9:57:00 AM,CE,79700,Sell,20,123.9,61.95,,1239
251.2,05-07-2024, 9:45:00 AM,05-07-2024, 9:53:00 AM,PE,79700,Sell,20,181.6,231.6,,-1000
252,05-07-2024, 11:45:00 AM,05-07-2024, 1:11:00 PM,,,,,,,12.76,-392
252.1,05-07-2024, 11:45:00 AM,05-07-2024, 1:09:00 PM,CE,79900,Sell,20,60.8,30.4,,608
252.2,05-07-2024, 11:45:00 AM,05-07-2024, 1:11:00 PM,PE,79900,Sell,20,162.75,212.75,,-1000
253,08-07-2024, 9:45:00 AM,08-07-2024, 11:13:00 AM,,,,,,,13.49,-1000
253.1,08-07-2024, 9:45:00 AM,08-07-2024, 10:24:00 AM,CE,79800,Sell,20,466.9,516.9,,-1000
253.2,08-07-2024, 9:45:00 AM,08-07-2024, 11:13:00 AM,PE,79800,Sell,20,423.85,423.85,,0
254,08-07-2024, 11:45:00 AM,08-07-2024, 12:19:00 PM,,,,,,,13.7,-1000
254.1,08-07-2024, 11:45:00 AM,08-07-2024, 12:19:00 PM,CE,79800,Sell,20,456.8,456.8,,0
254.2,08-07-2024, 11:45:00 AM,08-07-2024, 12:14:00 PM,PE,79800,Sell,20,396.3,446.3,,-1000
255,09-07-2024, 9:45:00 AM,09-07-2024, 3:15:00 PM,,,,,,,13.92,846
255.1,09-07-2024, 9:45:00 AM,09-07-2024, 1:08:00 PM,CE,80200,Sell,20,379.5,429.5,,-1000
255.2,09-07-2024, 9:45:00 AM,09-07-2024, 3:15:00 PM,PE,80200,Sell,20,401.2,308.9,,1846
256,09-07-2024, 11:45:00 AM,09-07-2024, 3:15:00 PM,,,,,,,14.01,-191
256.1,09-07-2024, 11:45:00 AM,09-07-2024, 1:10:00 PM,CE,80300,Sell,20,350,400,,-1000
256.2,09-07-2024, 11:45:00 AM,09-07-2024, 3:15:00 PM,PE,80300,Sell,20,392.25,351.8,,809
257,10-07-2024, 9:45:00 AM,10-07-2024, 10:36:00 AM,,,,,,,14.41,2633
257.1,10-07-2024, 9:45:00 AM,10-07-2024, 10:36:00 AM,CE,80200,Sell,20,363.3,181.65,,3633
257.2,10-07-2024, 9:45:00 AM,10-07-2024, 9:47:00 AM,PE,80200,Sell,20,332.85,382.85,,-1000
258,10-07-2024, 11:45:00 AM,10-07-2024, 1:52:00 PM,,,,,,,14.73,-1000
258.1,10-07-2024, 11:45:00 AM,10-07-2024, 11:54:00 AM,CE,79700,Sell,20,399.9,449.9,,-1000
258.2,10-07-2024, 11:45:00 AM,10-07-2024, 1:52:00 PM,PE,79700,Sell,20,354.15,354.15,,0
259,11-07-2024, 9:45:00 AM,11-07-2024, 10:48:00 AM,,,,,,,14.28,2069
259.1,11-07-2024, 9:45:00 AM,11-07-2024, 10:48:00 AM,CE,79900,Sell,20,307.8,153.9,,3078
259.2,11-07-2024, 9:45:00 AM,11-07-2024, 10:14:00 AM,PE,79900,Sell,20,255.2,305.65,,-1009
260,11-07-2024, 11:45:00 AM,11-07-2024, 12:12:00 PM,,,,,,,14.14,-1017
260.1,11-07-2024, 11:45:00 AM,11-07-2024, 12:12:00 PM,CE,79700,Sell,20,255.25,255.25,,0
260.2,11-07-2024, 11:45:00 AM,11-07-2024, 12:05:00 PM,PE,79700,Sell,20,243.1,293.95,,-1017
261,12-07-2024, 9:45:00 AM,12-07-2024, 9:57:00 AM,,,,,,,13.83,1027
261.1,12-07-2024, 9:45:00 AM,12-07-2024, 9:57:00 AM,CE,80200,Sell,20,202.7,101.35,,2027
261.2,12-07-2024, 9:45:00 AM,12-07-2024, 9:52:00 AM,PE,80200,Sell,20,159.55,209.55,,-1000
262,12-07-2024, 11:45:00 AM,12-07-2024, 1:18:00 PM,,,,,,,13.81,699
262.1,12-07-2024, 11:45:00 AM,12-07-2024, 1:18:00 PM,CE,80500,Sell,20,198.1,248.1,,-1000
262.2,12-07-2024, 11:45:00 AM,12-07-2024, 1:10:00 PM,PE,80500,Sell,20,169.9,84.95,,1699
263,15-07-2024, 9:45:00 AM,15-07-2024, 3:15:00 PM,,,,,,,14.2,453
263.1,15-07-2024, 9:45:00 AM,15-07-2024, 10:42:00 AM,CE,80600,Sell,20,502.1,552.1,,-1000
263.2,15-07-2024, 9:45:00 AM,15-07-2024, 3:15:00 PM,PE,80600,Sell,20,462.25,389.6,,1453
264,15-07-2024, 11:45:00 AM,15-07-2024, 3:15:00 PM,,,,,,,14.21,604
264.1,15-07-2024, 11:45:00 AM,15-07-2024, 3:15:00 PM,CE,80800,Sell,20,439.45,415,,489
264.2,15-07-2024, 11:45:00 AM,15-07-2024, 3:15:00 PM,PE,80800,Sell,20,480.95,475.2,,115
265,16-07-2024, 9:45:00 AM,16-07-2024, 3:15:00 PM,,,,,,,14.36,2515
265.1,16-07-2024, 9:45:00 AM,16-07-2024, 3:15:00 PM,CE,80800,Sell,20,421.3,344.2,,1542
265.2,16-07-2024, 9:45:00 AM,16-07-2024, 3:15:00 PM,PE,80800,Sell,20,425.85,377.2,,973
266,16-07-2024, 11:45:00 AM,16-07-2024, 3:15:00 PM,,,,,,,14.43,685
266.1,16-07-2024, 11:45:00 AM,16-07-2024, 3:15:00 PM,CE,80900,Sell,20,375.75,291.5,,1685
266.2,16-07-2024, 11:45:00 AM,16-07-2024, 1:39:00 PM,PE,80900,Sell,20,417.8,467.8,,-1000
267,18-07-2024, 9:45:00 AM,18-07-2024, 11:14:00 AM,,,,,,,14.5,-1000
267.1,18-07-2024, 9:45:00 AM,18-07-2024, 9:50:00 AM,CE,80600,Sell,20,341.7,391.7,,-1000
267.2,18-07-2024, 9:45:00 AM,18-07-2024, 11:14:00 AM,PE,80600,Sell,20,283.55,283.55,,0
268,18-07-2024, 11:45:00 AM,18-07-2024, 1:21:00 PM,,,,,,,14.54,1613
268.1,18-07-2024, 11:45:00 AM,18-07-2024, 12:01:00 PM,CE,80500,Sell,20,325.3,375.3,,-1000
268.2,18-07-2024, 11:45:00 AM,18-07-2024, 1:21:00 PM,PE,80500,Sell,20,261.25,130.6,,2613
269,19-07-2024, 9:45:00 AM,19-07-2024, 10:08:00 AM,,,,,,,14.42,805
269.1,19-07-2024, 9:45:00 AM,19-07-2024, 10:08:00 AM,CE,81300,Sell,20,180.45,90.2,,1805
269.2,19-07-2024, 9:45:00 AM,19-07-2024, 9:48:00 AM,PE,81300,Sell,20,244.6,294.6,,-1000
270,19-07-2024, 11:45:00 AM,19-07-2024, 12:35:00 PM,,,,,,,14.72,-14
270.1,19-07-2024, 11:45:00 AM,19-07-2024, 12:35:00 PM,CE,81000,Sell,20,98.6,49.3,,986
270.2,19-07-2024, 11:45:00 AM,19-07-2024, 12:35:00 PM,PE,81000,Sell,20,114.8,164.8,,-1000
271,22-07-2024, 9:45:00 AM,22-07-2024, 12:27:00 PM,,,,,,,15.4,-1000
271.1,22-07-2024, 9:45:00 AM,22-07-2024, 9:58:00 AM,CE,80500,Sell,20,828.6,878.6,,-1000
271.2,22-07-2024, 9:45:00 AM,22-07-2024, 12:27:00 PM,PE,80500,Sell,20,837.1,837.1,,0
272,22-07-2024, 11:45:00 AM,22-07-2024, 3:15:00 PM,,,,,,,15.39,372
272.1,22-07-2024, 11:45:00 AM,22-07-2024, 3:15:00 PM,CE,80600,Sell,20,870.4,801.8,,1372
272.2,22-07-2024, 11:45:00 AM,22-07-2024, 12:07:00 PM,PE,80600,Sell,20,768.8,818.8,,-1000
273,23-07-2024, 9:45:00 AM,23-07-2024, 11:00:00 AM,,,,,,,15.35,-1000
273.1,23-07-2024, 9:45:00 AM,23-07-2024, 11:00:00 AM,CE,80500,Sell,20,804.15,804.15,,0
273.2,23-07-2024, 9:45:00 AM,23-07-2024, 10:04:00 AM,PE,80500,Sell,20,782.1,832.1,,-1000
274,23-07-2024, 11:45:00 AM,23-07-2024, 12:29:00 PM,,,,,,,15.04,6092
274.1,23-07-2024, 11:45:00 AM,23-07-2024, 12:29:00 PM,CE,80500,Sell,20,709.2,354.6,,7092
274.2,23-07-2024, 11:45:00 AM,23-07-2024, 11:54:00 AM,PE,80500,Sell,20,751.85,801.85,,-1000
275,24-07-2024, 9:45:00 AM,24-07-2024, 9:54:00 AM,,,,,,,12.63,-1000
275.1,24-07-2024, 9:45:00 AM,24-07-2024, 9:54:00 AM,CE,80200,Sell,20,417.25,417.25,,0
275.2,24-07-2024, 9:45:00 AM,24-07-2024, 9:49:00 AM,PE,80200,Sell,20,393.35,443.35,,-1000
276,24-07-2024, 11:45:00 AM,24-07-2024, 2:32:00 PM,,,,,,,12.4,-1000
276.1,24-07-2024, 11:45:00 AM,24-07-2024, 2:32:00 PM,CE,80100,Sell,20,421.5,421.5,,0
276.2,24-07-2024, 11:45:00 AM,24-07-2024, 12:17:00 PM,PE,80100,Sell,20,436.5,486.5,,-1000
277,25-07-2024, 9:45:00 AM,25-07-2024, 9:58:00 AM,,,,,,,12.38,-1000
277.1,25-07-2024, 9:45:00 AM,25-07-2024, 9:58:00 AM,CE,79700,Sell,20,350.15,350.15,,0
277.2,25-07-2024, 9:45:00 AM,25-07-2024, 9:47:00 AM,PE,79700,Sell,20,289.5,339.5,,-1000
278,25-07-2024, 11:45:00 AM,25-07-2024, 11:52:00 AM,,,,,,,12.84,-1000
278.1,25-07-2024, 11:45:00 AM,25-07-2024, 11:50:00 AM,CE,79800,Sell,20,308.75,358.75,,-1000
278.2,25-07-2024, 11:45:00 AM,25-07-2024, 11:52:00 AM,PE,79800,Sell,20,236.45,236.45,,0
279,26-07-2024, 9:45:00 AM,26-07-2024, 9:55:00 AM,,,,,,,12.29,-1000
279.1,26-07-2024, 9:45:00 AM,26-07-2024, 9:55:00 AM,CE,80400,Sell,20,183.35,183.35,,0
279.2,26-07-2024, 9:45:00 AM,26-07-2024, 9:50:00 AM,PE,80400,Sell,20,183.6,233.6,,-1000
280,26-07-2024, 11:45:00 AM,26-07-2024, 12:44:00 PM,,,,,,,12.17,320
280.1,26-07-2024, 11:45:00 AM,26-07-2024, 12:32:00 PM,CE,80700,Sell,20,137.15,187.15,,-1000
280.2,26-07-2024, 11:45:00 AM,26-07-2024, 12:44:00 PM,PE,80700,Sell,20,132,66,,1320
281,29-07-2024, 9:45:00 AM,29-07-2024, 10:57:00 AM,,,,,,,12.72,-1000
281.1,29-07-2024, 9:45:00 AM,29-07-2024, 10:57:00 AM,CE,81700,Sell,20,440.45,440.45,,0
281.2,29-07-2024, 9:45:00 AM,29-07-2024, 10:14:00 AM,PE,81700,Sell,20,518,568,,-1000
282,29-07-2024, 11:45:00 AM,29-07-2024, 2:20:00 PM,,,,,,,12.77,3841
282.1,29-07-2024, 11:45:00 AM,29-07-2024, 2:20:00 PM,CE,81900,Sell,20,484.05,242,,4841
282.2,29-07-2024, 11:45:00 AM,29-07-2024, 12:07:00 PM,PE,81900,Sell,20,487.4,537.4,,-1000
283,30-07-2024, 9:45:00 AM,30-07-2024, 10:37:00 AM,,,,,,,12.94,-1000
283.1,30-07-2024, 9:45:00 AM,30-07-2024, 10:37:00 AM,CE,81500,Sell,20,447.45,447.45,,0
283.2,30-07-2024, 9:45:00 AM,30-07-2024, 9:49:00 AM,PE,81500,Sell,20,420.45,470.45,,-1000
284,30-07-2024, 11:45:00 AM,30-07-2024, 12:32:00 PM,,,,,,,13,-1000
284.1,30-07-2024, 11:45:00 AM,30-07-2024, 12:32:00 PM,CE,81700,Sell,20,401.45,401.45,,0
284.2,30-07-2024, 11:45:00 AM,30-07-2024, 11:52:00 AM,PE,81700,Sell,20,428,478,,-1000
285,31-07-2024, 9:45:00 AM,31-07-2024, 3:15:00 PM,,,,,,,13.21,800
285.1,31-07-2024, 9:45:00 AM,31-07-2024, 9:59:00 AM,CE,81500,Sell,20,414,464,,-1000
285.2,31-07-2024, 9:45:00 AM,31-07-2024, 3:15:00 PM,PE,81500,Sell,20,365.3,275.3,,1800
286,31-07-2024, 11:45:00 AM,31-07-2024, 3:15:00 PM,,,,,,,13.22,-344
286.1,31-07-2024, 11:45:00 AM,31-07-2024, 2:29:00 PM,CE,81600,Sell,20,417.6,467.6,,-1000
286.2,31-07-2024, 11:45:00 AM,31-07-2024, 3:15:00 PM,PE,81600,Sell,20,352.2,319.4,,656
287,01-08-2024, 9:45:00 AM,01-08-2024, 2:16:00 PM,,,,,,,13.03,2131
287.1,01-08-2024, 9:45:00 AM,01-08-2024, 2:16:00 PM,CE,82000,Sell,20,313.1,156.55,,3131
287.2,01-08-2024, 9:45:00 AM,01-08-2024, 11:50:00 AM,PE,82000,Sell,20,322.3,372.3,,-1000
288,01-08-2024, 11:45:00 AM,01-08-2024, 1:13:00 PM,,,,,,,13.05,-1000
288.1,01-08-2024, 11:45:00 AM,01-08-2024, 1:13:00 PM,CE,81800,Sell,20,312.9,312.9,,0
288.2,01-08-2024, 11:45:00 AM,01-08-2024, 12:29:00 PM,PE,81800,Sell,20,239.6,289.6,,-1000
289,02-08-2024, 9:45:00 AM,02-08-2024, 10:36:00 AM,,,,,,,13.91,-1000
289.1,02-08-2024, 9:45:00 AM,02-08-2024, 10:36:00 AM,CE,81100,Sell,20,183,183,,0
289.2,02-08-2024, 9:45:00 AM,02-08-2024, 9:48:00 AM,PE,81100,Sell,20,217.8,267.8,,-1000
290,02-08-2024, 11:45:00 AM,02-08-2024, 12:20:00 PM,,,,,,,13.55,-171
290.1,02-08-2024, 11:45:00 AM,02-08-2024, 12:20:00 PM,CE,81300,Sell,20,88.85,44.4,,889
290.2,02-08-2024, 11:45:00 AM,02-08-2024, 12:02:00 PM,PE,81300,Sell,20,162.95,215.95,,-1060
291,05-08-2024, 9:45:00 AM,05-08-2024, 10:06:00 AM,,,,,,,16.61,-1000
291.1,05-08-2024, 9:45:00 AM,05-08-2024, 9:57:00 AM,CE,79500,Sell,20,710.7,760.7,,-1000
291.2,05-08-2024, 9:45:00 AM,05-08-2024, 10:06:00 AM,PE,79500,Sell,20,640.3,640.3,,0
292,05-08-2024, 11:45:00 AM,05-08-2024, 11:49:00 AM,,,,,,,21.02,-1000
292.1,05-08-2024, 11:45:00 AM,05-08-2024, 11:49:00 AM,CE,78600,Sell,20,1019.8,1019.8,,0
292.2,05-08-2024, 11:45:00 AM,05-08-2024, 11:48:00 AM,PE,78600,Sell,20,936.75,986.75,,-1000
293,06-08-2024, 9:45:00 AM,06-08-2024, 10:25:00 AM,,,,,,,17.83,-1000
293.1,06-08-2024, 9:45:00 AM,06-08-2024, 9:48:00 AM,CE,79500,Sell,20,629.05,679.05,,-1000
293.2,06-08-2024, 9:45:00 AM,06-08-2024, 10:25:00 AM,PE,79500,Sell,20,628.05,628.05,,0
294,06-08-2024, 11:45:00 AM,06-08-2024, 12:05:00 PM,,,,,,,18.03,-1000
294.1,06-08-2024, 11:45:00 AM,06-08-2024, 12:05:00 PM,CE,79400,Sell,20,603.75,603.75,,0
294.2,06-08-2024, 11:45:00 AM,06-08-2024, 11:54:00 AM,PE,79400,Sell,20,612.1,662.1,,-1000
295,07-08-2024, 9:45:00 AM,07-08-2024, 10:29:00 AM,,,,,,,17.21,-1000
295.1,07-08-2024, 9:45:00 AM,07-08-2024, 10:29:00 AM,CE,79300,Sell,20,534.6,534.6,,0
295.2,07-08-2024, 9:45:00 AM,07-08-2024, 10:06:00 AM,PE,79300,Sell,20,476.15,526.15,,-1000
296,07-08-2024, 11:45:00 AM,07-08-2024, 12:19:00 PM,,,,,,,17.01,-1000
296.1,07-08-2024, 11:45:00 AM,07-08-2024, 12:19:00 PM,CE,79300,Sell,20,498.75,498.75,,0
296.2,07-08-2024, 11:45:00 AM,07-08-2024, 12:00:00 PM,PE,79300,Sell,20,469.2,519.2,,-1000
297,08-08-2024, 9:45:00 AM,08-08-2024, 9:54:00 AM,,,,,,,16.66,-1000
297.1,08-08-2024, 9:45:00 AM,08-08-2024, 9:50:00 AM,CE,79200,Sell,20,506.1,556.1,,-1000
297.2,08-08-2024, 9:45:00 AM,08-08-2024, 9:54:00 AM,PE,79200,Sell,20,406.4,406.4,,0
298,08-08-2024, 11:45:00 AM,08-08-2024, 1:02:00 PM,,,,,,,16.66,-1000
298.1,08-08-2024, 11:45:00 AM,08-08-2024, 11:50:00 AM,CE,79200,Sell,20,383.8,433.8,,-1000
298.2,08-08-2024, 11:45:00 AM,08-08-2024, 1:02:00 PM,PE,79200,Sell,20,412.7,412.7,,0
299,09-08-2024, 9:45:00 AM,09-08-2024, 10:14:00 AM,,,,,,,15.62,1187
299.1,09-08-2024, 9:45:00 AM,09-08-2024, 10:14:00 AM,CE,79800,Sell,20,218.65,109.3,,2187
299.2,09-08-2024, 9:45:00 AM,09-08-2024, 9:53:00 AM,PE,79800,Sell,20,174.9,224.9,,-1000
300,09-08-2024, 11:45:00 AM,09-08-2024, 1:39:00 PM,,,,,,,15.53,2229
300.1,09-08-2024, 11:45:00 AM,09-08-2024, 1:39:00 PM,CE,79700,Sell,20,121.4,60.7,,1214
300.2,09-08-2024, 11:45:00 AM,09-08-2024, 1:20:00 PM,PE,79700,Sell,20,101.45,50.7,,1015
301,12-08-2024, 9:45:00 AM,12-08-2024, 10:18:00 AM,,,,,,,16.18,-1000
301.1,12-08-2024, 9:45:00 AM,12-08-2024, 10:18:00 AM,CE,79400,Sell,20,619.2,619.2,,0
301.2,12-08-2024, 9:45:00 AM,12-08-2024, 9:58:00 AM,PE,79400,Sell,20,523.65,573.65,,-1000
302,12-08-2024, 11:45:00 AM,12-08-2024, 3:15:00 PM,,,,,,,15.81,2605
302.1,12-08-2024, 11:45:00 AM,12-08-2024, 3:15:00 PM,CE,79900,Sell,20,546.95,366.7,,3605
302.2,12-08-2024, 11:45:00 AM,12-08-2024, 2:53:00 PM,PE,79900,Sell,20,504.95,554.95,,-1000
303,13-08-2024, 9:45:00 AM,13-08-2024, 1:58:00 PM,,,,,,,15.75,3896
303.1,13-08-2024, 9:45:00 AM,13-08-2024, 1:58:00 PM,CE,79600,Sell,20,489.6,244.8,,4896
303.2,13-08-2024, 9:45:00 AM,13-08-2024, 9:57:00 AM,PE,79600,Sell,20,408.85,458.85,,-1000
304,13-08-2024, 11:45:00 AM,13-08-2024, 2:09:00 PM,,,,,,,15.73,3693
304.1,13-08-2024, 11:45:00 AM,13-08-2024, 2:09:00 PM,CE,79500,Sell,20,469.35,234.7,,4693
304.2,13-08-2024, 11:45:00 AM,13-08-2024, 12:06:00 PM,PE,79500,Sell,20,384.05,434.05,,-1000
305,14-08-2024, 9:45:00 AM,14-08-2024, 9:54:00 AM,,,,,,,15.86,-1000
305.1,14-08-2024, 9:45:00 AM,14-08-2024, 9:48:00 AM,CE,79000,Sell,20,391.85,441.85,,-1000
305.2,14-08-2024, 9:45:00 AM,14-08-2024, 9:54:00 AM,PE,79000,Sell,20,347.95,347.95,,0
306,14-08-2024, 11:45:00 AM,14-08-2024, 3:15:00 PM,,,,,,,15.73,-178
306.1,14-08-2024, 11:45:00 AM,14-08-2024, 12:16:00 PM,CE,79100,Sell,20,306.5,356.5,,-1000
306.2,14-08-2024, 11:45:00 AM,14-08-2024, 3:15:00 PM,PE,79100,Sell,20,335.05,293.95,,822
307,16-08-2024, 9:45:00 AM,16-08-2024, 10:30:00 AM,,,,,,,14.88,933
307.1,16-08-2024, 9:45:00 AM,16-08-2024, 10:30:00 AM,CE,79700,Sell,20,193.25,96.6,,1933
307.2,16-08-2024, 9:45:00 AM,16-08-2024, 9:52:00 AM,PE,79700,Sell,20,209.55,259.55,,-1000
308,16-08-2024, 11:45:00 AM,16-08-2024, 12:06:00 PM,,,,,,,14.71,842
308.1,16-08-2024, 11:45:00 AM,16-08-2024, 11:46:00 AM,CE,79800,Sell,20,188.55,238.55,,-1000
308.2,16-08-2024, 11:45:00 AM,16-08-2024, 12:06:00 PM,PE,79800,Sell,20,184.2,92.1,,1842
309,19-08-2024, 9:45:00 AM,19-08-2024, 3:15:00 PM,,,,,,,14.64,994
309.1,19-08-2024, 9:45:00 AM,19-08-2024, 3:15:00 PM,CE,80600,Sell,20,474.55,374.85,,1994
309.2,19-08-2024, 9:45:00 AM,19-08-2024, 9:53:00 AM,PE,80600,Sell,20,481.65,531.65,,-1000
310,19-08-2024, 11:45:00 AM,19-08-2024, 12:51:00 PM,,,,,,,14.38,-1000
310.1,19-08-2024, 11:45:00 AM,19-08-2024, 12:51:00 PM,CE,80500,Sell,20,459.8,459.8,,0
310.2,19-08-2024, 11:45:00 AM,19-08-2024, 12:28:00 PM,PE,80500,Sell,20,464.8,514.8,,-1000
311,20-08-2024, 9:45:00 AM,20-08-2024, 3:15:00 PM,,,,,,,14.01,-297
311.1,20-08-2024, 9:45:00 AM,20-08-2024, 10:01:00 AM,CE,80700,Sell,20,407.45,457.45,,-1000
311.2,20-08-2024, 9:45:00 AM,20-08-2024, 3:15:00 PM,PE,80700,Sell,20,374.5,339.35,,703
312,20-08-2024, 11:45:00 AM,20-08-2024, 3:15:00 PM,,,,,,,14,522
312.1,20-08-2024, 11:45:00 AM,20-08-2024, 3:15:00 PM,CE,80900,Sell,20,346.5,293.4,,1062
312.2,20-08-2024, 11:45:00 AM,20-08-2024, 3:15:00 PM,PE,80900,Sell,20,412.85,439.85,,-540
313,21-08-2024, 9:45:00 AM,21-08-2024, 11:11:00 AM,,,,,,,13.89,-1000
313.1,21-08-2024, 9:45:00 AM,21-08-2024, 10:18:00 AM,CE,80700,Sell,20,364.6,414.6,,-1000
313.2,21-08-2024, 9:45:00 AM,21-08-2024, 11:11:00 AM,PE,80700,Sell,20,326.25,326.25,,0
314,21-08-2024, 11:45:00 AM,21-08-2024, 3:15:00 PM,,,,,,,13.57,735
314.1,21-08-2024, 11:45:00 AM,21-08-2024, 2:13:00 PM,CE,80700,Sell,20,366.1,416.1,,-1000
314.2,21-08-2024, 11:45:00 AM,21-08-2024, 3:15:00 PM,PE,80700,Sell,20,299.45,212.7,,1735
315,22-08-2024, 9:45:00 AM,22-08-2024, 3:15:00 PM,,,,,,,13.23,-178
315.1,22-08-2024, 9:45:00 AM,22-08-2024, 3:15:00 PM,CE,81100,Sell,20,265.25,224.15,,822
315.2,22-08-2024, 9:45:00 AM,22-08-2024, 9:52:00 AM,PE,81100,Sell,20,269,319,,-1000
316,22-08-2024, 11:45:00 AM,22-08-2024, 3:15:00 PM,,,,,,,12.95,-573
316.1,22-08-2024, 11:45:00 AM,22-08-2024, 3:15:00 PM,CE,81200,Sell,20,200.05,178.7,,427
316.2,22-08-2024, 11:45:00 AM,22-08-2024, 1:12:00 PM,PE,81200,Sell,20,260.75,310.75,,-1000
317,23-08-2024, 9:45:00 AM,23-08-2024, 9:54:00 AM,,,,,,,13.08,505
317.1,23-08-2024, 9:45:00 AM,23-08-2024, 9:53:00 AM,CE,80900,Sell,20,187.5,237.5,,-1000
317.2,23-08-2024, 9:45:00 AM,23-08-2024, 9:54:00 AM,PE,80900,Sell,20,150.5,75.25,,1505
318,23-08-2024, 11:45:00 AM,23-08-2024, 1:29:00 PM,,,,,,,12.91,-206
318.1,23-08-2024, 11:45:00 AM,23-08-2024, 1:29:00 PM,CE,81100,Sell,20,79.4,39.7,,794
318.2,23-08-2024, 11:45:00 AM,23-08-2024, 11:52:00 AM,PE,81100,Sell,20,84.95,134.95,,-1000
319,26-08-2024, 9:45:00 AM,26-08-2024, 10:53:00 AM,,,,,,,13.79,-1000
319.1,26-08-2024, 9:45:00 AM,26-08-2024, 10:17:00 AM,CE,81600,Sell,20,508.5,558.5,,-1000
319.2,26-08-2024, 9:45:00 AM,26-08-2024, 10:53:00 AM,PE,81600,Sell,20,400,400,,0
320,26-08-2024, 11:45:00 AM,26-08-2024, 1:48:00 PM,,,,,,,13.73,-1000
320.1,26-08-2024, 11:45:00 AM,26-08-2024, 12:42:00 PM,CE,81700,Sell,20,480.05,530.05,,-1000
320.2,26-08-2024, 11:45:00 AM,26-08-2024, 1:48:00 PM,PE,81700,Sell,20,391.25,391.25,,0
321,27-08-2024, 9:45:00 AM,27-08-2024, 3:15:00 PM,,,,,,,13.84,119
321.1,27-08-2024, 9:45:00 AM,27-08-2024, 9:55:00 AM,CE,81700,Sell,20,356.5,406.5,,-1000
321.2,27-08-2024, 9:45:00 AM,27-08-2024, 3:15:00 PM,PE,81700,Sell,20,373.25,317.3,,1119
322,27-08-2024, 11:45:00 AM,27-08-2024, 3:15:00 PM,,,,,,,13.7,345
322.1,27-08-2024, 11:45:00 AM,27-08-2024, 3:15:00 PM,CE,81900,Sell,20,330.05,262.8,,1345
322.2,27-08-2024, 11:45:00 AM,27-08-2024, 2:51:00 PM,PE,81900,Sell,20,368,418,,-1000
323,28-08-2024, 9:45:00 AM,28-08-2024, 3:15:00 PM,,,,,,,13.74,-169
323.1,28-08-2024, 9:45:00 AM,28-08-2024, 9:53:00 AM,CE,81600,Sell,20,378.8,428.8,,-1000
323.2,28-08-2024, 9:45:00 AM,28-08-2024, 3:15:00 PM,PE,81600,Sell,20,255.1,213.55,,831
324,28-08-2024, 11:45:00 AM,28-08-2024, 3:15:00 PM,,,,,,,13.81,1982
324.1,28-08-2024, 11:45:00 AM,28-08-2024, 3:15:00 PM,CE,82000,Sell,20,342.7,193.6,,2982
324.2,28-08-2024, 11:45:00 AM,28-08-2024, 2:44:00 PM,PE,82000,Sell,20,301.8,351.8,,-1000
325,29-08-2024, 9:45:00 AM,29-08-2024, 12:30:00 PM,,,,,,,14,1522
325.1,29-08-2024, 9:45:00 AM,29-08-2024, 9:49:00 AM,CE,81800,Sell,20,303.6,353.6,,-1000
325.2,29-08-2024, 9:45:00 AM,29-08-2024, 12:30:00 PM,PE,81800,Sell,20,252.2,126.1,,2522
326,29-08-2024, 11:45:00 AM,29-08-2024, 2:04:00 PM,,,,,,,13.82,-1000
326.1,29-08-2024, 11:45:00 AM,29-08-2024, 12:29:00 PM,CE,82000,Sell,20,230.55,280.55,,-1000
326.2,29-08-2024, 11:45:00 AM,29-08-2024, 2:04:00 PM,PE,82000,Sell,20,263.35,263.35,,0
327,30-08-2024, 9:45:00 AM,30-08-2024, 11:23:00 AM,,,,,,,13.69,836
327.1,30-08-2024, 9:45:00 AM,30-08-2024, 11:23:00 AM,CE,82400,Sell,20,183.6,91.8,,1836
327.2,30-08-2024, 9:45:00 AM,30-08-2024, 10:03:00 AM,PE,82400,Sell,20,233.2,283.2,,-1000
328,30-08-2024, 11:45:00 AM,30-08-2024, 2:20:00 PM,,,,,,,13.56,-381
328.1,30-08-2024, 11:45:00 AM,30-08-2024, 2:20:00 PM,CE,82400,Sell,20,95.1,200,,-2098
328.2,30-08-2024, 11:45:00 AM,30-08-2024, 12:23:00 PM,PE,82400,Sell,20,171.65,85.8,,1717
329,02-09-2024, 9:45:00 AM,02-09-2024, 3:15:00 PM,,,,,,,13.59,798
329.1,02-09-2024, 9:45:00 AM,02-09-2024, 3:15:00 PM,CE,82600,Sell,20,448,358.1,,1798
329.2,02-09-2024, 9:45:00 AM,02-09-2024, 12:51:00 PM,PE,82600,Sell,20,425.9,475.9,,-1000
330,02-09-2024, 11:45:00 AM,02-09-2024, 3:15:00 PM,,,,,,,13.88,117
330.1,02-09-2024, 11:45:00 AM,02-09-2024, 3:15:00 PM,CE,82600,Sell,20,413.95,358.1,,1117
330.2,02-09-2024, 11:45:00 AM,02-09-2024, 12:48:00 PM,PE,82600,Sell,20,420.25,470.25,,-1000
331,03-09-2024, 9:45:00 AM,03-09-2024, 3:15:00 PM,,,,,,,13.93,-292
331.1,03-09-2024, 9:45:00 AM,03-09-2024, 1:17:00 PM,CE,82500,Sell,20,382.85,432.85,,-1000
331.2,03-09-2024, 9:45:00 AM,03-09-2024, 3:15:00 PM,PE,82500,Sell,20,346.9,311.5,,708
332,03-09-2024, 11:45:00 AM,03-09-2024, 3:15:00 PM,,,,,,,13.77,-517
332.1,03-09-2024, 11:45:00 AM,03-09-2024, 1:17:00 PM,CE,82500,Sell,20,363.75,413.75,,-1000
332.2,03-09-2024, 11:45:00 AM,03-09-2024, 3:15:00 PM,PE,82500,Sell,20,335.65,311.5,,483
333,04-09-2024, 9:45:00 AM,04-09-2024, 3:15:00 PM,,,,,,,14.32,1655
333.1,04-09-2024, 9:45:00 AM,04-09-2024, 10:11:00 AM,CE,82000,Sell,20,362.25,412.25,,-1000
333.2,04-09-2024, 9:45:00 AM,04-09-2024, 3:15:00 PM,PE,82000,Sell,20,337.95,205.2,,2655
334,04-09-2024, 11:45:00 AM,04-09-2024, 3:15:00 PM,,,,,,,14.35,371
334.1,04-09-2024, 11:45:00 AM,04-09-2024, 1:16:00 PM,CE,82200,Sell,20,298.7,348.7,,-1000
334.2,04-09-2024, 11:45:00 AM,04-09-2024, 3:15:00 PM,PE,82200,Sell,20,350.5,281.95,,1371
335,05-09-2024, 9:45:00 AM,05-09-2024, 3:15:00 PM,,,,,,,14.09,1227
335.1,05-09-2024, 9:45:00 AM,05-09-2024, 3:15:00 PM,CE,82400,Sell,20,264.8,153.45,,2227
335.2,05-09-2024, 9:45:00 AM,05-09-2024, 10:33:00 AM,PE,82400,Sell,20,285.15,335.15,,-1000
336,05-09-2024, 11:45:00 AM,05-09-2024, 3:15:00 PM,,,,,,,14.03,1009
336.1,05-09-2024, 11:45:00 AM,05-09-2024, 3:15:00 PM,CE,82300,Sell,20,243.45,201.7,,835
336.2,05-09-2024, 11:45:00 AM,05-09-2024, 3:15:00 PM,PE,82300,Sell,20,242.7,234,,174
337,06-09-2024, 9:45:00 AM,06-09-2024, 10:02:00 AM,,,,,,,14.37,1400
337.1,06-09-2024, 9:45:00 AM,06-09-2024, 10:02:00 AM,CE,81900,Sell,20,240,120,,2400
337.2,06-09-2024, 9:45:00 AM,06-09-2024, 9:46:00 AM,PE,81900,Sell,20,261.65,311.65,,-1000
338,06-09-2024, 11:45:00 AM,06-09-2024, 12:24:00 PM,,,,,,,14.93,735
338.1,06-09-2024, 11:45:00 AM,06-09-2024, 12:24:00 PM,CE,81400,Sell,20,139.35,189.35,,-1000
338.2,06-09-2024, 11:45:00 AM,06-09-2024, 12:24:00 PM,PE,81400,Sell,20,173.55,86.8,,1735
339,09-09-2024, 9:45:00 AM,09-09-2024, 3:15:00 PM,,,,,,,14.87,3216
339.1,09-09-2024, 9:45:00 AM,09-09-2024, 10:43:00 AM,CE,81200,Sell,20,476.35,526.35,,-1000
339.2,09-09-2024, 9:45:00 AM,09-09-2024, 3:15:00 PM,PE,81200,Sell,20,478.45,267.65,,4216
340,09-09-2024, 11:45:00 AM,09-09-2024, 1:06:00 PM,,,,,,,14.65,-1000
340.1,09-09-2024, 11:45:00 AM,09-09-2024, 1:06:00 PM,CE,81300,Sell,20,469.1,469.1,,0
340.2,09-09-2024, 11:45:00 AM,09-09-2024, 12:08:00 PM,PE,81300,Sell,20,425.1,475.1,,-1000
341,10-09-2024, 9:45:00 AM,10-09-2024, 9:51:00 AM,,,,,,,13.98,-1000
341.1,10-09-2024, 9:45:00 AM,10-09-2024, 9:51:00 AM,CE,81600,Sell,20,351.4,351.4,,0
341.2,10-09-2024, 9:45:00 AM,10-09-2024, 9:48:00 AM,PE,81600,Sell,20,351.6,401.6,,-1000
342,10-09-2024, 11:45:00 AM,10-09-2024, 3:15:00 PM,,,,,,,13.66,971
342.1,10-09-2024, 11:45:00 AM,10-09-2024, 11:59:00 AM,CE,81800,Sell,20,317.9,367.9,,-1000
342.2,10-09-2024, 11:45:00 AM,10-09-2024, 3:15:00 PM,PE,81800,Sell,20,369.65,271.1,,1971
343,11-09-2024, 9:45:00 AM,11-09-2024, 10:18:00 AM,,,,,,,13.33,-1107
343.1,11-09-2024, 9:45:00 AM,11-09-2024, 10:18:00 AM,CE,82000,Sell,20,282.55,282.55,,0
343.2,11-09-2024, 9:45:00 AM,11-09-2024, 10:04:00 AM,PE,82000,Sell,20,367.45,422.8,,-1107
344,11-09-2024, 11:45:00 AM,11-09-2024, 12:54:00 PM,,,,,,,13.19,-1000
344.1,11-09-2024, 11:45:00 AM,11-09-2024, 12:01:00 PM,CE,82000,Sell,20,282.1,332.1,,-1000
344.2,11-09-2024, 11:45:00 AM,11-09-2024, 12:54:00 PM,PE,82000,Sell,20,335.9,335.9,,0
345,12-09-2024, 9:45:00 AM,12-09-2024, 2:02:00 PM,,,,,,,12.98,-1000
345.1,12-09-2024, 9:45:00 AM,12-09-2024, 2:02:00 PM,CE,81900,Sell,20,277.55,277.55,,0
345.2,12-09-2024, 9:45:00 AM,12-09-2024, 9:55:00 AM,PE,81900,Sell,20,278.65,328.65,,-1000
346,12-09-2024, 11:45:00 AM,12-09-2024, 1:06:00 PM,,,,,,,13.17,-1000
346.1,12-09-2024, 11:45:00 AM,12-09-2024, 1:06:00 PM,CE,81700,Sell,20,310.7,310.7,,0
346.2,12-09-2024, 11:45:00 AM,12-09-2024, 12:23:00 PM,PE,81700,Sell,20,260,310,,-1000
347,13-09-2024, 9:45:00 AM,13-09-2024, 11:11:00 AM,,,,,,,12.88,623
347.1,13-09-2024, 9:45:00 AM,13-09-2024, 11:11:00 AM,CE,82800,Sell,20,144.9,194.9,,-1000
347.2,13-09-2024, 9:45:00 AM,13-09-2024, 10:30:00 AM,PE,82800,Sell,20,162.35,81.2,,1623
348,13-09-2024, 11:45:00 AM,13-09-2024, 12:32:00 PM,,,,,,,12.77,-118
348.1,13-09-2024, 11:45:00 AM,13-09-2024, 12:29:00 PM,CE,82900,Sell,20,79.4,129.4,,-1000
348.2,13-09-2024, 11:45:00 AM,13-09-2024, 12:32:00 PM,PE,82900,Sell,20,88.2,44.1,,882
349,16-09-2024, 9:45:00 AM,16-09-2024, 3:15:00 PM,,,,,,,12.74,127
349.1,16-09-2024, 9:45:00 AM,16-09-2024, 3:15:00 PM,CE,83100,Sell,20,462.3,405.95,,1127
349.2,16-09-2024, 9:45:00 AM,16-09-2024, 10:42:00 AM,PE,83100,Sell,20,411.05,461.05,,-1000
350,16-09-2024, 11:45:00 AM,16-09-2024, 3:15:00 PM,,,,,,,12.78,1021
350.1,16-09-2024, 11:45:00 AM,16-09-2024, 1:22:00 PM,CE,82900,Sell,20,466.95,516.95,,-1000
350.2,16-09-2024, 11:45:00 AM,16-09-2024, 3:15:00 PM,PE,82900,Sell,20,441.95,340.9,,2021
351,17-09-2024, 9:45:00 AM,17-09-2024, 10:43:00 AM,,,,,,,12.58,-1000
351.1,17-09-2024, 9:45:00 AM,17-09-2024, 10:43:00 AM,CE,83000,Sell,20,418.5,418.5,,0
351.2,17-09-2024, 9:45:00 AM,17-09-2024, 9:56:00 AM,PE,83000,Sell,20,407.05,457.05,,-1000
352,17-09-2024, 11:45:00 AM,17-09-2024, 3:15:00 PM,,,,,,,12.44,-585
352.1,17-09-2024, 11:45:00 AM,17-09-2024, 1:41:00 PM,CE,83000,Sell,20,414.25,464.25,,-1000
352.2,17-09-2024, 11:45:00 AM,17-09-2024, 3:15:00 PM,PE,83000,Sell,20,383.65,362.9,,415
353,18-09-2024, 9:45:00 AM,18-09-2024, 12:59:00 PM,,,,,,,12.66,-1000
353.1,18-09-2024, 9:45:00 AM,18-09-2024, 10:42:00 AM,CE,83100,Sell,20,422.65,472.65,,-1000
353.2,18-09-2024, 9:45:00 AM,18-09-2024, 12:59:00 PM,PE,83100,Sell,20,388.2,388.2,,0
354,18-09-2024, 11:45:00 AM,18-09-2024, 12:59:00 PM,,,,,,,12.99,-1000
354.1,18-09-2024, 11:45:00 AM,18-09-2024, 12:27:00 PM,CE,83200,Sell,20,425,475,,-1000
354.2,18-09-2024, 11:45:00 AM,18-09-2024, 12:59:00 PM,PE,83200,Sell,20,417.85,417.85,,0
355,19-09-2024, 9:45:00 AM,19-09-2024, 10:42:00 AM,,,,,,,12.19,2360
355.1,19-09-2024, 9:45:00 AM,19-09-2024, 10:42:00 AM,CE,83700,Sell,20,336,168,,3360
355.2,19-09-2024, 9:45:00 AM,19-09-2024, 9:51:00 AM,PE,83700,Sell,20,278.9,328.9,,-1000
356,19-09-2024, 11:45:00 AM,19-09-2024, 3:15:00 PM,,,,,,,12.59,2093
356.1,19-09-2024, 11:45:00 AM,19-09-2024, 12:13:00 PM,CE,83200,Sell,20,313.35,363.35,,-1000
356.2,19-09-2024, 11:45:00 AM,19-09-2024, 3:15:00 PM,PE,83200,Sell,20,322.25,167.6,,3093
357,20-09-2024, 9:45:00 AM,20-09-2024, 9:56:00 AM,,,,,,,12.49,1256
357.1,20-09-2024, 9:45:00 AM,20-09-2024, 9:49:00 AM,CE,83300,Sell,20,197.65,247.65,,-1000
357.2,20-09-2024, 9:45:00 AM,20-09-2024, 9:56:00 AM,PE,83300,Sell,20,225.6,112.8,,2256
358,20-09-2024, 11:45:00 AM,20-09-2024, 12:21:00 PM,,,,,,,12.58,-1000
358.1,20-09-2024, 11:45:00 AM,20-09-2024, 11:51:00 AM,CE,84100,Sell,20,263.2,313.2,,-1000
358.2,20-09-2024, 11:45:00 AM,20-09-2024, 12:21:00 PM,PE,84100,Sell,20,177.85,177.85,,0
359,23-09-2024, 9:45:00 AM,23-09-2024, 10:15:00 AM,,,,,,,13.69,-1000
359.1,23-09-2024, 9:45:00 AM,23-09-2024, 9:52:00 AM,CE,84800,Sell,20,520.4,570.4,,-1000
359.2,23-09-2024, 9:45:00 AM,23-09-2024, 10:15:00 AM,PE,84800,Sell,20,583.45,583.45,,0
360,23-09-2024, 11:45:00 AM,23-09-2024, 3:15:00 PM,,,,,,,13.59,497
360.1,23-09-2024, 11:45:00 AM,23-09-2024, 2:18:00 PM,CE,84700,Sell,20,511.1,561.1,,-1000
360.2,23-09-2024, 11:45:00 AM,23-09-2024, 3:15:00 PM,PE,84700,Sell,20,529.25,454.4,,1497
361,24-09-2024, 9:45:00 AM,24-09-2024, 3:15:00 PM,,,,,,,13.84,1938
361.1,24-09-2024, 9:45:00 AM,24-09-2024, 3:15:00 PM,CE,85000,Sell,20,425.5,372.75,,1055
361.2,24-09-2024, 9:45:00 AM,24-09-2024, 3:15:00 PM,PE,85000,Sell,20,494.15,450,,883
362,24-09-2024, 11:45:00 AM,24-09-2024, 3:15:00 PM,,,,,,,13.86,94
362.1,24-09-2024, 11:45:00 AM,24-09-2024, 12:51:00 PM,CE,84900,Sell,20,433.05,483.05,,-1000
362.2,24-09-2024, 11:45:00 AM,24-09-2024, 3:15:00 PM,PE,84900,Sell,20,457.7,403,,1094
363,25-09-2024, 9:45:00 AM,25-09-2024, 2:07:00 PM,,,,,,,13.31,-1000
363.1,25-09-2024, 9:45:00 AM,25-09-2024, 2:07:00 PM,CE,84900,Sell,20,389.4,389.4,,0
363.2,25-09-2024, 9:45:00 AM,25-09-2024, 11:47:00 AM,PE,84900,Sell,20,391.8,441.8,,-1000
364,25-09-2024, 11:45:00 AM,25-09-2024, 11:50:00 AM,,,,,,,13.18,-1000
364.1,25-09-2024, 11:45:00 AM,25-09-2024, 11:50:00 AM,CE,84800,Sell,20,385.5,385.5,,0
364.2,25-09-2024, 11:45:00 AM,25-09-2024, 11:47:00 AM,PE,84800,Sell,20,359.8,409.8,,-1000
365,26-09-2024, 9:45:00 AM,26-09-2024, 2:10:00 PM,,,,,,,12.35,-1000
365.1,26-09-2024, 9:45:00 AM,26-09-2024, 10:10:00 AM,CE,85300,Sell,20,319.6,369.6,,-1000
365.2,26-09-2024, 9:45:00 AM,26-09-2024, 2:10:00 PM,PE,85300,Sell,20,337.45,337.45,,0
366,26-09-2024, 11:45:00 AM,26-09-2024, 1:11:00 PM,,,,,,,12.12,-1000
366.1,26-09-2024, 11:45:00 AM,26-09-2024, 12:21:00 PM,CE,85400,Sell,20,313,363,,-1000
366.2,26-09-2024, 11:45:00 AM,26-09-2024, 1:11:00 PM,PE,85400,Sell,20,318.4,318.4,,0
367,27-09-2024, 9:45:00 AM,27-09-2024, 10:26:00 AM,,,,,,,11.71,430
367.1,27-09-2024, 9:45:00 AM,27-09-2024, 9:47:00 AM,CE,85900,Sell,20,129.95,179.95,,-1000
367.2,27-09-2024, 9:45:00 AM,27-09-2024, 10:26:00 AM,PE,85900,Sell,20,143,71.5,,1430
368,27-09-2024, 11:45:00 AM,27-09-2024, 12:53:00 PM,,,,,,,11.73,-21
368.1,27-09-2024, 11:45:00 AM,27-09-2024, 12:52:00 PM,CE,85800,Sell,20,97.9,48.95,,979
368.2,27-09-2024, 11:45:00 AM,27-09-2024, 12:53:00 PM,PE,85800,Sell,20,125.55,175.55,,-1000
369,30-09-2024, 9:45:00 AM,30-09-2024, 2:16:00 PM,,,,,,,12.82,4490
369.1,30-09-2024, 9:45:00 AM,30-09-2024, 2:16:00 PM,CE,85000,Sell,20,549,274.5,,5490
369.2,30-09-2024, 9:45:00 AM,30-09-2024, 9:48:00 AM,PE,85000,Sell,20,398.1,448.1,,-1000
370,30-09-2024, 11:45:00 AM,30-09-2024, 3:15:00 PM,,,,,,,12.82,1965
370.1,30-09-2024, 11:45:00 AM,30-09-2024, 3:15:00 PM,CE,84600,Sell,20,583,434.75,,2965
370.2,30-09-2024, 11:45:00 AM,30-09-2024, 1:09:00 PM,PE,84600,Sell,20,429.9,479.9,,-1000
371,01-10-2024, 9:45:00 AM,01-10-2024, 3:15:00 PM,,,,,,,12.35,2911
371.1,01-10-2024, 9:45:00 AM,01-10-2024, 3:15:00 PM,CE,84500,Sell,20,493,297.45,,3911
371.2,01-10-2024, 9:45:00 AM,01-10-2024, 9:57:00 AM,PE,84500,Sell,20,346.15,396.15,,-1000
372,01-10-2024, 11:45:00 AM,01-10-2024, 12:31:00 PM,,,,,,,12.29,-1000
372.1,01-10-2024, 11:45:00 AM,01-10-2024, 11:46:00 AM,CE,84300,Sell,20,447.9,497.9,,-1000
372.2,01-10-2024, 11:45:00 AM,01-10-2024, 12:31:00 PM,PE,84300,Sell,20,357.05,357.05,,0
373,03-10-2024, 9:45:00 AM,03-10-2024, 10:54:00 AM,,,,,,,12.51,3387
373.1,03-10-2024, 9:45:00 AM,03-10-2024, 10:54:00 AM,CE,83700,Sell,20,438.7,219.35,,4387
373.2,03-10-2024, 9:45:00 AM,03-10-2024, 9:56:00 AM,PE,83700,Sell,20,377.7,427.7,,-1000
374,03-10-2024, 11:45:00 AM,03-10-2024, 1:47:00 PM,,,,,,,13.32,3195
374.1,03-10-2024, 11:45:00 AM,03-10-2024, 1:47:00 PM,CE,83000,Sell,20,419.55,209.8,,4195
374.2,03-10-2024, 11:45:00 AM,03-10-2024, 12:02:00 PM,PE,83000,Sell,20,333,383,,-1000
375,04-10-2024, 9:45:00 AM,04-10-2024, 9:51:00 AM,,,,,,,13.63,-1000
375.1,04-10-2024, 9:45:00 AM,04-10-2024, 9:51:00 AM,CE,82300,Sell,20,232.9,232.9,,0
375.2,04-10-2024, 9:45:00 AM,04-10-2024, 9:47:00 AM,PE,82300,Sell,20,185.45,235.45,,-1000
376,04-10-2024, 11:45:00 AM,04-10-2024, 12:25:00 PM,,,,,,,13.48,1909
376.1,04-10-2024, 11:45:00 AM,04-10-2024, 11:51:00 AM,CE,82800,Sell,20,363.5,413.5,,-1000
376.2,04-10-2024, 11:45:00 AM,04-10-2024, 12:25:00 PM,PE,82800,Sell,20,290.85,145.4,,2909
377,07-10-2024, 9:45:00 AM,07-10-2024, 9:54:00 AM,,,,,,,14.22,-1000
377.1,07-10-2024, 9:45:00 AM,07-10-2024, 9:54:00 AM,CE,81900,Sell,20,744.6,744.6,,0
377.2,07-10-2024, 9:45:00 AM,07-10-2024, 9:50:00 AM,PE,81900,Sell,20,544.85,594.85,,-1000
378,07-10-2024, 11:45:00 AM,07-10-2024, 11:49:00 AM,,,,,,,14.55,-1000
378.1,07-10-2024, 11:45:00 AM,07-10-2024, 11:47:00 AM,CE,81600,Sell,20,775.8,825.8,,-1000
378.2,07-10-2024, 11:45:00 AM,07-10-2024, 11:49:00 AM,PE,81600,Sell,20,640.65,640.65,,0
379,08-10-2024, 9:45:00 AM,08-10-2024, 10:02:00 AM,,,,,,,15.35,-1000
379.1,08-10-2024, 9:45:00 AM,08-10-2024, 9:47:00 AM,CE,81100,Sell,20,738.6,788.6,,-1000
379.2,08-10-2024, 9:45:00 AM,08-10-2024, 10:02:00 AM,PE,81100,Sell,20,606.15,606.15,,0
380,08-10-2024, 11:45:00 AM,08-10-2024, 1:35:00 PM,,,,,,,14.65,-1000
380.1,08-10-2024, 11:45:00 AM,08-10-2024, 1:35:00 PM,CE,81500,Sell,20,641.5,641.5,,0
380.2,08-10-2024, 11:45:00 AM,08-10-2024, 11:58:00 AM,PE,81500,Sell,20,532.9,582.9,,-1000
381,09-10-2024, 9:45:00 AM,09-10-2024, 11:14:00 AM,,,,,,,14.41,4145
381.1,09-10-2024, 9:45:00 AM,09-10-2024, 10:08:00 AM,CE,81800,Sell,20,543.1,593.1,,-1000
381.2,09-10-2024, 9:45:00 AM,09-10-2024, 11:14:00 AM,PE,81800,Sell,20,514.55,257.3,,5145
382,09-10-2024, 11:45:00 AM,09-10-2024, 2:45:00 PM,,,,,,,13.7,3576
382.1,09-10-2024, 11:45:00 AM,09-10-2024, 2:45:00 PM,CE,82100,Sell,20,457.6,228.8,,4576
382.2,09-10-2024, 11:45:00 AM,09-10-2024, 11:55:00 AM,PE,82100,Sell,20,438.15,488.15,,-1000
383,10-10-2024, 9:45:00 AM,10-10-2024, 3:15:00 PM,,,,,,,13.89,617
383.1,10-10-2024, 9:45:00 AM,10-10-2024, 9:57:00 AM,CE,81600,Sell,20,410,460,,-1000
383.2,10-10-2024, 9:45:00 AM,10-10-2024, 3:15:00 PM,PE,81600,Sell,20,362.85,282,,1617
384,10-10-2024, 11:45:00 AM,10-10-2024, 12:59:00 PM,,,,,,,13.68,-1000
384.1,10-10-2024, 11:45:00 AM,10-10-2024, 11:56:00 AM,CE,81600,Sell,20,363.7,413.7,,-1000
384.2,10-10-2024, 11:45:00 AM,10-10-2024, 12:59:00 PM,PE,81600,Sell,20,318.9,318.9,,0
385,11-10-2024, 9:45:00 AM,11-10-2024, 10:08:00 AM,,,,,,,13.35,524
385.1,11-10-2024, 9:45:00 AM,11-10-2024, 9:46:00 AM,CE,81500,Sell,20,116.15,166.15,,-1000
385.2,11-10-2024, 9:45:00 AM,11-10-2024, 10:08:00 AM,PE,81500,Sell,20,152.4,76.2,,1524
386,11-10-2024, 11:45:00 AM,11-10-2024, 1:39:00 PM,,,,,,,13.4,1592
386.1,11-10-2024, 11:45:00 AM,11-10-2024, 1:39:00 PM,CE,81400,Sell,20,82.75,41.4,,827
386.2,11-10-2024, 11:45:00 AM,11-10-2024, 12:35:00 PM,PE,81400,Sell,20,76.45,38.2,,765
387,14-10-2024, 9:45:00 AM,14-10-2024, 10:45:00 AM,,,,,,,13.34,-1000
387.1,14-10-2024, 9:45:00 AM,14-10-2024, 9:47:00 AM,CE,81800,Sell,20,516.95,566.95,,-1000
387.2,14-10-2024, 9:45:00 AM,14-10-2024, 10:45:00 AM,PE,81800,Sell,20,403,403,,0
388,14-10-2024, 11:45:00 AM,14-10-2024, 12:28:00 PM,,,,,,,13.17,-1000
388.1,14-10-2024, 11:45:00 AM,14-10-2024, 11:48:00 AM,CE,82000,Sell,20,453.35,503.35,,-1000
388.2,14-10-2024, 11:45:00 AM,14-10-2024, 12:28:00 PM,PE,82000,Sell,20,414.8,414.8,,0
389,15-10-2024, 9:45:00 AM,15-10-2024, 3:15:00 PM,,,,,,,12.61,2433
389.1,15-10-2024, 9:45:00 AM,15-10-2024, 3:15:00 PM,CE,82100,Sell,20,428.55,256.9,,3433
389.2,15-10-2024, 9:45:00 AM,15-10-2024, 9:47:00 AM,PE,82100,Sell,20,333.2,383.2,,-1000
390,15-10-2024, 11:45:00 AM,15-10-2024, 1:01:00 PM,,,,,,,13.13,-1000
390.1,15-10-2024, 11:45:00 AM,15-10-2024, 12:03:00 PM,CE,81800,Sell,20,410.25,460.25,,-1000
390.2,15-10-2024, 11:45:00 AM,15-10-2024, 1:01:00 PM,PE,81800,Sell,20,411.65,411.65,,0
391,16-10-2024, 9:45:00 AM,16-10-2024, 11:36:00 AM,,,,,,,13.05,2989
391.1,16-10-2024, 9:45:00 AM,16-10-2024, 11:36:00 AM,CE,81900,Sell,20,398.85,199.4,,3989
391.2,16-10-2024, 9:45:00 AM,16-10-2024, 10:40:00 AM,PE,81900,Sell,20,334.95,384.95,,-1000
392,16-10-2024, 11:45:00 AM,16-10-2024, 2:27:00 PM,,,,,,,13.42,2424
392.1,16-10-2024, 11:45:00 AM,16-10-2024, 1:14:00 PM,CE,81400,Sell,20,409.25,459.25,,-1000
392.2,16-10-2024, 11:45:00 AM,16-10-2024, 2:27:00 PM,PE,81400,Sell,20,342.4,171.2,,3424
393,17-10-2024, 9:45:00 AM,17-10-2024, 10:16:00 AM,,,,,,,13.4,-1000
393.1,17-10-2024, 9:45:00 AM,17-10-2024, 10:16:00 AM,CE,81300,Sell,20,342.4,342.4,,0
393.2,17-10-2024, 9:45:00 AM,17-10-2024, 9:46:00 AM,PE,81300,Sell,20,328.85,378.85,,-1000
394,17-10-2024, 11:45:00 AM,17-10-2024, 3:15:00 PM,,,,,,,13.4,1828
394.1,17-10-2024, 11:45:00 AM,17-10-2024, 3:15:00 PM,CE,81000,Sell,20,370,312,,1160
394.2,17-10-2024, 11:45:00 AM,17-10-2024, 3:15:00 PM,PE,81000,Sell,20,220.3,186.9,,668
395,18-10-2024, 9:45:00 AM,18-10-2024, 9:55:00 AM,,,,,,,13.63,-1000
395.1,18-10-2024, 9:45:00 AM,18-10-2024, 9:49:00 AM,CE,80600,Sell,20,205.2,255.2,,-1000
395.2,18-10-2024, 9:45:00 AM,18-10-2024, 9:55:00 AM,PE,80600,Sell,20,131.25,131.25,,0
396,18-10-2024, 11:45:00 AM,18-10-2024, 12:36:00 PM,,,,,,,13.22,188
396.1,18-10-2024, 11:45:00 AM,18-10-2024, 12:26:00 PM,CE,81000,Sell,20,181.25,231.25,,-1000
396.2,18-10-2024, 11:45:00 AM,18-10-2024, 12:36:00 PM,PE,81000,Sell,20,118.8,59.4,,1188
397,21-10-2024, 9:45:00 AM,21-10-2024, 10:02:00 AM,,,,,,,13.9,-1000
397.1,21-10-2024, 9:45:00 AM,21-10-2024, 10:02:00 AM,CE,81100,Sell,20,508.65,508.65,,0
397.2,21-10-2024, 9:45:00 AM,21-10-2024, 9:46:00 AM,PE,81100,Sell,20,482.75,532.75,,-1000
398,21-10-2024, 11:45:00 AM,21-10-2024, 11:49:00 AM,,,,,,,13.89,-1039
398.1,21-10-2024, 11:45:00 AM,21-10-2024, 11:49:00 AM,CE,81100,Sell,20,462.15,464.1,,-39
398.2,21-10-2024, 11:45:00 AM,21-10-2024, 11:47:00 AM,PE,81100,Sell,20,513.35,563.35,,-1000
399,22-10-2024, 9:45:00 AM,22-10-2024, 10:07:00 AM,,,,,,,13.73,-1000
399.1,22-10-2024, 9:45:00 AM,22-10-2024, 10:01:00 AM,CE,81400,Sell,20,434.05,484.05,,-1000
399.2,22-10-2024, 9:45:00 AM,22-10-2024, 10:07:00 AM,PE,81400,Sell,20,372.6,372.6,,0
400,22-10-2024, 11:45:00 AM,22-10-2024, 12:30:00 PM,,,,,,,14.24,-1000
400.1,22-10-2024, 11:45:00 AM,22-10-2024, 12:25:00 PM,CE,80700,Sell,20,557.25,607.25,,-1000
400.2,22-10-2024, 11:45:00 AM,22-10-2024, 12:30:00 PM,PE,80700,Sell,20,404.85,404.85,,0
401,23-10-2024, 9:45:00 AM,23-10-2024, 11:03:00 AM,,,,,,,14.93,3228
401.1,23-10-2024, 9:45:00 AM,23-10-2024, 9:48:00 AM,CE,80100,Sell,20,524.8,585,,-1204
401.2,23-10-2024, 9:45:00 AM,23-10-2024, 11:03:00 AM,PE,80100,Sell,20,443.2,221.6,,4432
402,23-10-2024, 11:45:00 AM,23-10-2024, 11:51:00 AM,,,,,,,14.48,-1000
402.1,23-10-2024, 11:45:00 AM,23-10-2024, 11:47:00 AM,CE,80600,Sell,20,450.4,500.4,,-1000
402.2,23-10-2024, 11:45:00 AM,23-10-2024, 11:51:00 AM,PE,80600,Sell,20,398.2,398.2,,0
403,24-10-2024, 9:45:00 AM,24-10-2024, 11:26:00 AM,,,,,,,14.75,2245
403.1,24-10-2024, 9:45:00 AM,24-10-2024, 9:59:00 AM,CE,79900,Sell,20,339.6,389.6,,-1000
403.2,24-10-2024, 9:45:00 AM,24-10-2024, 11:26:00 AM,PE,79900,Sell,20,324.5,162.25,,3245
404,24-10-2024, 11:45:00 AM,24-10-2024, 3:15:00 PM,,,,,,,14.2,1131
404.1,24-10-2024, 11:45:00 AM,24-10-2024, 3:15:00 PM,CE,80100,Sell,20,266.65,256.9,,195
404.2,24-10-2024, 11:45:00 AM,24-10-2024, 3:15:00 PM,PE,80100,Sell,20,251.1,204.3,,936
405,25-10-2024, 9:45:00 AM,25-10-2024, 9:47:00 AM,,,,,,,14.27,-1000
405.1,25-10-2024, 9:45:00 AM,25-10-2024, 9:46:00 AM,CE,79900,Sell,20,243.45,293.45,,-1000
405.2,25-10-2024, 9:45:00 AM,25-10-2024, 9:47:00 AM,PE,79900,Sell,20,181.55,181.55,,0
406,25-10-2024, 11:45:00 AM,25-10-2024, 12:25:00 PM,,,,,,,14.83,949
406.1,25-10-2024, 11:45:00 AM,25-10-2024, 12:17:00 PM,CE,79400,Sell,20,194.9,97.45,,1949
406.2,25-10-2024, 11:45:00 AM,25-10-2024, 12:25:00 PM,PE,79400,Sell,20,137.25,187.25,,-1000
407,28-10-2024, 9:45:00 AM,28-10-2024, 10:01:00 AM,,,,,,,15.4,4177
407.1,28-10-2024, 9:45:00 AM,28-10-2024, 9:48:00 AM,CE,79500,Sell,20,490.95,540.95,,-1000
407.2,28-10-2024, 9:45:00 AM,28-10-2024, 10:01:00 AM,PE,79500,Sell,20,517.65,258.8,,5177
408,28-10-2024, 11:45:00 AM,28-10-2024, 12:51:00 PM,,,,,,,14.44,-1000
408.1,28-10-2024, 11:45:00 AM,28-10-2024, 12:14:00 PM,CE,80300,Sell,20,414.65,464.65,,-1000
408.2,28-10-2024, 11:45:00 AM,28-10-2024, 12:51:00 PM,PE,80300,Sell,20,437.35,437.35,,0
409,29-10-2024, 9:45:00 AM,29-10-2024, 9:51:00 AM,,,,,,,14.75,-1000
409.1,29-10-2024, 9:45:00 AM,29-10-2024, 9:51:00 AM,CE,79600,Sell,20,473.6,473.6,,0
409.2,29-10-2024, 9:45:00 AM,29-10-2024, 9:49:00 AM,PE,79600,Sell,20,369.65,419.65,,-1000
410,29-10-2024, 11:45:00 AM,29-10-2024, 2:03:00 PM,,,,,,,14.66,2545
410.1,29-10-2024, 11:45:00 AM,29-10-2024, 12:03:00 PM,CE,79700,Sell,20,437.65,487.65,,-1000
410.2,29-10-2024, 11:45:00 AM,29-10-2024, 2:03:00 PM,PE,79700,Sell,20,354.5,177.25,,3545
411,30-10-2024, 9:45:00 AM,30-10-2024, 1:07:00 PM,,,,,,,15.25,1772
411.1,30-10-2024, 9:45:00 AM,30-10-2024, 10:55:00 AM,CE,80100,Sell,20,392.2,442.2,,-1000
411.2,30-10-2024, 9:45:00 AM,30-10-2024, 1:07:00 PM,PE,80100,Sell,20,277.2,138.6,,2772
412,30-10-2024, 11:45:00 AM,30-10-2024, 1:05:00 PM,,,,,,,15.23,-1000
412.1,30-10-2024, 11:45:00 AM,30-10-2024, 1:05:00 PM,CE,80300,Sell,20,319.3,319.3,,0
412.2,30-10-2024, 11:45:00 AM,30-10-2024, 12:06:00 PM,PE,80300,Sell,20,253.85,303.85,,-1000
413,31-10-2024, 9:45:00 AM,31-10-2024, 10:01:00 AM,,,,,,,15.76,395
413.1,31-10-2024, 9:45:00 AM,31-10-2024, 9:46:00 AM,CE,79700,Sell,20,145.9,195.9,,-1000
413.2,31-10-2024, 9:45:00 AM,31-10-2024, 10:01:00 AM,PE,79700,Sell,20,139.5,69.75,,1395
414,31-10-2024, 11:45:00 AM,31-10-2024, 12:21:00 PM,,,,,,,16.02,-513
414.1,31-10-2024, 11:45:00 AM,31-10-2024, 12:21:00 PM,CE,79600,Sell,20,48.75,24.4,,487
414.2,31-10-2024, 11:45:00 AM,31-10-2024, 12:21:00 PM,PE,79600,Sell,20,108,158,,-1000
415,04-11-2024, 9:45:00 AM,04-11-2024, 10:01:00 AM,,,,,,,16.67,-1000
415.1,04-11-2024, 9:45:00 AM,04-11-2024, 10:01:00 AM,CE,79000,Sell,20,724.45,724.45,,0
415.2,04-11-2024, 9:45:00 AM,04-11-2024, 9:46:00 AM,PE,79000,Sell,20,674.35,724.35,,-1000
416,04-11-2024, 11:45:00 AM,04-11-2024, 12:50:00 PM,,,,,,,17.18,-1000
416.1,04-11-2024, 11:45:00 AM,04-11-2024, 12:01:00 PM,CE,78400,Sell,20,790.3,840.3,,-1000
416.2,04-11-2024, 11:45:00 AM,04-11-2024, 12:50:00 PM,PE,78400,Sell,20,792.6,792.6,,0
417,05-11-2024, 9:45:00 AM,05-11-2024, 11:25:00 AM,,,,,,,16.83,-1000
417.1,05-11-2024, 9:45:00 AM,05-11-2024, 9:57:00 AM,CE,78600,Sell,20,735.3,785.3,,-1000
417.2,05-11-2024, 9:45:00 AM,05-11-2024, 11:25:00 AM,PE,78600,Sell,20,626.45,626.45,,0
418,05-11-2024, 11:45:00 AM,05-11-2024, 1:54:00 PM,,,,,,,17.11,6085
418.1,05-11-2024, 11:45:00 AM,05-11-2024, 12:46:00 PM,CE,78400,Sell,20,722.75,772.75,,-1000
418.2,05-11-2024, 11:45:00 AM,05-11-2024, 1:54:00 PM,PE,78400,Sell,20,708.55,354.3,,7085
419,06-11-2024, 9:45:00 AM,06-11-2024, 9:57:00 AM,,,,,,,15.49,-1000
419.1,06-11-2024, 9:45:00 AM,06-11-2024, 9:49:00 AM,CE,79900,Sell,20,514.15,564.15,,-1000
419.2,06-11-2024, 9:45:00 AM,06-11-2024, 9:57:00 AM,PE,79900,Sell,20,453.7,453.7,,0
420,06-11-2024, 11:45:00 AM,06-11-2024, 2:20:00 PM,,,,,,,15.11,3080
420.1,06-11-2024, 11:45:00 AM,06-11-2024, 11:54:00 AM,CE,80000,Sell,20,483.55,533.55,,-1000
420.2,06-11-2024, 11:45:00 AM,06-11-2024, 2:20:00 PM,PE,80000,Sell,20,408,204,,4080
421,07-11-2024, 9:45:00 AM,07-11-2024, 9:49:00 AM,,,,,,,15.03,-1000
421.1,07-11-2024, 9:45:00 AM,07-11-2024, 9:48:00 AM,CE,80000,Sell,20,367.85,417.85,,-1000
421.2,07-11-2024, 9:45:00 AM,07-11-2024, 9:49:00 AM,PE,80000,Sell,20,326.6,326.6,,0
422,07-11-2024, 11:45:00 AM,07-11-2024, 3:15:00 PM,,,,,,,14.97,1827
422.1,07-11-2024, 11:45:00 AM,07-11-2024, 3:15:00 PM,CE,79500,Sell,20,364.45,319,,909
422.2,07-11-2024, 11:45:00 AM,07-11-2024, 3:15:00 PM,PE,79500,Sell,20,273.35,227.45,,918
423,08-11-2024, 9:45:00 AM,08-11-2024, 9:54:00 AM,,,,,,,15.1,-1000
423.1,08-11-2024, 9:45:00 AM,08-11-2024, 9:46:00 AM,CE,79500,Sell,20,249.65,299.65,,-1000
423.2,08-11-2024, 9:45:00 AM,08-11-2024, 9:54:00 AM,PE,79500,Sell,20,217.05,217.05,,0
424,08-11-2024, 11:45:00 AM,08-11-2024, 1:11:00 PM,,,,,,,14.63,1291
424.1,08-11-2024, 11:45:00 AM,08-11-2024, 12:09:00 PM,CE,79400,Sell,20,91.4,45.7,,914
424.2,08-11-2024, 11:45:00 AM,08-11-2024, 1:11:00 PM,PE,79400,Sell,20,37.75,18.9,,377
425,11-11-2024, 9:45:00 AM,11-11-2024, 10:04:00 AM,,,,,,,14.8,-1000
425.1,11-11-2024, 9:45:00 AM,11-11-2024, 9:59:00 AM,CE,79500,Sell,20,450,500,,-1000
425.2,11-11-2024, 9:45:00 AM,11-11-2024, 10:04:00 AM,PE,79500,Sell,20,447.65,447.65,,0
426,11-11-2024, 11:45:00 AM,11-11-2024, 1:41:00 PM,,,,,,,14.33,3347
426.1,11-11-2024, 11:45:00 AM,11-11-2024, 1:41:00 PM,CE,80100,Sell,20,434.7,217.35,,4347
426.2,11-11-2024, 11:45:00 AM,11-11-2024, 11:51:00 AM,PE,80100,Sell,20,377.2,427.2,,-1000
427,12-11-2024, 9:45:00 AM,12-11-2024, 10:37:00 AM,,,,,,,14.35,-1000
427.1,12-11-2024, 9:45:00 AM,12-11-2024, 9:58:00 AM,CE,79500,Sell,20,398.55,448.55,,-1000
427.2,12-11-2024, 9:45:00 AM,12-11-2024, 10:37:00 AM,PE,79500,Sell,20,370.6,370.6,,0
428,12-11-2024, 11:45:00 AM,12-11-2024, 1:34:00 PM,,,,,,,14.18,2935
428.1,12-11-2024, 11:45:00 AM,12-11-2024, 1:34:00 PM,CE,79400,Sell,20,393.5,196.75,,3935
428.2,12-11-2024, 11:45:00 AM,12-11-2024, 12:41:00 PM,PE,79400,Sell,20,332.5,382.5,,-1000
429,13-11-2024, 9:45:00 AM,13-11-2024, 9:53:00 AM,,,,,,,15.03,-1041
429.1,13-11-2024, 9:45:00 AM,13-11-2024, 9:53:00 AM,CE,78400,Sell,20,392.35,394.4,,-41
429.2,13-11-2024, 9:45:00 AM,13-11-2024, 9:48:00 AM,PE,78400,Sell,20,372.2,422.2,,-1000
430,13-11-2024, 11:45:00 AM,13-11-2024, 12:48:00 PM,,,,,,,15.28,-1000
430.1,13-11-2024, 11:45:00 AM,13-11-2024, 11:48:00 AM,CE,78100,Sell,20,358.9,408.9,,-1000
430.2,13-11-2024, 11:45:00 AM,13-11-2024, 12:48:00 PM,PE,78100,Sell,20,319.6,319.6,,0
431,14-11-2024, 9:45:00 AM,14-11-2024, 9:50:00 AM,,,,,,,15.32,-1000
431.1,14-11-2024, 9:45:00 AM,14-11-2024, 9:47:00 AM,CE,77800,Sell,20,198.45,248.45,,-1000
431.2,14-11-2024, 9:45:00 AM,14-11-2024, 9:50:00 AM,PE,77800,Sell,20,289.5,289.5,,0
432,14-11-2024, 11:45:00 AM,14-11-2024, 12:15:00 PM,,,,,,,15.07,163
432.1,14-11-2024, 11:45:00 AM,14-11-2024, 12:15:00 PM,CE,77500,Sell,20,78.2,128.2,,-1000
432.2,14-11-2024, 11:45:00 AM,14-11-2024, 12:10:00 PM,PE,77500,Sell,20,116.3,58.15,,1163
433,18-11-2024, 9:45:00 AM,18-11-2024, 10:49:00 AM,,,,,,,15.83,-1000
433.1,18-11-2024, 9:45:00 AM,18-11-2024, 9:48:00 AM,CE,77000,Sell,20,571.2,621.2,,-1000
433.2,18-11-2024, 9:45:00 AM,18-11-2024, 10:49:00 AM,PE,77000,Sell,20,525.6,525.6,,0
434,18-11-2024, 11:45:00 AM,18-11-2024, 2:33:00 PM,,,,,,,15.48,-1000
434.1,18-11-2024, 11:45:00 AM,18-11-2024, 12:01:00 PM,CE,77300,Sell,20,481.2,531.2,,-1000
434.2,18-11-2024, 11:45:00 AM,18-11-2024, 2:33:00 PM,PE,77300,Sell,20,511.3,511.3,,0
435,19-11-2024, 9:45:00 AM,19-11-2024, 10:12:00 AM,,,,,,,14.43,-1019
435.1,19-11-2024, 9:45:00 AM,19-11-2024, 10:12:00 AM,CE,78100,Sell,20,448.75,449.7,,-19
435.2,19-11-2024, 9:45:00 AM,19-11-2024, 9:51:00 AM,PE,78100,Sell,20,356.25,406.25,,-1000
436,19-11-2024, 11:45:00 AM,19-11-2024, 2:57:00 PM,,,,,,,14.36,3097
436.1,19-11-2024, 11:45:00 AM,19-11-2024, 2:57:00 PM,CE,78400,Sell,20,409.65,204.8,,4097
436.2,19-11-2024, 11:45:00 AM,19-11-2024, 12:10:00 PM,PE,78400,Sell,20,360.15,410.15,,-1000
437,21-11-2024, 9:45:00 AM,21-11-2024, 12:01:00 PM,,,,,,,16.15,3059
437.1,21-11-2024, 9:45:00 AM,21-11-2024, 10:06:00 AM,CE,77000,Sell,20,302.25,352.25,,-1000
437.2,21-11-2024, 9:45:00 AM,21-11-2024, 12:01:00 PM,PE,77000,Sell,20,405.85,202.9,,4059
438,21-11-2024, 11:45:00 AM,21-11-2024, 12:45:00 PM,,,,,,,15.5,-1000
438.1,21-11-2024, 11:45:00 AM,21-11-2024, 12:01:00 PM,CE,77100,Sell,20,263.1,313.1,,-1000
438.2,21-11-2024, 11:45:00 AM,21-11-2024, 12:45:00 PM,PE,77100,Sell,20,275.15,275.15,,0
439,22-11-2024, 9:45:00 AM,22-11-2024, 9:56:00 AM,,,,,,,15.7,-1000
439.1,22-11-2024, 9:45:00 AM,22-11-2024, 9:56:00 AM,CE,77500,Sell,20,344.55,344.55,,0
439.2,22-11-2024, 9:45:00 AM,22-11-2024, 9:48:00 AM,PE,77500,Sell,20,342.15,392.15,,-1000
440,22-11-2024, 11:45:00 AM,22-11-2024, 12:42:00 PM,,,,,,,15.65,2332
440.1,22-11-2024, 11:45:00 AM,22-11-2024, 11:54:00 AM,CE,77800,Sell,20,355.45,405.45,,-1000
440.2,22-11-2024, 11:45:00 AM,22-11-2024, 12:42:00 PM,PE,77800,Sell,20,333.2,166.6,,3332
441,25-11-2024, 9:45:00 AM,25-11-2024, 10:26:00 AM,,,,,,,16.01,-1000
441.1,25-11-2024, 9:45:00 AM,25-11-2024, 10:26:00 AM,CE,80300,Sell,20,637.35,637.35,,0
441.2,25-11-2024, 9:45:00 AM,25-11-2024, 9:56:00 AM,PE,80300,Sell,20,617.9,667.9,,-1000
442,25-11-2024, 11:45:00 AM,25-11-2024, 12:12:00 PM,,,,,,,15.58,-1000
442.1,25-11-2024, 11:45:00 AM,25-11-2024, 12:12:00 PM,CE,80300,Sell,20,597.6,597.6,,0
442.2,25-11-2024, 11:45:00 AM,25-11-2024, 11:52:00 AM,PE,80300,Sell,20,546.95,596.95,,-1000
443,26-11-2024, 9:45:00 AM,26-11-2024, 3:15:00 PM,,,,,,,15.58,1105
443.1,26-11-2024, 9:45:00 AM,26-11-2024, 3:15:00 PM,CE,80200,Sell,20,504.45,399.2,,2105
443.2,26-11-2024, 9:45:00 AM,26-11-2024, 9:59:00 AM,PE,80200,Sell,20,519.7,569.7,,-1000
444,26-11-2024, 11:45:00 AM,26-11-2024, 2:41:00 PM,,,,,,,15.38,-1000
444.1,26-11-2024, 11:45:00 AM,26-11-2024, 2:41:00 PM,CE,80100,Sell,20,473.85,473.85,,0
444.2,26-11-2024, 11:45:00 AM,26-11-2024, 12:06:00 PM,PE,80100,Sell,20,467.95,517.95,,-1000
445,27-11-2024, 9:45:00 AM,27-11-2024, 12:34:00 PM,,,,,,,14.89,2831
445.1,27-11-2024, 9:45:00 AM,27-11-2024, 9:51:00 AM,CE,79900,Sell,20,413.1,463.1,,-1000
445.2,27-11-2024, 9:45:00 AM,27-11-2024, 12:34:00 PM,PE,79900,Sell,20,383.15,191.6,,3831
446,27-11-2024, 11:45:00 AM,27-11-2024, 12:01:00 PM,,,,,,,14.98,-1000
446.1,27-11-2024, 11:45:00 AM,27-11-2024, 12:01:00 PM,CE,80100,Sell,20,327,327,,0
446.2,27-11-2024, 11:45:00 AM,27-11-2024, 11:54:00 AM,PE,80100,Sell,20,376.9,426.9,,-1000
447,28-11-2024, 9:45:00 AM,28-11-2024, 10:34:00 AM,,,,,,,14.64,-1000
447.1,28-11-2024, 9:45:00 AM,28-11-2024, 9:52:00 AM,CE,80200,Sell,20,378.45,428.45,,-1000
447.2,28-11-2024, 9:45:00 AM,28-11-2024, 10:34:00 AM,PE,80200,Sell,20,317.55,317.55,,0
448,28-11-2024, 11:45:00 AM,28-11-2024, 11:59:00 AM,,,,,,,15.27,-1000
448.1,28-11-2024, 11:45:00 AM,28-11-2024, 11:50:00 AM,CE,79500,Sell,20,464,514,,-1000
448.2,28-11-2024, 11:45:00 AM,28-11-2024, 11:59:00 AM,PE,79500,Sell,20,391.45,391.45,,0
449,29-11-2024, 9:45:00 AM,29-11-2024, 10:01:00 AM,,,,,,,15.29,2442
449.1,29-11-2024, 9:45:00 AM,29-11-2024, 9:48:00 AM,CE,79300,Sell,20,367.45,417.45,,-1000
449.2,29-11-2024, 9:45:00 AM,29-11-2024, 10:01:00 AM,PE,79300,Sell,20,344.2,172.1,,3442
450,29-11-2024, 11:45:00 AM,29-11-2024, 2:17:00 PM,,,,,,,14.91,2468
450.1,29-11-2024, 11:45:00 AM,29-11-2024, 2:17:00 PM,CE,79700,Sell,20,141.7,70.85,,1417
450.2,29-11-2024, 11:45:00 AM,29-11-2024, 12:14:00 PM,PE,79700,Sell,20,105.05,52.5,,1051
451,02-12-2024, 9:45:00 AM,02-12-2024, 9:48:00 AM,,,,,,,14.79,-1000
451.1,02-12-2024, 9:45:00 AM,02-12-2024, 9:47:00 AM,CE,79700,Sell,20,645.75,695.75,,-1000
451.2,02-12-2024, 9:45:00 AM,02-12-2024, 9:48:00 AM,PE,79700,Sell,20,549.7,549.7,,0
452,02-12-2024, 11:45:00 AM,02-12-2024, 12:11:00 PM,,,,,,,14.64,-1000
452.1,02-12-2024, 11:45:00 AM,02-12-2024, 12:11:00 PM,CE,79800,Sell,20,689,689,,0
452.2,02-12-2024, 11:45:00 AM,02-12-2024, 11:51:00 AM,PE,79800,Sell,20,548,598,,-1000
453,03-12-2024, 9:45:00 AM,03-12-2024, 3:15:00 PM,,,,,,,14.74,3506
453.1,03-12-2024, 9:45:00 AM,03-12-2024, 10:19:00 AM,CE,80400,Sell,20,639.4,689.4,,-1000
453.2,03-12-2024, 9:45:00 AM,03-12-2024, 3:15:00 PM,PE,80400,Sell,20,600.3,375,,4506
454,03-12-2024, 11:45:00 AM,03-12-2024, 12:38:00 PM,,,,,,,14.32,-1000
454.1,03-12-2024, 11:45:00 AM,03-12-2024, 12:38:00 PM,CE,80800,Sell,20,559.35,559.35,,0
454.2,03-12-2024, 11:45:00 AM,03-12-2024, 12:23:00 PM,PE,80800,Sell,20,539.35,589.35,,-1000
455,04-12-2024, 9:45:00 AM,04-12-2024, 3:15:00 PM,,,,,,,14.41,1613
455.1,04-12-2024, 9:45:00 AM,04-12-2024, 3:15:00 PM,CE,81200,Sell,20,539.75,409.1,,2613
455.2,04-12-2024, 9:45:00 AM,04-12-2024, 10:22:00 AM,PE,81200,Sell,20,528.8,578.8,,-1000
456,04-12-2024, 11:45:00 AM,04-12-2024, 2:08:00 PM,,,,,,,14.34,-1000
456.1,04-12-2024, 11:45:00 AM,04-12-2024, 2:08:00 PM,CE,81200,Sell,20,512.3,512.3,,0
456.2,04-12-2024, 11:45:00 AM,04-12-2024, 11:56:00 AM,PE,81200,Sell,20,519.95,569.95,,-1000
457,05-12-2024, 9:45:00 AM,05-12-2024, 12:06:00 PM,,,,,,,15.06,-1000
457.1,05-12-2024, 9:45:00 AM,05-12-2024, 12:06:00 PM,CE,81000,Sell,20,590.8,590.8,,0
457.2,05-12-2024, 9:45:00 AM,05-12-2024, 9:47:00 AM,PE,81000,Sell,20,559.8,609.8,,-1000
458,05-12-2024, 11:45:00 AM,05-12-2024, 12:12:00 PM,,,,,,,15.62,5292
458.1,05-12-2024, 11:45:00 AM,05-12-2024, 12:02:00 PM,CE,80700,Sell,20,592,642,,-1000
458.2,05-12-2024, 11:45:00 AM,05-12-2024, 12:12:00 PM,PE,80700,Sell,20,629.2,314.6,,6292
459,06-12-2024, 9:45:00 AM,06-12-2024, 9:54:00 AM,,,,,,,14.82,-1080
459.1,06-12-2024, 9:45:00 AM,06-12-2024, 9:54:00 AM,CE,81800,Sell,20,293.5,297.5,,-80
459.2,06-12-2024, 9:45:00 AM,06-12-2024, 9:53:00 AM,PE,81800,Sell,20,217.6,267.6,,-1000
460,06-12-2024, 11:45:00 AM,06-12-2024, 1:55:00 PM,,,,,,,14.15,2274
460.1,06-12-2024, 11:45:00 AM,06-12-2024, 1:55:00 PM,CE,81700,Sell,20,143.9,71.95,,1439
460.2,06-12-2024, 11:45:00 AM,06-12-2024, 12:22:00 PM,PE,81700,Sell,20,83.45,41.7,,835
461,09-12-2024, 9:45:00 AM,09-12-2024, 9:51:00 AM,,,,,,,14.59,-1000
461.1,09-12-2024, 9:45:00 AM,09-12-2024, 9:47:00 AM,CE,81600,Sell,20,642.55,692.55,,-1000
461.2,09-12-2024, 9:45:00 AM,09-12-2024, 9:51:00 AM,PE,81600,Sell,20,637.55,637.55,,0
462,09-12-2024, 11:45:00 AM,09-12-2024, 3:15:00 PM,,,,,,,14.09,2316
462.1,09-12-2024, 11:45:00 AM,09-12-2024, 3:15:00 PM,CE,81800,Sell,20,617.1,451.3,,3316
462.2,09-12-2024, 11:45:00 AM,09-12-2024, 12:10:00 PM,PE,81800,Sell,20,598.6,648.6,,-1000
463,10-12-2024, 9:45:00 AM,10-12-2024, 10:39:00 AM,,,,,,,14.04,-1000
463.1,10-12-2024, 9:45:00 AM,10-12-2024, 9:59:00 AM,CE,81600,Sell,20,539.55,589.55,,-1000
463.2,10-12-2024, 9:45:00 AM,10-12-2024, 10:39:00 AM,PE,81600,Sell,20,507,507,,0
464,10-12-2024, 11:45:00 AM,10-12-2024, 3:15:00 PM,,,,,,,13.78,547
464.1,10-12-2024, 11:45:00 AM,10-12-2024, 3:15:00 PM,CE,81600,Sell,20,521.05,443.7,,1547
464.2,10-12-2024, 11:45:00 AM,10-12-2024, 12:12:00 PM,PE,81600,Sell,20,454.2,504.2,,-1000
465,11-12-2024, 9:45:00 AM,11-12-2024, 9:56:00 AM,,,,,,,13.57,-1000
465.1,11-12-2024, 9:45:00 AM,11-12-2024, 9:56:00 AM,CE,81500,Sell,20,434.9,434.9,,0
465.2,11-12-2024, 9:45:00 AM,11-12-2024, 9:51:00 AM,PE,81500,Sell,20,389.6,439.6,,-1000
466,11-12-2024, 11:45:00 AM,11-12-2024, 3:15:00 PM,,,,,,,13.33,1770
466.1,11-12-2024, 11:45:00 AM,11-12-2024, 3:15:00 PM,CE,81700,Sell,20,443.35,304.85,,2770
466.2,11-12-2024, 11:45:00 AM,11-12-2024, 12:16:00 PM,PE,81700,Sell,20,343.25,393.25,,-1000
467,12-12-2024, 9:45:00 AM,12-12-2024, 1:27:00 PM,,,,,,,13.1,2146
467.1,12-12-2024, 9:45:00 AM,12-12-2024, 1:27:00 PM,CE,81600,Sell,20,314.6,157.3,,3146
467.2,12-12-2024, 9:45:00 AM,12-12-2024, 9:47:00 AM,PE,81600,Sell,20,249.35,299.35,,-1000
468,12-12-2024, 11:45:00 AM,12-12-2024, 3:15:00 PM,,,,,,,13.32,1196
468.1,12-12-2024, 11:45:00 AM,12-12-2024, 3:15:00 PM,CE,81500,Sell,20,311.8,202,,2196
468.2,12-12-2024, 11:45:00 AM,12-12-2024, 12:07:00 PM,PE,81500,Sell,20,319.8,369.8,,-1000
469,13-12-2024, 9:45:00 AM,13-12-2024, 10:16:00 AM,,,,,,,13.54,947
469.1,13-12-2024, 9:45:00 AM,13-12-2024, 10:09:00 AM,CE,80800,Sell,20,194.7,97.35,,1947
469.2,13-12-2024, 9:45:00 AM,13-12-2024, 10:16:00 AM,PE,80800,Sell,20,200.3,250.3,,-1000
470,13-12-2024, 11:45:00 AM,13-12-2024, 12:00:00 PM,,,,,,,14.01,2033
470.1,13-12-2024, 11:45:00 AM,13-12-2024, 11:52:00 AM,CE,80700,Sell,20,348.8,398.8,,-1000
470.2,13-12-2024, 11:45:00 AM,13-12-2024, 12:00:00 PM,PE,80700,Sell,20,303.35,151.7,,3033
471,16-12-2024, 9:45:00 AM,16-12-2024, 3:15:00 PM,,,,,,,13.91,1791
471.1,16-12-2024, 9:45:00 AM,16-12-2024, 3:15:00 PM,CE,82000,Sell,20,679,539.45,,2791
471.2,16-12-2024, 9:45:00 AM,16-12-2024, 10:03:00 AM,PE,82000,Sell,20,555.5,605.5,,-1000
472,16-12-2024, 11:45:00 AM,16-12-2024, 12:35:00 PM,,,,,,,14.44,-1000
472.1,16-12-2024, 11:45:00 AM,16-12-2024, 12:35:00 PM,CE,81700,Sell,20,699.8,699.8,,0
472.2,16-12-2024, 11:45:00 AM,16-12-2024, 12:10:00 PM,PE,81700,Sell,20,614.2,664.2,,-1000
473,17-12-2024, 9:45:00 AM,17-12-2024, 1:29:00 PM,,,,,,,14.35,5805
473.1,17-12-2024, 9:45:00 AM,17-12-2024, 1:29:00 PM,CE,81400,Sell,20,680.5,340.25,,6805
473.2,17-12-2024, 9:45:00 AM,17-12-2024, 9:49:00 AM,PE,81400,Sell,20,525.8,575.8,,-1000
474,17-12-2024, 11:45:00 AM,17-12-2024, 12:03:00 PM,,,,,,,14.84,-1000
474.1,17-12-2024, 11:45:00 AM,17-12-2024, 12:03:00 PM,CE,80800,Sell,20,708.7,708.7,,0
474.2,17-12-2024, 11:45:00 AM,17-12-2024, 12:02:00 PM,PE,80800,Sell,20,536.85,586.85,,-1000
475,18-12-2024, 9:45:00 AM,18-12-2024, 10:57:00 AM,,,,,,,14.77,5221
475.1,18-12-2024, 9:45:00 AM,18-12-2024, 10:57:00 AM,CE,80800,Sell,20,622.15,311.1,,6221
475.2,18-12-2024, 9:45:00 AM,18-12-2024, 9:52:00 AM,PE,80800,Sell,20,424.35,474.35,,-1000
476,18-12-2024, 11:45:00 AM,18-12-2024, 1:09:00 PM,,,,,,,14.54,-1000
476.1,18-12-2024, 11:45:00 AM,18-12-2024, 1:09:00 PM,CE,80300,Sell,20,505.5,505.5,,0
476.2,18-12-2024, 11:45:00 AM,18-12-2024, 12:37:00 PM,PE,80300,Sell,20,363.3,413.3,,-1000
477,19-12-2024, 9:45:00 AM,19-12-2024, 9:56:00 AM,,,,,,,14.77,-1000
477.1,19-12-2024, 9:45:00 AM,19-12-2024, 9:56:00 AM,CE,79500,Sell,20,438.25,438.25,,0
477.2,19-12-2024, 9:45:00 AM,19-12-2024, 9:46:00 AM,PE,79500,Sell,20,429.25,479.25,,-1000
478,19-12-2024, 11:45:00 AM,19-12-2024, 2:03:00 PM,,,,,,,14.37,-1000
478.1,19-12-2024, 11:45:00 AM,19-12-2024, 2:03:00 PM,CE,79300,Sell,20,343.35,343.35,,0
478.2,19-12-2024, 11:45:00 AM,19-12-2024, 1:19:00 PM,PE,79300,Sell,20,332.55,382.55,,-1000
479,20-12-2024, 9:45:00 AM,20-12-2024, 9:51:00 AM,,,,,,,14.93,2943
479.1,20-12-2024, 9:45:00 AM,20-12-2024, 9:51:00 AM,CE,79500,Sell,20,394.35,197.2,,3943
479.2,20-12-2024, 9:45:00 AM,20-12-2024, 9:47:00 AM,PE,79500,Sell,20,389.3,439.3,,-1000
480,20-12-2024, 11:45:00 AM,20-12-2024, 12:33:00 PM,,,,,,,14.49,801
480.1,20-12-2024, 11:45:00 AM,20-12-2024, 12:33:00 PM,CE,79000,Sell,20,180.15,90.1,,1801
480.2,20-12-2024, 11:45:00 AM,20-12-2024, 12:15:00 PM,PE,79000,Sell,20,163.55,213.55,,-1000
481,23-12-2024, 9:45:00 AM,23-12-2024, 12:31:00 PM,,,,,,,14.53,-1000
481.1,23-12-2024, 9:45:00 AM,23-12-2024, 10:05:00 AM,CE,78600,Sell,20,611.65,661.65,,-1000
481.2,23-12-2024, 9:45:00 AM,23-12-2024, 12:31:00 PM,PE,78600,Sell,20,524.45,524.45,,0
482,23-12-2024, 11:45:00 AM,23-12-2024, 2:04:00 PM,,,,,,,13.76,4945
482.1,23-12-2024, 11:45:00 AM,23-12-2024, 2:04:00 PM,CE,78800,Sell,20,594.55,297.3,,5945
482.2,23-12-2024, 11:45:00 AM,23-12-2024, 11:56:00 AM,PE,78800,Sell,20,382.65,432.65,,-1000
483,24-12-2024, 9:45:00 AM,24-12-2024, 3:15:00 PM,,,,,,,13.52,1285
483.1,24-12-2024, 9:45:00 AM,24-12-2024, 9:48:00 AM,CE,78500,Sell,20,447.3,497.3,,-1000
483.2,24-12-2024, 9:45:00 AM,24-12-2024, 3:15:00 PM,PE,78500,Sell,20,412.1,297.85,,2285
484,24-12-2024, 11:45:00 AM,24-12-2024, 3:15:00 PM,,,,,,,13.16,2746
484.1,24-12-2024, 11:45:00 AM,24-12-2024, 3:15:00 PM,CE,78800,Sell,20,464.5,277.2,,3746
484.2,24-12-2024, 11:45:00 AM,24-12-2024, 12:04:00 PM,PE,78800,Sell,20,350.5,400.5,,-1000
485,26-12-2024, 9:45:00 AM,26-12-2024, 1:35:00 PM,,,,,,,13.13,2803
485.1,26-12-2024, 9:45:00 AM,26-12-2024, 1:35:00 PM,CE,78700,Sell,20,380.35,190.2,,3803
485.2,26-12-2024, 9:45:00 AM,26-12-2024, 10:02:00 AM,PE,78700,Sell,20,253.35,303.35,,-1000
486,26-12-2024, 11:45:00 AM,26-12-2024, 1:44:00 PM,,,,,,,13.75,-1000
486.1,26-12-2024, 11:45:00 AM,26-12-2024, 1:44:00 PM,CE,78500,Sell,20,373.6,373.6,,0
486.2,26-12-2024, 11:45:00 AM,26-12-2024, 1:35:00 PM,PE,78500,Sell,20,279.25,329.25,,-1000
487,27-12-2024, 9:45:00 AM,27-12-2024, 9:55:00 AM,,,,,,,13.69,1016
487.1,27-12-2024, 9:45:00 AM,27-12-2024, 9:46:00 AM,CE,78800,Sell,20,183.7,233.7,,-1000
487.2,27-12-2024, 9:45:00 AM,27-12-2024, 9:55:00 AM,PE,78800,Sell,20,201.6,100.8,,2016
488,27-12-2024, 11:45:00 AM,27-12-2024, 1:54:00 PM,,,,,,,13.26,1735
488.1,27-12-2024, 11:45:00 AM,27-12-2024, 12:19:00 PM,CE,78800,Sell,20,94.05,47,,941
488.2,27-12-2024, 11:45:00 AM,27-12-2024, 1:54:00 PM,PE,78800,Sell,20,79.4,39.7,,794
489,30-12-2024, 9:45:00 AM,30-12-2024, 1:26:00 PM,,,,,,,13.61,-1000
489.1,30-12-2024, 9:45:00 AM,30-12-2024, 9:51:00 AM,CE,78400,Sell,20,580.55,630.55,,-1000
489.2,30-12-2024, 9:45:00 AM,30-12-2024, 1:26:00 PM,PE,78400,Sell,20,428.6,428.6,,0
490,30-12-2024, 11:45:00 AM,30-12-2024, 12:02:00 PM,,,,,,,13.5,-1000
490.1,30-12-2024, 11:45:00 AM,30-12-2024, 11:51:00 AM,CE,79000,Sell,20,543.4,593.4,,-1000
490.2,30-12-2024, 11:45:00 AM,30-12-2024, 12:02:00 PM,PE,79000,Sell,20,470.3,470.3,,0
491,31-12-2024, 9:45:00 AM,31-12-2024, 9:55:00 AM,,,,,,,14.41,-1000
491.1,31-12-2024, 9:45:00 AM,31-12-2024, 9:55:00 AM,CE,77800,Sell,20,568.1,568.1,,0
491.2,31-12-2024, 9:45:00 AM,31-12-2024, 9:52:00 AM,PE,77800,Sell,20,492.75,542.75,,-1000
492,31-12-2024, 11:45:00 AM,31-12-2024, 12:30:00 PM,,,,,,,14.49,-1000
492.1,31-12-2024, 11:45:00 AM,31-12-2024, 12:30:00 PM,CE,78100,Sell,20,619.65,619.65,,0
492.2,31-12-2024, 11:45:00 AM,31-12-2024, 11:56:00 AM,PE,78100,Sell,20,497.35,547.35,,-1000
493,01-01-2025, 9:45:00 AM,01-01-2025, 9:57:00 AM,,,,,,,14.7,-1000
493.1,01-01-2025, 9:45:00 AM,01-01-2025, 9:57:00 AM,CE,78000,Sell,20,589,589,,0
493.2,01-01-2025, 9:45:00 AM,01-01-2025, 9:49:00 AM,PE,78000,Sell,20,471.05,521.05,,-1000
494,01-01-2025, 11:45:00 AM,01-01-2025, 12:09:00 PM,,,,,,,14.74,-1000
494.1,01-01-2025, 11:45:00 AM,01-01-2025, 12:09:00 PM,CE,78400,Sell,20,649.85,649.85,,0
494.2,01-01-2025, 11:45:00 AM,01-01-2025, 11:56:00 AM,PE,78400,Sell,20,497,547,,-1000
495,02-01-2025, 9:45:00 AM,02-01-2025, 9:56:00 AM,,,,,,,14.48,-1000
495.1,02-01-2025, 9:45:00 AM,02-01-2025, 9:56:00 AM,CE,78800,Sell,20,531.9,531.9,,0
495.2,02-01-2025, 9:45:00 AM,02-01-2025, 9:53:00 AM,PE,78800,Sell,20,503.35,553.35,,-1000
496,02-01-2025, 11:45:00 AM,02-01-2025, 1:09:00 PM,,,,,,,14.39,4029
496.1,02-01-2025, 11:45:00 AM,02-01-2025, 12:26:00 PM,CE,79200,Sell,20,499.35,549.35,,-1000
496.2,02-01-2025, 11:45:00 AM,02-01-2025, 1:09:00 PM,PE,79200,Sell,20,502.9,251.45,,5029
497,03-01-2025, 9:45:00 AM,03-01-2025, 9:47:00 AM,,,,,,,13.89,-1103
497.1,03-01-2025, 9:45:00 AM,03-01-2025, 9:47:00 AM,CE,79500,Sell,20,274.75,279.9,,-103
497.2,03-01-2025, 9:45:00 AM,03-01-2025, 9:46:00 AM,PE,79500,Sell,20,301.35,351.35,,-1000
498,03-01-2025, 11:45:00 AM,03-01-2025, 12:08:00 PM,,,,,,,13.33,587
498.1,03-01-2025, 11:45:00 AM,03-01-2025, 12:08:00 PM,CE,79700,Sell,20,158.65,79.3,,1587
498.2,03-01-2025, 11:45:00 AM,03-01-2025, 12:08:00 PM,PE,79700,Sell,20,106.45,156.45,,-1000
499,06-01-2025, 9:45:00 AM,06-01-2025, 9:52:00 AM,,,,,,,14.47,-1000
499.1,06-01-2025, 9:45:00 AM,06-01-2025, 9:50:00 AM,CE,79100,Sell,20,353.35,403.35,,-1000
499.2,06-01-2025, 9:45:00 AM,06-01-2025, 9:52:00 AM,PE,79100,Sell,20,427.75,427.75,,0
500,06-01-2025, 11:45:00 AM,06-01-2025, 12:05:00 PM,,,,,,,15.14,-1000
500.1,06-01-2025, 11:45:00 AM,06-01-2025, 12:05:00 PM,CE,78300,Sell,20,422.75,422.75,,0
500.2,06-01-2025, 11:45:00 AM,06-01-2025, 11:48:00 AM,PE,78300,Sell,20,416.75,466.75,,-1000
501,07-01-2025, 9:45:00 AM,07-01-2025, 10:01:00 AM,,,,,,,14.84,1027
501.1,07-01-2025, 9:45:00 AM,07-01-2025, 10:01:00 AM,CE,78400,Sell,20,202.75,101.4,,2027
501.2,07-01-2025, 9:45:00 AM,07-01-2025, 9:46:00 AM,PE,78400,Sell,20,161.7,211.7,,-1000
502,07-01-2025, 11:45:00 AM,07-01-2025, 1:55:00 PM,,,,,,,14.65,-249
502.1,07-01-2025, 11:45:00 AM,07-01-2025, 12:21:00 PM,CE,78300,Sell,20,75.05,37.5,,751
502.2,07-01-2025, 11:45:00 AM,07-01-2025, 1:55:00 PM,PE,78300,Sell,20,112.1,162.1,,-1000
503,08-01-2025, 9:45:00 AM,08-01-2025, 10:22:00 AM,,,,,,,14.6,-1000
503.1,08-01-2025, 9:45:00 AM,08-01-2025, 9:56:00 AM,CE,78000,Sell,20,624.95,674.95,,-1000
503.2,08-01-2025, 9:45:00 AM,08-01-2025, 10:22:00 AM,PE,78000,Sell,20,570.35,570.35,,0
504,08-01-2025, 11:45:00 AM,08-01-2025, 1:29:00 PM,,,,,,,14.6,-1000
504.1,08-01-2025, 11:45:00 AM,08-01-2025, 1:29:00 PM,CE,77700,Sell,20,604.2,604.2,,0
504.2,08-01-2025, 11:45:00 AM,08-01-2025, 12:02:00 PM,PE,77700,Sell,20,519.3,569.3,,-1000
505,09-01-2025, 9:45:00 AM,09-01-2025, 10:03:00 AM,,,,,,,14.47,-1000
505.1,09-01-2025, 9:45:00 AM,09-01-2025, 9:56:00 AM,CE,77900,Sell,20,489.8,539.8,,-1000
505.2,09-01-2025, 9:45:00 AM,09-01-2025, 10:03:00 AM,PE,77900,Sell,20,458.75,458.75,,0
506,09-01-2025, 11:45:00 AM,09-01-2025, 12:30:00 PM,,,,,,,14.65,-1000
506.1,09-01-2025, 11:45:00 AM,09-01-2025, 12:17:00 PM,CE,77700,Sell,20,511.85,561.85,,-1000
506.2,09-01-2025, 11:45:00 AM,09-01-2025, 12:30:00 PM,PE,77700,Sell,20,429.25,429.25,,0
507,10-01-2025, 9:45:00 AM,10-01-2025, 11:01:00 AM,,,,,,,15.09,-1000
507.1,10-01-2025, 9:45:00 AM,10-01-2025, 11:01:00 AM,CE,77500,Sell,20,504.4,504.4,,0
507.2,10-01-2025, 9:45:00 AM,10-01-2025, 9:46:00 AM,PE,77500,Sell,20,487.65,537.65,,-1000
508,10-01-2025, 11:45:00 AM,10-01-2025, 12:11:00 PM,,,,,,,14.89,-1000
508.1,10-01-2025, 11:45:00 AM,10-01-2025, 12:03:00 PM,CE,77600,Sell,20,467.1,517.1,,-1000
508.2,10-01-2025, 11:45:00 AM,10-01-2025, 12:11:00 PM,PE,77600,Sell,20,392.8,392.8,,0
509,13-01-2025, 9:45:00 AM,13-01-2025, 10:03:00 AM,,,,,,,15.88,-1000
509.1,13-01-2025, 9:45:00 AM,13-01-2025, 10:03:00 AM,CE,76800,Sell,20,336.6,336.6,,0
509.2,13-01-2025, 9:45:00 AM,13-01-2025, 9:48:00 AM,PE,76800,Sell,20,359,409,,-1000
510,13-01-2025, 11:45:00 AM,13-01-2025, 1:49:00 PM,,,,,,,15.78,2151
510.1,13-01-2025, 11:45:00 AM,13-01-2025, 1:49:00 PM,CE,76800,Sell,20,315.1,157.55,,3151
510.2,13-01-2025, 11:45:00 AM,13-01-2025, 12:59:00 PM,PE,76800,Sell,20,290.25,340.25,,-1000
511,14-01-2025, 9:45:00 AM,14-01-2025, 10:11:00 AM,,,,,,,15.8,83
511.1,14-01-2025, 9:45:00 AM,14-01-2025, 10:11:00 AM,CE,76700,Sell,20,108.35,54.2,,1083
511.2,14-01-2025, 9:45:00 AM,14-01-2025, 10:04:00 AM,PE,76700,Sell,20,143.4,193.4,,-1000
512,14-01-2025, 11:45:00 AM,14-01-2025, 1:00:00 PM,,,,,,,15.64,-205
512.1,14-01-2025, 11:45:00 AM,14-01-2025, 12:19:00 PM,CE,76600,Sell,20,79.45,39.7,,795
512.2,14-01-2025, 11:45:00 AM,14-01-2025, 1:00:00 PM,PE,76600,Sell,20,77.6,127.6,,-1000
513,15-01-2025, 9:45:00 AM,15-01-2025, 1:22:00 PM,,,,,,,15.57,-1000
513.1,15-01-2025, 9:45:00 AM,15-01-2025, 10:25:00 AM,CE,76700,Sell,20,548.7,598.7,,-1000
513.2,15-01-2025, 9:45:00 AM,15-01-2025, 1:22:00 PM,PE,76700,Sell,20,542.5,542.5,,0
514,15-01-2025, 11:45:00 AM,15-01-2025, 1:16:00 PM,,,,,,,15.37,-1000
514.1,15-01-2025, 11:45:00 AM,15-01-2025, 12:46:00 PM,CE,76700,Sell,20,531.05,581.05,,-1000
514.2,15-01-2025, 11:45:00 AM,15-01-2025, 1:16:00 PM,PE,76700,Sell,20,470.95,470.95,,0
515,16-01-2025, 9:45:00 AM,16-01-2025, 10:01:00 AM,,,,,,,15.09,-1000
515.1,16-01-2025, 9:45:00 AM,16-01-2025, 10:01:00 AM,CE,77000,Sell,20,484.8,484.8,,0
515.2,16-01-2025, 9:45:00 AM,16-01-2025, 9:56:00 AM,PE,77000,Sell,20,388.1,438.1,,-1000
516,16-01-2025, 11:45:00 AM,16-01-2025, 1:07:00 PM,,,,,,,15.15,-1000
516.1,16-01-2025, 11:45:00 AM,16-01-2025, 12:56:00 PM,CE,77000,Sell,20,484.5,534.5,,-1000
516.2,16-01-2025, 11:45:00 AM,16-01-2025, 1:07:00 PM,PE,77000,Sell,20,416.9,416.9,,0
517,17-01-2025, 9:45:00 AM,17-01-2025, 10:46:00 AM,,,,,,,15.6,-1000
517.1,17-01-2025, 9:45:00 AM,17-01-2025, 10:00:00 AM,CE,76600,Sell,20,443.65,493.65,,-1000
517.2,17-01-2025, 9:45:00 AM,17-01-2025, 10:46:00 AM,PE,76600,Sell,20,393.65,393.65,,0
518,17-01-2025, 11:45:00 AM,17-01-2025, 11:55:00 AM,,,,,,,16.01,-1034
518.1,17-01-2025, 11:45:00 AM,17-01-2025, 11:54:00 AM,CE,76500,Sell,20,442,492,,-1000
518.2,17-01-2025, 11:45:00 AM,17-01-2025, 11:55:00 AM,PE,76500,Sell,20,478,479.7,,-34
519,20-01-2025, 9:45:00 AM,20-01-2025, 11:19:00 AM,,,,,,,16.86,2613
519.1,20-01-2025, 9:45:00 AM,20-01-2025, 11:18:00 AM,CE,76700,Sell,20,414.75,464.75,,-1000
519.2,20-01-2025, 9:45:00 AM,20-01-2025, 11:19:00 AM,PE,76700,Sell,20,361.25,180.6,,3613
520,20-01-2025, 11:45:00 AM,20-01-2025, 3:15:00 PM,,,,,,,16.41,1694
520.1,20-01-2025, 11:45:00 AM,20-01-2025, 3:15:00 PM,CE,77200,Sell,20,325,275.55,,989
520.2,20-01-2025, 11:45:00 AM,20-01-2025, 3:15:00 PM,PE,77200,Sell,20,309.15,273.9,,705
521,21-01-2025, 9:45:00 AM,21-01-2025, 9:47:00 AM,,,,,,,16.88,-1486
521.1,21-01-2025, 9:45:00 AM,21-01-2025, 9:47:00 AM,CE,76900,Sell,20,314.35,338.65,,-486
521.2,21-01-2025, 9:45:00 AM,21-01-2025, 9:46:00 AM,PE,76900,Sell,20,347.75,397.75,,-1000
522,21-01-2025, 11:45:00 AM,21-01-2025, 11:47:00 AM,,,,,,,17.11,2897
522.1,21-01-2025, 11:45:00 AM,21-01-2025, 11:46:00 AM,CE,76500,Sell,20,325.55,375.55,,-1000
522.2,21-01-2025, 11:45:00 AM,21-01-2025, 11:47:00 AM,PE,76500,Sell,20,389.75,194.9,,3897
523,22-01-2025, 9:45:00 AM,22-01-2025, 11:17:00 AM,,,,,,,17.18,-1000
523.1,22-01-2025, 9:45:00 AM,22-01-2025, 9:57:00 AM,CE,76100,Sell,20,680,730,,-1000
523.2,22-01-2025, 9:45:00 AM,22-01-2025, 11:17:00 AM,PE,76100,Sell,20,631,631,,0
524,22-01-2025, 11:45:00 AM,22-01-2025, 2:13:00 PM,,,,,,,17.03,-1000
524.1,22-01-2025, 11:45:00 AM,22-01-2025, 2:13:00 PM,CE,76000,Sell,20,666,666,,0
524.2,22-01-2025, 11:45:00 AM,22-01-2025, 12:08:00 PM,PE,76000,Sell,20,564.45,614.45,,-1000
525,23-01-2025, 9:45:00 AM,23-01-2025, 3:15:00 PM,,,,,,,16.94,-120
525.1,23-01-2025, 9:45:00 AM,23-01-2025, 12:33:00 PM,CE,76500,Sell,20,610.2,660.2,,-1000
525.2,23-01-2025, 9:45:00 AM,23-01-2025, 3:15:00 PM,PE,76500,Sell,20,503.15,459.15,,880
526,23-01-2025, 11:45:00 AM,23-01-2025, 3:15:00 PM,,,,,,,16.85,-508
526.1,23-01-2025, 11:45:00 AM,23-01-2025, 12:21:00 PM,CE,76600,Sell,20,523.2,573.2,,-1000
526.2,23-01-2025, 11:45:00 AM,23-01-2025, 3:15:00 PM,PE,76600,Sell,20,531.3,506.7,,492
527,24-01-2025, 9:45:00 AM,24-01-2025, 11:14:00 AM,,,,,,,17.02,-1000
527.1,24-01-2025, 9:45:00 AM,24-01-2025, 11:14:00 AM,CE,76600,Sell,20,507.95,507.95,,0
527.2,24-01-2025, 9:45:00 AM,24-01-2025, 9:50:00 AM,PE,76600,Sell,20,510,560,,-1000
528,24-01-2025, 11:45:00 AM,24-01-2025, 1:34:00 PM,,,,,,,16.72,3280
528.1,24-01-2025, 11:45:00 AM,24-01-2025, 1:34:00 PM,CE,76900,Sell,20,428,214,,4280
528.2,24-01-2025, 11:45:00 AM,24-01-2025, 12:32:00 PM,PE,76900,Sell,20,413.9,463.9,,-1000
529,27-01-2025, 9:45:00 AM,27-01-2025, 10:30:00 AM,,,,,,,17.84,2987
529.1,27-01-2025, 9:45:00 AM,27-01-2025, 10:30:00 AM,CE,75900,Sell,20,398.7,199.35,,3987
529.2,27-01-2025, 9:45:00 AM,27-01-2025, 10:18:00 AM,PE,75900,Sell,20,419.6,469.6,,-1000
530,27-01-2025, 11:45:00 AM,27-01-2025, 12:14:00 PM,,,,,,,18.08,-1000
530.1,27-01-2025, 11:45:00 AM,27-01-2025, 11:58:00 AM,CE,75500,Sell,20,310.3,360.3,,-1000
530.2,27-01-2025, 11:45:00 AM,27-01-2025, 12:14:00 PM,PE,75500,Sell,20,307.6,307.6,,0
531,28-01-2025, 9:45:00 AM,28-01-2025, 10:34:00 AM,,,,,,,18.47,2534
531.1,28-01-2025, 9:45:00 AM,28-01-2025, 9:49:00 AM,CE,75700,Sell,20,262.75,312.75,,-1000
531.2,28-01-2025, 9:45:00 AM,28-01-2025, 10:34:00 AM,PE,75700,Sell,20,350,173.3,,3534
532,28-01-2025, 11:45:00 AM,28-01-2025, 12:03:00 PM,,,,,,,18.11,4357
532.1,28-01-2025, 11:45:00 AM,28-01-2025, 12:01:00 PM,CE,76100,Sell,20,228.6,114.3,,2286
532.2,28-01-2025, 11:45:00 AM,28-01-2025, 12:03:00 PM,PE,76100,Sell,20,207.05,103.5,,2071
533,29-01-2025, 9:45:00 AM,29-01-2025, 11:24:00 AM,,,,,,,18.6,-1000
533.1,29-01-2025, 9:45:00 AM,29-01-2025, 10:10:00 AM,CE,76200,Sell,20,1044.2,1094.2,,-1000
533.2,29-01-2025, 9:45:00 AM,29-01-2025, 11:24:00 AM,PE,76200,Sell,20,972.8,972.8,,0
534,29-01-2025, 11:45:00 AM,29-01-2025, 12:06:00 PM,,,,,,,18.7,-1000
534.1,29-01-2025, 11:45:00 AM,29-01-2025, 11:49:00 AM,CE,76300,Sell,20,1082.3,1132.3,,-1000
534.2,29-01-2025, 11:45:00 AM,29-01-2025, 12:06:00 PM,PE,76300,Sell,20,940.7,940.7,,0
535,30-01-2025, 9:45:00 AM,30-01-2025, 2:09:00 PM,,,,,,,18.71,-1000
535.1,30-01-2025, 9:45:00 AM,30-01-2025, 9:48:00 AM,CE,76600,Sell,20,1085.05,1135.05,,-1000
535.2,30-01-2025, 9:45:00 AM,30-01-2025, 2:09:00 PM,PE,76600,Sell,20,1005.65,1005.65,,0
536,30-01-2025, 11:45:00 AM,30-01-2025, 12:15:00 PM,,,,,,,18.2,-1000
536.1,30-01-2025, 11:45:00 AM,30-01-2025, 11:49:00 AM,CE,76700,Sell,20,1060.8,1110.8,,-1000
536.2,30-01-2025, 11:45:00 AM,30-01-2025, 12:15:00 PM,PE,76700,Sell,20,936.2,936.2,,0
537,31-01-2025, 9:45:00 AM,31-01-2025, 3:15:00 PM,,,,,,,17.64,7243
537.1,31-01-2025, 9:45:00 AM,31-01-2025, 12:36:00 PM,CE,77000,Sell,20,984.85,1034.85,,-1000
537.2,31-01-2025, 9:45:00 AM,31-01-2025, 3:15:00 PM,PE,77000,Sell,20,900.05,487.9,,8243
538,31-01-2025, 11:45:00 AM,31-01-2025, 3:15:00 PM,,,,,,,16.78,3352
538.1,31-01-2025, 11:45:00 AM,31-01-2025, 12:14:00 PM,CE,77200,Sell,20,838.15,889.9,,-1035
538.2,31-01-2025, 11:45:00 AM,31-01-2025, 3:15:00 PM,PE,77200,Sell,20,772.55,553.2,,4387
539,01-02-2025, 9:45:00 AM,01-02-2025, 10:06:00 AM,,,,,,,16.24,-1000
539.1,01-02-2025, 9:45:00 AM,01-02-2025, 10:06:00 AM,CE,77700,Sell,20,696.55,696.55,,0
539.2,01-02-2025, 9:45:00 AM,01-02-2025, 9:57:00 AM,PE,77700,Sell,20,683.85,733.85,,-1000
540,01-02-2025, 11:45:00 AM,01-02-2025, 11:56:00 AM,,,,,,,15.43,5569
540.1,01-02-2025, 11:45:00 AM,01-02-2025, 11:56:00 AM,CE,77800,Sell,20,656.9,328.45,,6569
540.2,01-02-2025, 11:45:00 AM,01-02-2025, 11:47:00 AM,PE,77800,Sell,20,509.05,559.05,,-1000
541,03-02-2025, 9:45:00 AM,03-02-2025, 3:15:00 PM,,,,,,,14.75,1249
541.1,03-02-2025, 9:45:00 AM,03-02-2025, 10:43:00 AM,CE,76900,Sell,20,313.5,363.5,,-1000
541.2,03-02-2025, 9:45:00 AM,03-02-2025, 3:15:00 PM,PE,76900,Sell,20,261.4,148.95,,2249
542,03-02-2025, 11:45:00 AM,03-02-2025, 3:15:00 PM,,,,,,,14.51,463
542.1,03-02-2025, 11:45:00 AM,03-02-2025, 12:07:00 PM,CE,76900,Sell,20,307.95,357.95,,-1000
542.2,03-02-2025, 11:45:00 AM,03-02-2025, 3:15:00 PM,PE,76900,Sell,20,222.1,148.95,,1463
543,04-02-2025, 9:45:00 AM,04-02-2025, 10:07:00 AM,,,,,,,14.66,-1351
543.1,04-02-2025, 9:45:00 AM,04-02-2025, 10:07:00 AM,CE,77900,Sell,20,358.85,358.85,,0
543.2,04-02-2025, 9:45:00 AM,04-02-2025, 10:04:00 AM,PE,77900,Sell,20,368.8,436.35,,-1351
544,04-02-2025, 11:45:00 AM,04-02-2025, 11:50:00 AM,,,,,,,14.55,-2000
544.1,04-02-2025, 11:45:00 AM,04-02-2025, 11:50:00 AM,CE,77800,Sell,20,287.25,337.25,,-1000
544.2,04-02-2025, 11:45:00 AM,04-02-2025, 11:50:00 AM,PE,77800,Sell,20,287.85,337.85,,-1000
545,05-02-2025, 9:45:00 AM,05-02-2025, 3:15:00 PM,,,,,,,14.11,2001
545.1,05-02-2025, 9:45:00 AM,05-02-2025, 3:15:00 PM,CE,78700,Sell,20,569.9,419.85,,3001
545.2,05-02-2025, 9:45:00 AM,05-02-2025, 9:53:00 AM,PE,78700,Sell,20,608.75,658.75,,-1000
546,05-02-2025, 11:45:00 AM,05-02-2025, 3:15:00 PM,,,,,,,14.01,763
546.1,05-02-2025, 11:45:00 AM,05-02-2025, 3:15:00 PM,CE,78400,Sell,20,623.4,551.1,,1446
546.2,05-02-2025, 11:45:00 AM,05-02-2025, 3:15:00 PM,PE,78400,Sell,20,532.65,566.8,,-683
547,06-02-2025, 9:45:00 AM,06-02-2025, 3:15:00 PM,,,,,,,14.51,1702
547.1,06-02-2025, 9:45:00 AM,06-02-2025, 3:15:00 PM,CE,78200,Sell,20,639.1,504,,2702
547.2,06-02-2025, 9:45:00 AM,06-02-2025, 11:08:00 AM,PE,78200,Sell,20,552,602,,-1000
548,06-02-2025, 11:45:00 AM,06-02-2025, 3:06:00 PM,,,,,,,14.33,-1000
548.1,06-02-2025, 11:45:00 AM,06-02-2025, 3:06:00 PM,CE,78000,Sell,20,615.8,615.8,,0
548.2,06-02-2025, 11:45:00 AM,06-02-2025, 1:51:00 PM,PE,78000,Sell,20,502.2,552.2,,-1000
549,07-02-2025, 9:45:00 AM,07-02-2025, 9:47:00 AM,,,,,,,14.28,-1000
549.1,07-02-2025, 9:45:00 AM,07-02-2025, 9:47:00 AM,CE,78100,Sell,20,564.3,564.3,,0
549.2,07-02-2025, 9:45:00 AM,07-02-2025, 9:46:00 AM,PE,78100,Sell,20,500.7,550.7,,-1000
550,07-02-2025, 11:45:00 AM,07-02-2025, 1:52:00 PM,,,,,,,13.66,3719
550.1,07-02-2025, 11:45:00 AM,07-02-2025, 1:52:00 PM,CE,78300,Sell,20,471.85,235.9,,4719
550.2,07-02-2025, 11:45:00 AM,07-02-2025, 11:53:00 AM,PE,78300,Sell,20,373.2,423.2,,-1000
551,10-02-2025, 9:45:00 AM,10-02-2025, 10:08:00 AM,,,,,,,14.46,-1000
551.1,10-02-2025, 9:45:00 AM,10-02-2025, 10:04:00 AM,CE,77400,Sell,20,420,470,,-1000
551.2,10-02-2025, 9:45:00 AM,10-02-2025, 10:08:00 AM,PE,77400,Sell,20,279.3,279.3,,0
552,10-02-2025, 11:45:00 AM,10-02-2025, 2:41:00 PM,,,,,,,14.5,-1000
552.1,10-02-2025, 11:45:00 AM,10-02-2025, 2:41:00 PM,CE,77300,Sell,20,375.95,375.95,,0
552.2,10-02-2025, 11:45:00 AM,10-02-2025, 12:00:00 PM,PE,77300,Sell,20,277.75,327.75,,-1000
553,11-02-2025, 9:45:00 AM,11-02-2025, 9:59:00 AM,,,,,,,14.61,1375
553.1,11-02-2025, 9:45:00 AM,11-02-2025, 9:59:00 AM,CE,77200,Sell,20,237.55,118.8,,2375
553.2,11-02-2025, 9:45:00 AM,11-02-2025, 9:50:00 AM,PE,77200,Sell,20,205.6,255.6,,-1000
554,11-02-2025, 11:45:00 AM,11-02-2025, 12:49:00 PM,,,,,,,14.47,-196
554.1,11-02-2025, 11:45:00 AM,11-02-2025, 12:24:00 PM,CE,77000,Sell,20,92.7,46.35,,927
554.2,11-02-2025, 11:45:00 AM,11-02-2025, 12:49:00 PM,PE,77000,Sell,20,88.65,144.8,,-1123
555,12-02-2025, 9:45:00 AM,12-02-2025, 10:50:00 AM,,,,,,,15.17,-1000
555.1,12-02-2025, 9:45:00 AM,12-02-2025, 10:50:00 AM,CE,75700,Sell,20,748.55,748.55,,0
555.2,12-02-2025, 9:45:00 AM,12-02-2025, 9:47:00 AM,PE,75700,Sell,20,472.4,522.4,,-1000
556,12-02-2025, 11:45:00 AM,12-02-2025, 11:47:00 AM,,,,,,,15.21,-1000
556.1,12-02-2025, 11:45:00 AM,12-02-2025, 11:46:00 AM,CE,76000,Sell,20,722.9,772.9,,-1000
556.2,12-02-2025, 11:45:00 AM,12-02-2025, 11:47:00 AM,PE,76000,Sell,20,485.1,485.1,,0
557,13-02-2025, 9:45:00 AM,13-02-2025, 1:36:00 PM,,,,,,,15.08,-1000
557.1,13-02-2025, 9:45:00 AM,13-02-2025, 9:54:00 AM,CE,76400,Sell,20,621.55,671.55,,-1000
557.2,13-02-2025, 9:45:00 AM,13-02-2025, 1:36:00 PM,PE,76400,Sell,20,485.65,485.65,,0
558,13-02-2025, 11:45:00 AM,13-02-2025, 2:36:00 PM,,,,,,,14.64,4677
558.1,13-02-2025, 11:45:00 AM,13-02-2025, 2:36:00 PM,CE,76700,Sell,20,567.75,283.9,,5677
558.2,13-02-2025, 11:45:00 AM,13-02-2025, 1:14:00 PM,PE,76700,Sell,20,440.85,490.85,,-1000
559,14-02-2025, 9:45:00 AM,14-02-2025, 9:55:00 AM,,,,,,,14.88,-1000
559.1,14-02-2025, 9:45:00 AM,14-02-2025, 9:52:00 AM,CE,76200,Sell,20,530,580,,-1000
559.2,14-02-2025, 9:45:00 AM,14-02-2025, 9:55:00 AM,PE,76200,Sell,20,410.8,410.8,,0
560,14-02-2025, 11:45:00 AM,14-02-2025, 2:33:00 PM,,,,,,,15.16,-1000
560.1,14-02-2025, 11:45:00 AM,14-02-2025, 2:33:00 PM,CE,75800,Sell,20,497.95,497.95,,0
560.2,14-02-2025, 11:45:00 AM,14-02-2025, 12:05:00 PM,PE,75800,Sell,20,409.6,459.6,,-1000
561,17-02-2025, 9:45:00 AM,17-02-2025, 9:54:00 AM,,,,,,,16.21,-1000
561.1,17-02-2025, 9:45:00 AM,17-02-2025, 9:49:00 AM,CE,75400,Sell,20,473.7,523.7,,-1000
561.2,17-02-2025, 9:45:00 AM,17-02-2025, 9:54:00 AM,PE,75400,Sell,20,323.75,323.75,,0
562,17-02-2025, 11:45:00 AM,17-02-2025, 12:48:00 PM,,,,,,,15.96,-1000
562.1,17-02-2025, 11:45:00 AM,17-02-2025, 12:48:00 PM,CE,75700,Sell,20,437.8,437.8,,0
562.2,17-02-2025, 11:45:00 AM,17-02-2025, 12:15:00 PM,PE,75700,Sell,20,326.1,376.1,,-1000
563,18-02-2025, 9:45:00 AM,18-02-2025, 10:10:00 AM,,,,,,,15.99,-1000
563.1,18-02-2025, 9:45:00 AM,18-02-2025, 9:49:00 AM,CE,75900,Sell,20,271.8,321.8,,-1000
563.2,18-02-2025, 9:45:00 AM,18-02-2025, 10:10:00 AM,PE,75900,Sell,20,219.2,219.2,,0
564,18-02-2025, 11:45:00 AM,18-02-2025, 11:49:00 AM,,,,,,,15.88,-1000
564.1,18-02-2025, 11:45:00 AM,18-02-2025, 11:46:00 AM,CE,75700,Sell,20,173,223,,-1000
564.2,18-02-2025, 11:45:00 AM,18-02-2025, 11:49:00 AM,PE,75700,Sell,20,144.25,144.25,,0
565,19-02-2025, 9:45:00 AM,19-02-2025, 2:20:00 PM,,,,,,,15.53,-1000
565.1,19-02-2025, 9:45:00 AM,19-02-2025, 9:49:00 AM,CE,75900,Sell,20,621.7,671.7,,-1000
565.2,19-02-2025, 9:45:00 AM,19-02-2025, 2:20:00 PM,PE,75900,Sell,20,538.4,538.4,,0
566,19-02-2025, 11:45:00 AM,19-02-2025, 12:34:00 PM,,,,,,,15.5,-1000
566.1,19-02-2025, 11:45:00 AM,19-02-2025, 11:58:00 AM,CE,76100,Sell,20,624.4,674.4,,-1000
566.2,19-02-2025, 11:45:00 AM,19-02-2025, 12:34:00 PM,PE,76100,Sell,20,535,535,,0
567,20-02-2025, 9:45:00 AM,20-02-2025, 10:00:00 AM,,,,,,,15.49,-1000
567.1,20-02-2025, 9:45:00 AM,20-02-2025, 10:00:00 AM,CE,75700,Sell,20,600.25,600.25,,0
567.2,20-02-2025, 9:45:00 AM,20-02-2025, 9:46:00 AM,PE,75700,Sell,20,458.35,508.35,,-1000
568,20-02-2025, 11:45:00 AM,20-02-2025, 3:15:00 PM,,,,,,,15.12,1266
568.1,20-02-2025, 11:45:00 AM,20-02-2025, 3:15:00 PM,CE,75800,Sell,20,532.55,494.8,,755
568.2,20-02-2025, 11:45:00 AM,20-02-2025, 3:15:00 PM,PE,75800,Sell,20,446.25,420.7,,511
569,21-02-2025, 9:45:00 AM,21-02-2025, 3:15:00 PM,,,,,,,14.58,2324
569.1,21-02-2025, 9:45:00 AM,21-02-2025, 3:15:00 PM,CE,75500,Sell,20,515,348.8,,3324
569.2,21-02-2025, 9:45:00 AM,21-02-2025, 10:01:00 AM,PE,75500,Sell,20,355.05,405.05,,-1000
570,21-02-2025, 11:45:00 AM,21-02-2025, 3:15:00 PM,,,,,,,14.82,594
570.1,21-02-2025, 11:45:00 AM,21-02-2025, 3:15:00 PM,CE,75400,Sell,20,477.9,398.2,,1594
570.2,21-02-2025, 11:45:00 AM,21-02-2025, 1:02:00 PM,PE,75400,Sell,20,364.8,414.8,,-1000
571,24-02-2025, 9:45:00 AM,24-02-2025, 1:39:00 PM,,,,,,,15.16,-1000
571.1,24-02-2025, 9:45:00 AM,24-02-2025, 11:46:00 AM,CE,74600,Sell,20,366.9,416.9,,-1000
571.2,24-02-2025, 9:45:00 AM,24-02-2025, 1:39:00 PM,PE,74600,Sell,20,262.05,262.05,,0
572,24-02-2025, 11:45:00 AM,24-02-2025, 3:15:00 PM,,,,,,,14.68,1308
572.1,24-02-2025, 11:45:00 AM,24-02-2025, 3:15:00 PM,CE,74700,Sell,20,338.35,222.95,,2308
572.2,24-02-2025, 11:45:00 AM,24-02-2025, 12:06:00 PM,PE,74700,Sell,20,215.25,265.25,,-1000
573,25-02-2025, 9:45:00 AM,25-02-2025, 12:12:00 PM,,,,,,,14.05,2915
573.1,25-02-2025, 9:45:00 AM,25-02-2025, 10:25:00 AM,CE,74700,Sell,20,184.8,92.4,,1848
573.2,25-02-2025, 9:45:00 AM,25-02-2025, 12:12:00 PM,PE,74700,Sell,20,106.75,53.4,,1067
574,25-02-2025, 11:45:00 AM,25-02-2025, 1:30:00 PM,,,,,,,13.8,-637
574.1,25-02-2025, 11:45:00 AM,25-02-2025, 1:09:00 PM,CE,74600,Sell,20,127.75,179.85,,-1042
574.2,25-02-2025, 11:45:00 AM,25-02-2025, 1:30:00 PM,PE,74600,Sell,20,40.45,20.2,,405
575,27-02-2025, 9:45:00 AM,27-02-2025, 3:15:00 PM,,,,,,,13.42,76
575.1,27-02-2025, 9:45:00 AM,27-02-2025, 3:15:00 PM,CE,74600,Sell,20,488.3,500.55,,-245
575.2,27-02-2025, 9:45:00 AM,27-02-2025, 3:15:00 PM,PE,74600,Sell,20,296.05,280,,321
576,27-02-2025, 11:45:00 AM,27-02-2025, 3:15:00 PM,,,,,,,13.26,-584
576.1,27-02-2025, 11:45:00 AM,27-02-2025, 3:15:00 PM,CE,74600,Sell,20,471.05,500.55,,-590
576.2,27-02-2025, 11:45:00 AM,27-02-2025, 3:15:00 PM,PE,74600,Sell,20,280.3,280,,6
577,28-02-2025, 9:45:00 AM,28-02-2025, 10:16:00 AM,,,,,,,13.61,-1000
577.1,28-02-2025, 9:45:00 AM,28-02-2025, 10:16:00 AM,CE,73700,Sell,20,490,490,,0
577.2,28-02-2025, 9:45:00 AM,28-02-2025, 10:02:00 AM,PE,73700,Sell,20,306.5,356.5,,-1000
578,28-02-2025, 11:45:00 AM,28-02-2025, 3:15:00 PM,,,,,,,13.31,2255
578.1,28-02-2025, 11:45:00 AM,28-02-2025, 3:15:00 PM,CE,73600,Sell,20,470,307.25,,3255
578.2,28-02-2025, 11:45:00 AM,28-02-2025, 12:35:00 PM,PE,73600,Sell,20,267.8,317.8,,-1000
579,03-03-2025, 9:45:00 AM,03-03-2025, 11:04:00 AM,,,,,,,14.21,2986
579.1,03-03-2025, 9:45:00 AM,03-03-2025, 11:04:00 AM,CE,73200,Sell,20,394.75,195.45,,3986
579.2,03-03-2025, 9:45:00 AM,03-03-2025, 9:46:00 AM,PE,73200,Sell,20,268.6,318.6,,-1000
580,03-03-2025, 11:45:00 AM,03-03-2025, 12:46:00 PM,,,,,,,14.21,1230
580.1,03-03-2025, 11:45:00 AM,03-03-2025, 12:14:00 PM,CE,72800,Sell,20,353,403,,-1000
580.2,03-03-2025, 11:45:00 AM,03-03-2025, 12:46:00 PM,PE,72800,Sell,20,223,111.5,,2230
581,04-03-2025, 9:45:00 AM,04-03-2025, 9:49:00 AM,,,,,,,13.82,-1000
581.1,04-03-2025, 9:45:00 AM,04-03-2025, 9:49:00 AM,CE,72900,Sell,20,110.5,110.5,,0
581.2,04-03-2025, 9:45:00 AM,04-03-2025, 9:47:00 AM,PE,72900,Sell,20,162.4,212.4,,-1000
582,04-03-2025, 11:45:00 AM,04-03-2025, 2:03:00 PM,,,,,,,13.74,1259
582.1,04-03-2025, 11:45:00 AM,04-03-2025, 1:04:00 PM,CE,72900,Sell,20,82.2,41.1,,822
582.2,04-03-2025, 11:45:00 AM,04-03-2025, 2:03:00 PM,PE,72900,Sell,20,43.7,21.85,,437
583,05-03-2025, 9:45:00 AM,05-03-2025, 9:54:00 AM,,,,,,,13.65,-1000
583.1,05-03-2025, 9:45:00 AM,05-03-2025, 9:49:00 AM,CE,73500,Sell,20,543.4,593.4,,-1000
583.2,05-03-2025, 9:45:00 AM,05-03-2025, 9:54:00 AM,PE,73500,Sell,20,449.55,449.55,,0
584,05-03-2025, 11:45:00 AM,05-03-2025, 1:08:00 PM,,,,,,,13.54,-1000
584.1,05-03-2025, 11:45:00 AM,05-03-2025, 11:51:00 AM,CE,73700,Sell,20,555.25,605.25,,-1000
584.2,05-03-2025, 11:45:00 AM,05-03-2025, 1:08:00 PM,PE,73700,Sell,20,411,411,,0
585,06-03-2025, 9:45:00 AM,06-03-2025, 10:06:00 AM,,,,,,,13.99,-1000
585.1,06-03-2025, 9:45:00 AM,06-03-2025, 10:06:00 AM,CE,73600,Sell,20,531,531,,0
585.2,06-03-2025, 9:45:00 AM,06-03-2025, 9:48:00 AM,PE,73600,Sell,20,413.65,463.65,,-1000
586,06-03-2025, 11:45:00 AM,06-03-2025, 3:15:00 PM,,,,,,,13.61,2353
586.1,06-03-2025, 11:45:00 AM,06-03-2025, 11:51:00 AM,CE,73800,Sell,20,457.85,507.85,,-1000
586.2,06-03-2025, 11:45:00 AM,06-03-2025, 3:15:00 PM,PE,73800,Sell,20,404.75,237.1,,3353
587,07-03-2025, 9:45:00 AM,07-03-2025, 2:59:00 PM,,,,,,,13.75,2535
587.1,07-03-2025, 9:45:00 AM,07-03-2025, 10:00:00 AM,CE,74100,Sell,20,438.55,488.55,,-1000
587.2,07-03-2025, 9:45:00 AM,07-03-2025, 2:59:00 PM,PE,74100,Sell,20,353.55,176.8,,3535
588,07-03-2025, 11:45:00 AM,07-03-2025, 3:15:00 PM,,,,,,,13.56,394
588.1,07-03-2025, 11:45:00 AM,07-03-2025, 3:15:00 PM,CE,74500,Sell,20,348.75,279.05,,1394
588.2,07-03-2025, 11:45:00 AM,07-03-2025, 11:49:00 AM,PE,74500,Sell,20,358.7,408.7,,-1000
589,10-03-2025, 9:45:00 AM,10-03-2025, 10:03:00 AM,,,,,,,13.9,-1000
589.1,10-03-2025, 9:45:00 AM,10-03-2025, 9:59:00 AM,CE,74700,Sell,20,182.3,232.3,,-1000
589.2,10-03-2025, 9:45:00 AM,10-03-2025, 10:03:00 AM,PE,74700,Sell,20,337.85,337.85,,0
590,10-03-2025, 11:45:00 AM,10-03-2025, 1:46:00 PM,,,,,,,13.72,983
590.1,10-03-2025, 11:45:00 AM,10-03-2025, 1:46:00 PM,CE,74600,Sell,20,198.35,99.2,,1983
590.2,10-03-2025, 11:45:00 AM,10-03-2025, 12:03:00 PM,PE,74600,Sell,20,226.05,276.05,,-1000
591,11-03-2025, 9:45:00 AM,11-03-2025, 10:23:00 AM,,,,,,,14.13,292
591.1,11-03-2025, 9:45:00 AM,11-03-2025, 9:50:00 AM,CE,73800,Sell,20,128.7,178.7,,-1000
591.2,11-03-2025, 9:45:00 AM,11-03-2025, 10:23:00 AM,PE,73800,Sell,20,129.2,64.6,,1292
592,11-03-2025, 11:45:00 AM,11-03-2025, 1:28:00 PM,,,,,,,14.24,-491
592.1,11-03-2025, 11:45:00 AM,11-03-2025, 1:28:00 PM,CE,73900,Sell,20,121.6,171.6,,-1000
592.2,11-03-2025, 11:45:00 AM,11-03-2025, 12:38:00 PM,PE,73900,Sell,20,50.9,25.45,,509
593,12-03-2025, 9:45:00 AM,12-03-2025, 9:49:00 AM,,,,,,,13.96,-1000
593.1,12-03-2025, 9:45:00 AM,12-03-2025, 9:49:00 AM,CE,74100,Sell,20,474.05,474.05,,0
593.2,12-03-2025, 9:45:00 AM,12-03-2025, 9:46:00 AM,PE,74100,Sell,20,448.5,498.5,,-1000
594,12-03-2025, 11:45:00 AM,12-03-2025, 3:15:00 PM,,,,,,,13.96,2703
594.1,12-03-2025, 11:45:00 AM,12-03-2025, 1:15:00 PM,CE,73700,Sell,20,453,503,,-1000
594.2,12-03-2025, 11:45:00 AM,12-03-2025, 3:15:00 PM,PE,73700,Sell,20,430.2,245.05,,3703
595,13-03-2025, 9:45:00 AM,13-03-2025, 10:53:00 AM,,,,,,,13.48,-1000
595.1,13-03-2025, 9:45:00 AM,13-03-2025, 9:57:00 AM,CE,74100,Sell,20,379.65,429.65,,-1000
595.2,13-03-2025, 9:45:00 AM,13-03-2025, 10:53:00 AM,PE,74100,Sell,20,315.7,315.7,,0
596,13-03-2025, 11:45:00 AM,13-03-2025, 3:15:00 PM,,,,,,,13.45,701
596.1,13-03-2025, 11:45:00 AM,13-03-2025, 3:15:00 PM,CE,74000,Sell,20,362.35,277.3,,1701
596.2,13-03-2025, 11:45:00 AM,13-03-2025, 11:47:00 AM,PE,74000,Sell,20,348.6,398.6,,-1000
597,17-03-2025, 9:45:00 AM,17-03-2025, 12:27:00 PM,,,,,,,13.55,1709
597.1,17-03-2025, 9:45:00 AM,17-03-2025, 12:27:00 PM,CE,74300,Sell,20,270.95,135.5,,2709
597.2,17-03-2025, 9:45:00 AM,17-03-2025, 10:03:00 AM,PE,74300,Sell,20,211.85,261.85,,-1000
598,17-03-2025, 11:45:00 AM,17-03-2025, 3:15:00 PM,,,,,,,13.52,151
598.1,17-03-2025, 11:45:00 AM,17-03-2025, 3:15:00 PM,CE,74200,Sell,20,275.65,218.1,,1151
598.2,17-03-2025, 11:45:00 AM,17-03-2025, 12:22:00 PM,PE,74200,Sell,20,210.75,260.75,,-1000
599,18-03-2025, 9:45:00 AM,18-03-2025, 10:16:00 AM,,,,,,,13.42,681
599.1,18-03-2025, 9:45:00 AM,18-03-2025, 10:01:00 AM,CE,74700,Sell,20,208.95,258.95,,-1000
599.2,18-03-2025, 9:45:00 AM,18-03-2025, 10:16:00 AM,PE,74700,Sell,20,168.15,84.1,,1681
600,18-03-2025, 11:45:00 AM,18-03-2025, 12:35:00 PM,,,,,,,13.31,633
600.1,18-03-2025, 11:45:00 AM,18-03-2025, 12:35:00 PM,CE,75000,Sell,20,163.25,81.6,,1633
600.2,18-03-2025, 11:45:00 AM,18-03-2025, 12:29:00 PM,PE,75000,Sell,20,84,134,,-1000
601,19-03-2025, 9:45:00 AM,19-03-2025, 10:53:00 AM,,,,,,,13.38,-1000
601.1,19-03-2025, 9:45:00 AM,19-03-2025, 10:19:00 AM,CE,75400,Sell,20,535.4,585.4,,-1000
601.2,19-03-2025, 9:45:00 AM,19-03-2025, 10:53:00 AM,PE,75400,Sell,20,428.15,428.15,,0
602,19-03-2025, 11:45:00 AM,19-03-2025, 1:10:00 PM,,,,,,,13.39,-1000
602.1,19-03-2025, 11:45:00 AM,19-03-2025, 12:50:00 PM,CE,75400,Sell,20,552.1,602.1,,-1000
602.2,19-03-2025, 11:45:00 AM,19-03-2025, 1:10:00 PM,PE,75400,Sell,20,387.55,387.55,,0
603,20-03-2025, 9:45:00 AM,20-03-2025, 11:14:00 AM,,,,,,,13.04,-1000
603.1,20-03-2025, 9:45:00 AM,20-03-2025, 11:14:00 AM,CE,76000,Sell,20,427.25,427.25,,0
603.2,20-03-2025, 9:45:00 AM,20-03-2025, 9:52:00 AM,PE,76000,Sell,20,375.45,425.45,,-1000
604,20-03-2025, 11:45:00 AM,20-03-2025, 2:53:00 PM,,,,,,,12.97,2103
604.1,20-03-2025, 11:45:00 AM,20-03-2025, 12:48:00 PM,CE,75900,Sell,20,468.65,518.65,,-1000
604.2,20-03-2025, 11:45:00 AM,20-03-2025, 2:53:00 PM,PE,75900,Sell,20,310.35,155.2,,3103
605,21-03-2025, 9:45:00 AM,21-03-2025, 2:30:00 PM,,,,,,,12.42,2043
605.1,21-03-2025, 9:45:00 AM,21-03-2025, 10:39:00 AM,CE,76600,Sell,20,373.65,423.65,,-1000
605.2,21-03-2025, 9:45:00 AM,21-03-2025, 2:30:00 PM,PE,76600,Sell,20,304.25,152.1,,3043
606,21-03-2025, 11:45:00 AM,21-03-2025, 1:50:00 PM,,,,,,,12.67,-1000
606.1,21-03-2025, 11:45:00 AM,21-03-2025, 12:08:00 PM,CE,76800,Sell,20,397.55,447.55,,-1000
606.2,21-03-2025, 11:45:00 AM,21-03-2025, 1:50:00 PM,PE,76800,Sell,20,312.65,312.65,,0
607,24-03-2025, 9:45:00 AM,24-03-2025, 11:04:00 AM,,,,,,,13.24,1646
607.1,24-03-2025, 9:45:00 AM,24-03-2025, 9:51:00 AM,CE,77300,Sell,20,328.65,378.65,,-1000
607.2,24-03-2025, 9:45:00 AM,24-03-2025, 11:04:00 AM,PE,77300,Sell,20,264.6,132.3,,2646
608,24-03-2025, 11:45:00 AM,24-03-2025, 2:12:00 PM,,,,,,,13.46,1706
608.1,24-03-2025, 11:45:00 AM,24-03-2025, 11:47:00 AM,CE,77700,Sell,20,338.25,388.25,,-1000
608.2,24-03-2025, 11:45:00 AM,24-03-2025, 2:12:00 PM,PE,77700,Sell,20,270.6,135.3,,2706
609,25-03-2025, 9:45:00 AM,25-03-2025, 9:59:00 AM,,,,,,,14.04,791
609.1,25-03-2025, 9:45:00 AM,25-03-2025, 9:51:00 AM,CE,78500,Sell,20,204.7,254.7,,-1000
609.2,25-03-2025, 9:45:00 AM,25-03-2025, 9:59:00 AM,PE,78500,Sell,20,179.15,89.6,,1791
610,25-03-2025, 11:45:00 AM,25-03-2025, 11:59:00 AM,,,,,,,14.07,46
610.1,25-03-2025, 11:45:00 AM,25-03-2025, 11:54:00 AM,CE,77900,Sell,20,219,269,,-1000
610.2,25-03-2025, 11:45:00 AM,25-03-2025, 11:59:00 AM,PE,77900,Sell,20,104.35,52.05,,1046
611,26-03-2025, 9:45:00 AM,26-03-2025, 9:49:00 AM,,,,,,,13.63,-1000
611.1,26-03-2025, 9:45:00 AM,26-03-2025, 9:49:00 AM,CE,77900,Sell,20,595.75,595.75,,0
611.2,26-03-2025, 9:45:00 AM,26-03-2025, 9:46:00 AM,PE,77900,Sell,20,418.85,468.85,,-1000
612,26-03-2025, 11:45:00 AM,26-03-2025, 3:15:00 PM,,,,,,,13.65,4056
612.1,26-03-2025, 11:45:00 AM,26-03-2025, 3:15:00 PM,CE,77800,Sell,20,645.1,392.3,,5056
612.2,26-03-2025, 11:45:00 AM,26-03-2025, 11:59:00 AM,PE,77800,Sell,20,358.5,408.5,,-1000
613,27-03-2025, 9:45:00 AM,27-03-2025, 9:54:00 AM,,,,,,,13.48,-1000
613.1,27-03-2025, 9:45:00 AM,27-03-2025, 9:54:00 AM,CE,77500,Sell,20,559.4,559.4,,0
613.2,27-03-2025, 9:45:00 AM,27-03-2025, 9:51:00 AM,PE,77500,Sell,20,343.95,393.95,,-1000
614,27-03-2025, 11:45:00 AM,27-03-2025, 3:15:00 PM,,,,,,,13.56,749
614.1,27-03-2025, 11:45:00 AM,27-03-2025, 3:15:00 PM,CE,77700,Sell,20,537.5,524.7,,256
614.2,27-03-2025, 11:45:00 AM,27-03-2025, 3:15:00 PM,PE,77700,Sell,20,318.4,293.75,,493
615,28-03-2025, 9:45:00 AM,28-03-2025, 10:38:00 AM,,,,,,,12.85,2256
615.1,28-03-2025, 9:45:00 AM,28-03-2025, 9:55:00 AM,CE,77400,Sell,20,372.4,422.4,,-1000
615.2,28-03-2025, 9:45:00 AM,28-03-2025, 10:38:00 AM,PE,77400,Sell,20,325.6,162.8,,3256
616,28-03-2025, 11:45:00 AM,28-03-2025, 12:18:00 PM,,,,,,,12.72,-1000
616.1,28-03-2025, 11:45:00 AM,28-03-2025, 12:13:00 PM,CE,77500,Sell,20,360.3,410.3,,-1000
616.2,28-03-2025, 11:45:00 AM,28-03-2025, 12:18:00 PM,PE,77500,Sell,20,256.55,256.55,,0
617,01-04-2025, 9:45:00 AM,01-04-2025, 10:02:00 AM,,,,,,,13.4,1473
617.1,01-04-2025, 9:45:00 AM,01-04-2025, 10:02:00 AM,CE,77400,Sell,20,247.35,123.7,,2473
617.2,01-04-2025, 9:45:00 AM,01-04-2025, 9:52:00 AM,PE,77400,Sell,20,148.85,198.85,,-1000
618,01-04-2025, 11:45:00 AM,01-04-2025, 12:10:00 PM,,,,,,,13.88,-1000
618.1,01-04-2025, 11:45:00 AM,01-04-2025, 12:10:00 PM,CE,76200,Sell,20,140.5,140.5,,0
618.2,01-04-2025, 11:45:00 AM,01-04-2025, 12:04:00 PM,PE,76200,Sell,20,212.65,262.65,,-1000
619,02-04-2025, 9:45:00 AM,02-04-2025, 9:57:00 AM,,,,,,,13.89,-1000
619.1,02-04-2025, 9:45:00 AM,02-04-2025, 9:57:00 AM,CE,76300,Sell,20,622.5,622.5,,0
619.2,02-04-2025, 9:45:00 AM,02-04-2025, 9:46:00 AM,PE,76300,Sell,20,474.9,524.9,,-1000
620,02-04-2025, 11:45:00 AM,02-04-2025, 3:15:00 PM,,,,,,,13.6,184
620.1,02-04-2025, 11:45:00 AM,02-04-2025, 12:13:00 PM,CE,76400,Sell,20,554.25,604.25,,-1000
620.2,02-04-2025, 11:45:00 AM,02-04-2025, 3:15:00 PM,PE,76400,Sell,20,467.1,407.9,,1184
621,03-04-2025, 9:45:00 AM,03-04-2025, 3:15:00 PM,,,,,,,13.77,606
621.1,03-04-2025, 9:45:00 AM,03-04-2025, 10:14:00 AM,CE,76300,Sell,20,466.55,516.55,,-1000
621.2,03-04-2025, 9:45:00 AM,03-04-2025, 3:15:00 PM,PE,76300,Sell,20,507.85,427.55,,1606
622,03-04-2025, 11:45:00 AM,03-04-2025, 3:15:00 PM,,,,,,,13.56,-83
622.1,03-04-2025, 11:45:00 AM,03-04-2025, 3:15:00 PM,CE,76400,Sell,20,446.85,401,,917
622.2,03-04-2025, 11:45:00 AM,03-04-2025, 2:32:00 PM,PE,76400,Sell,20,425,475,,-1000
623,04-04-2025, 9:45:00 AM,04-04-2025, 10:49:00 AM,,,,,,,13.88,2399
623.1,04-04-2025, 9:45:00 AM,04-04-2025, 10:49:00 AM,CE,75900,Sell,20,339.95,170,,3399
623.2,04-04-2025, 9:45:00 AM,04-04-2025, 9:51:00 AM,PE,75900,Sell,20,477,527,,-1000
624,04-04-2025, 11:45:00 AM,04-04-2025, 3:15:00 PM,,,,,,,13.72,1032
624.1,04-04-2025, 11:45:00 AM,04-04-2025, 3:15:00 PM,CE,75600,Sell,20,290.35,188.75,,2032
624.2,04-04-2025, 11:45:00 AM,04-04-2025, 1:38:00 PM,PE,75600,Sell,20,405,455,,-1000
625,07-04-2025, 9:45:00 AM,07-04-2025, 9:49:00 AM,,,,,,,20.91,-1000
625.1,07-04-2025, 9:45:00 AM,07-04-2025, 9:49:00 AM,CE,72700,Sell,20,847.4,847.4,,0
625.2,07-04-2025, 9:45:00 AM,07-04-2025, 9:47:00 AM,PE,72700,Sell,20,685.25,735.25,,-1000
626,07-04-2025, 11:45:00 AM,07-04-2025, 1:47:00 PM,,,,,,,21.52,-1000
626.1,07-04-2025, 11:45:00 AM,07-04-2025, 1:47:00 PM,CE,72600,Sell,20,731.15,731.15,,0
626.2,07-04-2025, 11:45:00 AM,07-04-2025, 11:58:00 AM,PE,72600,Sell,20,688.7,738.7,,-1000
627,08-04-2025, 9:45:00 AM,08-04-2025, 9:48:00 AM,,,,,,,19.94,-1000
627.1,08-04-2025, 9:45:00 AM,08-04-2025, 9:46:00 AM,CE,74200,Sell,20,233.95,283.95,,-1000
627.2,08-04-2025, 9:45:00 AM,08-04-2025, 9:48:00 AM,PE,74200,Sell,20,225.95,225.95,,0
628,08-04-2025, 11:45:00 AM,08-04-2025, 12:10:00 PM,,,,,,,20.99,2975
628.1,08-04-2025, 11:45:00 AM,08-04-2025, 11:46:00 AM,CE,73700,Sell,20,353.9,403.9,,-1000
628.2,08-04-2025, 11:45:00 AM,08-04-2025, 12:10:00 PM,PE,73700,Sell,20,397.55,198.8,,3975
629,09-04-2025, 9:45:00 AM,09-04-2025, 3:15:00 PM,,,,,,,21.1,420
629.1,09-04-2025, 9:45:00 AM,09-04-2025, 3:15:00 PM,CE,74100,Sell,20,808.85,737.85,,1420
629.2,09-04-2025, 9:45:00 AM,09-04-2025, 9:49:00 AM,PE,74100,Sell,20,817.9,867.9,,-1000
630,09-04-2025, 11:45:00 AM,09-04-2025, 3:15:00 PM,,,,,,,20.88,-1487
630.1,09-04-2025, 11:45:00 AM,09-04-2025, 3:15:00 PM,CE,73900,Sell,20,825,849.35,,-487
630.2,09-04-2025, 11:45:00 AM,09-04-2025, 3:15:00 PM,PE,73900,Sell,20,738.55,788.55,,-1000
631,11-04-2025, 9:45:00 AM,11-04-2025, 9:51:00 AM,,,,,,,20.43,-1000
631.1,11-04-2025, 9:45:00 AM,11-04-2025, 9:50:00 AM,CE,75300,Sell,20,650.1,700.1,,-1000
631.2,11-04-2025, 9:45:00 AM,11-04-2025, 9:51:00 AM,PE,75300,Sell,20,594.3,594.3,,0
632,11-04-2025, 11:45:00 AM,11-04-2025, 12:22:00 PM,,,,,,,18.98,-1000
632.1,11-04-2025, 11:45:00 AM,11-04-2025, 12:13:00 PM,CE,75300,Sell,20,531.8,581.8,,-1000
632.2,11-04-2025, 11:45:00 AM,11-04-2025, 12:22:00 PM,PE,75300,Sell,20,465.8,465.8,,0
633,15-04-2025, 9:45:00 AM,15-04-2025, 10:18:00 AM,,,,,,,17.08,2907
633.1,15-04-2025, 9:45:00 AM,15-04-2025, 10:18:00 AM,CE,76700,Sell,20,162.95,81.5,,1629
633.2,15-04-2025, 9:45:00 AM,15-04-2025, 10:16:00 AM,PE,76700,Sell,20,127.8,63.9,,1278
634,15-04-2025, 11:45:00 AM,15-04-2025, 12:32:00 PM,,,,,,,16.43,-509
634.1,15-04-2025, 11:45:00 AM,15-04-2025, 12:20:00 PM,CE,76700,Sell,20,74.3,124.3,,-1000
634.2,15-04-2025, 11:45:00 AM,15-04-2025, 12:32:00 PM,PE,76700,Sell,20,49.05,24.5,,491
635,16-04-2025, 9:45:00 AM,16-04-2025, 1:59:00 PM,,,,,,,15.35,-1000
635.1,16-04-2025, 9:45:00 AM,16-04-2025, 1:59:00 PM,CE,76800,Sell,20,558.25,558.25,,0
635.2,16-04-2025, 9:45:00 AM,16-04-2025, 10:18:00 AM,PE,76800,Sell,20,496.25,546.25,,-1000
636,16-04-2025, 11:45:00 AM,16-04-2025, 1:58:00 PM,,,,,,,15.7,-1000
636.1,16-04-2025, 11:45:00 AM,16-04-2025, 1:58:00 PM,CE,76700,Sell,20,547.8,547.8,,0
636.2,16-04-2025, 11:45:00 AM,16-04-2025, 1:29:00 PM,PE,76700,Sell,20,525.1,575.1,,-1000
637,17-04-2025, 9:45:00 AM,17-04-2025, 10:08:00 AM,,,,,,,15.85,-1000
637.1,17-04-2025, 9:45:00 AM,17-04-2025, 9:46:00 AM,CE,77000,Sell,20,490.1,540.1,,-1000
637.2,17-04-2025, 9:45:00 AM,17-04-2025, 10:08:00 AM,PE,77000,Sell,20,538.6,538.6,,0
638,17-04-2025, 11:45:00 AM,17-04-2025, 11:56:00 AM,,,,,,,16.4,-1000
638.1,17-04-2025, 11:45:00 AM,17-04-2025, 11:52:00 AM,CE,77600,Sell,20,584.55,634.55,,-1000
638.2,17-04-2025, 11:45:00 AM,17-04-2025, 11:56:00 AM,PE,77600,Sell,20,634.25,634.25,,0
639,21-04-2025, 9:45:00 AM,21-04-2025, 9:56:00 AM,,,,,,,15.68,-1000
639.1,21-04-2025, 9:45:00 AM,21-04-2025, 9:56:00 AM,CE,79200,Sell,20,322.45,322.45,,0
639.2,21-04-2025, 9:45:00 AM,21-04-2025, 9:47:00 AM,PE,79200,Sell,20,403.25,453.25,,-1000
640,21-04-2025, 11:45:00 AM,21-04-2025, 1:42:00 PM,,,,,,,15.71,-1000
640.1,21-04-2025, 11:45:00 AM,21-04-2025, 11:58:00 AM,CE,79300,Sell,20,298.05,348.05,,-1000
640.2,21-04-2025, 11:45:00 AM,21-04-2025, 1:42:00 PM,PE,79300,Sell,20,286.15,286.15,,0
641,22-04-2025, 9:45:00 AM,22-04-2025, 9:55:00 AM,,,,,,,15.17,257
641.1,22-04-2025, 9:45:00 AM,22-04-2025, 9:55:00 AM,CE,79600,Sell,20,125.7,62.85,,1257
641.2,22-04-2025, 9:45:00 AM,22-04-2025, 9:54:00 AM,PE,79600,Sell,20,140.05,190.05,,-1000
642,22-04-2025, 11:45:00 AM,22-04-2025, 12:33:00 PM,,,,,,,15.33,-450
642.1,22-04-2025, 11:45:00 AM,22-04-2025, 12:33:00 PM,CE,79700,Sell,20,55,27.5,,550
642.2,22-04-2025, 11:45:00 AM,22-04-2025, 12:22:00 PM,PE,79700,Sell,20,96.75,146.75,,-1000
643,23-04-2025, 9:45:00 AM,23-04-2025, 3:15:00 PM,,,,,,,15.26,-401
643.1,23-04-2025, 9:45:00 AM,23-04-2025, 3:15:00 PM,CE,80100,Sell,20,642.65,612.7,,599
643.2,23-04-2025, 9:45:00 AM,23-04-2025, 10:05:00 AM,PE,80100,Sell,20,553.1,603.1,,-1000
644,23-04-2025, 11:45:00 AM,23-04-2025, 1:03:00 PM,,,,,,,15.67,-1000
644.1,23-04-2025, 11:45:00 AM,23-04-2025, 1:03:00 PM,CE,79900,Sell,20,624.3,624.3,,0
644.2,23-04-2025, 11:45:00 AM,23-04-2025, 12:10:00 PM,PE,79900,Sell,20,569.45,619.45,,-1000
645,24-04-2025, 9:45:00 AM,24-04-2025, 9:57:00 AM,,,,,,,16.5,-1000
645.1,24-04-2025, 9:45:00 AM,24-04-2025, 9:55:00 AM,CE,79900,Sell,20,599.3,649.3,,-1000
645.2,24-04-2025, 9:45:00 AM,24-04-2025, 9:57:00 AM,PE,79900,Sell,20,506.4,506.4,,0
646,24-04-2025, 11:45:00 AM,24-04-2025, 3:15:00 PM,,,,,,,16.52,-209
646.1,24-04-2025, 11:45:00 AM,24-04-2025, 3:15:00 PM,CE,79900,Sell,20,564.45,522.45,,840
646.2,24-04-2025, 11:45:00 AM,24-04-2025, 2:38:00 PM,PE,79900,Sell,20,524.45,576.9,,-1049
647,25-04-2025, 9:45:00 AM,25-04-2025, 10:06:00 AM,,,,,,,16.41,4429
647.1,25-04-2025, 9:45:00 AM,25-04-2025, 10:06:00 AM,CE,79700,Sell,20,542.9,271.45,,5429
647.2,25-04-2025, 9:45:00 AM,25-04-2025, 9:48:00 AM,PE,79700,Sell,20,491.9,541.9,,-1000
648,25-04-2025, 11:45:00 AM,25-04-2025, 12:13:00 PM,,,,,,,17.01,-1000
648.1,25-04-2025, 11:45:00 AM,25-04-2025, 12:13:00 PM,CE,78800,Sell,20,492.05,492.05,,0
648.2,25-04-2025, 11:45:00 AM,25-04-2025, 11:48:00 AM,PE,78800,Sell,20,517.35,567.35,,-1000
649,28-04-2025, 9:45:00 AM,28-04-2025, 9:50:00 AM,,,,,,,17.2,-1000
649.1,28-04-2025, 9:45:00 AM,28-04-2025, 9:48:00 AM,CE,79800,Sell,20,323.5,373.5,,-1000
649.2,28-04-2025, 9:45:00 AM,28-04-2025, 9:50:00 AM,PE,79800,Sell,20,345.2,345.2,,0
650,28-04-2025, 11:45:00 AM,28-04-2025, 2:29:00 PM,,,,,,,16.86,-1000
650.1,28-04-2025, 11:45:00 AM,28-04-2025, 12:16:00 PM,CE,80000,Sell,20,320.75,370.75,,-1000
650.2,28-04-2025, 11:45:00 AM,28-04-2025, 2:29:00 PM,PE,80000,Sell,20,259.8,259.8,,0
651,29-04-2025, 9:45:00 AM,29-04-2025, 9:48:00 AM,,,,,,,17.27,-1000
651.1,29-04-2025, 9:45:00 AM,29-04-2025, 9:46:00 AM,CE,80200,Sell,20,190.65,240.65,,-1000
651.2,29-04-2025, 9:45:00 AM,29-04-2025, 9:48:00 AM,PE,80200,Sell,20,243.35,243.35,,0
652,29-04-2025, 11:45:00 AM,29-04-2025, 12:07:00 PM,,,,,,,17.28,-672
652.1,29-04-2025, 11:45:00 AM,29-04-2025, 12:07:00 PM,CE,80400,Sell,20,32.8,16.4,,328
652.2,29-04-2025, 11:45:00 AM,29-04-2025, 11:55:00 AM,PE,80400,Sell,20,129.9,179.9,,-1000
653,30-04-2025, 9:45:00 AM,30-04-2025, 10:17:00 AM,,,,,,,17.79,-1000
653.1,30-04-2025, 9:45:00 AM,30-04-2025, 9:50:00 AM,CE,80300,Sell,20,679.05,729.05,,-1000
653.2,30-04-2025, 9:45:00 AM,30-04-2025, 10:17:00 AM,PE,80300,Sell,20,628.85,628.85,,0
654,30-04-2025, 11:45:00 AM,30-04-2025, 1:01:00 PM,,,,,,,17.84,-1000
654.1,30-04-2025, 11:45:00 AM,30-04-2025, 12:33:00 PM,CE,80300,Sell,20,632.25,682.25,,-1000
654.2,30-04-2025, 11:45:00 AM,30-04-2025, 1:01:00 PM,PE,80300,Sell,20,626.65,626.65,,0
655,02-05-2025, 9:45:00 AM,02-05-2025, 10:06:00 AM,,,,,,,17.62,-1000
655.1,02-05-2025, 9:45:00 AM,02-05-2025, 9:50:00 AM,CE,81000,Sell,20,562.05,612.05,,-1000
655.2,02-05-2025, 9:45:00 AM,02-05-2025, 10:06:00 AM,PE,81000,Sell,20,462.4,462.4,,0
656,02-05-2025, 11:45:00 AM,02-05-2025, 12:03:00 PM,,,,,,,18.4,-1000
656.1,02-05-2025, 11:45:00 AM,02-05-2025, 11:57:00 AM,CE,80500,Sell,20,484.45,534.45,,-1000
656.2,02-05-2025, 11:45:00 AM,02-05-2025, 12:03:00 PM,PE,80500,Sell,20,507.25,507.25,,0
657,05-05-2025, 9:45:00 AM,05-05-2025, 11:54:00 AM,,,,,,,18.55,-1000
657.1,05-05-2025, 9:45:00 AM,05-05-2025, 9:52:00 AM,CE,80800,Sell,20,297.25,347.25,,-1000
657.2,05-05-2025, 9:45:00 AM,05-05-2025, 11:54:00 AM,PE,80800,Sell,20,338.1,338.1,,0
658,05-05-2025, 11:45:00 AM,05-05-2025, 12:02:00 PM,,,,,,,18.36,-1000
658.1,05-05-2025, 11:45:00 AM,05-05-2025, 12:02:00 PM,CE,80800,Sell,20,256.45,256.45,,0
658.2,05-05-2025, 11:45:00 AM,05-05-2025, 11:53:00 AM,PE,80800,Sell,20,268,318,,-1000
659,06-05-2025, 9:45:00 AM,06-05-2025, 10:00:00 AM,,,,,,,18.5,-281
659.1,06-05-2025, 9:45:00 AM,06-05-2025, 10:00:00 AM,CE,80800,Sell,20,71.95,36,,719
659.2,06-05-2025, 9:45:00 AM,06-05-2025, 9:53:00 AM,PE,80800,Sell,20,121.15,171.15,,-1000
660,06-05-2025, 11:45:00 AM,06-05-2025, 12:28:00 PM,,,,,,,18.41,-627
660.1,06-05-2025, 11:45:00 AM,06-05-2025, 12:21:00 PM,CE,80500,Sell,20,116.8,166.8,,-1000
660.2,06-05-2025, 11:45:00 AM,06-05-2025, 12:28:00 PM,PE,80500,Sell,20,37.25,18.6,,373
661,07-05-2025, 9:45:00 AM,07-05-2025, 3:15:00 PM,,,,,,,19.48,1402
661.1,07-05-2025, 9:45:00 AM,07-05-2025, 3:15:00 PM,CE,80700,Sell,20,716.8,596.7,,2402
661.2,07-05-2025, 9:45:00 AM,07-05-2025, 9:48:00 AM,PE,80700,Sell,20,680.2,730.2,,-1000
662,07-05-2025, 11:45:00 AM,07-05-2025, 2:11:00 PM,,,,,,,18.69,-1000
662.1,07-05-2025, 11:45:00 AM,07-05-2025, 2:11:00 PM,CE,80700,Sell,20,638.7,638.7,,0
662.2,07-05-2025, 11:45:00 AM,07-05-2025, 11:53:00 AM,PE,80700,Sell,20,638.05,688.05,,-1000
663,08-05-2025, 9:45:00 AM,08-05-2025, 3:15:00 PM,,,,,,,18.43,45
663.1,08-05-2025, 9:45:00 AM,08-05-2025, 3:15:00 PM,CE,80700,Sell,20,537.8,485.55,,1045
663.2,08-05-2025, 9:45:00 AM,08-05-2025, 1:39:00 PM,PE,80700,Sell,20,521.5,571.5,,-1000
664,08-05-2025, 11:45:00 AM,08-05-2025, 2:29:00 PM,,,,,,,18.38,-1000
664.1,08-05-2025, 11:45:00 AM,08-05-2025, 2:29:00 PM,CE,80800,Sell,20,472.25,472.25,,0
664.2,08-05-2025, 11:45:00 AM,08-05-2025, 1:24:00 PM,PE,80800,Sell,20,494.6,544.6,,-1000
665,09-05-2025, 9:45:00 AM,09-05-2025, 10:17:00 AM,,,,,,,22.39,-1000
665.1,09-05-2025, 9:45:00 AM,09-05-2025, 10:17:00 AM,CE,79800,Sell,20,628.25,628.25,,0
665.2,09-05-2025, 9:45:00 AM,09-05-2025, 9:51:00 AM,PE,79800,Sell,20,716.9,766.9,,-1000
666,09-05-2025, 11:45:00 AM,09-05-2025, 11:57:00 AM,,,,,,,21.56,-1000
666.1,09-05-2025, 11:45:00 AM,09-05-2025, 11:57:00 AM,CE,79700,Sell,20,595.35,595.35,,0
666.2,09-05-2025, 11:45:00 AM,09-05-2025, 11:50:00 AM,PE,79700,Sell,20,671.9,721.9,,-1000
667,12-05-2025, 9:45:00 AM,12-05-2025, 12:58:00 PM,,,,,,,17.75,2987
667.1,12-05-2025, 9:45:00 AM,12-05-2025, 9:52:00 AM,CE,81400,Sell,20,304.2,354.2,,-1000
667.2,12-05-2025, 9:45:00 AM,12-05-2025, 12:58:00 PM,PE,81400,Sell,20,398.7,199.35,,3987
668,12-05-2025, 11:45:00 AM,12-05-2025, 12:31:00 PM,,,,,,,18.08,-1000
668.1,12-05-2025, 11:45:00 AM,12-05-2025, 12:31:00 PM,CE,81800,Sell,20,395.5,395.5,,0
668.2,12-05-2025, 11:45:00 AM,12-05-2025, 12:24:00 PM,PE,81800,Sell,20,446.9,496.9,,-1000
669,13-05-2025, 9:45:00 AM,13-05-2025, 9:48:00 AM,,,,,,,18.53,-1000
669.1,13-05-2025, 9:45:00 AM,13-05-2025, 9:48:00 AM,CE,81700,Sell,20,300.8,300.8,,0
669.2,13-05-2025, 9:45:00 AM,13-05-2025, 9:47:00 AM,PE,81700,Sell,20,343.6,393.6,,-1000
670,13-05-2025, 11:45:00 AM,13-05-2025, 12:02:00 PM,,,,,,,18.61,2307
670.1,13-05-2025, 11:45:00 AM,13-05-2025, 12:02:00 PM,CE,81800,Sell,20,330.75,165.4,,3307
670.2,13-05-2025, 11:45:00 AM,13-05-2025, 11:58:00 AM,PE,81800,Sell,20,433.15,483.15,,-1000
671,14-05-2025, 9:45:00 AM,14-05-2025, 10:15:00 AM,,,,,,,17.6,-1000
671.1,14-05-2025, 9:45:00 AM,14-05-2025, 10:15:00 AM,CE,81600,Sell,20,728.95,728.95,,0
671.2,14-05-2025, 9:45:00 AM,14-05-2025, 9:52:00 AM,PE,81600,Sell,20,661.8,711.8,,-1000
672,14-05-2025, 11:45:00 AM,14-05-2025, 3:15:00 PM,,,,,,,17.23,183
672.1,14-05-2025, 11:45:00 AM,14-05-2025, 3:15:00 PM,CE,81400,Sell,20,661.7,602.55,,1183
672.2,14-05-2025, 11:45:00 AM,14-05-2025, 11:49:00 AM,PE,81400,Sell,20,610.75,660.75,,-1000
673,15-05-2025, 9:45:00 AM,15-05-2025, 9:49:00 AM,,,,,,,17.33,-1000
673.1,15-05-2025, 9:45:00 AM,15-05-2025, 9:49:00 AM,CE,80900,Sell,20,651.65,651.65,,0
673.2,15-05-2025, 9:45:00 AM,15-05-2025, 9:46:00 AM,PE,80900,Sell,20,531.3,581.3,,-1000
674,15-05-2025, 11:45:00 AM,15-05-2025, 1:31:00 PM,,,,,,,17.35,4750
674.1,15-05-2025, 11:45:00 AM,15-05-2025, 12:08:00 PM,CE,81100,Sell,20,685.6,735.6,,-1000
674.2,15-05-2025, 11:45:00 AM,15-05-2025, 1:31:00 PM,PE,81100,Sell,20,575,287.5,,5750
675,16-05-2025, 9:45:00 AM,16-05-2025, 10:03:00 AM,,,,,,,16.58,-1000
675.1,16-05-2025, 9:45:00 AM,16-05-2025, 10:03:00 AM,CE,82300,Sell,20,513.2,513.2,,0
675.2,16-05-2025, 9:45:00 AM,16-05-2025, 9:55:00 AM,PE,82300,Sell,20,461.5,511.5,,-1000
676,16-05-2025, 11:45:00 AM,16-05-2025, 3:15:00 PM,,,,,,,16.59,225
676.1,16-05-2025, 11:45:00 AM,16-05-2025, 12:46:00 PM,CE,82200,Sell,20,512.15,562.15,,-1000
676.2,16-05-2025, 11:45:00 AM,16-05-2025, 3:15:00 PM,PE,82200,Sell,20,420.45,359.2,,1225
677,19-05-2025, 9:45:00 AM,19-05-2025, 2:01:00 PM,,,,,,,17.14,-1000
677.1,19-05-2025, 9:45:00 AM,19-05-2025, 10:11:00 AM,CE,82200,Sell,20,409.3,459.3,,-1000
677.2,19-05-2025, 9:45:00 AM,19-05-2025, 2:01:00 PM,PE,82200,Sell,20,353.6,353.6,,0
678,19-05-2025, 11:45:00 AM,19-05-2025, 2:48:00 PM,,,,,,,17.23,2535
678.1,19-05-2025, 11:45:00 AM,19-05-2025, 2:48:00 PM,CE,82300,Sell,20,353.55,176.8,,3535
678.2,19-05-2025, 11:45:00 AM,19-05-2025, 2:01:00 PM,PE,82300,Sell,20,350.45,400.45,,-1000
679,20-05-2025, 9:45:00 AM,20-05-2025, 10:07:00 AM,,,,,,,17.19,-1000
679.1,20-05-2025, 9:45:00 AM,20-05-2025, 10:07:00 AM,CE,82000,Sell,20,146.05,146.05,,0
679.2,20-05-2025, 9:45:00 AM,20-05-2025, 9:47:00 AM,PE,82000,Sell,20,150.15,200.15,,-1000
680,20-05-2025, 11:45:00 AM,20-05-2025, 12:49:00 PM,,,,,,,17.35,433
680.1,20-05-2025, 11:45:00 AM,20-05-2025, 12:13:00 PM,CE,81800,Sell,20,143.3,71.65,,1433
680.2,20-05-2025, 11:45:00 AM,20-05-2025, 12:49:00 PM,PE,81800,Sell,20,199.65,249.65,,-1000
681,21-05-2025, 9:45:00 AM,21-05-2025, 12:10:00 PM,,,,,,,17.66,-1000
681.1,21-05-2025, 9:45:00 AM,21-05-2025, 9:46:00 AM,CE,81600,Sell,20,731.95,781.95,,-1000
681.2,21-05-2025, 9:45:00 AM,21-05-2025, 12:10:00 PM,PE,81600,Sell,20,635.05,635.05,,0
682,21-05-2025, 11:45:00 AM,21-05-2025, 3:15:00 PM,,,,,,,17.67,2080
682.1,21-05-2025, 11:45:00 AM,21-05-2025, 3:15:00 PM,CE,81700,Sell,20,758.8,604.8,,3080
682.2,21-05-2025, 11:45:00 AM,21-05-2025, 11:49:00 AM,PE,81700,Sell,20,599.6,649.6,,-1000
683,22-05-2025, 9:45:00 AM,22-05-2025, 11:38:00 AM,,,,,,,17.98,-1000
683.1,22-05-2025, 9:45:00 AM,22-05-2025, 10:00:00 AM,CE,80900,Sell,20,604.5,654.5,,-1000
683.2,22-05-2025, 9:45:00 AM,22-05-2025, 11:38:00 AM,PE,80900,Sell,20,567.15,567.15,,0
684,22-05-2025, 11:45:00 AM,22-05-2025, 12:24:00 PM,,,,,,,17.76,-1000
684.1,22-05-2025, 11:45:00 AM,22-05-2025, 11:55:00 AM,CE,80800,Sell,20,551.65,601.65,,-1000
684.2,22-05-2025, 11:45:00 AM,22-05-2025, 12:24:00 PM,PE,80800,Sell,20,521.6,521.6,,0
685,23-05-2025, 9:45:00 AM,23-05-2025, 10:21:00 AM,,,,,,,16.96,-1000
685.1,23-05-2025, 9:45:00 AM,23-05-2025, 10:04:00 AM,CE,81500,Sell,20,502.5,552.5,,-1000
685.2,23-05-2025, 9:45:00 AM,23-05-2025, 10:21:00 AM,PE,81500,Sell,20,492.2,492.2,,0
686,23-05-2025, 11:45:00 AM,23-05-2025, 12:28:00 PM,,,,,,,17.37,-1000
686.1,23-05-2025, 11:45:00 AM,23-05-2025, 12:28:00 PM,CE,81800,Sell,20,591.9,591.9,,0
686.2,23-05-2025, 11:45:00 AM,23-05-2025, 11:49:00 AM,PE,81800,Sell,20,525.55,575.55,,-1000
687,26-05-2025, 9:45:00 AM,26-05-2025, 10:06:00 AM,,,,,,,17.81,-1000
687.1,26-05-2025, 9:45:00 AM,26-05-2025, 9:46:00 AM,CE,82400,Sell,20,506.85,556.85,,-1000
687.2,26-05-2025, 9:45:00 AM,26-05-2025, 10:06:00 AM,PE,82400,Sell,20,438.9,438.9,,0
688,26-05-2025, 11:45:00 AM,26-05-2025, 12:45:00 PM,,,,,,,18.35,-1009
688.1,26-05-2025, 11:45:00 AM,26-05-2025, 11:59:00 AM,CE,82100,Sell,20,576.6,627.05,,-1009
688.2,26-05-2025, 11:45:00 AM,26-05-2025, 12:45:00 PM,PE,82100,Sell,20,510.85,510.85,,0
689,27-05-2025, 9:45:00 AM,27-05-2025, 10:08:00 AM,,,,,,,18.82,3093
689.1,27-05-2025, 9:45:00 AM,27-05-2025, 10:08:00 AM,CE,81600,Sell,20,409.25,204.6,,4093
689.2,27-05-2025, 9:45:00 AM,27-05-2025, 9:46:00 AM,PE,81600,Sell,20,481.05,531.05,,-1000
690,27-05-2025, 11:45:00 AM,27-05-2025, 11:57:00 AM,,,,,,,18.69,-1000
690.1,27-05-2025, 11:45:00 AM,27-05-2025, 11:57:00 AM,CE,82100,Sell,20,365.05,365.05,,0
690.2,27-05-2025, 11:45:00 AM,27-05-2025, 11:48:00 AM,PE,82100,Sell,20,393.35,443.35,,-1000
691,28-05-2025, 9:45:00 AM,28-05-2025, 3:15:00 PM,,,,,,,18.58,2759
691.1,28-05-2025, 9:45:00 AM,28-05-2025, 3:15:00 PM,CE,81400,Sell,20,944.6,756.65,,3759
691.2,28-05-2025, 9:45:00 AM,28-05-2025, 9:47:00 AM,PE,81400,Sell,20,788.4,838.4,,-1000
692,28-05-2025, 11:45:00 AM,28-05-2025, 3:15:00 PM,,,,,,,18.55,-602
692.1,28-05-2025, 11:45:00 AM,28-05-2025, 12:33:00 PM,CE,81300,Sell,20,856.95,906.95,,-1000
692.2,28-05-2025, 11:45:00 AM,28-05-2025, 3:15:00 PM,PE,81300,Sell,20,745.25,725.35,,398
693,29-05-2025, 9:45:00 AM,29-05-2025, 10:13:00 AM,,,,,,,17.2,-1087
693.1,29-05-2025, 9:45:00 AM,29-05-2025, 10:06:00 AM,CE,81500,Sell,20,649.1,699.1,,-1000
693.2,29-05-2025, 9:45:00 AM,29-05-2025, 10:13:00 AM,PE,81500,Sell,20,538.8,543.15,,-87
694,29-05-2025, 11:45:00 AM,29-05-2025, 12:59:00 PM,,,,,,,16.75,-1038
694.1,29-05-2025, 11:45:00 AM,29-05-2025, 12:59:00 PM,CE,81300,Sell,20,590.3,592.2,,-38
694.2,29-05-2025, 11:45:00 AM,29-05-2025, 12:40:00 PM,PE,81300,Sell,20,552.95,602.95,,-1000
695,30-05-2025, 9:45:00 AM,30-05-2025, 3:15:00 PM,,,,,,,16.15,616
695.1,30-05-2025, 9:45:00 AM,30-05-2025, 3:15:00 PM,CE,81600,Sell,20,539.4,458.6,,1616
695.2,30-05-2025, 9:45:00 AM,30-05-2025, 10:01:00 AM,PE,81600,Sell,20,484.7,534.7,,-1000
696,30-05-2025, 11:45:00 AM,30-05-2025, 3:04:00 PM,,,,,,,16.06,-1000
696.1,30-05-2025, 11:45:00 AM,30-05-2025, 1:28:00 PM,CE,81300,Sell,20,563.1,613.1,,-1000
696.2,30-05-2025, 11:45:00 AM,30-05-2025, 3:04:00 PM,PE,81300,Sell,20,440.3,440.3,,0
697,02-06-2025, 9:45:00 AM,02-06-2025, 10:16:00 AM,,,,,,,16.69,-1000
697.1,02-06-2025, 9:45:00 AM,02-06-2025, 9:49:00 AM,CE,80800,Sell,20,363.75,413.75,,-1000
697.2,02-06-2025, 9:45:00 AM,02-06-2025, 10:16:00 AM,PE,80800,Sell,20,452.55,452.55,,0
698,02-06-2025, 11:45:00 AM,02-06-2025, 3:15:00 PM,,,,,,,17,1996
698.1,02-06-2025, 11:45:00 AM,02-06-2025, 11:51:00 AM,CE,81000,Sell,20,507.05,557.05,,-1000
698.2,02-06-2025, 11:45:00 AM,02-06-2025, 3:15:00 PM,PE,81000,Sell,20,537,387.2,,2996
699,03-06-2025, 9:45:00 AM,03-06-2025, 9:58:00 AM,,,,,,,17.41,-1000
699.1,03-06-2025, 9:45:00 AM,03-06-2025, 9:52:00 AM,CE,81100,Sell,20,483.4,533.4,,-1000
699.2,03-06-2025, 9:45:00 AM,03-06-2025, 9:58:00 AM,PE,81100,Sell,20,468,468,,0
700,03-06-2025, 11:45:00 AM,03-06-2025, 12:16:00 PM,,,,,,,17.29,-1000
700.1,03-06-2025, 11:45:00 AM,03-06-2025, 11:55:00 AM,CE,81000,Sell,20,340.3,390.3,,-1000
700.2,03-06-2025, 11:45:00 AM,03-06-2025, 12:16:00 PM,PE,81000,Sell,20,423.5,423.5,,0
701,04-06-2025, 9:45:00 AM,04-06-2025, 3:15:00 PM,,,,,,,16,2271
701.1,04-06-2025, 9:45:00 AM,04-06-2025, 10:22:00 AM,CE,80800,Sell,20,666.55,716.55,,-1000
701.2,04-06-2025, 9:45:00 AM,04-06-2025, 3:15:00 PM,PE,80800,Sell,20,625.8,462.25,,3271
702,04-06-2025, 11:45:00 AM,04-06-2025, 3:15:00 PM,,,,,,,15.77,-472
702.1,04-06-2025, 11:45:00 AM,04-06-2025, 1:55:00 PM,CE,80900,Sell,20,645.4,695.4,,-1000
702.2,04-06-2025, 11:45:00 AM,04-06-2025, 3:15:00 PM,PE,80900,Sell,20,532.7,506.3,,528
703,05-06-2025, 9:45:00 AM,05-06-2025, 11:26:00 AM,,,,,,,15.39,-1000
703.1,05-06-2025, 9:45:00 AM,05-06-2025, 11:26:00 AM,CE,81400,Sell,20,564.15,564.15,,0
703.2,05-06-2025, 9:45:00 AM,05-06-2025, 10:52:00 AM,PE,81400,Sell,20,500,550,,-1000
704,05-06-2025, 11:45:00 AM,05-06-2025, 1:32:00 PM,,,,,,,15.16,-1000
704.1,05-06-2025, 11:45:00 AM,05-06-2025, 12:02:00 PM,CE,81400,Sell,20,498.85,548.85,,-1000
704.2,05-06-2025, 11:45:00 AM,05-06-2025, 1:32:00 PM,PE,81400,Sell,20,520.4,520.4,,0
705,06-06-2025, 9:45:00 AM,06-06-2025, 10:31:00 AM,,,,,,,15.08,3865
705.1,06-06-2025, 9:45:00 AM,06-06-2025, 10:07:00 AM,CE,81200,Sell,20,492.65,542.65,,-1000
705.2,06-06-2025, 9:45:00 AM,06-06-2025, 10:31:00 AM,PE,81200,Sell,20,486.45,243.2,,4865
706,06-06-2025, 11:45:00 AM,06-06-2025, 11:58:00 AM,,,,,,,14.88,-1000
706.1,06-06-2025, 11:45:00 AM,06-06-2025, 11:56:00 AM,CE,82200,Sell,20,524.8,574.8,,-1000
706.2,06-06-2025, 11:45:00 AM,06-06-2025, 11:58:00 AM,PE,82200,Sell,20,466.15,466.15,,0
707,09-06-2025, 9:45:00 AM,09-06-2025, 3:15:00 PM,,,,,,,14.89,2996
707.1,09-06-2025, 9:45:00 AM,09-06-2025, 3:15:00 PM,CE,82500,Sell,20,348.9,235.85,,2261
707.2,09-06-2025, 9:45:00 AM,09-06-2025, 3:15:00 PM,PE,82500,Sell,20,328.2,291.45,,735
708,09-06-2025, 11:45:00 AM,09-06-2025, 3:15:00 PM,,,,,,,14.75,1356
708.1,09-06-2025, 11:45:00 AM,09-06-2025, 3:15:00 PM,CE,82500,Sell,20,289.8,235.85,,1079
708.2,09-06-2025, 11:45:00 AM,09-06-2025, 3:15:00 PM,PE,82500,Sell,20,305.3,291.45,,277
709,10-06-2025, 9:45:00 AM,10-06-2025, 10:13:00 AM,,,,,,,14.62,1403
709.1,10-06-2025, 9:45:00 AM,10-06-2025, 9:52:00 AM,CE,82400,Sell,20,208.95,258.95,,-1000
709.2,10-06-2025, 9:45:00 AM,10-06-2025, 10:13:00 AM,PE,82400,Sell,20,240.25,120.1,,2403
710,10-06-2025, 11:45:00 AM,10-06-2025, 3:15:00 PM,,,,,,,14.14,1066
710.1,10-06-2025, 11:45:00 AM,10-06-2025, 1:23:00 PM,CE,82500,Sell,20,81.6,40.8,,816
710.2,10-06-2025, 11:45:00 AM,10-06-2025, 3:15:00 PM,PE,82500,Sell,20,115.55,103.05,,250
711,11-06-2025, 9:45:00 AM,11-06-2025, 1:50:00 PM,,,,,,,13.71,-1000
711.1,11-06-2025, 9:45:00 AM,11-06-2025, 10:45:00 AM,CE,82500,Sell,20,488,538,,-1000
711.2,11-06-2025, 9:45:00 AM,11-06-2025, 1:50:00 PM,PE,82500,Sell,20,460.3,460.3,,0
712,11-06-2025, 11:45:00 AM,11-06-2025, 1:32:00 PM,,,,,,,13.81,-1000
712.1,11-06-2025, 11:45:00 AM,11-06-2025, 11:55:00 AM,CE,82700,Sell,20,514.45,564.45,,-1000
712.2,11-06-2025, 11:45:00 AM,11-06-2025, 1:32:00 PM,PE,82700,Sell,20,497.55,497.55,,0
713,12-06-2025, 9:45:00 AM,12-06-2025, 9:50:00 AM,,,,,,,13.8,-1000
713.1,12-06-2025, 9:45:00 AM,12-06-2025, 9:50:00 AM,CE,82400,Sell,20,498.05,498.05,,0
713.2,12-06-2025, 9:45:00 AM,12-06-2025, 9:48:00 AM,PE,82400,Sell,20,456.5,506.5,,-1000
714,12-06-2025, 11:45:00 AM,12-06-2025, 12:07:00 PM,,,,,,,13.7,-1000
714.1,12-06-2025, 11:45:00 AM,12-06-2025, 12:07:00 PM,CE,82200,Sell,20,475,475,,0
714.2,12-06-2025, 11:45:00 AM,12-06-2025, 12:05:00 PM,PE,82200,Sell,20,427.6,477.6,,-1000
715,13-06-2025, 9:45:00 AM,13-06-2025, 10:02:00 AM,,,,,,,15.16,-1000
715.1,13-06-2025, 9:45:00 AM,13-06-2025, 9:54:00 AM,CE,80800,Sell,20,475.6,525.6,,-1000
715.2,13-06-2025, 9:45:00 AM,13-06-2025, 10:02:00 AM,PE,80800,Sell,20,482.5,482.5,,0
716,13-06-2025, 11:45:00 AM,13-06-2025, 12:32:00 PM,,,,,,,14.95,-1000
716.1,13-06-2025, 11:45:00 AM,13-06-2025, 12:18:00 PM,CE,81000,Sell,20,434.05,484.05,,-1000
716.2,13-06-2025, 11:45:00 AM,13-06-2025, 12:32:00 PM,PE,81000,Sell,20,440.3,440.3,,0
717,16-06-2025, 9:45:00 AM,16-06-2025, 10:20:00 AM,,,,,,,14.73,-1000
717.1,16-06-2025, 9:45:00 AM,16-06-2025, 10:20:00 AM,CE,81300,Sell,20,283.65,283.65,,0
717.2,16-06-2025, 9:45:00 AM,16-06-2025, 9:47:00 AM,PE,81300,Sell,20,318.6,368.6,,-1000
718,16-06-2025, 11:45:00 AM,16-06-2025, 3:15:00 PM,,,,,,,14.79,597
718.1,16-06-2025, 11:45:00 AM,16-06-2025, 12:40:00 PM,CE,81700,Sell,20,317.9,367.9,,-1000
718.2,16-06-2025, 11:45:00 AM,16-06-2025, 3:15:00 PM,PE,81700,Sell,20,316.8,236.95,,1597
719,17-06-2025, 9:45:00 AM,17-06-2025, 11:16:00 AM,,,,,,,14.66,3171
719.1,17-06-2025, 9:45:00 AM,17-06-2025, 10:28:00 AM,CE,81600,Sell,20,131.55,65.8,,1315
719.2,17-06-2025, 9:45:00 AM,17-06-2025, 11:16:00 AM,PE,81600,Sell,20,185.6,92.8,,1856
720,17-06-2025, 11:45:00 AM,17-06-2025, 12:14:00 PM,,,,,,,14.41,-245
720.1,17-06-2025, 11:45:00 AM,17-06-2025, 12:14:00 PM,CE,81600,Sell,20,75.45,37.7,,755
720.2,17-06-2025, 11:45:00 AM,17-06-2025, 12:14:00 PM,PE,81600,Sell,20,76.3,126.3,,-1000
721,18-06-2025, 9:45:00 AM,18-06-2025, 3:15:00 PM,,,,,,,14.46,3728
721.1,18-06-2025, 9:45:00 AM,18-06-2025, 3:15:00 PM,CE,81800,Sell,20,618.15,381.75,,4728
721.2,18-06-2025, 9:45:00 AM,18-06-2025, 10:24:00 AM,PE,81800,Sell,20,521.8,571.8,,-1000
722,18-06-2025, 11:45:00 AM,18-06-2025, 12:05:00 PM,,,,,,,14.28,-1000
722.1,18-06-2025, 11:45:00 AM,18-06-2025, 12:05:00 PM,CE,81400,Sell,20,574.4,574.4,,0
722.2,18-06-2025, 11:45:00 AM,18-06-2025, 11:58:00 AM,PE,81400,Sell,20,507,557,,-1000
723,19-06-2025, 9:45:00 AM,19-06-2025, 2:00:00 PM,,,,,,,13.87,-1000
723.1,19-06-2025, 9:45:00 AM,19-06-2025, 2:00:00 PM,CE,81500,Sell,20,495.7,495.7,,0
723.2,19-06-2025, 9:45:00 AM,19-06-2025, 10:36:00 AM,PE,81500,Sell,20,412.1,462.1,,-1000
724,19-06-2025, 11:45:00 AM,19-06-2025, 3:14:00 PM,,,,,,,13.99,-1000
724.1,19-06-2025, 11:45:00 AM,19-06-2025, 2:00:00 PM,CE,81400,Sell,20,506.25,556.25,,-1000
724.2,19-06-2025, 11:45:00 AM,19-06-2025, 3:14:00 PM,PE,81400,Sell,20,443.15,443.15,,0
725,20-06-2025, 9:45:00 AM,20-06-2025, 9:52:00 AM,,,,,,,13.59,-1000
725.1,20-06-2025, 9:45:00 AM,20-06-2025, 9:48:00 AM,CE,81600,Sell,20,435.75,485.75,,-1000
725.2,20-06-2025, 9:45:00 AM,20-06-2025, 9:52:00 AM,PE,81600,Sell,20,328.35,328.35,,0
726,20-06-2025, 11:45:00 AM,20-06-2025, 12:54:00 PM,,,,,,,13.48,-1000
726.1,20-06-2025, 11:45:00 AM,20-06-2025, 12:54:00 PM,CE,82100,Sell,20,441.25,441.25,,0
726.2,20-06-2025, 11:45:00 AM,20-06-2025, 12:35:00 PM,PE,82100,Sell,20,333.9,383.9,,-1000
727,23-06-2025, 9:45:00 AM,23-06-2025, 9:51:00 AM,,,,,,,14.39,-1000
727.1,23-06-2025, 9:45:00 AM,23-06-2025, 9:51:00 AM,CE,81600,Sell,20,342.8,342.8,,0
727.2,23-06-2025, 9:45:00 AM,23-06-2025, 9:48:00 AM,PE,81600,Sell,20,298.7,348.7,,-1000
728,23-06-2025, 11:45:00 AM,23-06-2025, 3:15:00 PM,,,,,,,14.08,662
728.1,23-06-2025, 11:45:00 AM,23-06-2025, 1:21:00 PM,CE,81900,Sell,20,281,331,,-1000
728.2,23-06-2025, 11:45:00 AM,23-06-2025, 3:15:00 PM,PE,81900,Sell,20,311.7,228.6,,1662
729,24-06-2025, 9:45:00 AM,24-06-2025, 9:51:00 AM,,,,,,,13.63,-1000
729.1,24-06-2025, 9:45:00 AM,24-06-2025, 9:51:00 AM,CE,82600,Sell,20,173,173,,0
729.2,24-06-2025, 9:45:00 AM,24-06-2025, 9:47:00 AM,PE,82600,Sell,20,174.85,224.85,,-1000
730,24-06-2025, 11:45:00 AM,24-06-2025, 12:27:00 PM,,,,,,,13.92,-1000
730.1,24-06-2025, 11:45:00 AM,24-06-2025, 12:08:00 PM,CE,82900,Sell,20,257.5,307.5,,-1000
730.2,24-06-2025, 11:45:00 AM,24-06-2025, 12:27:00 PM,PE,82900,Sell,20,181.7,181.7,,0
731,25-06-2025, 9:45:00 AM,25-06-2025, 11:13:00 AM,,,,,,,13.26,-1000
731.1,25-06-2025, 9:45:00 AM,25-06-2025, 10:54:00 AM,CE,82500,Sell,20,572.4,622.4,,-1000
731.2,25-06-2025, 9:45:00 AM,25-06-2025, 11:13:00 AM,PE,82500,Sell,20,470.25,470.25,,0
732,25-06-2025, 11:45:00 AM,25-06-2025, 3:15:00 PM,,,,,,,13.22,57
732.1,25-06-2025, 11:45:00 AM,25-06-2025, 1:14:00 PM,CE,82600,Sell,20,528.1,578.1,,-1000
732.2,25-06-2025, 11:45:00 AM,25-06-2025, 3:15:00 PM,PE,82600,Sell,20,492.05,439.2,,1057
733,26-06-2025, 9:45:00 AM,26-06-2025, 10:42:00 AM,,,,,,,13.06,-1000
733.1,26-06-2025, 9:45:00 AM,26-06-2025, 9:48:00 AM,CE,83100,Sell,20,493.75,543.75,,-1000
733.2,26-06-2025, 9:45:00 AM,26-06-2025, 10:42:00 AM,PE,83100,Sell,20,527.9,527.9,,0
734,26-06-2025, 11:45:00 AM,26-06-2025, 2:56:00 PM,,,,,,,13.16,3845
734.1,26-06-2025, 11:45:00 AM,26-06-2025, 11:48:00 AM,CE,83000,Sell,20,544.6,594.6,,-1000
734.2,26-06-2025, 11:45:00 AM,26-06-2025, 2:56:00 PM,PE,83000,Sell,20,484.45,242.2,,4845
735,27-06-2025, 9:45:00 AM,27-06-2025, 2:00:00 PM,,,,,,,12.7,3023
735.1,27-06-2025, 9:45:00 AM,27-06-2025, 9:54:00 AM,CE,83700,Sell,20,440,490,,-1000
735.2,27-06-2025, 9:45:00 AM,27-06-2025, 2:00:00 PM,PE,83700,Sell,20,402.25,201.1,,4023
736,27-06-2025, 11:45:00 AM,27-06-2025, 3:15:00 PM,,,,,,,12.48,334
736.1,27-06-2025, 11:45:00 AM,27-06-2025, 12:42:00 PM,CE,83900,Sell,20,388.25,438.25,,-1000
736.2,27-06-2025, 11:45:00 AM,27-06-2025, 3:15:00 PM,PE,83900,Sell,20,338.35,271.65,,1334
737,30-06-2025, 9:45:00 AM,30-06-2025, 10:06:00 AM,,,,,,,12.77,-1000
737.1,30-06-2025, 9:45:00 AM,30-06-2025, 10:06:00 AM,CE,83900,Sell,20,322.6,322.6,,0
737.2,30-06-2025, 9:45:00 AM,30-06-2025, 10:02:00 AM,PE,83900,Sell,20,292.95,342.95,,-1000
738,30-06-2025, 11:45:00 AM,30-06-2025, 1:54:00 PM,,,,,,,12.67,2172
738.1,30-06-2025, 11:45:00 AM,30-06-2025, 1:54:00 PM,CE,83800,Sell,20,317.2,158.6,,3172
738.2,30-06-2025, 11:45:00 AM,30-06-2025, 1:00:00 PM,PE,83800,Sell,20,246.35,296.35,,-1000
739,01-07-2025, 9:45:00 AM,01-07-2025, 11:57:00 AM,,,,,,,12.67,785
739.1,01-07-2025, 9:45:00 AM,01-07-2025, 10:11:00 AM,CE,83800,Sell,20,178.45,89.2,,1785
739.2,01-07-2025, 9:45:00 AM,01-07-2025, 11:57:00 AM,PE,83800,Sell,20,166.3,216.3,,-1000
740,01-07-2025, 11:45:00 AM,01-07-2025, 3:15:00 PM,,,,,,,12.48,1391
740.1,01-07-2025, 11:45:00 AM,01-07-2025, 3:15:00 PM,CE,83600,Sell,20,134.9,94.1,,816
740.2,01-07-2025, 11:45:00 AM,01-07-2025, 12:36:00 PM,PE,83600,Sell,20,57.5,28.75,,575
741,02-07-2025, 9:45:00 AM,02-07-2025, 3:15:00 PM,,,,,,,12.43,2037
741.1,02-07-2025, 9:45:00 AM,02-07-2025, 3:15:00 PM,CE,83700,Sell,20,510.2,358.35,,3037
741.2,02-07-2025, 9:45:00 AM,02-07-2025, 10:18:00 AM,PE,83700,Sell,20,438.25,488.25,,-1000
742,02-07-2025, 11:45:00 AM,02-07-2025, 3:15:00 PM,,,,,,,12.5,141
742.1,02-07-2025, 11:45:00 AM,02-07-2025, 3:15:00 PM,CE,83500,Sell,20,505.25,448.2,,1141
742.2,02-07-2025, 11:45:00 AM,02-07-2025, 1:19:00 PM,PE,83500,Sell,20,439.4,489.4,,-1000
743,03-07-2025, 9:45:00 AM,03-07-2025, 11:43:00 AM,,,,,,,12.21,-1000
743.1,03-07-2025, 9:45:00 AM,03-07-2025, 9:50:00 AM,CE,83500,Sell,20,444.7,494.7,,-1000
743.2,03-07-2025, 9:45:00 AM,03-07-2025, 11:43:00 AM,PE,83500,Sell,20,357,357,,0
744,03-07-2025, 11:45:00 AM,03-07-2025, 11:53:00 AM,,,,,,,12.37,-1000
744.1,03-07-2025, 11:45:00 AM,03-07-2025, 11:53:00 AM,CE,83600,Sell,20,427.75,427.75,,0
744.2,03-07-2025, 11:45:00 AM,03-07-2025, 11:48:00 AM,PE,83600,Sell,20,388.55,438.55,,-1000
745,04-07-2025, 9:45:00 AM,04-07-2025, 2:37:00 PM,,,,,,,12.42,-1000
745.1,04-07-2025, 9:45:00 AM,04-07-2025, 2:37:00 PM,CE,83200,Sell,20,376.3,376.3,,0
745.2,04-07-2025, 9:45:00 AM,04-07-2025, 11:43:00 AM,PE,83200,Sell,20,335.55,385.55,,-1000
746,04-07-2025, 11:45:00 AM,04-07-2025, 1:14:00 PM,,,,,,,12.44,-1000
746.1,04-07-2025, 11:45:00 AM,04-07-2025, 1:14:00 PM,CE,83100,Sell,20,342.15,342.15,,0
746.2,04-07-2025, 11:45:00 AM,04-07-2025, 11:48:00 AM,PE,83100,Sell,20,329,379,,-1000
747,07-07-2025, 9:45:00 AM,07-07-2025, 10:50:00 AM,,,,,,,12.61,-1000
747.1,07-07-2025, 9:45:00 AM,07-07-2025, 10:50:00 AM,CE,83400,Sell,20,260.5,260.5,,0
747.2,07-07-2025, 9:45:00 AM,07-07-2025, 10:10:00 AM,PE,83400,Sell,20,254,304,,-1000
748,07-07-2025, 11:45:00 AM,07-07-2025, 1:19:00 PM,,,,,,,12.54,-1000
748.1,07-07-2025, 11:45:00 AM,07-07-2025, 1:19:00 PM,CE,83400,Sell,20,248.2,248.2,,0
748.2,07-07-2025, 11:45:00 AM,07-07-2025, 12:16:00 PM,PE,83400,Sell,20,238.7,288.7,,-1000
749,08-07-2025, 9:45:00 AM,08-07-2025, 10:49:00 AM,,,,,,,12.4,180
749.1,08-07-2025, 9:45:00 AM,08-07-2025, 10:49:00 AM,CE,83500,Sell,20,118,59,,1180
749.2,08-07-2025, 9:45:00 AM,08-07-2025, 10:01:00 AM,PE,83500,Sell,20,132.55,182.55,,-1000
750,08-07-2025, 11:45:00 AM,08-07-2025, 12:43:00 PM,,,,,,,12.26,-432
750.1,08-07-2025, 11:45:00 AM,08-07-2025, 12:26:00 PM,CE,83400,Sell,20,88.6,138.6,,-1000
750.2,08-07-2025, 11:45:00 AM,08-07-2025, 12:43:00 PM,PE,83400,Sell,20,56.8,28.4,,568
751,09-07-2025, 9:45:00 AM,09-07-2025, 2:35:00 PM,,,,,,,11.79,-1000
751.1,09-07-2025, 9:45:00 AM,09-07-2025, 9:58:00 AM,CE,83500,Sell,20,488.85,538.85,,-1000
751.2,09-07-2025, 9:45:00 AM,09-07-2025, 2:35:00 PM,PE,83500,Sell,20,363.6,363.6,,0
752,09-07-2025, 11:45:00 AM,09-07-2025, 3:15:00 PM,,,,,,,11.86,727
752.1,09-07-2025, 11:45:00 AM,09-07-2025, 3:15:00 PM,CE,83700,Sell,20,483.2,396.85,,1727
752.2,09-07-2025, 11:45:00 AM,09-07-2025, 2:28:00 PM,PE,83700,Sell,20,360.75,410.75,,-1000
753,10-07-2025, 9:45:00 AM,10-07-2025, 3:15:00 PM,,,,,,,11.83,1803
753.1,10-07-2025, 9:45:00 AM,10-07-2025, 3:15:00 PM,CE,83400,Sell,20,429,288.85,,2803
753.2,10-07-2025, 9:45:00 AM,10-07-2025, 9:55:00 AM,PE,83400,Sell,20,331.75,381.75,,-1000
754,10-07-2025, 11:45:00 AM,10-07-2025, 3:15:00 PM,,,,,,,12.09,9
754.1,10-07-2025, 11:45:00 AM,10-07-2025, 2:07:00 PM,CE,83200,Sell,20,443.7,493.7,,-1000
754.2,10-07-2025, 11:45:00 AM,10-07-2025, 3:15:00 PM,PE,83200,Sell,20,355.4,304.95,,1009
755,11-07-2025, 9:45:00 AM,11-07-2025, 10:59:00 AM,,,,,,,11.63,2263
755.1,11-07-2025, 9:45:00 AM,11-07-2025, 10:59:00 AM,CE,83000,Sell,20,326.3,163.15,,3263
755.2,11-07-2025, 9:45:00 AM,11-07-2025, 10:02:00 AM,PE,83000,Sell,20,259.1,309.1,,-1000
756,11-07-2025, 11:45:00 AM,11-07-2025, 3:15:00 PM,,,,,,,11.88,1209
756.1,11-07-2025, 11:45:00 AM,11-07-2025, 3:15:00 PM,CE,82500,Sell,20,381.75,344.5,,745
756.2,11-07-2025, 11:45:00 AM,11-07-2025, 3:15:00 PM,PE,82500,Sell,20,247.2,224,,464
757,14-07-2025, 9:45:00 AM,14-07-2025, 10:07:00 AM,,,,,,,12.17,-1000
757.1,14-07-2025, 9:45:00 AM,14-07-2025, 9:55:00 AM,CE,82300,Sell,20,235.75,285.75,,-1000
757.2,14-07-2025, 9:45:00 AM,14-07-2025, 10:07:00 AM,PE,82300,Sell,20,239.15,239.15,,0
758,14-07-2025, 11:45:00 AM,14-07-2025, 1:22:00 PM,,,,,,,12.13,-1000
758.1,14-07-2025, 11:45:00 AM,14-07-2025, 1:22:00 PM,CE,82100,Sell,20,247.05,247.05,,0
758.2,14-07-2025, 11:45:00 AM,14-07-2025, 1:09:00 PM,PE,82100,Sell,20,193.8,243.8,,-1000
759,15-07-2025, 9:45:00 AM,15-07-2025, 10:40:00 AM,,,,,,,11.92,282
759.1,15-07-2025, 9:45:00 AM,15-07-2025, 10:40:00 AM,CE,82300,Sell,20,146,196,,-1000
759.2,15-07-2025, 9:45:00 AM,15-07-2025, 10:31:00 AM,PE,82300,Sell,20,128.2,64.1,,1282
760,15-07-2025, 11:45:00 AM,15-07-2025, 12:22:00 PM,,,,,,,11.73,129
760.1,15-07-2025, 11:45:00 AM,15-07-2025, 12:22:00 PM,CE,82700,Sell,20,112.95,56.5,,1129
760.2,15-07-2025, 11:45:00 AM,15-07-2025, 12:22:00 PM,PE,82700,Sell,20,107,157,,-1000
761,16-07-2025, 9:45:00 AM,16-07-2025, 11:53:00 AM,,,,,,,11.44,-1000
761.1,16-07-2025, 9:45:00 AM,16-07-2025, 11:53:00 AM,CE,82500,Sell,20,396.9,396.9,,0
761.2,16-07-2025, 9:45:00 AM,16-07-2025, 10:45:00 AM,PE,82500,Sell,20,388.25,438.25,,-1000
762,16-07-2025, 11:45:00 AM,16-07-2025, 3:15:00 PM,,,,,,,11.4,607
762.1,16-07-2025, 11:45:00 AM,16-07-2025, 11:54:00 AM,CE,82400,Sell,20,417.4,467.4,,-1000
762.2,16-07-2025, 11:45:00 AM,16-07-2025, 3:15:00 PM,PE,82400,Sell,20,344.2,263.85,,1607
763,17-07-2025, 9:45:00 AM,17-07-2025, 11:32:00 AM,,,,,,,11.28,-1000
763.1,17-07-2025, 9:45:00 AM,17-07-2025, 11:32:00 AM,CE,82600,Sell,20,347.7,347.7,,0
763.2,17-07-2025, 9:45:00 AM,17-07-2025, 10:10:00 AM,PE,82600,Sell,20,344.2,394.2,,-1000
764,17-07-2025, 11:45:00 AM,17-07-2025, 3:15:00 PM,,,,,,,11.18,1161
764.1,17-07-2025, 11:45:00 AM,17-07-2025, 3:15:00 PM,CE,82600,Sell,20,354.05,246,,2161
764.2,17-07-2025, 11:45:00 AM,17-07-2025, 1:06:00 PM,PE,82600,Sell,20,325,375,,-1000
765,18-07-2025, 9:45:00 AM,18-07-2025, 3:15:00 PM,,,,,,,11.24,1622
765.1,18-07-2025, 9:45:00 AM,18-07-2025, 3:15:00 PM,CE,82000,Sell,20,384,252.9,,2622
765.2,18-07-2025, 9:45:00 AM,18-07-2025, 10:03:00 AM,PE,82000,Sell,20,253.8,303.8,,-1000
766,18-07-2025, 11:45:00 AM,18-07-2025, 3:15:00 PM,,,,,,,11.66,597
766.1,18-07-2025, 11:45:00 AM,18-07-2025, 1:01:00 PM,CE,81600,Sell,20,403,453,,-1000
766.2,18-07-2025, 11:45:00 AM,18-07-2025, 3:15:00 PM,PE,81600,Sell,20,271.5,191.65,,1597
767,21-07-2025, 9:45:00 AM,21-07-2025, 9:55:00 AM,,,,,,,11.54,1320
767.1,21-07-2025, 9:45:00 AM,21-07-2025, 9:48:00 AM,CE,81700,Sell,20,234.65,284.65,,-1000
767.2,21-07-2025, 9:45:00 AM,21-07-2025, 9:55:00 AM,PE,81700,Sell,20,232,116,,2320
768,21-07-2025, 11:45:00 AM,21-07-2025, 1:58:00 PM,,,,,,,11.52,-1000
768.1,21-07-2025, 11:45:00 AM,21-07-2025, 12:01:00 PM,CE,82000,Sell,20,221,271,,-1000
768.2,21-07-2025, 11:45:00 AM,21-07-2025, 1:58:00 PM,PE,82000,Sell,20,203.4,203.4,,0
769,22-07-2025, 9:45:00 AM,22-07-2025, 9:56:00 AM,,,,,,,11.01,-1000
769.1,22-07-2025, 9:45:00 AM,22-07-2025, 9:48:00 AM,CE,82300,Sell,20,131.5,181.5,,-1000
769.2,22-07-2025, 9:45:00 AM,22-07-2025, 9:56:00 AM,PE,82300,Sell,20,98.45,98.45,,0
770,22-07-2025, 11:45:00 AM,22-07-2025, 12:24:00 PM,,,,,,,11.09,-126
770.1,22-07-2025, 11:45:00 AM,22-07-2025, 12:24:00 PM,CE,82200,Sell,20,79.9,129.9,,-1000
770.2,22-07-2025, 11:45:00 AM,22-07-2025, 12:21:00 PM,PE,82200,Sell,20,87.4,43.7,,874
771,23-07-2025, 9:45:00 AM,23-07-2025, 3:01:00 PM,,,,,,,10.59,2288
771.1,23-07-2025, 9:45:00 AM,23-07-2025, 10:56:00 AM,CE,82300,Sell,20,411.9,461.9,,-1000
771.2,23-07-2025, 9:45:00 AM,23-07-2025, 3:01:00 PM,PE,82300,Sell,20,328.8,164.4,,3288
772,23-07-2025, 11:45:00 AM,23-07-2025, 3:15:00 PM,,,,,,,10.48,1199
772.1,23-07-2025, 11:45:00 AM,23-07-2025, 12:04:00 PM,CE,82400,Sell,20,395,445,,-1000
772.2,23-07-2025, 11:45:00 AM,23-07-2025, 3:15:00 PM,PE,82400,Sell,20,303.15,193.2,,2199
773,24-07-2025, 9:45:00 AM,24-07-2025, 12:05:00 PM,,,,,,,10.55,2213
773.1,24-07-2025, 9:45:00 AM,24-07-2025, 12:05:00 PM,CE,82600,Sell,20,321.3,160.65,,3213
773.2,24-07-2025, 9:45:00 AM,24-07-2025, 11:16:00 AM,PE,82600,Sell,20,303.25,353.25,,-1000
774,24-07-2025, 11:45:00 AM,24-07-2025, 3:15:00 PM,,,,,,,10.78,381
774.1,24-07-2025, 11:45:00 AM,24-07-2025, 3:15:00 PM,CE,82300,Sell,20,363.3,294.25,,1381
774.2,24-07-2025, 11:45:00 AM,24-07-2025, 11:58:00 AM,PE,82300,Sell,20,288.2,338.2,,-1000
775,25-07-2025, 9:45:00 AM,25-07-2025, 2:52:00 PM,,,,,,,11.08,2127
775.1,25-07-2025, 9:45:00 AM,25-07-2025, 2:52:00 PM,CE,81800,Sell,20,312.75,156.4,,3127
775.2,25-07-2025, 9:45:00 AM,25-07-2025, 10:16:00 AM,PE,81800,Sell,20,295.05,345.05,,-1000
776,25-07-2025, 11:45:00 AM,25-07-2025, 3:15:00 PM,,,,,,,11.37,771
776.1,25-07-2025, 11:45:00 AM,25-07-2025, 3:15:00 PM,CE,81600,Sell,20,331.5,242.95,,1771
776.2,25-07-2025, 11:45:00 AM,25-07-2025, 11:48:00 AM,PE,81600,Sell,20,267,317,,-1000
777,28-07-2025, 9:45:00 AM,28-07-2025, 10:17:00 AM,,,,,,,11.71,1256
777.1,28-07-2025, 9:45:00 AM,28-07-2025, 9:50:00 AM,CE,81300,Sell,20,251.95,301.95,,-1000
777.2,28-07-2025, 9:45:00 AM,28-07-2025, 10:17:00 AM,PE,81300,Sell,20,225.6,112.8,,2256
778,28-07-2025, 11:45:00 AM,28-07-2025, 1:03:00 PM,,,,,,,11.66,1514
778.1,28-07-2025, 11:45:00 AM,28-07-2025, 1:03:00 PM,CE,81300,Sell,20,251.4,125.7,,2514
778.2,28-07-2025, 11:45:00 AM,28-07-2025, 12:45:00 PM,PE,81300,Sell,20,182.6,232.6,,-1000
779,29-07-2025, 9:45:00 AM,29-07-2025, 10:12:00 AM,,,,,,,12.07,-1037
779.1,29-07-2025, 9:45:00 AM,29-07-2025, 9:56:00 AM,CE,80900,Sell,20,168.6,220.45,,-1037
779.2,29-07-2025, 9:45:00 AM,29-07-2025, 10:12:00 AM,PE,80900,Sell,20,129.05,129.05,,0
780,29-07-2025, 11:45:00 AM,29-07-2025, 12:42:00 PM,,,,,,,12.12,-71
780.1,29-07-2025, 11:45:00 AM,29-07-2025, 12:42:00 PM,CE,80800,Sell,20,118,168,,-1000
780.2,29-07-2025, 11:45:00 AM,29-07-2025, 12:13:00 PM,PE,80800,Sell,20,92.9,46.45,,929
781,30-07-2025, 9:45:00 AM,30-07-2025, 11:20:00 AM,,,,,,,11.47,-1000
781.1,30-07-2025, 9:45:00 AM,30-07-2025, 11:20:00 AM,CE,81500,Sell,20,452,452,,0
781.2,30-07-2025, 9:45:00 AM,30-07-2025, 9:48:00 AM,PE,81500,Sell,20,386.35,436.35,,-1000
782,30-07-2025, 11:45:00 AM,30-07-2025, 2:28:00 PM,,,,,,,11.32,-1000
782.1,30-07-2025, 11:45:00 AM,30-07-2025, 2:28:00 PM,CE,81500,Sell,20,456.4,456.4,,0
782.2,30-07-2025, 11:45:00 AM,30-07-2025, 1:23:00 PM,PE,81500,Sell,20,359.1,409.1,,-1000
783,31-07-2025, 9:45:00 AM,31-07-2025, 10:49:00 AM,,,,,,,11.92,-1000
783.1,31-07-2025, 9:45:00 AM,31-07-2025, 10:49:00 AM,CE,81000,Sell,20,411.3,411.3,,0
783.2,31-07-2025, 9:45:00 AM,31-07-2025, 10:01:00 AM,PE,81000,Sell,20,416.65,466.65,,-1000
784,31-07-2025, 11:45:00 AM,31-07-2025, 12:15:00 PM,,,,,,,11.85,-1000
784.1,31-07-2025, 11:45:00 AM,31-07-2025, 12:15:00 PM,CE,81300,Sell,20,467.9,467.9,,0
784.2,31-07-2025, 11:45:00 AM,31-07-2025, 12:08:00 PM,PE,81300,Sell,20,378.6,428.6,,-1000
785,01-08-2025, 9:45:00 AM,01-08-2025, 11:19:00 AM,,,,,,,11.71,-1000
785.1,01-08-2025, 9:45:00 AM,01-08-2025, 10:11:00 AM,CE,81000,Sell,20,391.8,441.8,,-1000
785.2,01-08-2025, 9:45:00 AM,01-08-2025, 11:19:00 AM,PE,81000,Sell,20,344,344,,0
786,01-08-2025, 11:45:00 AM,01-08-2025, 12:36:00 PM,,,,,,,11.81,-1000
786.1,01-08-2025, 11:45:00 AM,01-08-2025, 11:50:00 AM,CE,80800,Sell,20,385.9,435.9,,-1000
786.2,01-08-2025, 11:45:00 AM,01-08-2025, 12:36:00 PM,PE,80800,Sell,20,330.85,330.85,,0
787,04-08-2025, 9:45:00 AM,04-08-2025, 9:50:00 AM,,,,,,,12.44,-1000
787.1,04-08-2025, 9:45:00 AM,04-08-2025, 9:50:00 AM,CE,80600,Sell,20,337.05,337.05,,0
787.2,04-08-2025, 9:45:00 AM,04-08-2025, 9:48:00 AM,PE,80600,Sell,20,257.4,307.4,,-1000
788,04-08-2025, 11:45:00 AM,04-08-2025, 1:29:00 PM,,,,,,,12.2,-1000
788.1,04-08-2025, 11:45:00 AM,04-08-2025, 12:37:00 PM,CE,80900,Sell,20,260.5,310.5,,-1000
788.2,04-08-2025, 11:45:00 AM,04-08-2025, 1:29:00 PM,PE,80900,Sell,20,258.15,258.15,,0
789,05-08-2025, 9:45:00 AM,05-08-2025, 12:11:00 PM,,,,,,,12.02,3478
789.1,05-08-2025, 9:45:00 AM,05-08-2025, 11:10:00 AM,CE,80700,Sell,20,172.55,86.3,,1725
789.2,05-08-2025, 9:45:00 AM,05-08-2025, 12:11:00 PM,PE,80700,Sell,20,175.25,87.6,,1753
790,05-08-2025, 11:45:00 AM,05-08-2025, 1:12:00 PM,,,,,,,11.94,-1000
790.1,05-08-2025, 11:45:00 AM,05-08-2025, 12:12:00 PM,CE,80700,Sell,20,112.95,162.95,,-1000
790.2,05-08-2025, 11:45:00 AM,05-08-2025, 1:12:00 PM,PE,80700,Sell,20,93.05,93.05,,0
791,06-08-2025, 9:45:00 AM,06-08-2025, 10:22:00 AM,,,,,,,11.93,-1000
791.1,06-08-2025, 9:45:00 AM,06-08-2025, 10:22:00 AM,CE,80700,Sell,20,488.05,488.05,,0
791.2,06-08-2025, 9:45:00 AM,06-08-2025, 10:05:00 AM,PE,80700,Sell,20,444.65,494.65,,-1000
792,06-08-2025, 11:45:00 AM,06-08-2025, 2:37:00 PM,,,,,,,11.91,-1000
792.1,06-08-2025, 11:45:00 AM,06-08-2025, 12:03:00 PM,CE,80500,Sell,20,476.95,526.95,,-1000
792.2,06-08-2025, 11:45:00 AM,06-08-2025, 2:37:00 PM,PE,80500,Sell,20,389.4,389.4,,0
793,07-08-2025, 9:45:00 AM,07-08-2025, 1:25:00 PM,,,,,,,11.8,3060
793.1,07-08-2025, 9:45:00 AM,07-08-2025, 1:25:00 PM,CE,80300,Sell,20,406,203,,4060
793.2,07-08-2025, 9:45:00 AM,07-08-2025, 10:29:00 AM,PE,80300,Sell,20,341.55,391.55,,-1000
794,07-08-2025, 11:45:00 AM,07-08-2025, 2:13:00 PM,,,,,,,12.08,-1000
794.1,07-08-2025, 11:45:00 AM,07-08-2025, 2:13:00 PM,CE,80100,Sell,20,373.35,373.35,,0
794.2,07-08-2025, 11:45:00 AM,07-08-2025, 1:19:00 PM,PE,80100,Sell,20,359.25,409.25,,-1000
795,08-08-2025, 9:45:00 AM,08-08-2025, 3:13:00 PM,,,,,,,11.91,2436
795.1,08-08-2025, 9:45:00 AM,08-08-2025, 3:13:00 PM,CE,80300,Sell,20,343.6,171.8,,3436
795.2,08-08-2025, 9:45:00 AM,08-08-2025, 10:02:00 AM,PE,80300,Sell,20,304.9,354.9,,-1000
796,08-08-2025, 11:45:00 AM,08-08-2025, 12:28:00 PM,,,,,,,11.93,-1000
796.1,08-08-2025, 11:45:00 AM,08-08-2025, 12:28:00 PM,CE,80100,Sell,20,358.4,358.4,,0
796.2,08-08-2025, 11:45:00 AM,08-08-2025, 12:05:00 PM,PE,80100,Sell,20,284.4,334.4,,-1000
797,11-08-2025, 9:45:00 AM,11-08-2025, 11:19:00 AM,,,,,,,12.64,1281
797.1,11-08-2025, 9:45:00 AM,11-08-2025, 10:02:00 AM,CE,79900,Sell,20,323.4,373.4,,-1000
797.2,11-08-2025, 9:45:00 AM,11-08-2025, 11:19:00 AM,PE,79900,Sell,20,228.15,114.1,,2281
798,11-08-2025, 11:45:00 AM,11-08-2025, 1:02:00 PM,,,,,,,12.48,913
798.1,11-08-2025, 11:45:00 AM,11-08-2025, 12:28:00 PM,CE,80000,Sell,20,292.5,342.5,,-1000
798.2,11-08-2025, 11:45:00 AM,11-08-2025, 1:02:00 PM,PE,80000,Sell,20,191.3,95.65,,1913
799,12-08-2025, 9:45:00 AM,12-08-2025, 10:20:00 AM,,,,,,,12.15,-1000
799.1,12-08-2025, 9:45:00 AM,12-08-2025, 9:54:00 AM,CE,80800,Sell,20,159.5,209.5,,-1000
799.2,12-08-2025, 9:45:00 AM,12-08-2025, 10:20:00 AM,PE,80800,Sell,20,142.75,142.75,,0
800,12-08-2025, 11:45:00 AM,12-08-2025, 11:58:00 AM,,,,,,,12.35,-1000
800.1,12-08-2025, 11:45:00 AM,12-08-2025, 11:58:00 AM,CE,80500,Sell,20,132.95,132.95,,0
800.2,12-08-2025, 11:45:00 AM,12-08-2025, 11:51:00 AM,PE,80500,Sell,20,113,163,,-1000
801,13-08-2025, 9:45:00 AM,13-08-2025, 10:15:00 AM,,,,,,,12.2,-1000
801.1,13-08-2025, 9:45:00 AM,13-08-2025, 9:49:00 AM,CE,80400,Sell,20,522.65,572.65,,-1000
801.2,13-08-2025, 9:45:00 AM,13-08-2025, 10:15:00 AM,PE,80400,Sell,20,318.15,318.15,,0
802,13-08-2025, 11:45:00 AM,13-08-2025, 3:15:00 PM,,,,,,,12.19,147
802.1,13-08-2025, 11:45:00 AM,13-08-2025, 12:23:00 PM,CE,80400,Sell,20,487.45,537.45,,-1000
802.2,13-08-2025, 11:45:00 AM,13-08-2025, 3:15:00 PM,PE,80400,Sell,20,323.65,266.3,,1147
803,14-08-2025, 9:45:00 AM,14-08-2025, 10:27:00 AM,,,,,,,12.29,-1000
803.1,14-08-2025, 9:45:00 AM,14-08-2025, 10:27:00 AM,CE,80700,Sell,20,405.5,405.5,,0
803.2,14-08-2025, 9:45:00 AM,14-08-2025, 10:06:00 AM,PE,80700,Sell,20,329.6,379.6,,-1000
804,14-08-2025, 11:45:00 AM,14-08-2025, 2:32:00 PM,,,,,,,12.37,-1000
804.1,14-08-2025, 11:45:00 AM,14-08-2025, 12:58:00 PM,CE,80600,Sell,20,381.05,431.05,,-1000
804.2,14-08-2025, 11:45:00 AM,14-08-2025, 2:32:00 PM,PE,80600,Sell,20,336.55,336.55,,0
805,18-08-2025, 9:45:00 AM,18-08-2025, 12:07:00 PM,,,,,,,12.76,2397
805.1,18-08-2025, 9:45:00 AM,18-08-2025, 12:07:00 PM,CE,81700,Sell,20,339.75,169.9,,3397
805.2,18-08-2025, 9:45:00 AM,18-08-2025, 11:06:00 AM,PE,81700,Sell,20,273.05,323.05,,-1000
806,18-08-2025, 11:45:00 AM,18-08-2025, 3:13:00 PM,,,,,,,12.58,2239
806.1,18-08-2025, 11:45:00 AM,18-08-2025, 3:13:00 PM,CE,81500,Sell,20,323.95,162,,3239
806.2,18-08-2025, 11:45:00 AM,18-08-2025, 12:09:00 PM,PE,81500,Sell,20,212.7,262.7,,-1000
807,19-08-2025, 9:45:00 AM,19-08-2025, 10:14:00 AM,,,,,,,12.1,239
807.1,19-08-2025, 9:45:00 AM,19-08-2025, 9:51:00 AM,CE,81300,Sell,20,149.65,199.65,,-1000
807.2,19-08-2025, 9:45:00 AM,19-08-2025, 10:14:00 AM,PE,81300,Sell,20,123.85,61.9,,1239
808,19-08-2025, 11:45:00 AM,19-08-2025, 12:32:00 PM,,,,,,,11.88,-317
808.1,19-08-2025, 11:45:00 AM,19-08-2025, 12:13:00 PM,CE,81500,Sell,20,120.15,170.15,,-1000
808.2,19-08-2025, 11:45:00 AM,19-08-2025, 12:32:00 PM,PE,81500,Sell,20,68.25,34.1,,683
809,20-08-2025, 9:45:00 AM,20-08-2025, 9:56:00 AM,,,,,,,11.84,-1000
809.1,20-08-2025, 9:45:00 AM,20-08-2025, 9:51:00 AM,CE,81600,Sell,20,438.6,488.6,,-1000
809.2,20-08-2025, 9:45:00 AM,20-08-2025, 9:56:00 AM,PE,81600,Sell,20,379.25,379.25,,0
810,20-08-2025, 11:45:00 AM,20-08-2025, 3:15:00 PM,,,,,,,11.92,206
810.1,20-08-2025, 11:45:00 AM,20-08-2025, 12:52:00 PM,CE,81800,Sell,20,440,490,,-1000
810.2,20-08-2025, 11:45:00 AM,20-08-2025, 3:15:00 PM,PE,81800,Sell,20,382.4,322.1,,1206
811,21-08-2025, 9:45:00 AM,21-08-2025, 3:15:00 PM,,,,,,,11.74,1060
811.1,21-08-2025, 9:45:00 AM,21-08-2025, 9:52:00 AM,CE,82000,Sell,20,342.95,392.95,,-1000
811.2,21-08-2025, 9:45:00 AM,21-08-2025, 3:15:00 PM,PE,82000,Sell,20,363.8,260.8,,2060
812,21-08-2025, 11:45:00 AM,21-08-2025, 12:50:00 PM,,,,,,,11.55,-1000
812.1,21-08-2025, 11:45:00 AM,21-08-2025, 12:50:00 PM,CE,82200,Sell,20,335.15,335.15,,0
812.2,21-08-2025, 11:45:00 AM,21-08-2025, 12:02:00 PM,PE,82200,Sell,20,326.9,376.9,,-1000
813,22-08-2025, 9:45:00 AM,22-08-2025, 2:38:00 PM,,,,,,,11.43,2139
813.1,22-08-2025, 9:45:00 AM,22-08-2025, 2:38:00 PM,CE,81700,Sell,20,313.95,157,,3139
813.2,22-08-2025, 9:45:00 AM,22-08-2025, 10:04:00 AM,PE,81700,Sell,20,315.05,365.05,,-1000
814,22-08-2025, 11:45:00 AM,22-08-2025, 3:15:00 PM,,,,,,,11.52,481
814.1,22-08-2025, 11:45:00 AM,22-08-2025, 3:15:00 PM,CE,81500,Sell,20,328.85,254.8,,1481
814.2,22-08-2025, 11:45:00 AM,22-08-2025, 2:25:00 PM,PE,81500,Sell,20,255.65,305.65,,-1000
815,25-08-2025, 9:45:00 AM,25-08-2025, 11:46:00 AM,,,,,,,12.02,-1000
815.1,25-08-2025, 9:45:00 AM,25-08-2025, 11:46:00 AM,CE,81600,Sell,20,256,256,,0
815.2,25-08-2025, 9:45:00 AM,25-08-2025, 9:57:00 AM,PE,81600,Sell,20,169.2,219.2,,-1000
816,25-08-2025, 11:45:00 AM,25-08-2025, 11:49:00 AM,,,,,,,11.99,-1000
816.1,25-08-2025, 11:45:00 AM,25-08-2025, 11:46:00 AM,CE,81600,Sell,20,210,260,,-1000
816.2,25-08-2025, 11:45:00 AM,25-08-2025, 11:49:00 AM,PE,81600,Sell,20,167.55,167.55,,0
817,26-08-2025, 9:45:00 AM,26-08-2025, 11:21:00 AM,,,,,,,12.43,517
817.1,26-08-2025, 9:45:00 AM,26-08-2025, 11:21:00 AM,CE,81000,Sell,20,148,198,,-1000
817.2,26-08-2025, 9:45:00 AM,26-08-2025, 11:02:00 AM,PE,81000,Sell,20,151.7,75.85,,1517
818,26-08-2025, 11:45:00 AM,26-08-2025, 12:43:00 PM,,,,,,,12.22,-113
818.1,26-08-2025, 11:45:00 AM,26-08-2025, 12:42:00 PM,CE,81100,Sell,20,88.75,44.4,,887
818.2,26-08-2025, 11:45:00 AM,26-08-2025, 12:43:00 PM,PE,81100,Sell,20,91.45,141.45,,-1000
819,28-08-2025, 9:45:00 AM,28-08-2025, 10:19:00 AM,,,,,,,12.83,-1000
819.1,28-08-2025, 9:45:00 AM,28-08-2025, 10:05:00 AM,CE,80300,Sell,20,554.65,604.65,,-1000
819.2,28-08-2025, 9:45:00 AM,28-08-2025, 10:19:00 AM,PE,80300,Sell,20,447.2,447.2,,0
820,28-08-2025, 11:45:00 AM,28-08-2025, 3:15:00 PM,,,,,,,12.2,3123
820.1,28-08-2025, 11:45:00 AM,28-08-2025, 3:15:00 PM,CE,80500,Sell,20,577.15,371,,4123
820.2,28-08-2025, 11:45:00 AM,28-08-2025, 12:19:00 PM,PE,80500,Sell,20,427.5,477.5,,-1000
821,29-08-2025, 9:45:00 AM,29-08-2025, 10:22:00 AM,,,,,,,11.96,-1000
821.1,29-08-2025, 9:45:00 AM,29-08-2025, 10:22:00 AM,CE,80100,Sell,20,540.5,540.5,,0
821.2,29-08-2025, 9:45:00 AM,29-08-2025, 10:02:00 AM,PE,80100,Sell,20,368.45,418.45,,-1000
822,29-08-2025, 11:45:00 AM,29-08-2025, 3:15:00 PM,,,,,,,11.75,3561
822.1,29-08-2025, 11:45:00 AM,29-08-2025, 3:15:00 PM,CE,80300,Sell,20,483,254.95,,4561
822.2,29-08-2025, 11:45:00 AM,29-08-2025, 12:03:00 PM,PE,80300,Sell,20,354,404,,-1000
823,01-09-2025, 9:45:00 AM,01-09-2025, 12:28:00 PM,,,,,,,11.65,-1000
823.1,01-09-2025, 9:45:00 AM,01-09-2025, 12:28:00 PM,CE,80200,Sell,20,413.2,413.2,,0
823.2,01-09-2025, 9:45:00 AM,01-09-2025, 10:23:00 AM,PE,80200,Sell,20,290.45,340.45,,-1000
824,01-09-2025, 11:45:00 AM,01-09-2025, 3:15:00 PM,,,,,,,11.5,229
824.1,01-09-2025, 11:45:00 AM,01-09-2025, 12:29:00 PM,CE,80100,Sell,20,429.3,479.3,,-1000
824.2,01-09-2025, 11:45:00 AM,01-09-2025, 3:15:00 PM,PE,80100,Sell,20,240.35,178.9,,1229
825,02-09-2025, 9:45:00 AM,02-09-2025, 1:25:00 PM,,,,,,,11.14,-1000
825.1,02-09-2025, 9:45:00 AM,02-09-2025, 9:54:00 AM,CE,80600,Sell,20,288.95,338.95,,-1000
825.2,02-09-2025, 9:45:00 AM,02-09-2025, 1:25:00 PM,PE,80600,Sell,20,247.15,247.15,,0
826,02-09-2025, 11:45:00 AM,02-09-2025, 1:55:00 PM,,,,,,,11.12,1995
826.1,02-09-2025, 11:45:00 AM,02-09-2025, 1:55:00 PM,CE,80700,Sell,20,299.5,149.75,,2995
826.2,02-09-2025, 11:45:00 AM,02-09-2025, 1:22:00 PM,PE,80700,Sell,20,226.75,276.75,,-1000
827,03-09-2025, 9:45:00 AM,03-09-2025, 12:13:00 PM,,,,,,,11.21,834
827.1,03-09-2025, 9:45:00 AM,03-09-2025, 9:52:00 AM,CE,80000,Sell,20,277.2,327.2,,-1000
827.2,03-09-2025, 9:45:00 AM,03-09-2025, 12:13:00 PM,PE,80000,Sell,20,183.4,91.7,,1834
828,03-09-2025, 11:45:00 AM,03-09-2025, 12:58:00 PM,,,,,,,11.03,-1000
828.1,03-09-2025, 11:45:00 AM,03-09-2025, 12:12:00 PM,CE,80200,Sell,20,206.4,256.4,,-1000
828.2,03-09-2025, 11:45:00 AM,03-09-2025, 12:58:00 PM,PE,80200,Sell,20,209.85,209.85,,0
829,04-09-2025, 9:45:00 AM,04-09-2025, 10:10:00 AM,,,,,,,10.93,-1000
829.1,04-09-2025, 9:45:00 AM,04-09-2025, 9:48:00 AM,CE,81100,Sell,20,187.7,237.7,,-1000
829.2,04-09-2025, 9:45:00 AM,04-09-2025, 10:10:00 AM,PE,81100,Sell,20,131.2,131.2,,0
830,04-09-2025, 11:45:00 AM,04-09-2025, 12:09:00 PM,,,,,,,11.11,-1000
830.1,04-09-2025, 11:45:00 AM,04-09-2025, 12:07:00 PM,CE,81000,Sell,20,140.15,190.15,,-1000
830.2,04-09-2025, 11:45:00 AM,04-09-2025, 12:09:00 PM,PE,81000,Sell,20,160,160,,0
831,05-09-2025, 9:45:00 AM,05-09-2025, 1:59:00 PM,,,,,,,10.55,-1000
831.1,05-09-2025, 9:45:00 AM,05-09-2025, 1:59:00 PM,CE,80800,Sell,20,431.7,431.7,,0
831.2,05-09-2025, 9:45:00 AM,05-09-2025, 10:10:00 AM,PE,80800,Sell,20,296.8,346.8,,-1000
832,05-09-2025, 11:45:00 AM,05-09-2025, 1:16:00 PM,,,,,,,11.1,-1000
832.1,05-09-2025, 11:45:00 AM,05-09-2025, 1:16:00 PM,CE,80500,Sell,20,419.2,419.2,,0
832.2,05-09-2025, 11:45:00 AM,05-09-2025, 12:35:00 PM,PE,80500,Sell,20,362.6,412.6,,-1000
833,08-09-2025, 9:45:00 AM,08-09-2025, 12:36:00 PM,,,,,,,10.88,-1000
833.1,08-09-2025, 9:45:00 AM,08-09-2025, 12:36:00 PM,CE,81000,Sell,20,356.25,356.25,,0
833.2,08-09-2025, 9:45:00 AM,08-09-2025, 10:15:00 AM,PE,81000,Sell,20,288.8,338.8,,-1000
834,08-09-2025, 11:45:00 AM,08-09-2025, 2:49:00 PM,,,,,,,10.9,-1000
834.1,08-09-2025, 11:45:00 AM,08-09-2025, 12:38:00 PM,CE,81000,Sell,20,330.7,380.7,,-1000
834.2,08-09-2025, 11:45:00 AM,08-09-2025, 2:49:00 PM,PE,81000,Sell,20,284.25,284.25,,0
835,09-09-2025, 9:45:00 AM,09-09-2025, 1:35:00 PM,,,,,,,10.85,-1000
835.1,09-09-2025, 9:45:00 AM,09-09-2025, 1:35:00 PM,CE,81100,Sell,20,288.75,288.75,,0
835.2,09-09-2025, 9:45:00 AM,09-09-2025, 10:13:00 AM,PE,81100,Sell,20,260.4,310.4,,-1000
836,09-09-2025, 11:45:00 AM,09-09-2025, 3:15:00 PM,,,,,,,11,925
836.1,09-09-2025, 11:45:00 AM,09-09-2025, 3:15:00 PM,CE,81000,Sell,20,321.75,322,,-5
836.2,09-09-2025, 11:45:00 AM,09-09-2025, 3:15:00 PM,PE,81000,Sell,20,240.55,194.05,,930
837,10-09-2025, 9:45:00 AM,10-09-2025, 1:17:00 PM,,,,,,,10.73,1180
837.1,10-09-2025, 9:45:00 AM,10-09-2025, 1:17:00 PM,CE,81600,Sell,20,218,109,,2180
837.2,10-09-2025, 9:45:00 AM,10-09-2025, 1:16:00 PM,PE,81600,Sell,20,243.05,293.05,,-1000
838,10-09-2025, 11:45:00 AM,10-09-2025, 3:15:00 PM,,,,,,,10.72,80
838.1,10-09-2025, 11:45:00 AM,10-09-2025, 3:15:00 PM,CE,81500,Sell,20,228.25,174.25,,1080
838.2,10-09-2025, 11:45:00 AM,10-09-2025, 1:17:00 PM,PE,81500,Sell,20,193,243,,-1000
839,11-09-2025, 9:45:00 AM,11-09-2025, 12:26:00 PM,,,,,,,10.61,2620
839.1,11-09-2025, 9:45:00 AM,11-09-2025, 11:39:00 AM,CE,81500,Sell,20,123.85,61.9,,1239
839.2,11-09-2025, 9:45:00 AM,11-09-2025, 12:26:00 PM,PE,81500,Sell,20,138.05,69,,1381
840,11-09-2025, 11:45:00 AM,11-09-2025, 12:25:00 PM,,,,,,,10.5,-188
840.1,11-09-2025, 11:45:00 AM,11-09-2025, 12:18:00 PM,CE,81400,Sell,20,113.2,163.2,,-1000
840.2,11-09-2025, 11:45:00 AM,11-09-2025, 12:25:00 PM,PE,81400,Sell,20,81.2,40.6,,812
841,12-09-2025, 9:45:00 AM,12-09-2025, 3:15:00 PM,,,,,,,10.28,832
841.1,12-09-2025, 9:45:00 AM,12-09-2025, 10:15:00 AM,CE,81700,Sell,20,401.15,451.15,,-1000
841.2,12-09-2025, 9:45:00 AM,12-09-2025, 3:15:00 PM,PE,81700,Sell,20,308.35,216.75,,1832
842,12-09-2025, 11:45:00 AM,12-09-2025, 3:15:00 PM,,,,,,,10.16,501
842.1,12-09-2025, 11:45:00 AM,12-09-2025, 3:15:00 PM,CE,81900,Sell,20,419.3,403.55,,315
842.2,12-09-2025, 11:45:00 AM,12-09-2025, 3:15:00 PM,PE,81900,Sell,20,299.25,289.95,,186
843,15-09-2025, 9:45:00 AM,15-09-2025, 3:15:00 PM,,,,,,,10.5,635
843.1,15-09-2025, 9:45:00 AM,15-09-2025, 3:15:00 PM,CE,81900,Sell,20,330.05,309.4,,413
843.2,15-09-2025, 9:45:00 AM,15-09-2025, 3:15:00 PM,PE,81900,Sell,20,291.65,280.55,,222
844,15-09-2025, 11:45:00 AM,15-09-2025, 1:44:00 PM,,,,,,,10.4,-1000
844.1,15-09-2025, 11:45:00 AM,15-09-2025, 12:01:00 PM,CE,81800,Sell,20,372.35,422.35,,-1000
844.2,15-09-2025, 11:45:00 AM,15-09-2025, 1:44:00 PM,PE,81800,Sell,20,242.3,242.3,,0
845,16-09-2025, 9:45:00 AM,16-09-2025, 3:05:00 PM,,,,,,,10.37,1318
845.1,16-09-2025, 9:45:00 AM,16-09-2025, 10:00:00 AM,CE,82000,Sell,20,316.6,366.6,,-1000
845.2,16-09-2025, 9:45:00 AM,16-09-2025, 3:05:00 PM,PE,82000,Sell,20,231.8,115.9,,2318
846,16-09-2025, 11:45:00 AM,16-09-2025, 3:15:00 PM,,,,,,,10.38,683
846.1,16-09-2025, 11:45:00 AM,16-09-2025, 12:34:00 PM,CE,82100,Sell,20,331.55,381.55,,-1000
846.2,16-09-2025, 11:45:00 AM,16-09-2025, 3:15:00 PM,PE,82100,Sell,20,216.55,132.4,,1683
847,17-09-2025, 9:45:00 AM,17-09-2025, 3:15:00 PM,,,,,,,10.18,423
847.1,17-09-2025, 9:45:00 AM,17-09-2025, 3:15:00 PM,CE,82700,Sell,20,220.5,230.45,,-199
847.2,17-09-2025, 9:45:00 AM,17-09-2025, 3:15:00 PM,PE,82700,Sell,20,192.75,161.65,,622
848,17-09-2025, 11:45:00 AM,17-09-2025, 3:15:00 PM,,,,,,,10.2,-204
848.1,17-09-2025, 11:45:00 AM,17-09-2025, 3:15:00 PM,CE,82700,Sell,20,202.25,230.45,,-564
848.2,17-09-2025, 11:45:00 AM,17-09-2025, 3:15:00 PM,PE,82700,Sell,20,179.65,161.65,,360
849,18-09-2025, 9:45:00 AM,18-09-2025, 12:38:00 PM,,,,,,,10.01,-39
849.1,18-09-2025, 9:45:00 AM,18-09-2025, 11:53:00 AM,CE,83100,Sell,20,96.05,48,,961
849.2,18-09-2025, 9:45:00 AM,18-09-2025, 12:38:00 PM,PE,83100,Sell,20,124.35,174.35,,-1000
850,18-09-2025, 11:45:00 AM,18-09-2025, 12:41:00 PM,,,,,,,9.95,115
850.1,18-09-2025, 11:45:00 AM,18-09-2025, 12:41:00 PM,CE,83000,Sell,20,111.5,55.75,,1115
850.2,18-09-2025, 11:45:00 AM,18-09-2025, 12:38:00 PM,PE,83000,Sell,20,59.95,109.95,,-1000
851,19-09-2025, 9:45:00 AM,19-09-2025, 10:25:00 AM,,,,,,,10.1,-1000
851.1,19-09-2025, 9:45:00 AM,19-09-2025, 10:25:00 AM,CE,82700,Sell,20,397.8,397.8,,0
851.2,19-09-2025, 9:45:00 AM,19-09-2025, 10:01:00 AM,PE,82700,Sell,20,320.9,370.9,,-1000
852,19-09-2025, 11:45:00 AM,19-09-2025, 3:15:00 PM,,,,,,,10.12,-241
852.1,19-09-2025, 11:45:00 AM,19-09-2025, 1:28:00 PM,CE,82600,Sell,20,409.15,459.15,,-1000
852.2,19-09-2025, 11:45:00 AM,19-09-2025, 3:15:00 PM,PE,82600,Sell,20,292.5,254.55,,759
853,22-09-2025, 9:45:00 AM,22-09-2025, 3:15:00 PM,,,,,,,10.46,2401
853.1,22-09-2025, 9:45:00 AM,22-09-2025, 3:15:00 PM,CE,82500,Sell,20,392.1,222.05,,3401
853.2,22-09-2025, 9:45:00 AM,22-09-2025, 11:38:00 AM,PE,82500,Sell,20,238.4,288.4,,-1000
854,22-09-2025, 11:45:00 AM,22-09-2025, 3:15:00 PM,,,,,,,10.39,1551
854.1,22-09-2025, 11:45:00 AM,22-09-2025, 3:15:00 PM,CE,82400,Sell,20,393.5,265.95,,2551
854.2,22-09-2025, 11:45:00 AM,22-09-2025, 2:30:00 PM,PE,82400,Sell,20,208.75,258.75,,-1000
855,23-09-2025, 9:45:00 AM,23-09-2025, 12:15:00 PM,,,,,,,10.68,-1000
855.1,23-09-2025, 9:45:00 AM,23-09-2025, 12:15:00 PM,CE,82000,Sell,20,341.15,341.15,,0
855.2,23-09-2025, 9:45:00 AM,23-09-2025, 11:16:00 AM,PE,82000,Sell,20,253.55,303.55,,-1000
856,23-09-2025, 11:45:00 AM,23-09-2025, 12:37:00 PM,,,,,,,10.87,941
856.1,23-09-2025, 11:45:00 AM,23-09-2025, 12:07:00 PM,CE,81800,Sell,20,399.45,449.45,,-1000
856.2,23-09-2025, 11:45:00 AM,23-09-2025, 12:37:00 PM,PE,81800,Sell,20,194.05,97,,1941
857,24-09-2025, 9:45:00 AM,24-09-2025, 10:50:00 AM,,,,,,,10.77,-1000
857.1,24-09-2025, 9:45:00 AM,24-09-2025, 9:59:00 AM,CE,81700,Sell,20,288.55,338.55,,-1000
857.2,24-09-2025, 9:45:00 AM,24-09-2025, 10:50:00 AM,PE,81700,Sell,20,139.75,139.75,,0
858,24-09-2025, 11:45:00 AM,24-09-2025, 1:15:00 PM,,,,,,,10.63,480
858.1,24-09-2025, 11:45:00 AM,24-09-2025, 12:14:00 PM,CE,81700,Sell,20,245.35,295.35,,-1000
858.2,24-09-2025, 11:45:00 AM,24-09-2025, 1:15:00 PM,PE,81700,Sell,20,148,74,,1480
859,25-09-2025, 9:45:00 AM,25-09-2025, 10:37:00 AM,,,,,,,10.55,331
859.1,25-09-2025, 9:45:00 AM,25-09-2025, 10:37:00 AM,CE,81700,Sell,20,133.05,66.5,,1331
859.2,25-09-2025, 9:45:00 AM,25-09-2025, 10:37:00 AM,PE,81700,Sell,20,119.4,169.4,,-1000
860,25-09-2025, 11:45:00 AM,25-09-2025, 1:58:00 PM,,,,,,,10.68,2139
860.1,25-09-2025, 11:45:00 AM,25-09-2025, 1:58:00 PM,CE,81500,Sell,20,126.8,63.4,,1268
860.2,25-09-2025, 11:45:00 AM,25-09-2025, 1:11:00 PM,PE,81500,Sell,20,87.05,43.5,,871
861,26-09-2025, 9:45:00 AM,26-09-2025, 10:08:00 AM,,,,,,,10.99,-1000
861.1,26-09-2025, 9:45:00 AM,26-09-2025, 9:49:00 AM,CE,80800,Sell,20,462.05,512.05,,-1000
861.2,26-09-2025, 9:45:00 AM,26-09-2025, 10:08:00 AM,PE,80800,Sell,20,285.05,285.05,,0
862,26-09-2025, 11:45:00 AM,26-09-2025, 1:21:00 PM,,,,,,,10.93,-1000
862.1,26-09-2025, 11:45:00 AM,26-09-2025, 12:26:00 PM,CE,80700,Sell,20,459.8,509.8,,-1000
862.2,26-09-2025, 11:45:00 AM,26-09-2025, 1:21:00 PM,PE,80700,Sell,20,277.15,277.15,,0
863,29-09-2025, 9:45:00 AM,29-09-2025, 10:55:00 AM,,,,,,,11.32,-1000
863.1,29-09-2025, 9:45:00 AM,29-09-2025, 10:19:00 AM,CE,80700,Sell,20,403.25,453.25,,-1000
863.2,29-09-2025, 9:45:00 AM,29-09-2025, 10:55:00 AM,PE,80700,Sell,20,243,243,,0
864,29-09-2025, 11:45:00 AM,29-09-2025, 1:25:00 PM,,,,,,,11.41,-1000
864.1,29-09-2025, 11:45:00 AM,29-09-2025, 1:25:00 PM,CE,80500,Sell,20,402.6,402.6,,0
864.2,29-09-2025, 11:45:00 AM,29-09-2025, 11:49:00 AM,PE,80500,Sell,20,249.6,299.6,,-1000
865,30-09-2025, 9:45:00 AM,30-09-2025, 10:04:00 AM,,,,,,,11.49,-1000
865.1,30-09-2025, 9:45:00 AM,30-09-2025, 10:02:00 AM,CE,80400,Sell,20,327.4,377.4,,-1000
865.2,30-09-2025, 9:45:00 AM,30-09-2025, 10:04:00 AM,PE,80400,Sell,20,240.2,240.2,,0
866,30-09-2025, 11:45:00 AM,30-09-2025, 1:34:00 PM,,,,,,,11.52,-1000
866.1,30-09-2025, 11:45:00 AM,30-09-2025, 12:23:00 PM,CE,80400,Sell,20,275.95,325.95,,-1000
866.2,30-09-2025, 11:45:00 AM,30-09-2025, 1:34:00 PM,PE,80400,Sell,20,238.15,238.15,,0
867,01-10-2025, 9:45:00 AM,01-10-2025, 10:05:00 AM,,,,,,,10.91,905
867.1,01-10-2025, 9:45:00 AM,01-10-2025, 10:05:00 AM,CE,80500,Sell,20,190.45,95.2,,1905
867.2,01-10-2025, 9:45:00 AM,01-10-2025, 10:04:00 AM,PE,80500,Sell,20,204,254,,-1000
868,01-10-2025, 11:45:00 AM,01-10-2025, 12:25:00 PM,,,,,,,10.75,-1000
868.1,01-10-2025, 11:45:00 AM,01-10-2025, 12:00:00 PM,CE,80800,Sell,20,154.8,204.8,,-1000
868.2,01-10-2025, 11:45:00 AM,01-10-2025, 12:25:00 PM,PE,80800,Sell,20,108.45,108.45,,0
869,03-10-2025, 9:45:00 AM,03-10-2025, 10:11:00 AM,,,,,,,10.43,-1000
869.1,03-10-2025, 9:45:00 AM,03-10-2025, 9:54:00 AM,CE,80900,Sell,20,411.75,461.75,,-1000
869.2,03-10-2025, 9:45:00 AM,03-10-2025, 10:11:00 AM,PE,80900,Sell,20,311.05,311.05,,0
870,03-10-2025, 11:45:00 AM,03-10-2025, 3:15:00 PM,,,,,,,10.29,796
870.1,03-10-2025, 11:45:00 AM,03-10-2025, 2:38:00 PM,CE,81000,Sell,20,401.75,451.75,,-1000
870.2,03-10-2025, 11:45:00 AM,03-10-2025, 3:15:00 PM,PE,81000,Sell,20,315.8,226,,1796
871,06-10-2025, 9:45:00 AM,06-10-2025, 9:55:00 AM,,,,,,,10.36,-1000
871.1,06-10-2025, 9:45:00 AM,06-10-2025, 9:51:00 AM,CE,81400,Sell,20,297.2,347.2,,-1000
871.2,06-10-2025, 9:45:00 AM,06-10-2025, 9:55:00 AM,PE,81400,Sell,20,272.35,272.35,,0
872,06-10-2025, 11:45:00 AM,06-10-2025, 3:15:00 PM,,,,,,,10.35,921
872.1,06-10-2025, 11:45:00 AM,06-10-2025, 12:59:00 PM,CE,81600,Sell,20,327.8,377.8,,-1000
872.2,06-10-2025, 11:45:00 AM,06-10-2025, 3:15:00 PM,PE,81600,Sell,20,254.1,158.05,,1921
873,07-10-2025, 9:45:00 AM,07-10-2025, 11:20:00 AM,,,,,,,10.38,-1000
873.1,07-10-2025, 9:45:00 AM,07-10-2025, 9:49:00 AM,CE,82000,Sell,20,305.8,355.8,,-1000
873.2,07-10-2025, 9:45:00 AM,07-10-2025, 11:20:00 AM,PE,82000,Sell,20,216.05,216.05,,0
874,07-10-2025, 11:45:00 AM,07-10-2025, 1:41:00 PM,,,,,,,10.35,1465
874.1,07-10-2025, 11:45:00 AM,07-10-2025, 12:03:00 PM,CE,82000,Sell,20,268.35,318.35,,-1000
874.2,07-10-2025, 11:45:00 AM,07-10-2025, 1:41:00 PM,PE,82000,Sell,20,246.55,123.3,,2465
875,08-10-2025, 9:45:00 AM,08-10-2025, 10:54:00 AM,,,,,,,10.17,1099
875.1,08-10-2025, 9:45:00 AM,08-10-2025, 10:54:00 AM,CE,82200,Sell,20,209.9,104.95,,2099
875.2,08-10-2025, 9:45:00 AM,08-10-2025, 10:14:00 AM,PE,82200,Sell,20,193.7,243.7,,-1000
876,08-10-2025, 11:45:00 AM,08-10-2025, 12:46:00 PM,,,,,,,10.39,-1000
876.1,08-10-2025, 11:45:00 AM,08-10-2025, 12:46:00 PM,CE,81800,Sell,20,189.35,189.35,,0
876.2,08-10-2025, 11:45:00 AM,08-10-2025, 12:25:00 PM,PE,81800,Sell,20,208.35,258.35,,-1000
877,09-10-2025, 9:45:00 AM,09-10-2025, 10:26:00 AM,,,,,,,10.41,-1000
877.1,09-10-2025, 9:45:00 AM,09-10-2025, 10:26:00 AM,CE,81800,Sell,20,177.15,177.15,,0
877.2,09-10-2025, 9:45:00 AM,09-10-2025, 9:53:00 AM,PE,81800,Sell,20,122.9,172.9,,-1000
878,09-10-2025, 11:45:00 AM,09-10-2025, 12:07:00 PM,,,,,,,10.31,333
878.1,09-10-2025, 11:45:00 AM,09-10-2025, 12:07:00 PM,CE,82100,Sell,20,133.25,66.6,,1333
878.2,09-10-2025, 11:45:00 AM,09-10-2025, 12:06:00 PM,PE,82100,Sell,20,114.55,164.55,,-1000
879,10-10-2025, 9:45:00 AM,10-10-2025, 10:44:00 AM,,,,,,,10.3,-1000
879.1,10-10-2025, 9:45:00 AM,10-10-2025, 10:18:00 AM,CE,82500,Sell,20,417.9,467.9,,-1000
879.2,10-10-2025, 9:45:00 AM,10-10-2025, 10:44:00 AM,PE,82500,Sell,20,309,309,,0
880,10-10-2025, 11:45:00 AM,10-10-2025, 3:15:00 PM,,,,,,,10.21,-730
880.1,10-10-2025, 11:45:00 AM,10-10-2025, 1:02:00 PM,CE,82500,Sell,20,502.7,552.7,,-1000
880.2,10-10-2025, 11:45:00 AM,10-10-2025, 3:15:00 PM,PE,82500,Sell,20,272,258.5,,270
881,13-10-2025, 9:45:00 AM,13-10-2025, 10:31:00 AM,,,,,,,11.13,-1000
881.1,13-10-2025, 9:45:00 AM,13-10-2025, 10:31:00 AM,CE,82300,Sell,20,365.55,365.55,,0
881.2,13-10-2025, 9:45:00 AM,13-10-2025, 10:07:00 AM,PE,82300,Sell,20,345.15,395.15,,-1000
882,13-10-2025, 11:45:00 AM,13-10-2025, 3:15:00 PM,,,,,,,11.14,796
882.1,13-10-2025, 11:45:00 AM,13-10-2025, 1:00:00 PM,CE,82200,Sell,20,350.25,400.25,,-1000
882.2,13-10-2025, 11:45:00 AM,13-10-2025, 3:15:00 PM,PE,82200,Sell,20,344.6,254.8,,1796
883,14-10-2025, 9:45:00 AM,14-10-2025, 12:10:00 PM,,,,,,,11,3580
883.1,14-10-2025, 9:45:00 AM,14-10-2025, 12:10:00 PM,CE,82300,Sell,20,458,229,,4580
883.2,14-10-2025, 9:45:00 AM,14-10-2025, 10:03:00 AM,PE,82300,Sell,20,217.15,267.15,,-1000
884,14-10-2025, 11:45:00 AM,14-10-2025, 2:34:00 PM,,,,,,,11.43,-1000
884.1,14-10-2025, 11:45:00 AM,14-10-2025, 2:34:00 PM,CE,82100,Sell,20,358.35,358.35,,0
884.2,14-10-2025, 11:45:00 AM,14-10-2025, 12:11:00 PM,PE,82100,Sell,20,307.1,357.1,,-1000
885,15-10-2025, 9:45:00 AM,15-10-2025, 10:41:00 AM,,,,,,,10.76,639
885.1,15-10-2025, 9:45:00 AM,15-10-2025, 10:16:00 AM,CE,82200,Sell,20,323.5,373.5,,-1000
885.2,15-10-2025, 9:45:00 AM,15-10-2025, 10:41:00 AM,PE,82200,Sell,20,163.95,82,,1639
886,15-10-2025, 11:45:00 AM,15-10-2025, 3:15:00 PM,,,,,,,10.6,80
886.1,15-10-2025, 11:45:00 AM,15-10-2025, 1:18:00 PM,CE,82500,Sell,20,268.2,318.2,,-1000
886.2,15-10-2025, 11:45:00 AM,15-10-2025, 3:15:00 PM,PE,82500,Sell,20,155.85,101.85,,1080
887,16-10-2025, 9:45:00 AM,16-10-2025, 12:22:00 PM,,,,,,,10.46,377
887.1,16-10-2025, 9:45:00 AM,16-10-2025, 12:22:00 PM,CE,83000,Sell,20,124.5,174.5,,-1000
887.2,16-10-2025, 9:45:00 AM,16-10-2025, 11:01:00 AM,PE,83000,Sell,20,137.7,68.85,,1377
888,16-10-2025, 11:45:00 AM,16-10-2025, 12:21:00 PM,,,,,,,10.61,-126
888.1,16-10-2025, 11:45:00 AM,16-10-2025, 12:21:00 PM,CE,83000,Sell,20,118.05,168.05,,-1000
888.2,16-10-2025, 11:45:00 AM,16-10-2025, 12:21:00 PM,PE,83000,Sell,20,87.4,43.7,,874
889,17-10-2025, 9:45:00 AM,17-10-2025, 10:03:00 AM,,,,,,,11.26,-1000
889.1,17-10-2025, 9:45:00 AM,17-10-2025, 10:03:00 AM,CE,83600,Sell,20,461.8,461.8,,0
889.2,17-10-2025, 9:45:00 AM,17-10-2025, 9:50:00 AM,PE,83600,Sell,20,366.35,416.35,,-1000
890,17-10-2025, 11:45:00 AM,17-10-2025, 12:42:00 PM,,,,,,,11.37,-1000
890.1,17-10-2025, 11:45:00 AM,17-10-2025, 12:27:00 PM,CE,84000,Sell,20,535.55,585.55,,-1000
890.2,17-10-2025, 11:45:00 AM,17-10-2025, 12:42:00 PM,PE,84000,Sell,20,364.55,364.55,,0
891,20-10-2025, 9:45:00 AM,20-10-2025, 9:49:00 AM,,,,,,,11.66,-1000
891.1,20-10-2025, 9:45:00 AM,20-10-2025, 9:49:00 AM,CE,84400,Sell,20,413.05,413.05,,0
891.2,20-10-2025, 9:45:00 AM,20-10-2025, 9:47:00 AM,PE,84400,Sell,20,328.25,378.25,,-1000
892,20-10-2025, 11:45:00 AM,20-10-2025, 2:29:00 PM,,,,,,,11.64,-1000
892.1,20-10-2025, 11:45:00 AM,20-10-2025, 12:51:00 PM,CE,84400,Sell,20,366.1,416.1,,-1000
892.2,20-10-2025, 11:45:00 AM,20-10-2025, 2:29:00 PM,PE,84400,Sell,20,277.5,277.5,,0
893,23-10-2025, 9:45:00 AM,23-10-2025, 10:09:00 AM,,,,,,,12,-1000
893.1,23-10-2025, 9:45:00 AM,23-10-2025, 10:09:00 AM,CE,85200,Sell,20,180.9,180.9,,0
893.2,23-10-2025, 9:45:00 AM,23-10-2025, 9:58:00 AM,PE,85200,Sell,20,166,216,,-1000
894,23-10-2025, 11:45:00 AM,23-10-2025, 12:23:00 PM,,,,,,,11.83,-61
894.1,23-10-2025, 11:45:00 AM,23-10-2025, 12:00:00 PM,CE,85100,Sell,20,137.85,187.85,,-1000
894.2,23-10-2025, 11:45:00 AM,23-10-2025, 12:23:00 PM,PE,85100,Sell,20,93.95,47,,939
895,24-10-2025, 9:45:00 AM,24-10-2025, 1:30:00 PM,,,,,,,11.77,4761
895.1,24-10-2025, 9:45:00 AM,24-10-2025, 1:30:00 PM,CE,84600,Sell,20,576.15,288.1,,5761
895.2,24-10-2025, 9:45:00 AM,24-10-2025, 9:51:00 AM,PE,84600,Sell,20,396.25,446.25,,-1000
896,24-10-2025, 11:45:00 AM,24-10-2025, 12:31:00 PM,,,,,,,11.72,-1000
896.1,24-10-2025, 11:45:00 AM,24-10-2025, 12:26:00 PM,CE,84400,Sell,20,533.15,583.15,,-1000
896.2,24-10-2025, 11:45:00 AM,24-10-2025, 12:31:00 PM,PE,84400,Sell,20,370.3,370.3,,0
897,27-10-2025, 9:45:00 AM,27-10-2025, 1:19:00 PM,,,,,,,12.31,-1000
897.1,27-10-2025, 9:45:00 AM,27-10-2025, 10:08:00 AM,CE,84700,Sell,20,549.7,599.7,,-1000
897.2,27-10-2025, 9:45:00 AM,27-10-2025, 1:19:00 PM,PE,84700,Sell,20,340.8,340.8,,0
898,27-10-2025, 11:45:00 AM,27-10-2025, 1:18:00 PM,,,,,,,12.57,-1000
898.1,27-10-2025, 11:45:00 AM,27-10-2025, 11:57:00 AM,CE,84800,Sell,20,494.9,544.9,,-1000
898.2,27-10-2025, 11:45:00 AM,27-10-2025, 1:18:00 PM,PE,84800,Sell,20,362.25,362.25,,0
899,28-10-2025, 9:45:00 AM,28-10-2025, 10:56:00 AM,,,,,,,12.38,4055
899.1,28-10-2025, 9:45:00 AM,28-10-2025, 10:56:00 AM,CE,84900,Sell,20,505.5,252.75,,5055
899.2,28-10-2025, 9:45:00 AM,28-10-2025, 9:53:00 AM,PE,84900,Sell,20,343.35,393.35,,-1000
900,28-10-2025, 11:45:00 AM,28-10-2025, 12:26:00 PM,,,,,,,12.42,-1000
900.1,28-10-2025, 11:45:00 AM,28-10-2025, 12:26:00 PM,CE,84400,Sell,20,502.25,502.25,,0
900.2,28-10-2025, 11:45:00 AM,28-10-2025, 12:07:00 PM,PE,84400,Sell,20,316,366,,-1000
901,29-10-2025, 9:45:00 AM,29-10-2025, 9:49:00 AM,,,,,,,12.01,-1000
901.1,29-10-2025, 9:45:00 AM,29-10-2025, 9:48:00 AM,CE,84700,Sell,20,375.65,425.65,,-1000
901.2,29-10-2025, 9:45:00 AM,29-10-2025, 9:49:00 AM,PE,84700,Sell,20,213.75,213.75,,0
902,29-10-2025, 11:45:00 AM,29-10-2025, 2:04:00 PM,,,,,,,11.98,-1000
902.1,29-10-2025, 11:45:00 AM,29-10-2025, 12:29:00 PM,CE,84900,Sell,20,361.7,411.7,,-1000
902.2,29-10-2025, 11:45:00 AM,29-10-2025, 2:04:00 PM,PE,84900,Sell,20,180.85,180.85,,0
903,30-10-2025, 9:45:00 AM,30-10-2025, 10:06:00 AM,,,,,,,12.17,-1000
903.1,30-10-2025, 9:45:00 AM,30-10-2025, 10:06:00 AM,CE,84600,Sell,20,187.3,187.3,,0
903.2,30-10-2025, 9:45:00 AM,30-10-2025, 9:56:00 AM,PE,84600,Sell,20,181.9,231.9,,-1000
904,30-10-2025, 11:45:00 AM,30-10-2025, 1:25:00 PM,,,,,,,12.03,329
904.1,30-10-2025, 11:45:00 AM,30-10-2025, 1:25:00 PM,CE,84600,Sell,20,132.95,66.5,,1329
904.2,30-10-2025, 11:45:00 AM,30-10-2025, 11:56:00 AM,PE,84600,Sell,20,113.85,163.85,,-1000
905,31-10-2025, 9:45:00 AM,31-10-2025, 1:29:00 PM,,,,,,,12.01,4385
905.1,31-10-2025, 9:45:00 AM,31-10-2025, 1:29:00 PM,CE,84600,Sell,20,538.5,269.25,,5385
905.2,31-10-2025, 9:45:00 AM,31-10-2025, 10:05:00 AM,PE,84600,Sell,20,363.4,413.4,,-1000
906,31-10-2025, 11:45:00 AM,31-10-2025, 3:15:00 PM,,,,,,,12.07,546
906.1,31-10-2025, 11:45:00 AM,31-10-2025, 3:15:00 PM,CE,84200,Sell,20,515.7,438.4,,1546
906.2,31-10-2025, 11:45:00 AM,31-10-2025, 1:28:00 PM,PE,84200,Sell,20,368.15,418.15,,-1000
907,03-11-2025, 9:45:00 AM,03-11-2025, 10:04:00 AM,,,,,,,12.6,-1000
907.1,03-11-2025, 9:45:00 AM,03-11-2025, 9:48:00 AM,CE,83900,Sell,20,465.15,515.15,,-1000
907.2,03-11-2025, 9:45:00 AM,03-11-2025, 10:04:00 AM,PE,83900,Sell,20,345.3,345.3,,0
908,03-11-2025, 11:45:00 AM,03-11-2025, 3:15:00 PM,,,,,,,12.56,99
908.1,03-11-2025, 11:45:00 AM,03-11-2025, 1:17:00 PM,CE,83900,Sell,20,434.05,484.05,,-1000
908.2,03-11-2025, 11:45:00 AM,03-11-2025, 3:15:00 PM,PE,83900,Sell,20,325.3,270.35,,1099
909,04-11-2025, 9:45:00 AM,04-11-2025, 10:02:00 AM,,,,,,,12.85,-1000
909.1,04-11-2025, 9:45:00 AM,04-11-2025, 10:02:00 AM,CE,83900,Sell,20,312.6,312.6,,0
909.2,04-11-2025, 9:45:00 AM,04-11-2025, 9:48:00 AM,PE,83900,Sell,20,318.35,368.35,,-1000
910,04-11-2025, 11:45:00 AM,04-11-2025, 3:15:00 PM,,,,,,,12.74,1318
910.1,04-11-2025, 11:45:00 AM,04-11-2025, 3:15:00 PM,CE,83700,Sell,20,305.8,189.9,,2318
910.2,04-11-2025, 11:45:00 AM,04-11-2025, 2:13:00 PM,PE,83700,Sell,20,268.85,318.85,,-1000
911,06-11-2025, 9:45:00 AM,06-11-2025, 10:09:00 AM,,,,,,,12.55,-1000
911.1,06-11-2025, 9:45:00 AM,06-11-2025, 9:59:00 AM,CE,83600,Sell,20,145.8,195.8,,-1000
911.2,06-11-2025, 9:45:00 AM,06-11-2025, 10:09:00 AM,PE,83600,Sell,20,145.65,145.65,,0
912,06-11-2025, 11:45:00 AM,06-11-2025, 12:08:00 PM,,,,,,,12.5,235
912.1,06-11-2025, 11:45:00 AM,06-11-2025, 12:00:00 PM,CE,83400,Sell,20,96.1,146.1,,-1000
912.2,06-11-2025, 11:45:00 AM,06-11-2025, 12:08:00 PM,PE,83400,Sell,20,123.45,61.7,,1235
913,07-11-2025, 9:45:00 AM,07-11-2025, 9:55:00 AM,,,,,,,12.46,-1000
913.1,07-11-2025, 9:45:00 AM,07-11-2025, 9:48:00 AM,CE,82800,Sell,20,493.1,543.1,,-1000
913.2,07-11-2025, 9:45:00 AM,07-11-2025, 9:55:00 AM,PE,82800,Sell,20,396.95,396.95,,0
914,07-11-2025, 11:45:00 AM,07-11-2025, 3:15:00 PM,,,,,,,12.34,50
914.1,07-11-2025, 11:45:00 AM,07-11-2025, 12:46:00 PM,CE,83100,Sell,20,475.8,525.8,,-1000
914.2,07-11-2025, 11:45:00 AM,07-11-2025, 3:15:00 PM,PE,83100,Sell,20,387.05,334.55,,1050
915,10-11-2025, 9:45:00 AM,10-11-2025, 3:15:00 PM,,,,,,,12.68,1010
915.1,10-11-2025, 9:45:00 AM,10-11-2025, 9:49:00 AM,CE,83400,Sell,20,425.4,475.4,,-1000
915.2,10-11-2025, 9:45:00 AM,10-11-2025, 3:15:00 PM,PE,83400,Sell,20,342.45,241.95,,2010
916,10-11-2025, 11:45:00 AM,10-11-2025, 2:26:00 PM,,,,,,,12.46,-1000
916.1,10-11-2025, 11:45:00 AM,10-11-2025, 2:26:00 PM,CE,83700,Sell,20,387.55,387.55,,0
916.2,10-11-2025, 11:45:00 AM,10-11-2025, 1:48:00 PM,PE,83700,Sell,20,329.75,379.75,,-1000
917,11-11-2025, 9:45:00 AM,11-11-2025, 10:10:00 AM,,,,,,,12.68,-1000
917.1,11-11-2025, 9:45:00 AM,11-11-2025, 10:10:00 AM,CE,83400,Sell,20,379.6,379.6,,0
917.2,11-11-2025, 9:45:00 AM,11-11-2025, 9:51:00 AM,PE,83400,Sell,20,312.55,362.55,,-1000
918,11-11-2025, 11:45:00 AM,11-11-2025, 1:33:00 PM,,,,,,,12.64,2017
918.1,11-11-2025, 11:45:00 AM,11-11-2025, 11:54:00 AM,CE,83300,Sell,20,355.65,405.65,,-1000
918.2,11-11-2025, 11:45:00 AM,11-11-2025, 1:33:00 PM,PE,83300,Sell,20,301.7,150.85,,3017
919,12-11-2025, 9:45:00 AM,12-11-2025, 1:22:00 PM,,,,,,,11.95,1331
919.1,12-11-2025, 9:45:00 AM,12-11-2025, 10:41:00 AM,CE,84400,Sell,20,235.55,285.55,,-1000
919.2,12-11-2025, 9:45:00 AM,12-11-2025, 1:22:00 PM,PE,84400,Sell,20,233.1,116.55,,2331
920,12-11-2025, 11:45:00 AM,12-11-2025, 2:23:00 PM,,,,,,,11.85,-1000
920.1,12-11-2025, 11:45:00 AM,12-11-2025, 12:38:00 PM,CE,84500,Sell,20,241,291,,-1000
920.2,12-11-2025, 11:45:00 AM,12-11-2025, 2:23:00 PM,PE,84500,Sell,20,197.85,197.85,,0
921,13-11-2025, 9:45:00 AM,13-11-2025, 10:10:00 AM,,,,,,,11.96,420
921.1,13-11-2025, 9:45:00 AM,13-11-2025, 9:51:00 AM,CE,84400,Sell,20,157.85,207.85,,-1000
921.2,13-11-2025, 9:45:00 AM,13-11-2025, 10:10:00 AM,PE,84400,Sell,20,142,71,,1420
922,13-11-2025, 11:45:00 AM,13-11-2025, 12:21:00 PM,,,,,,,12,-2
922.1,13-11-2025, 11:45:00 AM,13-11-2025, 12:08:00 PM,CE,84700,Sell,20,161.4,211.4,,-1000
922.2,13-11-2025, 11:45:00 AM,13-11-2025, 12:21:00 PM,PE,84700,Sell,20,99.8,49.9,,998
923,14-11-2025, 9:45:00 AM,14-11-2025, 11:00:00 AM,,,,,,,12.09,-1000
923.1,14-11-2025, 9:45:00 AM,14-11-2025, 11:00:00 AM,CE,84400,Sell,20,605,605,,0
923.2,14-11-2025, 9:45:00 AM,14-11-2025, 9:52:00 AM,PE,84400,Sell,20,448.65,498.65,,-1000
924,14-11-2025, 11:45:00 AM,14-11-2025, 1:40:00 PM,,,,,,,12.18,-1000
924.1,14-11-2025, 11:45:00 AM,14-11-2025, 12:12:00 PM,CE,84200,Sell,20,583.3,633.3,,-1000
924.2,14-11-2025, 11:45:00 AM,14-11-2025, 1:40:00 PM,PE,84200,Sell,20,432.85,432.85,,0
925,17-11-2025, 9:45:00 AM,17-11-2025, 12:36:00 PM,,,,,,,12.02,-1000
925.1,17-11-2025, 9:45:00 AM,17-11-2025, 12:36:00 PM,CE,84800,Sell,20,460.7,460.7,,0
925.2,17-11-2025, 9:45:00 AM,17-11-2025, 10:29:00 AM,PE,84800,Sell,20,346.15,396.15,,-1000
926,17-11-2025, 11:45:00 AM,17-11-2025, 3:15:00 PM,,,,,,,11.9,87
926.1,17-11-2025, 11:45:00 AM,17-11-2025, 11:58:00 AM,CE,84700,Sell,20,458.45,508.45,,-1000
926.2,17-11-2025, 11:45:00 AM,17-11-2025, 3:15:00 PM,PE,84700,Sell,20,307.1,252.75,,1087
927,18-11-2025, 9:45:00 AM,18-11-2025, 11:16:00 AM,,,,,,,11.96,-1000
927.1,18-11-2025, 9:45:00 AM,18-11-2025, 11:16:00 AM,CE,84800,Sell,20,342,342,,0
927.2,18-11-2025, 9:45:00 AM,18-11-2025, 9:51:00 AM,PE,84800,Sell,20,363.8,413.8,,-1000
928,18-11-2025, 11:45:00 AM,18-11-2025, 12:16:00 PM,,,,,,,12.05,-1000
928.1,18-11-2025, 11:45:00 AM,18-11-2025, 11:48:00 AM,CE,84800,Sell,20,366.05,416.05,,-1000
928.2,18-11-2025, 11:45:00 AM,18-11-2025, 12:16:00 PM,PE,84800,Sell,20,309.4,309.4,,0
929,19-11-2025, 9:45:00 AM,19-11-2025, 12:07:00 PM,,,,,,,11.95,1436
929.1,19-11-2025, 9:45:00 AM,19-11-2025, 10:13:00 AM,CE,84700,Sell,20,252.25,302.25,,-1000
929.2,19-11-2025, 9:45:00 AM,19-11-2025, 12:07:00 PM,PE,84700,Sell,20,243.6,121.8,,2436
930,19-11-2025, 11:45:00 AM,19-11-2025, 3:15:00 PM,,,,,,,11.76,785
930.1,19-11-2025, 11:45:00 AM,19-11-2025, 12:02:00 PM,CE,84900,Sell,20,218.85,268.85,,-1000
930.2,19-11-2025, 11:45:00 AM,19-11-2025, 3:15:00 PM,PE,84900,Sell,20,229.5,140.25,,1785
931,20-11-2025, 9:45:00 AM,20-11-2025, 10:30:00 AM,,,,,,,11.98,855
931.1,20-11-2025, 9:45:00 AM,20-11-2025, 10:14:00 AM,CE,85300,Sell,20,143.95,193.95,,-1000
931.2,20-11-2025, 9:45:00 AM,20-11-2025, 10:30:00 AM,PE,85300,Sell,20,185.45,92.7,,1855
932,20-11-2025, 11:45:00 AM,20-11-2025, 12:25:00 PM,,,,,,,11.81,-1000
932.1,20-11-2025, 11:45:00 AM,20-11-2025, 12:25:00 PM,CE,85500,Sell,20,110.45,110.45,,0
932.2,20-11-2025, 11:45:00 AM,20-11-2025, 11:53:00 AM,PE,85500,Sell,20,116.95,166.95,,-1000
933,21-11-2025, 9:45:00 AM,21-11-2025, 12:19:00 PM,,,,,,,13.69,-1000
933.1,21-11-2025, 9:45:00 AM,21-11-2025, 12:19:00 PM,CE,85500,Sell,20,500,500,,0
933.2,21-11-2025, 9:45:00 AM,21-11-2025, 9:56:00 AM,PE,85500,Sell,20,466.65,516.65,,-1000
934,21-11-2025, 11:45:00 AM,21-11-2025, 2:53:00 PM,,,,,,,13.68,-1000
934.1,21-11-2025, 11:45:00 AM,21-11-2025, 12:13:00 PM,CE,85300,Sell,20,535.55,585.55,,-1000
934.2,21-11-2025, 11:45:00 AM,21-11-2025, 2:53:00 PM,PE,85300,Sell,20,420.3,420.3,,0
935,24-11-2025, 9:45:00 AM,24-11-2025, 11:58:00 AM,,,,,,,13.04,-1000
935.1,24-11-2025, 9:45:00 AM,24-11-2025, 10:09:00 AM,CE,85300,Sell,20,441.1,491.1,,-1000
935.2,24-11-2025, 9:45:00 AM,24-11-2025, 11:58:00 AM,PE,85300,Sell,20,367.4,367.4,,0
936,24-11-2025, 11:45:00 AM,24-11-2025, 3:15:00 PM,,,,,,,12.88,2484
936.1,24-11-2025, 11:45:00 AM,24-11-2025, 3:15:00 PM,CE,85400,Sell,20,436.25,262.05,,3484
936.2,24-11-2025, 11:45:00 AM,24-11-2025, 11:52:00 AM,PE,85400,Sell,20,310.35,360.35,,-1000
937,25-11-2025, 9:45:00 AM,25-11-2025, 10:55:00 AM,,,,,,,12.24,-1000
937.1,25-11-2025, 9:45:00 AM,25-11-2025, 10:00:00 AM,CE,84900,Sell,20,415.55,465.55,,-1000
937.2,25-11-2025, 9:45:00 AM,25-11-2025, 10:55:00 AM,PE,84900,Sell,20,284.85,284.85,,0
938,25-11-2025, 11:45:00 AM,25-11-2025, 2:40:00 PM,,,,,,,12.56,-1000
938.1,25-11-2025, 11:45:00 AM,25-11-2025, 11:56:00 AM,CE,84800,Sell,20,395,445,,-1000
938.2,25-11-2025, 11:45:00 AM,25-11-2025, 2:40:00 PM,PE,84800,Sell,20,277.6,277.6,,0
939,26-11-2025, 9:45:00 AM,26-11-2025, 10:48:00 AM,,,,,,,11.83,951
939.1,26-11-2025, 9:45:00 AM,26-11-2025, 9:51:00 AM,CE,85000,Sell,20,293,343,,-1000
939.2,26-11-2025, 9:45:00 AM,26-11-2025, 10:48:00 AM,PE,85000,Sell,20,195.1,97.55,,1951
940,26-11-2025, 11:45:00 AM,26-11-2025, 3:07:00 PM,,,,,,,11.97,1627
940.1,26-11-2025, 11:45:00 AM,26-11-2025, 12:00:00 PM,CE,85400,Sell,20,189.25,239.25,,-1000
940.2,26-11-2025, 11:45:00 AM,26-11-2025, 3:07:00 PM,PE,85400,Sell,20,262.65,131.3,,2627
941,27-11-2025, 9:45:00 AM,27-11-2025, 10:00:00 AM,,,,,,,12.06,197
941.1,27-11-2025, 9:45:00 AM,27-11-2025, 9:57:00 AM,CE,85700,Sell,20,206.85,256.85,,-1000
941.2,27-11-2025, 9:45:00 AM,27-11-2025, 10:00:00 AM,PE,85700,Sell,20,119.65,59.8,,1197
942,27-11-2025, 11:45:00 AM,27-11-2025, 12:07:00 PM,,,,,,,12.05,223
942.1,27-11-2025, 11:45:00 AM,27-11-2025, 12:07:00 PM,CE,85900,Sell,20,122.3,61.15,,1223
942.2,27-11-2025, 11:45:00 AM,27-11-2025, 11:48:00 AM,PE,85900,Sell,20,107.2,157.2,,-1000
943,28-11-2025, 9:45:00 AM,28-11-2025, 10:25:00 AM,,,,,,,11.23,-1000
943.1,28-11-2025, 9:45:00 AM,28-11-2025, 9:55:00 AM,CE,85800,Sell,20,474.6,524.6,,-1000
943.2,28-11-2025, 9:45:00 AM,28-11-2025, 10:25:00 AM,PE,85800,Sell,20,381.8,381.8,,0
944,28-11-2025, 11:45:00 AM,28-11-2025, 3:15:00 PM,,,,,,,11.24,245
944.1,28-11-2025, 11:45:00 AM,28-11-2025, 3:15:00 PM,CE,85900,Sell,20,439,376.75,,1245
944.2,28-11-2025, 11:45:00 AM,28-11-2025, 12:28:00 PM,PE,85900,Sell,20,388.35,438.35,,-1000
945,01-12-2025, 9:45:00 AM,01-12-2025, 2:53:00 PM,,,,,,,11.69,3191
945.1,01-12-2025, 9:45:00 AM,01-12-2025, 2:53:00 PM,CE,86000,Sell,20,419.15,209.6,,4191
945.2,01-12-2025, 9:45:00 AM,01-12-2025, 10:51:00 AM,PE,86000,Sell,20,310.95,360.95,,-1000
946,01-12-2025, 11:45:00 AM,01-12-2025, 11:58:00 AM,,,,,,,11.51,-1000
946.1,01-12-2025, 11:45:00 AM,01-12-2025, 11:58:00 AM,CE,85800,Sell,20,377.75,377.75,,0
946.2,01-12-2025, 11:45:00 AM,01-12-2025, 11:47:00 AM,PE,85800,Sell,20,346.25,396.25,,-1000
947,02-12-2025, 9:45:00 AM,02-12-2025, 3:15:00 PM,,,,,,,11.28,1117
947.1,02-12-2025, 9:45:00 AM,02-12-2025, 3:15:00 PM,CE,85300,Sell,20,385,279.15,,2117
947.2,02-12-2025, 9:45:00 AM,02-12-2025, 2:38:00 PM,PE,85300,Sell,20,275.4,325.4,,-1000
948,02-12-2025, 11:45:00 AM,02-12-2025, 3:15:00 PM,,,,,,,11.7,177
948.1,02-12-2025, 11:45:00 AM,02-12-2025, 3:15:00 PM,CE,85300,Sell,20,338,279.15,,1177
948.2,02-12-2025, 11:45:00 AM,02-12-2025, 2:38:00 PM,PE,85300,Sell,20,286.2,336.2,,-1000
949,03-12-2025, 9:45:00 AM,03-12-2025, 3:01:00 PM,,,,,,,11.09,1123
949.1,03-12-2025, 9:45:00 AM,03-12-2025, 3:01:00 PM,CE,84900,Sell,20,276.6,326.6,,-1000
949.2,03-12-2025, 9:45:00 AM,03-12-2025, 3:01:00 PM,PE,84900,Sell,20,212.3,106.15,,2123
950,03-12-2025, 11:45:00 AM,03-12-2025, 3:11:00 PM,,,,,,,10.98,877
950.1,03-12-2025, 11:45:00 AM,03-12-2025, 3:01:00 PM,CE,84900,Sell,20,248.15,298.15,,-1000
950.2,03-12-2025, 11:45:00 AM,03-12-2025, 3:11:00 PM,PE,84900,Sell,20,187.65,93.8,,1877
951,04-12-2025, 9:45:00 AM,04-12-2025, 10:30:00 AM,,,,,,,11.15,611
951.1,04-12-2025, 9:45:00 AM,04-12-2025, 10:23:00 AM,CE,85300,Sell,20,114.2,164.2,,-1000
951.2,04-12-2025, 9:45:00 AM,04-12-2025, 10:30:00 AM,PE,85300,Sell,20,161.05,80.5,,1611
952,04-12-2025, 11:45:00 AM,04-12-2025, 12:46:00 PM,,,,,,,11.05,293
952.1,04-12-2025, 11:45:00 AM,04-12-2025, 12:46:00 PM,CE,85200,Sell,20,129.3,64.65,,1293
952.2,04-12-2025, 11:45:00 AM,04-12-2025, 12:46:00 PM,PE,85200,Sell,20,105.25,155.25,,-1000
953,05-12-2025, 9:45:00 AM,05-12-2025, 10:31:00 AM,,,,,,,10.75,-1015
953.1,05-12-2025, 9:45:00 AM,05-12-2025, 10:05:00 AM,CE,85300,Sell,20,471.75,522.5,,-1015
953.2,05-12-2025, 9:45:00 AM,05-12-2025, 10:31:00 AM,PE,85300,Sell,20,371.3,371.3,,0
954,05-12-2025, 11:45:00 AM,05-12-2025, 2:34:00 PM,,,,,,,10.59,-1000
954.1,05-12-2025, 11:45:00 AM,05-12-2025, 12:27:00 PM,CE,85600,Sell,20,454.95,504.95,,-1000
954.2,05-12-2025, 11:45:00 AM,05-12-2025, 2:34:00 PM,PE,85600,Sell,20,320,320,,0
955,08-12-2025, 9:45:00 AM,08-12-2025, 1:28:00 PM,,,,,,,10.74,3769
955.1,08-12-2025, 9:45:00 AM,08-12-2025, 1:28:00 PM,CE,85500,Sell,20,476.9,238.45,,4769
955.2,08-12-2025, 9:45:00 AM,08-12-2025, 9:49:00 AM,PE,85500,Sell,20,283.8,333.8,,-1000
956,08-12-2025, 11:45:00 AM,08-12-2025, 2:18:00 PM,,,,,,,10.61,3171
956.1,08-12-2025, 11:45:00 AM,08-12-2025, 2:18:00 PM,CE,85400,Sell,20,417.05,208.5,,4171
956.2,08-12-2025, 11:45:00 AM,08-12-2025, 12:29:00 PM,PE,85400,Sell,20,298,348,,-1000
957,09-12-2025, 9:45:00 AM,09-12-2025, 10:03:00 AM,,,,,,,11.68,-1000
957.1,09-12-2025, 9:45:00 AM,09-12-2025, 10:03:00 AM,CE,84500,Sell,20,390.95,390.95,,0
957.2,09-12-2025, 9:45:00 AM,09-12-2025, 9:55:00 AM,PE,84500,Sell,20,294.7,344.7,,-1000
958,09-12-2025, 11:45:00 AM,09-12-2025, 2:25:00 PM,,,,,,,11.3,-1000
958.1,09-12-2025, 11:45:00 AM,09-12-2025, 11:58:00 AM,CE,84700,Sell,20,326.5,376.5,,-1000
958.2,09-12-2025, 11:45:00 AM,09-12-2025, 2:25:00 PM,PE,84700,Sell,20,287.1,287.1,,0
959,10-12-2025, 9:45:00 AM,10-12-2025, 10:04:00 AM,,,,,,,10.81,-1000
959.1,10-12-2025, 9:45:00 AM,10-12-2025, 10:04:00 AM,CE,84900,Sell,20,265.8,265.8,,0
959.2,10-12-2025, 9:45:00 AM,10-12-2025, 10:00:00 AM,PE,84900,Sell,20,221.9,271.9,,-1000
960,10-12-2025, 11:45:00 AM,10-12-2025, 1:30:00 PM,,,,,,,10.91,-1000
960.1,10-12-2025, 11:45:00 AM,10-12-2025, 1:30:00 PM,CE,84700,Sell,20,218.05,218.05,,0
960.2,10-12-2025, 11:45:00 AM,10-12-2025, 12:31:00 PM,PE,84700,Sell,20,252.55,302.55,,-1000
961,11-12-2025, 9:45:00 AM,11-12-2025, 9:58:00 AM,,,,,,,10.84,-1000
961.1,11-12-2025, 9:45:00 AM,11-12-2025, 9:50:00 AM,CE,84200,Sell,20,187.65,237.65,,-1000
961.2,11-12-2025, 9:45:00 AM,11-12-2025, 9:58:00 AM,PE,84200,Sell,20,162.45,162.45,,0
962,11-12-2025, 11:45:00 AM,11-12-2025, 12:05:00 PM,,,,,,,10.63,405
962.1,11-12-2025, 11:45:00 AM,11-12-2025, 12:02:00 PM,CE,84600,Sell,20,128.2,178.2,,-1000
962.2,11-12-2025, 11:45:00 AM,11-12-2025, 12:05:00 PM,PE,84600,Sell,20,140.45,70.2,,1405
963,12-12-2025, 9:45:00 AM,12-12-2025, 3:15:00 PM,,,,,,,10.11,21
963.1,12-12-2025, 9:45:00 AM,12-12-2025, 3:15:00 PM,CE,85200,Sell,20,506.8,455.75,,1021
963.2,12-12-2025, 9:45:00 AM,12-12-2025, 10:09:00 AM,PE,85200,Sell,20,320.6,370.6,,-1000
964,12-12-2025, 11:45:00 AM,12-12-2025, 3:15:00 PM,,,,,,,10.08,887
964.1,12-12-2025, 11:45:00 AM,12-12-2025, 3:15:00 PM,CE,85200,Sell,20,454.5,455.75,,-25
964.2,12-12-2025, 11:45:00 AM,12-12-2025, 3:15:00 PM,PE,85200,Sell,20,332.8,287.2,,912
965,15-12-2025, 9:45:00 AM,15-12-2025, 3:15:00 PM,,,,,,,10.52,2114
965.1,15-12-2025, 9:45:00 AM,15-12-2025, 9:52:00 AM,CE,84900,Sell,20,374,424,,-1000
965.2,15-12-2025, 9:45:00 AM,15-12-2025, 3:15:00 PM,PE,84900,Sell,20,345.3,189.6,,3114
966,15-12-2025, 11:45:00 AM,15-12-2025, 3:15:00 PM,,,,,,,10.15,721
966.1,15-12-2025, 11:45:00 AM,15-12-2025, 11:49:00 AM,CE,85000,Sell,20,369.9,419.9,,-1000
966.2,15-12-2025, 11:45:00 AM,15-12-2025, 3:15:00 PM,PE,85000,Sell,20,308.05,222,,1721
967,16-12-2025, 9:45:00 AM,16-12-2025, 3:15:00 PM,,,,,,,10.22,1500
967.1,16-12-2025, 9:45:00 AM,16-12-2025, 3:15:00 PM,CE,84900,Sell,20,324.65,199.65,,2500
967.2,16-12-2025, 9:45:00 AM,16-12-2025, 10:02:00 AM,PE,84900,Sell,20,306.5,356.5,,-1000
968,16-12-2025, 11:45:00 AM,16-12-2025, 3:15:00 PM,,,,,,,10.3,-189
968.1,16-12-2025, 11:45:00 AM,16-12-2025, 12:31:00 PM,CE,84700,Sell,20,345.7,395.7,,-1000
968.2,16-12-2025, 11:45:00 AM,16-12-2025, 3:15:00 PM,PE,84700,Sell,20,264.75,224.2,,811
969,17-12-2025, 9:45:00 AM,17-12-2025, 12:03:00 PM,,,,,,,9.98,1727
969.1,17-12-2025, 9:45:00 AM,17-12-2025, 12:03:00 PM,CE,84700,Sell,20,272.65,136.3,,2727
969.2,17-12-2025, 9:45:00 AM,17-12-2025, 10:05:00 AM,PE,84700,Sell,20,194.65,244.65,,-1000
970,17-12-2025, 11:45:00 AM,17-12-2025, 3:15:00 PM,,,,,,,9.95,-345
970.1,17-12-2025, 11:45:00 AM,17-12-2025, 3:15:00 PM,CE,84600,Sell,20,217.75,185,,655
970.2,17-12-2025, 11:45:00 AM,17-12-2025, 12:03:00 PM,PE,84600,Sell,20,197.45,247.45,,-1000
971,18-12-2025, 9:45:00 AM,18-12-2025, 10:18:00 AM,,,,,,,9.88,218
971.1,18-12-2025, 9:45:00 AM,18-12-2025, 10:12:00 AM,CE,84300,Sell,20,152.3,202.3,,-1000
971.2,18-12-2025, 9:45:00 AM,18-12-2025, 10:18:00 AM,PE,84300,Sell,20,121.8,60.9,,1218
972,18-12-2025, 11:45:00 AM,18-12-2025, 12:19:00 PM,,,,,,,9.8,7
972.1,18-12-2025, 11:45:00 AM,18-12-2025, 11:55:00 AM,CE,84600,Sell,20,120.2,170.2,,-1000
972.2,18-12-2025, 11:45:00 AM,18-12-2025, 12:19:00 PM,PE,84600,Sell,20,100.65,50.3,,1007
973,19-12-2025, 9:45:00 AM,19-12-2025, 3:15:00 PM,,,,,,,9.74,493
973.1,19-12-2025, 9:45:00 AM,19-12-2025, 3:15:00 PM,CE,85000,Sell,20,396.2,321.55,,1493
973.2,19-12-2025, 9:45:00 AM,19-12-2025, 11:44:00 AM,PE,85000,Sell,20,329.55,379.55,,-1000
974,19-12-2025, 11:45:00 AM,19-12-2025, 3:15:00 PM,,,,,,,9.56,446
974.1,19-12-2025, 11:45:00 AM,19-12-2025, 12:02:00 PM,CE,84800,Sell,20,382.9,432.9,,-1000
974.2,19-12-2025, 11:45:00 AM,19-12-2025, 3:15:00 PM,PE,84800,Sell,20,295.8,223.5,,1446
975,22-12-2025, 9:45:00 AM,22-12-2025, 3:15:00 PM,,,,,,,9.72,895
975.1,22-12-2025, 9:45:00 AM,22-12-2025, 3:15:00 PM,CE,85400,Sell,20,311.3,321.2,,-198
975.2,22-12-2025, 9:45:00 AM,22-12-2025, 3:15:00 PM,PE,85400,Sell,20,253.15,198.5,,1093
976,22-12-2025, 11:45:00 AM,22-12-2025, 3:15:00 PM,,,,,,,9.69,207
976.1,22-12-2025, 11:45:00 AM,22-12-2025, 3:15:00 PM,CE,85400,Sell,20,286.95,321.2,,-685
976.2,22-12-2025, 11:45:00 AM,22-12-2025, 3:15:00 PM,PE,85400,Sell,20,243.1,198.5,,892
977,23-12-2025, 9:45:00 AM,23-12-2025, 1:17:00 PM,,,,,,,9.57,1215
977.1,23-12-2025, 9:45:00 AM,23-12-2025, 9:57:00 AM,CE,85400,Sell,20,218.55,268.55,,-1000
977.2,23-12-2025, 9:45:00 AM,23-12-2025, 1:17:00 PM,PE,85400,Sell,20,221.5,110.75,,2215
978,23-12-2025, 11:45:00 AM,23-12-2025, 3:15:00 PM,,,,,,,9.45,-111
978.1,23-12-2025, 11:45:00 AM,23-12-2025, 2:16:00 PM,CE,85500,Sell,20,193.55,243.55,,-1000
978.2,23-12-2025, 11:45:00 AM,23-12-2025, 3:15:00 PM,PE,85500,Sell,20,189.45,145,,889
979,24-12-2025, 9:45:00 AM,24-12-2025, 1:33:00 PM,,,,,,,9.31,227
979.1,24-12-2025, 9:45:00 AM,24-12-2025, 11:44:00 AM,CE,85600,Sell,20,122.7,61.35,,1227
979.2,24-12-2025, 9:45:00 AM,24-12-2025, 1:33:00 PM,PE,85600,Sell,20,102.5,152.5,,-1000
980,24-12-2025, 11:45:00 AM,24-12-2025, 1:32:00 PM,,,,,,,9.24,1722
980.1,24-12-2025, 11:45:00 AM,24-12-2025, 1:32:00 PM,CE,85500,Sell,20,103.65,51.8,,1037
980.2,24-12-2025, 11:45:00 AM,24-12-2025, 12:34:00 PM,PE,85500,Sell,20,68.5,34.25,,685
981,26-12-2025, 9:45:00 AM,26-12-2025, 3:15:00 PM,,,,,,,9.16,348
981.1,26-12-2025, 9:45:00 AM,26-12-2025, 3:15:00 PM,CE,85200,Sell,20,366.15,298.75,,1348
981.2,26-12-2025, 9:45:00 AM,26-12-2025, 12:34:00 PM,PE,85200,Sell,20,297,347,,-1000
982,26-12-2025, 11:45:00 AM,26-12-2025, 3:15:00 PM,,,,,,,9.1,-449
982.1,26-12-2025, 11:45:00 AM,26-12-2025, 3:15:00 PM,CE,85100,Sell,20,376,348.45,,551
982.2,26-12-2025, 11:45:00 AM,26-12-2025, 12:42:00 PM,PE,85100,Sell,20,257.75,307.75,,-1000
983,29-12-2025, 9:45:00 AM,29-12-2025, 11:24:00 AM,,,,,,,9.47,2546
983.1,29-12-2025, 9:45:00 AM,29-12-2025, 11:24:00 AM,CE,85100,Sell,20,354.6,177.3,,3546
983.2,29-12-2025, 9:45:00 AM,29-12-2025, 9:56:00 AM,PE,85100,Sell,20,198.55,248.55,,-1000
984,29-12-2025, 11:45:00 AM,29-12-2025, 3:15:00 PM,,,,,,,9.62,-308
984.1,29-12-2025, 11:45:00 AM,29-12-2025, 3:15:00 PM,CE,84800,Sell,20,329,294.4,,692
984.2,29-12-2025, 11:45:00 AM,29-12-2025, 1:38:00 PM,PE,84800,Sell,20,226.65,276.65,,-1000
985,30-12-2025, 9:45:00 AM,30-12-2025, 10:53:00 AM,,,,,,,9.89,-1000
985.1,30-12-2025, 9:45:00 AM,30-12-2025, 10:25:00 AM,CE,84700,Sell,20,295.5,345.5,,-1000
985.2,30-12-2025, 9:45:00 AM,30-12-2025, 10:53:00 AM,PE,84700,Sell,20,227.15,227.15,,0
986,30-12-2025, 11:45:00 AM,30-12-2025, 3:15:00 PM,,,,,,,9.81,308
986.1,30-12-2025, 11:45:00 AM,30-12-2025, 1:44:00 PM,CE,84600,Sell,20,288.15,338.15,,-1000
986.2,30-12-2025, 11:45:00 AM,30-12-2025, 3:15:00 PM,PE,84600,Sell,20,195.15,129.75,,1308
987,31-12-2025, 9:45:00 AM,31-12-2025, 10:43:00 AM,,,,,,,9.52,246
987.1,31-12-2025, 9:45:00 AM,31-12-2025, 10:32:00 AM,CE,84700,Sell,20,264.2,314.2,,-1000
987.2,31-12-2025, 9:45:00 AM,31-12-2025, 10:43:00 AM,PE,84700,Sell,20,124.6,62.3,,1246
988,31-12-2025, 11:45:00 AM,31-12-2025, 12:56:00 PM,,,,,,,9.35,483
988.1,31-12-2025, 11:45:00 AM,31-12-2025, 12:14:00 PM,CE,85000,Sell,20,181.1,231.1,,-1000
988.2,31-12-2025, 11:45:00 AM,31-12-2025, 12:56:00 PM,PE,85000,Sell,20,148.25,74.1,,1483
989,01-01-2026, 9:45:00 AM,01-01-2026, 10:17:00 AM,,,,,,,9.31,31
989.1,01-01-2026, 9:45:00 AM,01-01-2026, 10:17:00 AM,CE,85400,Sell,20,103.05,51.5,,1031
989.2,01-01-2026, 9:45:00 AM,01-01-2026, 9:59:00 AM,PE,85400,Sell,20,105.15,155.15,,-1000
990,01-01-2026, 11:45:00 AM,01-01-2026, 12:28:00 PM,,,,,,,9.23,-1000
990.1,01-01-2026, 11:45:00 AM,01-01-2026, 12:28:00 PM,CE,85300,Sell,20,64.35,64.35,,0
990.2,01-01-2026, 11:45:00 AM,01-01-2026, 12:16:00 PM,PE,85300,Sell,20,120.6,170.6,,-1000
991,02-01-2026, 9:45:00 AM,02-01-2026, 3:15:00 PM,,,,,,,9.25,327
991.1,02-01-2026, 9:45:00 AM,02-01-2026, 11:32:00 AM,CE,85500,Sell,20,405.35,455.35,,-1000
991.2,02-01-2026, 9:45:00 AM,02-01-2026, 3:15:00 PM,PE,85500,Sell,20,264.65,198.3,,1327
992,02-01-2026, 11:45:00 AM,02-01-2026, 3:15:00 PM,,,,,,,9.41,107
992.1,02-01-2026, 11:45:00 AM,02-01-2026, 3:15:00 PM,CE,85600,Sell,20,401.2,423.25,,-441
992.2,02-01-2026, 11:45:00 AM,02-01-2026, 3:15:00 PM,PE,85600,Sell,20,261.8,234.4,,548
993,05-01-2026, 9:45:00 AM,05-01-2026, 9:53:00 AM,,,,,,,10.03,-1000
993.1,05-01-2026, 9:45:00 AM,05-01-2026, 9:51:00 AM,CE,85600,Sell,20,302.9,352.9,,-1000
993.2,05-01-2026, 9:45:00 AM,05-01-2026, 9:53:00 AM,PE,85600,Sell,20,271.6,271.6,,0
994,05-01-2026, 11:45:00 AM,05-01-2026, 12:21:00 PM,,,,,,,10.12,-1000
994.1,05-01-2026, 11:45:00 AM,05-01-2026, 12:21:00 PM,CE,85800,Sell,20,283.45,283.45,,0
994.2,05-01-2026, 11:45:00 AM,05-01-2026, 12:03:00 PM,PE,85800,Sell,20,280.15,330.15,,-1000
995,06-01-2026, 9:45:00 AM,06-01-2026, 11:16:00 AM,,,,,,,10.23,-1000
995.1,06-01-2026, 9:45:00 AM,06-01-2026, 9:51:00 AM,CE,85200,Sell,20,285.25,335.25,,-1000
995.2,06-01-2026, 9:45:00 AM,06-01-2026, 11:16:00 AM,PE,85200,Sell,20,247.2,247.2,,0
996,06-01-2026, 11:45:00 AM,06-01-2026, 3:15:00 PM,,,,,,,10.13,361
996.1,06-01-2026, 11:45:00 AM,06-01-2026, 3:15:00 PM,CE,85100,Sell,20,296.95,228.9,,1361
996.2,06-01-2026, 11:45:00 AM,06-01-2026, 1:29:00 PM,PE,85100,Sell,20,191.3,241.3,,-1000
997,07-01-2026, 9:45:00 AM,07-01-2026, 12:22:00 PM,,,,,,,10.11,-1000
997.1,07-01-2026, 9:45:00 AM,07-01-2026, 10:01:00 AM,CE,84900,Sell,20,184.35,234.35,,-1000
997.2,07-01-2026, 9:45:00 AM,07-01-2026, 12:22:00 PM,PE,84900,Sell,20,187,187,,0
998,07-01-2026, 11:45:00 AM,07-01-2026, 1:27:00 PM,,,,,,,9.99,751
998.1,07-01-2026, 11:45:00 AM,07-01-2026, 1:27:00 PM,CE,85000,Sell,20,175.05,87.5,,1751
998.2,07-01-2026, 11:45:00 AM,07-01-2026, 12:04:00 PM,PE,85000,Sell,20,170.4,220.4,,-1000
999,08-01-2026, 9:45:00 AM,08-01-2026, 10:21:00 AM,,,,,,,10.07,351
999.1,08-01-2026, 9:45:00 AM,08-01-2026, 10:21:00 AM,CE,84800,Sell,20,135.15,67.6,,1351
999.2,08-01-2026, 9:45:00 AM,08-01-2026, 10:20:00 AM,PE,84800,Sell,20,108.6,158.6,,-1000
1000,08-01-2026, 11:45:00 AM,08-01-2026, 12:03:00 PM,,,,,,,10.5,491
1000.1,08-01-2026, 11:45:00 AM,08-01-2026, 12:03:00 PM,CE,84500,Sell,20,149.05,74.5,,1491
1000.2,08-01-2026, 11:45:00 AM,08-01-2026, 11:59:00 AM,PE,84500,Sell,20,71.05,121.05,,-1000
1001,09-01-2026, 9:45:00 AM,09-01-2026, 11:54:00 AM,,,,,,,10.63,4065
1001.1,09-01-2026, 9:45:00 AM,09-01-2026, 11:54:00 AM,CE,84200,Sell,20,506.5,253.25,,5065
1001.2,09-01-2026, 9:45:00 AM,09-01-2026, 10:19:00 AM,PE,84200,Sell,20,309.05,359.05,,-1000
1002,09-01-2026, 11:45:00 AM,09-01-2026, 3:15:00 PM,,,,,,,10.7,530
1002.1,09-01-2026, 11:45:00 AM,09-01-2026, 3:15:00 PM,CE,83800,Sell,20,466.6,390.1,,1530
1002.2,09-01-2026, 11:45:00 AM,09-01-2026, 12:30:00 PM,PE,83800,Sell,20,342.15,392.15,,-1000
1003,12-01-2026, 9:45:00 AM,12-01-2026, 9:59:00 AM,,,,,,,11.83,-1000
1003.1,12-01-2026, 9:45:00 AM,12-01-2026, 9:50:00 AM,CE,83100,Sell,20,511.45,561.45,,-1000
1003.2,12-01-2026, 9:45:00 AM,12-01-2026, 9:59:00 AM,PE,83100,Sell,20,318.05,318.05,,0
1004,12-01-2026, 11:45:00 AM,12-01-2026, 12:22:00 PM,,,,,,,11.73,2458
1004.1,12-01-2026, 11:45:00 AM,12-01-2026, 12:09:00 PM,CE,82900,Sell,20,438.35,488.35,,-1000
1004.2,12-01-2026, 11:45:00 AM,12-01-2026, 12:22:00 PM,PE,82900,Sell,20,345.8,172.9,,3458
1005,13-01-2026, 9:45:00 AM,13-01-2026, 9:50:00 AM,,,,,,,11.58,-1000
1005.1,13-01-2026, 9:45:00 AM,13-01-2026, 9:46:00 AM,CE,83700,Sell,20,334.85,384.85,,-1000
1005.2,13-01-2026, 9:45:00 AM,13-01-2026, 9:50:00 AM,PE,83700,Sell,20,289.8,289.8,,0
1006,13-01-2026, 11:45:00 AM,13-01-2026, 12:35:00 PM,,,,,,,11.31,1629
1006.1,13-01-2026, 11:45:00 AM,13-01-2026, 12:35:00 PM,CE,83900,Sell,20,262.95,131.5,,2629
1006.2,13-01-2026, 11:45:00 AM,13-01-2026, 11:54:00 AM,PE,83900,Sell,20,255.75,305.75,,-1000
1007,14-01-2026, 9:45:00 AM,14-01-2026, 9:52:00 AM,,,,,,,11.28,-1000
1007.1,14-01-2026, 9:45:00 AM,14-01-2026, 9:52:00 AM,CE,83500,Sell,20,184.35,184.35,,0
1007.2,14-01-2026, 9:45:00 AM,14-01-2026, 9:49:00 AM,PE,83500,Sell,20,138.3,188.3,,-1000
1008,14-01-2026, 11:45:00 AM,14-01-2026, 12:12:00 PM,,,,,,,11.22,-1000
1008.1,14-01-2026, 11:45:00 AM,14-01-2026, 11:50:00 AM,CE,83700,Sell,20,127.7,177.7,,-1000
1008.2,14-01-2026, 11:45:00 AM,14-01-2026, 12:12:00 PM,PE,83700,Sell,20,123.45,123.45,,0
1009,16-01-2026, 9:45:00 AM,16-01-2026, 12:31:00 PM,,,,,,,11.2,-1000
1009.1,16-01-2026, 9:45:00 AM,16-01-2026, 9:56:00 AM,CE,83700,Sell,20,506.6,556.6,,-1000
1009.2,16-01-2026, 9:45:00 AM,16-01-2026, 12:31:00 PM,PE,83700,Sell,20,387.8,387.8,,0
1010,16-01-2026, 11:45:00 AM,16-01-2026, 12:28:00 PM,,,,,,,11.31,-1000
1010.1,16-01-2026, 11:45:00 AM,16-01-2026, 12:09:00 PM,CE,83900,Sell,20,497.4,547.4,,-1000
1010.2,16-01-2026, 11:45:00 AM,16-01-2026, 12:28:00 PM,PE,83900,Sell,20,390.35,390.35,,0
1011,19-01-2026, 9:45:00 AM,19-01-2026, 11:04:00 AM,,,,,,,11.94,-1000
1011.1,19-01-2026, 9:45:00 AM,19-01-2026, 11:04:00 AM,CE,83200,Sell,20,397.2,397.2,,0
1011.2,19-01-2026, 9:45:00 AM,19-01-2026, 10:01:00 AM,PE,83200,Sell,20,384.75,434.75,,-1000
1012,19-01-2026, 11:45:00 AM,19-01-2026, 12:18:00 PM,,,,,,,11.89,-1000
1012.1,19-01-2026, 11:45:00 AM,19-01-2026, 12:18:00 PM,CE,83100,Sell,20,400.2,400.2,,0
1012.2,19-01-2026, 11:45:00 AM,19-01-2026, 12:08:00 PM,PE,83100,Sell,20,352.4,402.4,,-1000
1013,20-01-2026, 9:45:00 AM,20-01-2026, 10:05:00 AM,,,,,,,12.27,-1000
1013.1,20-01-2026, 9:45:00 AM,20-01-2026, 10:05:00 AM,CE,82900,Sell,20,390,390,,0
1013.2,20-01-2026, 9:45:00 AM,20-01-2026, 9:55:00 AM,PE,82900,Sell,20,325.25,375.25,,-1000
1014,20-01-2026, 11:45:00 AM,20-01-2026, 2:43:00 PM,,,,,,,12.17,2693
1014.1,20-01-2026, 11:45:00 AM,20-01-2026, 2:43:00 PM,CE,82900,Sell,20,369.25,184.6,,3693
1014.2,20-01-2026, 11:45:00 AM,20-01-2026, 12:10:00 PM,PE,82900,Sell,20,281,331,,-1000
1015,21-01-2026, 9:45:00 AM,21-01-2026, 10:32:00 AM,,,,,,,13.09,2580
1015.1,21-01-2026, 9:45:00 AM,21-01-2026, 10:32:00 AM,CE,82000,Sell,20,358,179,,3580
1015.2,21-01-2026, 9:45:00 AM,21-01-2026, 10:00:00 AM,PE,82000,Sell,20,241.55,291.55,,-1000
1016,21-01-2026, 11:45:00 AM,21-01-2026, 12:19:00 PM,,,,,,,13.98,1945
1016.1,21-01-2026, 11:45:00 AM,21-01-2026, 11:52:00 AM,CE,81500,Sell,20,381.55,431.55,,-1000
1016.2,21-01-2026, 11:45:00 AM,21-01-2026, 12:19:00 PM,PE,81500,Sell,20,294.45,147.2,,2945
1017,22-01-2026, 9:45:00 AM,22-01-2026, 9:55:00 AM,,,,,,,13.63,-1000
1017.1,22-01-2026, 9:45:00 AM,22-01-2026, 9:49:00 AM,CE,82700,Sell,20,227.75,277.75,,-1000
1017.2,22-01-2026, 9:45:00 AM,22-01-2026, 9:55:00 AM,PE,82700,Sell,20,246.45,246.45,,0
1018,22-01-2026, 11:45:00 AM,22-01-2026, 11:50:00 AM,,,,,,,14.1,-1000
1018.1,22-01-2026, 11:45:00 AM,22-01-2026, 11:50:00 AM,CE,82000,Sell,20,216.45,216.45,,0
1018.2,22-01-2026, 11:45:00 AM,22-01-2026, 11:49:00 AM,PE,82000,Sell,20,205.75,255.75,,-1000
1019,23-01-2026, 9:45:00 AM,23-01-2026, 10:32:00 AM,,,,,,,13.66,-1000
1019.1,23-01-2026, 9:45:00 AM,23-01-2026, 10:32:00 AM,CE,82300,Sell,20,585.4,585.4,,0
1019.2,23-01-2026, 9:45:00 AM,23-01-2026, 10:19:00 AM,PE,82300,Sell,20,459.1,509.1,,-1000
1020,23-01-2026, 11:45:00 AM,23-01-2026, 11:53:00 AM,,,,,,,13.62,-1000
1020.1,23-01-2026, 11:45:00 AM,23-01-2026, 11:53:00 AM,CE,82000,Sell,20,576.95,576.95,,0
1020.2,23-01-2026, 11:45:00 AM,23-01-2026, 11:50:00 AM,PE,82000,Sell,20,414.75,464.75,,-1000
1021,27-01-2026, 9:45:00 AM,27-01-2026, 9:48:00 AM,,,,,,,15.31,-1000
1021.1,27-01-2026, 9:45:00 AM,27-01-2026, 9:48:00 AM,CE,81800,Sell,20,584.3,584.3,,0
1021.2,27-01-2026, 9:45:00 AM,27-01-2026, 9:47:00 AM,PE,81800,Sell,20,437,487,,-1000
1022,27-01-2026, 11:45:00 AM,27-01-2026, 3:15:00 PM,,,,,,,15.02,-498
1022.1,27-01-2026, 11:45:00 AM,27-01-2026, 3:15:00 PM,CE,81800,Sell,20,532.25,507.15,,502
1022.2,27-01-2026, 11:45:00 AM,27-01-2026, 11:49:00 AM,PE,81800,Sell,20,417.65,467.65,,-1000
1023,28-01-2026, 9:45:00 AM,28-01-2026, 11:05:00 AM,,,,,,,14.22,-1000
1023.1,28-01-2026, 9:45:00 AM,28-01-2026, 11:05:00 AM,CE,82300,Sell,20,359.6,359.6,,0
1023.2,28-01-2026, 9:45:00 AM,28-01-2026, 10:09:00 AM,PE,82300,Sell,20,345.7,395.7,,-1000
1024,28-01-2026, 11:45:00 AM,28-01-2026, 12:20:00 PM,,,,,,,13.78,-1000
1024.1,28-01-2026, 11:45:00 AM,28-01-2026, 11:49:00 AM,CE,82200,Sell,20,351.85,401.85,,-1000
1024.2,28-01-2026, 11:45:00 AM,28-01-2026, 12:20:00 PM,PE,82200,Sell,20,251.2,251.2,,0
1025,29-01-2026, 9:45:00 AM,29-01-2026, 10:14:00 AM,,,,,,,13.8,-1000
1025.1,29-01-2026, 9:45:00 AM,29-01-2026, 10:14:00 AM,CE,81900,Sell,20,213.8,213.8,,0
1025.2,29-01-2026, 9:45:00 AM,29-01-2026, 9:55:00 AM,PE,81900,Sell,20,228.25,278.25,,-1000
1026,29-01-2026, 11:45:00 AM,29-01-2026, 12:06:00 PM,,,,,,,13.59,-1000
1026.1,29-01-2026, 11:45:00 AM,29-01-2026, 12:06:00 PM,CE,82100,Sell,20,157.25,157.25,,0
1026.2,29-01-2026, 11:45:00 AM,29-01-2026, 11:55:00 AM,PE,82100,Sell,20,160.75,210.75,,-1000
1027,30-01-2026, 9:45:00 AM,30-01-2026, 9:57:00 AM,,,,,,,13.7,-1000
1027.1,30-01-2026, 9:45:00 AM,30-01-2026, 9:55:00 AM,CE,82200,Sell,20,760.8,810.8,,-1000
1027.2,30-01-2026, 9:45:00 AM,30-01-2026, 9:57:00 AM,PE,82200,Sell,20,664,664,,0
1028,30-01-2026, 11:45:00 AM,30-01-2026, 1:07:00 PM,,,,,,,13.84,-1000
1028.1,30-01-2026, 11:45:00 AM,30-01-2026, 12:24:00 PM,CE,82100,Sell,20,783.45,833.45,,-1000
1028.2,30-01-2026, 11:45:00 AM,30-01-2026, 1:07:00 PM,PE,82100,Sell,20,693.05,693.05,,0
1029,01-02-2026, 9:45:00 AM,01-02-2026, 10:13:00 AM,,,,,,,14.1,-1000
1029.1,01-02-2026, 9:45:00 AM,01-02-2026, 10:13:00 AM,CE,82400,Sell,20,746.6,746.6,,0
1029.2,01-02-2026, 9:45:00 AM,01-02-2026, 9:51:00 AM,PE,82400,Sell,20,692.15,742.15,,-1000
1030,01-02-2026, 11:45:00 AM,01-02-2026, 11:47:00 AM,,,,,,,14.03,-1000
1030.1,01-02-2026, 11:45:00 AM,01-02-2026, 11:47:00 AM,CE,82300,Sell,20,797.45,797.45,,0
1030.2,01-02-2026, 11:45:00 AM,01-02-2026, 11:46:00 AM,PE,82300,Sell,20,642.5,692.5,,-1000
1031,02-02-2026, 9:45:00 AM,02-02-2026, 10:01:00 AM,,,,,,,15.39,-1000
1031.1,02-02-2026, 9:45:00 AM,02-02-2026, 9:48:00 AM,CE,81000,Sell,20,671.75,721.75,,-1000
1031.2,02-02-2026, 9:45:00 AM,02-02-2026, 10:01:00 AM,PE,81000,Sell,20,676.4,676.4,,0
1032,02-02-2026, 11:45:00 AM,02-02-2026, 12:37:00 PM,,,,,,,14.8,-1000
1032.1,02-02-2026, 11:45:00 AM,02-02-2026, 12:15:00 PM,CE,81000,Sell,20,572.5,622.5,,-1000
1032.2,02-02-2026, 11:45:00 AM,02-02-2026, 12:37:00 PM,PE,81000,Sell,20,529.95,529.95,,0
1033,03-02-2026, 9:45:00 AM,03-02-2026, 9:49:00 AM,,,,,,,14.6,-1000
1033.1,03-02-2026, 9:45:00 AM,03-02-2026, 9:49:00 AM,CE,83800,Sell,20,610,610,,0
1033.2,03-02-2026, 9:45:00 AM,03-02-2026, 9:46:00 AM,PE,83800,Sell,20,655.65,705.65,,-1000
1034,03-02-2026, 11:45:00 AM,03-02-2026, 3:11:00 PM,,,,,,,13.65,4273
1034.1,03-02-2026, 11:45:00 AM,03-02-2026, 3:11:00 PM,CE,84100,Sell,20,527.3,263.65,,5273
1034.2,03-02-2026, 11:45:00 AM,03-02-2026, 12:08:00 PM,PE,84100,Sell,20,485.45,535.45,,-1000
1035,04-02-2026, 9:45:00 AM,04-02-2026, 11:28:00 AM,,,,,,,12.84,2593
1035.1,04-02-2026, 9:45:00 AM,04-02-2026, 11:28:00 AM,CE,83800,Sell,20,359.25,179.6,,3593
1035.2,04-02-2026, 9:45:00 AM,04-02-2026, 9:54:00 AM,PE,83800,Sell,20,327.6,377.6,,-1000
1036,04-02-2026, 11:45:00 AM,04-02-2026, 1:00:00 PM,,,,,,,12.33,-1000
1036.1,04-02-2026, 11:45:00 AM,04-02-2026, 12:29:00 PM,CE,83600,Sell,20,292.05,342.05,,-1000
1036.2,04-02-2026, 11:45:00 AM,04-02-2026, 1:00:00 PM,PE,83600,Sell,20,286.1,286.1,,0
1037,05-02-2026, 9:45:00 AM,05-02-2026, 10:25:00 AM,,,,,,,12.37,795
1037.1,05-02-2026, 9:45:00 AM,05-02-2026, 10:23:00 AM,CE,83400,Sell,20,211.4,261.4,,-1000
1037.2,05-02-2026, 9:45:00 AM,05-02-2026, 10:25:00 AM,PE,83400,Sell,20,179.5,89.75,,1795
1038,05-02-2026, 11:45:00 AM,05-02-2026, 12:20:00 PM,,,,,,,12.15,247
1038.1,05-02-2026, 11:45:00 AM,05-02-2026, 12:20:00 PM,CE,83500,Sell,20,124.7,62.35,,1247
1038.2,05-02-2026, 11:45:00 AM,05-02-2026, 11:49:00 AM,PE,83500,Sell,20,131.35,181.35,,-1000
1039,06-02-2026, 9:45:00 AM,06-02-2026, 10:04:00 AM,,,,,,,12.24,-1000
1039.1,06-02-2026, 9:45:00 AM,06-02-2026, 9:49:00 AM,CE,83000,Sell,20,539.95,589.95,,-1000
1039.2,06-02-2026, 9:45:00 AM,06-02-2026, 10:04:00 AM,PE,83000,Sell,20,436,436,,0
1040,06-02-2026, 11:45:00 AM,06-02-2026, 12:05:00 PM,,,,,,,11.96,-1000
1040.1,06-02-2026, 11:45:00 AM,06-02-2026, 12:01:00 PM,CE,83300,Sell,20,514.8,564.8,,-1000
1040.2,06-02-2026, 11:45:00 AM,06-02-2026, 12:05:00 PM,PE,83300,Sell,20,417.05,417.05,,0
1041,09-02-2026, 9:45:00 AM,09-02-2026, 3:15:00 PM,,,,,,,12.25,422
1041.1,09-02-2026, 9:45:00 AM,09-02-2026, 10:04:00 AM,CE,83900,Sell,20,435.4,485.4,,-1000
1041.2,09-02-2026, 9:45:00 AM,09-02-2026, 3:15:00 PM,PE,83900,Sell,20,366.25,295.15,,1422
1042,09-02-2026, 11:45:00 AM,09-02-2026, 3:15:00 PM,,,,,,,12.14,176
1042.1,09-02-2026, 11:45:00 AM,09-02-2026, 3:15:00 PM,CE,84000,Sell,20,423.6,414.3,,186
1042.2,09-02-2026, 11:45:00 AM,09-02-2026, 3:15:00 PM,PE,84000,Sell,20,336.4,336.9,,-10
1043,10-02-2026, 9:45:00 AM,10-02-2026, 1:31:00 PM,,,,,,,11.92,-1000
1043.1,10-02-2026, 9:45:00 AM,10-02-2026, 12:52:00 PM,CE,84300,Sell,20,352.9,402.9,,-1000
1043.2,10-02-2026, 9:45:00 AM,10-02-2026, 1:31:00 PM,PE,84300,Sell,20,303.45,303.45,,0
1044,10-02-2026, 11:45:00 AM,10-02-2026, 1:23:00 PM,,,,,,,11.94,-1000
1044.1,10-02-2026, 11:45:00 AM,10-02-2026, 12:53:00 PM,CE,84400,Sell,20,297.3,347.3,,-1000
1044.2,10-02-2026, 11:45:00 AM,10-02-2026, 1:23:00 PM,PE,84400,Sell,20,333.85,333.85,,0
1045,11-02-2026, 9:45:00 AM,11-02-2026, 3:15:00 PM,,,,,,,11.61,327
1045.1,11-02-2026, 9:45:00 AM,11-02-2026, 3:15:00 PM,CE,84200,Sell,20,290.4,224.05,,1327
1045.2,11-02-2026, 9:45:00 AM,11-02-2026, 12:43:00 PM,PE,84200,Sell,20,196.2,246.2,,-1000
1046,11-02-2026, 11:45:00 AM,11-02-2026, 1:43:00 PM,,,,,,,11.37,-1000
1046.1,11-02-2026, 11:45:00 AM,11-02-2026, 1:43:00 PM,CE,84300,Sell,20,201.75,201.75,,0
1046.2,11-02-2026, 11:45:00 AM,11-02-2026, 12:36:00 PM,PE,84300,Sell,20,198.7,248.7,,-1000
1047,12-02-2026, 9:45:00 AM,12-02-2026, 11:52:00 AM,,,,,,,11.73,459
1047.1,12-02-2026, 9:45:00 AM,12-02-2026, 11:23:00 AM,CE,83900,Sell,20,145.9,72.95,,1459
1047.2,12-02-2026, 9:45:00 AM,12-02-2026, 11:52:00 AM,PE,83900,Sell,20,156.5,206.5,,-1000
1048,12-02-2026, 11:45:00 AM,12-02-2026, 2:00:00 PM,,,,,,,11.62,2112
1048.1,12-02-2026, 11:45:00 AM,12-02-2026, 2:00:00 PM,CE,83800,Sell,20,99.9,49.95,,999
1048.2,12-02-2026, 11:45:00 AM,12-02-2026, 1:19:00 PM,PE,83800,Sell,20,111.35,55.7,,1113
1049,13-02-2026, 9:45:00 AM,13-02-2026, 10:35:00 AM,,,,,,,12.19,-1000
1049.1,13-02-2026, 9:45:00 AM,13-02-2026, 10:35:00 AM,CE,82900,Sell,20,510.95,510.95,,0
1049.2,13-02-2026, 9:45:00 AM,13-02-2026, 10:18:00 AM,PE,82900,Sell,20,391.75,441.75,,-1000
1050,13-02-2026, 11:45:00 AM,13-02-2026, 1:03:00 PM,,,,,,,12.45,-1000
1050.1,13-02-2026, 11:45:00 AM,13-02-2026, 12:28:00 PM,CE,82900,Sell,20,469.45,519.45,,-1000
1050.2,13-02-2026, 11:45:00 AM,13-02-2026, 1:03:00 PM,PE,82900,Sell,20,399.3,399.3,,0
1051,16-02-2026, 9:45:00 AM,16-02-2026, 2:32:00 PM,,,,,,,13.57,3094
1051.1,16-02-2026, 9:45:00 AM,16-02-2026, 9:58:00 AM,CE,82600,Sell,20,450.5,500.5,,-1000
1051.2,16-02-2026, 9:45:00 AM,16-02-2026, 2:32:00 PM,PE,82600,Sell,20,409.4,204.7,,4094
1052,16-02-2026, 11:45:00 AM,16-02-2026, 3:15:00 PM,,,,,,,13.27,2629
1052.1,16-02-2026, 11:45:00 AM,16-02-2026, 12:11:00 PM,CE,82800,Sell,20,396.35,446.35,,-1000
1052.2,16-02-2026, 11:45:00 AM,16-02-2026, 3:15:00 PM,PE,82800,Sell,20,398.2,216.75,,3629
1053,17-02-2026, 9:45:00 AM,17-02-2026, 10:48:00 AM,,,,,,,13.1,-1000
1053.1,17-02-2026, 9:45:00 AM,17-02-2026, 9:58:00 AM,CE,83200,Sell,20,370.6,420.6,,-1000
1053.2,17-02-2026, 9:45:00 AM,17-02-2026, 10:48:00 AM,PE,83200,Sell,20,324,324,,0
1054,17-02-2026, 11:45:00 AM,17-02-2026, 3:15:00 PM,,,,,,,12.86,131
1054.1,17-02-2026, 11:45:00 AM,17-02-2026, 3:15:00 PM,CE,83500,Sell,20,348.85,292.3,,1131
1054.2,17-02-2026, 11:45:00 AM,17-02-2026, 2:13:00 PM,PE,83500,Sell,20,333,383,,-1000
1055,18-02-2026, 9:45:00 AM,18-02-2026, 1:24:00 PM,,,,,,,12.36,-1000
1055.1,18-02-2026, 9:45:00 AM,18-02-2026, 1:24:00 PM,CE,83500,Sell,20,225.45,225.45,,0
1055.2,18-02-2026, 9:45:00 AM,18-02-2026, 9:54:00 AM,PE,83500,Sell,20,238.25,288.25,,-1000
1056,18-02-2026, 11:45:00 AM,18-02-2026, 2:21:00 PM,,,,,,,12.38,1026
1056.1,18-02-2026, 11:45:00 AM,18-02-2026, 12:03:00 PM,CE,83300,Sell,20,240.25,290.25,,-1000
1056.2,18-02-2026, 11:45:00 AM,18-02-2026, 2:21:00 PM,PE,83300,Sell,20,202.6,101.3,,2026
1057,19-02-2026, 9:45:00 AM,19-02-2026, 10:40:00 AM,,,,,,,12.2,536
1057.1,19-02-2026, 9:45:00 AM,19-02-2026, 10:40:00 AM,CE,83600,Sell,20,153.6,76.8,,1536
1057.2,19-02-2026, 9:45:00 AM,19-02-2026, 10:15:00 AM,PE,83600,Sell,20,142.8,192.8,,-1000
1058,19-02-2026, 11:45:00 AM,19-02-2026, 11:52:00 AM,,,,,,,12.84,-1000
1058.1,19-02-2026, 11:45:00 AM,19-02-2026, 11:52:00 AM,CE,83300,Sell,20,111.85,111.85,,0
1058.2,19-02-2026, 11:45:00 AM,19-02-2026, 11:49:00 AM,PE,83300,Sell,20,158,208,,-1000
1059,20-02-2026, 9:45:00 AM,20-02-2026, 10:09:00 AM,,,,,,,14.28,-1000
1059.1,20-02-2026, 9:45:00 AM,20-02-2026, 9:49:00 AM,CE,82500,Sell,20,595.4,645.4,,-1000
1059.2,20-02-2026, 9:45:00 AM,20-02-2026, 10:09:00 AM,PE,82500,Sell,20,481.7,481.7,,0
1060,20-02-2026, 11:45:00 AM,20-02-2026, 12:47:00 PM,,,,,,,14.37,-1000
1060.1,20-02-2026, 11:45:00 AM,20-02-2026, 12:18:00 PM,CE,82900,Sell,20,626.8,676.8,,-1000
1060.2,20-02-2026, 11:45:00 AM,20-02-2026, 12:47:00 PM,PE,82900,Sell,20,504.3,504.3,,0
1061,23-02-2026, 9:45:00 AM,23-02-2026, 3:15:00 PM,,,,,,,14.34,711
1061.1,23-02-2026, 9:45:00 AM,23-02-2026, 3:15:00 PM,CE,83300,Sell,20,539.05,453.5,,1711
1061.2,23-02-2026, 9:45:00 AM,23-02-2026, 10:14:00 AM,PE,83300,Sell,20,440.85,490.85,,-1000
1062,23-02-2026, 11:45:00 AM,23-02-2026, 12:06:00 PM,,,,,,,14.29,-1000
1062.1,23-02-2026, 11:45:00 AM,23-02-2026, 12:06:00 PM,CE,83200,Sell,20,488.65,488.65,,0
1062.2,23-02-2026, 11:45:00 AM,23-02-2026, 11:50:00 AM,PE,83200,Sell,20,461.2,511.2,,-1000
1063,24-02-2026, 9:45:00 AM,24-02-2026, 10:21:00 AM,,,,,,,14.12,-1000
1063.1,24-02-2026, 9:45:00 AM,24-02-2026, 10:21:00 AM,CE,82500,Sell,20,500.15,500.15,,0
1063.2,24-02-2026, 9:45:00 AM,24-02-2026, 10:18:00 AM,PE,82500,Sell,20,412,462,,-1000
1064,24-02-2026, 11:45:00 AM,24-02-2026, 3:15:00 PM,,,,,,,14.07,1760
1064.1,24-02-2026, 11:45:00 AM,24-02-2026, 3:15:00 PM,CE,82500,Sell,20,446.35,308.35,,2760
1064.2,24-02-2026, 11:45:00 AM,24-02-2026, 12:00:00 PM,PE,82500,Sell,20,375.45,425.45,,-1000
1065,25-02-2026, 9:45:00 AM,25-02-2026, 12:31:00 PM,,,,,,,13.25,-1000
1065.1,25-02-2026, 9:45:00 AM,25-02-2026, 9:59:00 AM,CE,82700,Sell,20,317.15,367.15,,-1000
1065.2,25-02-2026, 9:45:00 AM,25-02-2026, 12:31:00 PM,PE,82700,Sell,20,262.75,262.75,,0
1066,25-02-2026, 11:45:00 AM,25-02-2026, 12:37:00 PM,,,,,,,12.97,2084
1066.1,25-02-2026, 11:45:00 AM,25-02-2026, 12:37:00 PM,CE,82700,Sell,20,308.4,154.2,,3084
1066.2,25-02-2026, 11:45:00 AM,25-02-2026, 12:33:00 PM,PE,82700,Sell,20,222.6,272.6,,-1000
1067,26-02-2026, 9:45:00 AM,26-02-2026, 9:56:00 AM,,,,,,,13.16,977
1067.1,26-02-2026, 9:45:00 AM,26-02-2026, 9:56:00 AM,CE,82500,Sell,20,197.7,98.85,,1977
1067.2,26-02-2026, 9:45:00 AM,26-02-2026, 9:54:00 AM,PE,82500,Sell,20,180,230,,-1000
1068,26-02-2026, 11:45:00 AM,26-02-2026, 12:23:00 PM,,,,,,,13.3,559
1068.1,26-02-2026, 11:45:00 AM,26-02-2026, 12:23:00 PM,CE,82200,Sell,20,155.9,77.95,,1559
1068.2,26-02-2026, 11:45:00 AM,26-02-2026, 12:22:00 PM,PE,82200,Sell,20,173.6,223.6,,-1000
1069,27-02-2026, 9:45:00 AM,27-02-2026, 3:15:00 PM,,,,,,,13.46,3533
1069.1,27-02-2026, 9:45:00 AM,27-02-2026, 3:15:00 PM,CE,81900,Sell,20,549.75,323.1,,4533
1069.2,27-02-2026, 9:45:00 AM,27-02-2026, 10:06:00 AM,PE,81900,Sell,20,502.85,552.85,,-1000
1070,27-02-2026, 11:45:00 AM,27-02-2026, 2:33:00 PM,,,,,,,13.63,-1000
1070.1,27-02-2026, 11:45:00 AM,27-02-2026, 2:00:00 PM,CE,81700,Sell,20,571.25,621.25,,-1000
1070.2,27-02-2026, 11:45:00 AM,27-02-2026, 2:33:00 PM,PE,81700,Sell,20,509.5,509.5,,0
1071,02-03-2026, 9:45:00 AM,02-03-2026, 11:53:00 AM,,,,,,,15.85,5538
1071.1,02-03-2026, 9:45:00 AM,02-03-2026, 11:53:00 AM,CE,80600,Sell,20,653.8,326.9,,6538
1071.2,02-03-2026, 9:45:00 AM,02-03-2026, 9:51:00 AM,PE,80600,Sell,20,620,670,,-1000
1072,02-03-2026, 11:45:00 AM,02-03-2026, 2:09:00 PM,,,,,,,15.97,-1000
1072.1,02-03-2026, 11:45:00 AM,02-03-2026, 2:09:00 PM,CE,80100,Sell,20,593.9,593.9,,0
1072.2,02-03-2026, 11:45:00 AM,02-03-2026, 12:00:00 PM,PE,80100,Sell,20,543.5,593.5,,-1000
1073,04-03-2026, 9:45:00 AM,04-03-2026, 10:15:00 AM,,,,,,,20.35,-1000
1073.1,04-03-2026, 9:45:00 AM,04-03-2026, 10:15:00 AM,CE,78800,Sell,20,579.25,579.25,,0
1073.2,04-03-2026, 9:45:00 AM,04-03-2026, 9:48:00 AM,PE,78800,Sell,20,595.8,645.8,,-1000
1074,04-03-2026, 11:45:00 AM,04-03-2026, 3:15:00 PM,,,,,,,21.22,1751
1074.1,04-03-2026, 11:45:00 AM,04-03-2026, 11:52:00 AM,CE,78700,Sell,20,564.75,614.75,,-1000
1074.2,04-03-2026, 11:45:00 AM,04-03-2026, 3:15:00 PM,PE,78700,Sell,20,564.2,426.65,,2751
1075,05-03-2026, 9:45:00 AM,05-03-2026, 10:21:00 AM,,,,,,,19,-1000
1075.1,05-03-2026, 9:45:00 AM,05-03-2026, 9:50:00 AM,CE,79500,Sell,20,234,284,,-1000
1075.2,05-03-2026, 9:45:00 AM,05-03-2026, 10:21:00 AM,PE,79500,Sell,20,278.25,278.25,,0
1076,05-03-2026, 11:45:00 AM,05-03-2026, 11:55:00 AM,,,,,,,18.93,-1000
1076.1,05-03-2026, 11:45:00 AM,05-03-2026, 11:55:00 AM,CE,79400,Sell,20,192.05,192.05,,0
1076.2,05-03-2026, 11:45:00 AM,05-03-2026, 11:51:00 AM,PE,79400,Sell,20,185.5,235.5,,-1000
1077,06-03-2026, 9:45:00 AM,06-03-2026, 3:15:00 PM,,,,,,,18.32,4568
1077.1,06-03-2026, 9:45:00 AM,06-03-2026, 3:15:00 PM,CE,79700,Sell,20,888.9,610.5,,5568
1077.2,06-03-2026, 9:45:00 AM,06-03-2026, 9:56:00 AM,PE,79700,Sell,20,809.5,859.5,,-1000
1078,06-03-2026, 11:45:00 AM,06-03-2026, 1:38:00 PM,,,,,,,18.65,-1000
1078.1,06-03-2026, 11:45:00 AM,06-03-2026, 1:38:00 PM,CE,79500,Sell,20,850.35,850.35,,0
1078.2,06-03-2026, 11:45:00 AM,06-03-2026, 12:29:00 PM,PE,79500,Sell,20,798,848,,-1000
1079,09-03-2026, 9:45:00 AM,09-03-2026, 3:07:00 PM,,,,,,,24.36,9257
1079.1,09-03-2026, 9:45:00 AM,09-03-2026, 9:52:00 AM,CE,76600,Sell,20,1093.5,1143.5,,-1000
1079.2,09-03-2026, 9:45:00 AM,09-03-2026, 3:07:00 PM,PE,76600,Sell,20,1025.7,512.85,,10257
1080,09-03-2026, 11:45:00 AM,09-03-2026, 12:56:00 PM,,,,,,,23.47,-1000
1080.1,09-03-2026, 11:45:00 AM,09-03-2026, 12:56:00 PM,CE,77200,Sell,20,1022.4,1022.4,,0
1080.2,09-03-2026, 11:45:00 AM,09-03-2026, 12:04:00 PM,PE,77200,Sell,20,963.6,1013.6,,-1000
1081,10-03-2026, 9:45:00 AM,10-03-2026, 10:15:00 AM,,,,,,,20.41,-1000
1081.1,10-03-2026, 9:45:00 AM,10-03-2026, 10:15:00 AM,CE,78000,Sell,20,682.05,682.05,,0
1081.2,10-03-2026, 9:45:00 AM,10-03-2026, 9:49:00 AM,PE,78000,Sell,20,646.55,696.55,,-1000
1082,10-03-2026, 11:45:00 AM,10-03-2026, 2:09:00 PM,,,,,,,19.73,-1000
1082.1,10-03-2026, 11:45:00 AM,10-03-2026, 2:09:00 PM,CE,78200,Sell,20,635.2,635.2,,0
1082.2,10-03-2026, 11:45:00 AM,10-03-2026, 11:49:00 AM,PE,78200,Sell,20,556.8,606.8,,-1000
1083,11-03-2026, 9:45:00 AM,11-03-2026, 12:35:00 PM,,,,,,,19.1,3924
1083.1,11-03-2026, 9:45:00 AM,11-03-2026, 12:35:00 PM,CE,77900,Sell,20,492.4,246.2,,4924
1083.2,11-03-2026, 9:45:00 AM,11-03-2026, 9:54:00 AM,PE,77900,Sell,20,408.2,458.2,,-1000
1084,11-03-2026, 11:45:00 AM,11-03-2026, 12:04:00 PM,,,,,,,20.49,-1000
1084.1,11-03-2026, 11:45:00 AM,11-03-2026, 12:04:00 PM,CE,77300,Sell,20,565.25,565.25,,0
1084.2,11-03-2026, 11:45:00 AM,11-03-2026, 11:51:00 AM,PE,77300,Sell,20,496.5,546.5,,-1000
1085,12-03-2026, 9:45:00 AM,12-03-2026, 10:17:00 AM,,,,,,,22.2,-1000
1085.1,12-03-2026, 9:45:00 AM,12-03-2026, 9:52:00 AM,CE,76000,Sell,20,287.5,337.5,,-1000
1085.2,12-03-2026, 9:45:00 AM,12-03-2026, 10:17:00 AM,PE,76000,Sell,20,256.6,256.6,,0
1086,12-03-2026, 11:45:00 AM,12-03-2026, 1:03:00 PM,,,,,,,21.62,-1000
1086.1,12-03-2026, 11:45:00 AM,12-03-2026, 12:01:00 PM,CE,76400,Sell,20,213.5,263.5,,-1000
1086.2,12-03-2026, 11:45:00 AM,12-03-2026, 1:03:00 PM,PE,76400,Sell,20,232,232,,0
1087,13-03-2026, 9:45:00 AM,13-03-2026, 11:39:00 AM,,,,,,,21.6,-1000
1087.1,13-03-2026, 9:45:00 AM,13-03-2026, 11:39:00 AM,CE,75400,Sell,20,1003.05,1003.05,,0
1087.2,13-03-2026, 9:45:00 AM,13-03-2026, 9:47:00 AM,PE,75400,Sell,20,895.1,945.1,,-1000
1088,13-03-2026, 11:45:00 AM,13-03-2026, 3:15:00 PM,,,,,,,21.64,5958
1088.1,13-03-2026, 11:45:00 AM,13-03-2026, 3:15:00 PM,CE,75400,Sell,20,993.8,645.9,,6958
1088.2,13-03-2026, 11:45:00 AM,13-03-2026, 11:57:00 AM,PE,75400,Sell,20,919.2,969.2,,-1000
1089,16-03-2026, 9:45:00 AM,16-03-2026, 9:48:00 AM,,,,,,,21.81,-1000
1089.1,16-03-2026, 9:45:00 AM,16-03-2026, 9:46:00 AM,CE,74800,Sell,20,894.75,944.75,,-1000
1089.2,16-03-2026, 9:45:00 AM,16-03-2026, 9:48:00 AM,PE,74800,Sell,20,766.45,766.45,,0
1090,16-03-2026, 11:45:00 AM,16-03-2026, 12:00:00 PM,,,,,,,22,-1000
1090.1,16-03-2026, 11:45:00 AM,16-03-2026, 11:58:00 AM,CE,74500,Sell,20,930.7,980.7,,-1000
1090.2,16-03-2026, 11:45:00 AM,16-03-2026, 12:00:00 PM,PE,74500,Sell,20,801.4,801.4,,0
1091,17-03-2026, 9:45:00 AM,17-03-2026, 10:37:00 AM,,,,,,,20.63,-1000
1091.1,17-03-2026, 9:45:00 AM,17-03-2026, 9:50:00 AM,CE,75600,Sell,20,649.05,699.05,,-1000
1091.2,17-03-2026, 9:45:00 AM,17-03-2026, 10:37:00 AM,PE,75600,Sell,20,608.35,608.35,,0
1092,17-03-2026, 11:45:00 AM,17-03-2026, 11:57:00 AM,,,,,,,20.63,-1000
1092.1,17-03-2026, 11:45:00 AM,17-03-2026, 11:52:00 AM,CE,75400,Sell,20,604.25,654.25,,-1000
1092.2,17-03-2026, 11:45:00 AM,17-03-2026, 11:57:00 AM,PE,75400,Sell,20,595.15,595.15,,0
1093,18-03-2026, 9:45:00 AM,18-03-2026, 9:56:00 AM,,,,,,,18.85,-1000
1093.1,18-03-2026, 9:45:00 AM,18-03-2026, 9:51:00 AM,CE,76500,Sell,20,386.55,436.55,,-1000
1093.2,18-03-2026, 9:45:00 AM,18-03-2026, 9:56:00 AM,PE,76500,Sell,20,419.25,419.25,,0
1094,18-03-2026, 11:45:00 AM,18-03-2026, 1:40:00 PM,,,,,,,18.94,-1000
1094.1,18-03-2026, 11:45:00 AM,18-03-2026, 1:40:00 PM,CE,76900,Sell,20,392,392,,0
1094.2,18-03-2026, 11:45:00 AM,18-03-2026, 12:03:00 PM,PE,76900,Sell,20,465.8,515.8,,-1000
1095,19-03-2026, 9:45:00 AM,19-03-2026, 10:27:00 AM,,,,,,,21.51,-1000
1095.1,19-03-2026, 9:45:00 AM,19-03-2026, 10:27:00 AM,CE,75000,Sell,20,309.8,309.8,,0
1095.2,19-03-2026, 9:45:00 AM,19-03-2026, 9:47:00 AM,PE,75000,Sell,20,251.55,301.55,,-1000
1096,19-03-2026, 11:45:00 AM,19-03-2026, 1:14:00 PM,,,,,,,21.54,-1000
1096.1,19-03-2026, 11:45:00 AM,19-03-2026, 12:15:00 PM,CE,75000,Sell,20,184,234,,-1000
1096.2,19-03-2026, 11:45:00 AM,19-03-2026, 1:14:00 PM,PE,75000,Sell,20,200.75,200.75,,0
1097,20-03-2026, 9:45:00 AM,20-03-2026, 9:55:00 AM,,,,,,,22.19,-1000
1097.1,20-03-2026, 9:45:00 AM,20-03-2026, 9:51:00 AM,CE,74900,Sell,20,961.65,1011.65,,-1000
1097.2,20-03-2026, 9:45:00 AM,20-03-2026, 9:55:00 AM,PE,74900,Sell,20,878.85,878.85,,0
1098,20-03-2026, 11:45:00 AM,20-03-2026, 3:15:00 PM,,,,,,,22.14,3772
1098.1,20-03-2026, 11:45:00 AM,20-03-2026, 3:15:00 PM,CE,75100,Sell,20,881.4,642.8,,4772
1098.2,20-03-2026, 11:45:00 AM,20-03-2026, 11:52:00 AM,PE,75100,Sell,20,862.35,912.35,,-1000
1099,23-03-2026, 9:45:00 AM,23-03-2026, 3:15:00 PM,,,,,,,25.45,4050
1099.1,23-03-2026, 9:45:00 AM,23-03-2026, 3:15:00 PM,CE,73200,Sell,20,916.65,664.15,,5050
1099.2,23-03-2026, 9:45:00 AM,23-03-2026, 9:48:00 AM,PE,73200,Sell,20,873.6,923.6,,-1000
1100,23-03-2026, 11:45:00 AM,23-03-2026, 12:16:00 PM,,,,,,,26.37,-1000
1100.1,23-03-2026, 11:45:00 AM,23-03-2026, 11:52:00 AM,CE,72700,Sell,20,927.15,977.15,,-1000
1100.2,23-03-2026, 11:45:00 AM,23-03-2026, 12:16:00 PM,PE,72700,Sell,20,933.95,933.95,,0
1101,24-03-2026, 9:45:00 AM,24-03-2026, 9:57:00 AM,,,,,,,25.39,-1000
1101.1,24-03-2026, 9:45:00 AM,24-03-2026, 9:57:00 AM,CE,73400,Sell,20,667.45,667.45,,0
1101.2,24-03-2026, 9:45:00 AM,24-03-2026, 9:46:00 AM,PE,73400,Sell,20,620,670,,-1000
1102,24-03-2026, 11:45:00 AM,24-03-2026, 12:44:00 PM,,,,,,,25.53,4667
1102.1,24-03-2026, 11:45:00 AM,24-03-2026, 11:47:00 AM,CE,73500,Sell,20,558.25,608.25,,-1000
1102.2,24-03-2026, 11:45:00 AM,24-03-2026, 12:44:00 PM,PE,73500,Sell,20,566.75,283.4,,5667
1103,25-03-2026, 9:45:00 AM,25-03-2026, 10:07:00 AM,,,,,,,24.54,-1000
1103.1,25-03-2026, 9:45:00 AM,25-03-2026, 10:01:00 AM,CE,75200,Sell,20,268.5,318.5,,-1000
1103.2,25-03-2026, 9:45:00 AM,25-03-2026, 10:07:00 AM,PE,75200,Sell,20,319.85,319.85,,0
1104,25-03-2026, 11:45:00 AM,25-03-2026, 12:14:00 PM,,,,,,,24.57,1746
1104.1,25-03-2026, 11:45:00 AM,25-03-2026, 11:49:00 AM,CE,75500,Sell,20,251.9,301.9,,-1000
1104.2,25-03-2026, 11:45:00 AM,25-03-2026, 12:14:00 PM,PE,75500,Sell,20,274.6,137.3,,2746
1105,27-03-2026, 9:45:00 AM,27-03-2026, 9:49:00 AM,,,,,,,26.47,-1000
1105.1,27-03-2026, 9:45:00 AM,27-03-2026, 9:49:00 AM,CE,74400,Sell,20,1205.5,1205.5,,0
1105.2,27-03-2026, 9:45:00 AM,27-03-2026, 9:47:00 AM,PE,74400,Sell,20,1087.55,1137.55,,-1000
1106,27-03-2026, 11:45:00 AM,27-03-2026, 12:28:00 PM,,,,,,,26.58,-1000
1106.1,27-03-2026, 11:45:00 AM,27-03-2026, 12:28:00 PM,CE,74100,Sell,20,1141.65,1141.65,,0
1106.2,27-03-2026, 11:45:00 AM,27-03-2026, 12:02:00 PM,PE,74100,Sell,20,1095.9,1145.9,,-1000
1107,30-03-2026, 9:45:00 AM,30-03-2026, 9:48:00 AM,,,,,,,28.34,-1000
1107.1,30-03-2026, 9:45:00 AM,30-03-2026, 9:46:00 AM,CE,73000,Sell,20,986.85,1036.85,,-1000
1107.2,30-03-2026, 9:45:00 AM,30-03-2026, 9:48:00 AM,PE,73000,Sell,20,952.55,952.55,,0
1108,30-03-2026, 11:45:00 AM,30-03-2026, 12:02:00 PM,,,,,,,28.45,-1000
1108.1,30-03-2026, 11:45:00 AM,30-03-2026, 12:02:00 PM,CE,72400,Sell,20,937.7,937.7,,0
1108.2,30-03-2026, 11:45:00 AM,30-03-2026, 11:51:00 AM,PE,72400,Sell,20,858.95,908.95,,-1000
1109,01-04-2026, 9:45:00 AM,01-04-2026, 10:26:00 AM,,,,,,,25.14,-1000
1109.1,01-04-2026, 9:45:00 AM,01-04-2026, 9:50:00 AM,CE,73700,Sell,20,532.15,582.15,,-1000
1109.2,01-04-2026, 9:45:00 AM,01-04-2026, 10:26:00 AM,PE,73700,Sell,20,538.8,538.8,,0
1110,01-04-2026, 11:45:00 AM,01-04-2026, 12:01:00 PM,,,,,,,25.04,-1000
1110.1,01-04-2026, 11:45:00 AM,01-04-2026, 12:01:00 PM,CE,73500,Sell,20,532.45,532.45,,0
1110.2,01-04-2026, 11:45:00 AM,01-04-2026, 11:48:00 AM,PE,73500,Sell,20,445.2,495.2,,-1000
1111,02-04-2026, 9:45:00 AM,02-04-2026, 10:48:00 AM,,,,,,,26.09,1572
1111.1,02-04-2026, 9:45:00 AM,02-04-2026, 10:48:00 AM,CE,71800,Sell,20,257.2,128.6,,2572
1111.2,02-04-2026, 9:45:00 AM,02-04-2026, 9:53:00 AM,PE,71800,Sell,20,314.95,364.95,,-1000
1112,02-04-2026, 11:45:00 AM,02-04-2026, 12:32:00 PM,,,,,,,26.03,1472
1112.1,02-04-2026, 11:45:00 AM,02-04-2026, 11:48:00 AM,CE,71700,Sell,20,151.75,201.75,,-1000
1112.2,02-04-2026, 11:45:00 AM,02-04-2026, 12:32:00 PM,PE,71700,Sell,20,247.2,123.6,,2472
1113,06-04-2026, 9:45:00 AM,06-04-2026, 10:08:00 AM,,,,,,,26.32,-1000
1113.1,06-04-2026, 9:45:00 AM,06-04-2026, 10:08:00 AM,CE,72900,Sell,20,983.7,983.7,,0
1113.2,06-04-2026, 9:45:00 AM,06-04-2026, 9:51:00 AM,PE,72900,Sell,20,903.35,953.35,,-1000
1114,06-04-2026, 11:45:00 AM,06-04-2026, 12:35:00 PM,,,,,,,26.1,-1000
1114.1,06-04-2026, 11:45:00 AM,06-04-2026, 11:51:00 AM,CE,73100,Sell,20,897.05,947.05,,-1000
1114.2,06-04-2026, 11:45:00 AM,06-04-2026, 12:35:00 PM,PE,73100,Sell,20,921.65,921.65,,0
1115,07-04-2026, 9:45:00 AM,07-04-2026, 3:15:00 PM,,,,,,,25.62,6184
1115.1,07-04-2026, 9:45:00 AM,07-04-2026, 9:47:00 AM,CE,73500,Sell,20,852.45,902.45,,-1000
1115.2,07-04-2026, 9:45:00 AM,07-04-2026, 3:15:00 PM,PE,73500,Sell,20,794.25,435.05,,7184
1116,07-04-2026, 11:45:00 AM,07-04-2026, 12:13:00 PM,,,,,,,25.44,-1000
1116.1,07-04-2026, 11:45:00 AM,07-04-2026, 11:56:00 AM,CE,73900,Sell,20,843.55,893.55,,-1000
1116.2,07-04-2026, 11:45:00 AM,07-04-2026, 12:13:00 PM,PE,73900,Sell,20,798.15,798.15,,0
1117,08-04-2026, 9:45:00 AM,08-04-2026, 9:54:00 AM,,,,,,,19.87,-1000
1117.1,08-04-2026, 9:45:00 AM,08-04-2026, 9:48:00 AM,CE,77300,Sell,20,444.75,494.75,,-1000
1117.2,08-04-2026, 9:45:00 AM,08-04-2026, 9:54:00 AM,PE,77300,Sell,20,445.2,445.2,,0
1118,08-04-2026, 11:45:00 AM,08-04-2026, 1:28:00 PM,,,,,,,19.6,-1000
1118.1,08-04-2026, 11:45:00 AM,08-04-2026, 1:28:00 PM,CE,77500,Sell,20,404.85,404.85,,0
1118.2,08-04-2026, 11:45:00 AM,08-04-2026, 11:52:00 AM,PE,77500,Sell,20,411,461,,-1000
1119,09-04-2026, 9:45:00 AM,09-04-2026, 11:56:00 AM,,,,,,,20.32,-1000
1119.1,09-04-2026, 9:45:00 AM,09-04-2026, 11:56:00 AM,CE,77000,Sell,20,282.3,282.3,,0
1119.2,09-04-2026, 9:45:00 AM,09-04-2026, 9:48:00 AM,PE,77000,Sell,20,255.85,305.85,,-1000
1120,09-04-2026, 11:45:00 AM,09-04-2026, 12:26:00 PM,,,,,,,20.16,-1000
1120.1,09-04-2026, 11:45:00 AM,09-04-2026, 11:54:00 AM,CE,77000,Sell,20,207.05,257.05,,-1000
1120.2,09-04-2026, 11:45:00 AM,09-04-2026, 12:26:00 PM,PE,77000,Sell,20,218.6,218.6,,0
1121,10-04-2026, 9:45:00 AM,10-04-2026, 10:09:00 AM,,,,,,,19.45,-1000
1121.1,10-04-2026, 9:45:00 AM,10-04-2026, 9:48:00 AM,CE,77200,Sell,20,780.25,830.25,,-1000
1121.2,10-04-2026, 9:45:00 AM,10-04-2026, 10:09:00 AM,PE,77200,Sell,20,726,726,,0
1122,10-04-2026, 11:45:00 AM,10-04-2026, 2:16:00 PM,,,,,,,19.02,-1000
1122.1,10-04-2026, 11:45:00 AM,10-04-2026, 12:08:00 PM,CE,77300,Sell,20,756.45,806.45,,-1000
1122.2,10-04-2026, 11:45:00 AM,10-04-2026, 2:16:00 PM,PE,77300,Sell,20,690.35,690.35,,0
1123,13-04-2026, 9:45:00 AM,13-04-2026, 10:17:00 AM,,,,,,,21.1,-1000
1123.1,13-04-2026, 9:45:00 AM,13-04-2026, 9:56:00 AM,CE,76200,Sell,20,713.8,763.8,,-1000
1123.2,13-04-2026, 9:45:00 AM,13-04-2026, 10:17:00 AM,PE,76200,Sell,20,719.35,719.35,,0
1124,13-04-2026, 11:45:00 AM,13-04-2026, 3:15:00 PM,,,,,,,20.69,1184
1124.1,13-04-2026, 11:45:00 AM,13-04-2026, 11:50:00 AM,CE,76500,Sell,20,736.35,786.35,,-1000
1124.2,13-04-2026, 11:45:00 AM,13-04-2026, 3:15:00 PM,PE,76500,Sell,20,690,580.8,,2184
1125,15-04-2026, 9:45:00 AM,15-04-2026, 11:07:00 AM,,,,,,,18.72,-1000
1125.1,15-04-2026, 9:45:00 AM,15-04-2026, 10:07:00 AM,CE,78000,Sell,20,412.3,462.3,,-1000
1125.2,15-04-2026, 9:45:00 AM,15-04-2026, 11:07:00 AM,PE,78000,Sell,20,368.45,368.45,,0
1126,15-04-2026, 11:45:00 AM,15-04-2026, 3:15:00 PM,,,,,,,18.73,-28
1126.1,15-04-2026, 11:45:00 AM,15-04-2026, 2:53:00 PM,CE,78000,Sell,20,406.05,456.05,,-1000
1126.2,15-04-2026, 11:45:00 AM,15-04-2026, 3:15:00 PM,PE,78000,Sell,20,334.6,286,,972
1127,16-04-2026, 9:45:00 AM,16-04-2026, 10:11:00 AM,,,,,,,18.22,-1000
1127.1,16-04-2026, 9:45:00 AM,16-04-2026, 10:11:00 AM,CE,78400,Sell,20,192.55,192.55,,0
1127.2,16-04-2026, 9:45:00 AM,16-04-2026, 10:00:00 AM,PE,78400,Sell,20,229.25,279.25,,-1000
1128,16-04-2026, 11:45:00 AM,16-04-2026, 12:01:00 PM,,,,,,,18.11,469
1128.1,16-04-2026, 11:45:00 AM,16-04-2026, 12:01:00 PM,CE,78200,Sell,20,146.85,73.4,,1469
1128.2,16-04-2026, 11:45:00 AM,16-04-2026, 11:47:00 AM,PE,78200,Sell,20,167.15,217.15,,-1000
1129,17-04-2026, 9:45:00 AM,17-04-2026, 3:15:00 PM,,,,,,,18.13,3795
1129.1,17-04-2026, 9:45:00 AM,17-04-2026, 9:50:00 AM,CE,78000,Sell,20,739.35,789.35,,-1000
1129.2,17-04-2026, 9:45:00 AM,17-04-2026, 3:15:00 PM,PE,78000,Sell,20,699.7,459.95,,4795
1130,17-04-2026, 11:45:00 AM,17-04-2026, 11:59:00 AM,,,,,,,17.66,-1000
1130.1,17-04-2026, 11:45:00 AM,17-04-2026, 11:55:00 AM,CE,78300,Sell,20,736.3,786.3,,-1000
1130.2,17-04-2026, 11:45:00 AM,17-04-2026, 11:59:00 AM,PE,78300,Sell,20,654.5,654.5,,0
1131,20-04-2026, 9:45:00 AM,20-04-2026, 1:25:00 PM,,,,,,,18.31,-1000
1131.1,20-04-2026, 9:45:00 AM,20-04-2026, 9:55:00 AM,CE,78400,Sell,20,663.85,713.85,,-1000
1131.2,20-04-2026, 9:45:00 AM,20-04-2026, 1:25:00 PM,PE,78400,Sell,20,652.6,652.6,,0
1132,20-04-2026, 11:45:00 AM,20-04-2026, 12:31:00 PM,,,,,,,18.08,-1000
1132.1,20-04-2026, 11:45:00 AM,20-04-2026, 12:31:00 PM,CE,78900,Sell,20,676.4,676.4,,0
1132.2,20-04-2026, 11:45:00 AM,20-04-2026, 12:14:00 PM,PE,78900,Sell,20,663.85,713.85,,-1000
1133,21-04-2026, 9:45:00 AM,21-04-2026, 3:15:00 PM,,,,,,,18.08,2558
1133.1,21-04-2026, 9:45:00 AM,21-04-2026, 9:46:00 AM,CE,78900,Sell,20,559.3,609.3,,-1000
1133.2,21-04-2026, 9:45:00 AM,21-04-2026, 3:15:00 PM,PE,78900,Sell,20,561.1,383.2,,3558
1134,21-04-2026, 11:45:00 AM,21-04-2026, 12:51:00 PM,,,,,,,17.71,-1000
1134.1,21-04-2026, 11:45:00 AM,21-04-2026, 12:12:00 PM,CE,79100,Sell,20,565.65,615.65,,-1000
1134.2,21-04-2026, 11:45:00 AM,21-04-2026, 12:51:00 PM,PE,79100,Sell,20,503.4,503.4,,0
1135,22-04-2026, 9:45:00 AM,22-04-2026, 10:47:00 AM,,,,,,,18.24,-1000
1135.1,22-04-2026, 9:45:00 AM,22-04-2026, 10:47:00 AM,CE,78700,Sell,20,377.5,377.5,,0
1135.2,22-04-2026, 9:45:00 AM,22-04-2026, 9:58:00 AM,PE,78700,Sell,20,428,478,,-1000
1136,22-04-2026, 11:45:00 AM,22-04-2026, 11:55:00 AM,,,,,,,18.22,-1000
1136.1,22-04-2026, 11:45:00 AM,22-04-2026, 11:55:00 AM,CE,78600,Sell,20,385.75,385.75,,0
1136.2,22-04-2026, 11:45:00 AM,22-04-2026, 11:49:00 AM,PE,78600,Sell,20,362.9,412.9,,-1000
1137,23-04-2026, 9:45:00 AM,23-04-2026, 10:39:00 AM,,,,,,,18.61,-1000
1137.1,23-04-2026, 9:45:00 AM,23-04-2026, 9:48:00 AM,CE,78000,Sell,20,156.7,206.7,,-1000
1137.2,23-04-2026, 9:45:00 AM,23-04-2026, 10:39:00 AM,PE,78000,Sell,20,222.55,222.55,,0
1138,23-04-2026, 11:45:00 AM,23-04-2026, 12:13:00 PM,,,,,,,18.82,245
1138.1,23-04-2026, 11:45:00 AM,23-04-2026, 11:54:00 AM,CE,77700,Sell,20,152.6,202.6,,-1000
1138.2,23-04-2026, 11:45:00 AM,23-04-2026, 12:13:00 PM,PE,77700,Sell,20,124.45,62.2,,1245
1139,24-04-2026, 9:45:00 AM,24-04-2026, 9:52:00 AM,,,,,,,19.09,-1000
1139.1,24-04-2026, 9:45:00 AM,24-04-2026, 9:52:00 AM,CE,77000,Sell,20,784.1,784.1,,0
1139.2,24-04-2026, 9:45:00 AM,24-04-2026, 9:47:00 AM,PE,77000,Sell,20,745.2,795.2,,-1000
1140,24-04-2026, 11:45:00 AM,24-04-2026, 12:11:00 PM,,,,,,,19.19,-1000
1140.1,24-04-2026, 11:45:00 AM,24-04-2026, 12:11:00 PM,CE,76800,Sell,20,763.3,763.3,,0
1140.2,24-04-2026, 11:45:00 AM,24-04-2026, 11:51:00 AM,PE,76800,Sell,20,712.4,762.4,,-1000
1141,27-04-2026, 9:45:00 AM,27-04-2026, 10:33:00 AM,,,,,,,18.88,-1000
1141.1,27-04-2026, 9:45:00 AM,27-04-2026, 9:49:00 AM,CE,77100,Sell,20,658.85,708.85,,-1000
1141.2,27-04-2026, 9:45:00 AM,27-04-2026, 10:33:00 AM,PE,77100,Sell,20,547.3,547.3,,0
1142,27-04-2026, 11:45:00 AM,27-04-2026, 3:15:00 PM,,,,,,,19.07,2734
1142.1,27-04-2026, 11:45:00 AM,27-04-2026, 11:57:00 AM,CE,77000,Sell,20,582,632,,-1000
1142.2,27-04-2026, 11:45:00 AM,27-04-2026, 3:15:00 PM,PE,77000,Sell,20,556.6,369.9,,3734
1143,28-04-2026, 9:45:00 AM,28-04-2026, 11:18:00 AM,,,,,,,17.87,-1059
1143.1,28-04-2026, 9:45:00 AM,28-04-2026, 10:02:00 AM,CE,77300,Sell,20,492.65,545.6,,-1059
1143.2,28-04-2026, 9:45:00 AM,28-04-2026, 11:18:00 AM,PE,77300,Sell,20,427.5,427.5,,0
1144,28-04-2026, 11:45:00 AM,28-04-2026, 3:15:00 PM,,,,,,,17.73,2392
1144.1,28-04-2026, 11:45:00 AM,28-04-2026, 3:15:00 PM,CE,77200,Sell,20,431.15,261.55,,3392
1144.2,28-04-2026, 11:45:00 AM,28-04-2026, 12:00:00 PM,PE,77200,Sell,20,428.4,478.4,,-1000
1145,29-04-2026, 9:45:00 AM,29-04-2026, 10:54:00 AM,,,,,,,17.12,2256
1145.1,29-04-2026, 9:45:00 AM,29-04-2026, 9:52:00 AM,CE,77400,Sell,20,302.45,352.45,,-1000
1145.2,29-04-2026, 9:45:00 AM,29-04-2026, 10:54:00 AM,PE,77400,Sell,20,325.6,162.8,,3256
1146,29-04-2026, 11:45:00 AM,29-04-2026, 1:42:00 PM,,,,,,,17.04,-1000
1146.1,29-04-2026, 11:45:00 AM,29-04-2026, 12:11:00 PM,CE,77800,Sell,20,348.9,398.9,,-1000
1146.2,29-04-2026, 11:45:00 AM,29-04-2026, 1:42:00 PM,PE,77800,Sell,20,306.35,306.35,,0
1147,30-04-2026, 9:45:00 AM,30-04-2026, 10:01:00 AM,,,,,,,18.24,505
1147.1,30-04-2026, 9:45:00 AM,30-04-2026, 10:01:00 AM,CE,76800,Sell,20,150.5,75.25,,1505
1147.2,30-04-2026, 9:45:00 AM,30-04-2026, 9:51:00 AM,PE,76800,Sell,20,226.5,276.5,,-1000
1148,30-04-2026, 11:45:00 AM,30-04-2026, 12:12:00 PM,,,,,,,19.39,511
1148.1,30-04-2026, 11:45:00 AM,30-04-2026, 12:07:00 PM,CE,76400,Sell,20,137.2,187.2,,-1000
1148.2,30-04-2026, 11:45:00 AM,30-04-2026, 12:12:00 PM,PE,76400,Sell,20,151.05,75.5,,1511
1149,04-05-2026, 9:45:00 AM,04-05-2026, 1:30:00 PM,,,,,,,17.68,5910
1149.1,04-05-2026, 9:45:00 AM,04-05-2026, 1:30:00 PM,CE,77900,Sell,20,691,345.5,,6910
1149.2,04-05-2026, 9:45:00 AM,04-05-2026, 9:54:00 AM,PE,77900,Sell,20,547.55,597.55,,-1000
1150,04-05-2026, 11:45:00 AM,04-05-2026, 3:15:00 PM,,,,,,,17.88,1722
1150.1,04-05-2026, 11:45:00 AM,04-05-2026, 3:15:00 PM,CE,77700,Sell,20,661.85,525.75,,2722
1150.2,04-05-2026, 11:45:00 AM,04-05-2026, 12:08:00 PM,PE,77700,Sell,20,552.55,602.55,,-1000
1151,05-05-2026, 9:45:00 AM,05-05-2026, 10:03:00 AM,,,,,,,18.67,-1000
1151.1,05-05-2026, 9:45:00 AM,05-05-2026, 9:53:00 AM,CE,77000,Sell,20,492.65,542.65,,-1000
1151.2,05-05-2026, 9:45:00 AM,05-05-2026, 10:03:00 AM,PE,77000,Sell,20,485.95,485.95,,0
1152,05-05-2026, 11:45:00 AM,05-05-2026, 12:07:00 PM,,,,,,,18.57,-1000
1152.1,05-05-2026, 11:45:00 AM,05-05-2026, 12:07:00 PM,CE,76600,Sell,20,494,494,,0
1152.2,05-05-2026, 11:45:00 AM,05-05-2026, 11:56:00 AM,PE,76600,Sell,20,445.5,495.5,,-1000
1153,06-05-2026, 9:45:00 AM,06-05-2026, 10:01:00 AM,,,,,,,17.51,-1000
1153.1,06-05-2026, 9:45:00 AM,06-05-2026, 9:56:00 AM,CE,77300,Sell,20,420.85,470.85,,-1000
1153.2,06-05-2026, 9:45:00 AM,06-05-2026, 10:01:00 AM,PE,77300,Sell,20,309.15,309.15,,0
1154,06-05-2026, 11:45:00 AM,06-05-2026, 1:38:00 PM,,,,,,,17.36,-1000
1154.1,06-05-2026, 11:45:00 AM,06-05-2026, 1:38:00 PM,CE,77100,Sell,20,424.75,424.75,,0
1154.2,06-05-2026, 11:45:00 AM,06-05-2026, 12:13:00 PM,PE,77100,Sell,20,242.95,292.95,,-1000
1155,07-05-2026, 9:45:00 AM,07-05-2026, 10:09:00 AM,,,,,,,16.71,1370
1155.1,07-05-2026, 9:45:00 AM,07-05-2026, 10:09:00 AM,CE,78100,Sell,20,237,118.5,,2370
1155.2,07-05-2026, 9:45:00 AM,07-05-2026, 9:49:00 AM,PE,78100,Sell,20,192.6,242.6,,-1000
1156,07-05-2026, 11:45:00 AM,07-05-2026, 12:00:00 PM,,,,,,,17.11,675
1156.1,07-05-2026, 11:45:00 AM,07-05-2026, 11:51:00 AM,CE,77700,Sell,20,190,240,,-1000
1156.2,07-05-2026, 11:45:00 AM,07-05-2026, 12:00:00 PM,PE,77700,Sell,20,167.55,83.8,,1675
1157,08-05-2026, 9:45:00 AM,08-05-2026, 12:45:00 PM,,,,,,,17.2,-1000
1157.1,08-05-2026, 9:45:00 AM,08-05-2026, 9:58:00 AM,CE,77300,Sell,20,756,806,,-1000
1157.2,08-05-2026, 9:45:00 AM,08-05-2026, 12:45:00 PM,PE,77300,Sell,20,666.3,666.3,,0
1158,08-05-2026, 11:45:00 AM,08-05-2026, 12:22:00 PM,,,,,,,17.03,-1000
1158.1,08-05-2026, 11:45:00 AM,08-05-2026, 12:22:00 PM,CE,77400,Sell,20,715.05,715.05,,0
1158.2,08-05-2026, 11:45:00 AM,08-05-2026, 12:19:00 PM,PE,77400,Sell,20,641.35,691.35,,-1000
1159,11-05-2026, 9:45:00 AM,11-05-2026, 3:04:00 PM,,,,,,,18.92,-1000
1159.1,11-05-2026, 9:45:00 AM,11-05-2026, 11:12:00 AM,CE,76200,Sell,20,708.8,758.8,,-1000
1159.2,11-05-2026, 9:45:00 AM,11-05-2026, 3:04:00 PM,PE,76200,Sell,20,583.2,583.2,,0
1160,11-05-2026, 11:45:00 AM,11-05-2026, 1:36:00 PM,,,,,,,18.15,-1000
1160.1,11-05-2026, 11:45:00 AM,11-05-2026, 1:36:00 PM,CE,76500,Sell,20,643.6,643.6,,0
1160.2,11-05-2026, 11:45:00 AM,11-05-2026, 11:52:00 AM,PE,76500,Sell,20,539.2,589.2,,-1000
1161,12-05-2026, 9:45:00 AM,12-05-2026, 2:08:00 PM,,,,,,,18.63,4111
1161.1,12-05-2026, 9:45:00 AM,12-05-2026, 2:08:00 PM,CE,75400,Sell,20,511.15,255.6,,5111
1161.2,12-05-2026, 9:45:00 AM,12-05-2026, 10:30:00 AM,PE,75400,Sell,20,492.55,542.55,,-1000
1162,12-05-2026, 11:45:00 AM,12-05-2026, 2:58:00 PM,,,,,,,18.84,4203
1162.1,12-05-2026, 11:45:00 AM,12-05-2026, 2:58:00 PM,CE,75200,Sell,20,520.35,260.2,,5203
1162.2,12-05-2026, 11:45:00 AM,12-05-2026, 12:08:00 PM,PE,75200,Sell,20,435.15,485.15,,-1000
1163,13-05-2026, 9:45:00 AM,13-05-2026, 11:40:00 AM,,,,,,,19.58,3051
1163.1,13-05-2026, 9:45:00 AM,13-05-2026, 9:52:00 AM,CE,74300,Sell,20,469.4,519.4,,-1000
1163.2,13-05-2026, 9:45:00 AM,13-05-2026, 11:40:00 AM,PE,74300,Sell,20,405.15,202.6,,4051
1164,13-05-2026, 11:45:00 AM,13-05-2026, 12:14:00 PM,,,,,,,19.47,-1000
1164.1,13-05-2026, 11:45:00 AM,13-05-2026, 12:14:00 PM,CE,74900,Sell,20,459.7,459.7,,0
1164.2,13-05-2026, 11:45:00 AM,13-05-2026, 11:51:00 AM,PE,74900,Sell,20,370.6,420.6,,-1000
1165,14-05-2026, 9:45:00 AM,14-05-2026, 9:49:00 AM,,,,,,,18.93,-1000
1165.1,14-05-2026, 9:45:00 AM,14-05-2026, 9:47:00 AM,CE,74800,Sell,20,231.1,281.1,,-1000
1165.2,14-05-2026, 9:45:00 AM,14-05-2026, 9:49:00 AM,PE,74800,Sell,20,238.55,238.55,,0
1166,14-05-2026, 11:45:00 AM,14-05-2026, 11:55:00 AM,,,,,,,18.94,-1000
1166.1,14-05-2026, 11:45:00 AM,14-05-2026, 11:52:00 AM,CE,75400,Sell,20,203.5,253.5,,-1000
1166.2,14-05-2026, 11:45:00 AM,14-05-2026, 11:55:00 AM,PE,75400,Sell,20,210,210,,0
1167,15-05-2026, 9:45:00 AM,15-05-2026, 10:01:00 AM,,,,,,,18.43,-1000
1167.1,15-05-2026, 9:45:00 AM,15-05-2026, 9:56:00 AM,CE,75800,Sell,20,744.35,794.35,,-1000
1167.2,15-05-2026, 9:45:00 AM,15-05-2026, 10:01:00 AM,PE,75800,Sell,20,707.3,707.3,,0
1168,15-05-2026, 11:45:00 AM,15-05-2026, 12:30:00 PM,,,,,,,18.58,-1000
1168.1,15-05-2026, 11:45:00 AM,15-05-2026, 12:06:00 PM,CE,75500,Sell,20,729.65,779.65,,-1000
1168.2,15-05-2026, 11:45:00 AM,15-05-2026, 12:30:00 PM,PE,75500,Sell,20,697.3,697.3,,0
1169,18-05-2026, 9:45:00 AM,18-05-2026, 10:18:00 AM,,,,,,,19.94,-1000
1169.1,18-05-2026, 9:45:00 AM,18-05-2026, 10:18:00 AM,CE,74400,Sell,20,642.1,642.1,,0
1169.2,18-05-2026, 9:45:00 AM,18-05-2026, 9:51:00 AM,PE,74400,Sell,20,640.35,690.35,,-1000
1170,18-05-2026, 11:45:00 AM,18-05-2026, 12:16:00 PM,,,,,,,19.63,-1000
1170.1,18-05-2026, 11:45:00 AM,18-05-2026, 12:16:00 PM,CE,74900,Sell,20,672.6,672.6,,0
1170.2,18-05-2026, 11:45:00 AM,18-05-2026, 11:49:00 AM,PE,74900,Sell,20,635,685,,-1000
1171,19-05-2026, 9:45:00 AM,19-05-2026, 10:12:00 AM,,,,,,,18.79,-1000
1171.1,19-05-2026, 9:45:00 AM,19-05-2026, 10:12:00 AM,CE,75700,Sell,20,489.1,489.1,,0
1171.2,19-05-2026, 9:45:00 AM,19-05-2026, 9:48:00 AM,PE,75700,Sell,20,496.5,546.5,,-1000
1172,19-05-2026, 11:45:00 AM,19-05-2026, 3:12:00 PM,,,,,,,18.52,3931
1172.1,19-05-2026, 11:45:00 AM,19-05-2026, 3:12:00 PM,CE,75600,Sell,20,493.15,246.6,,4931
1172.2,19-05-2026, 11:45:00 AM,19-05-2026, 1:05:00 PM,PE,75600,Sell,20,421.15,471.15,,-1000
1173,20-05-2026, 9:45:00 AM,20-05-2026, 10:32:00 AM,,,,,,,19.33,-1000
1173.1,20-05-2026, 9:45:00 AM,20-05-2026, 10:32:00 AM,CE,74900,Sell,20,397.7,397.7,,0
1173.2,20-05-2026, 9:45:00 AM,20-05-2026, 10:05:00 AM,PE,74900,Sell,20,436.85,486.85,,-1000
1174,20-05-2026, 11:45:00 AM,20-05-2026, 12:02:00 PM,,,,,,,18.68,-1000
1174.1,20-05-2026, 11:45:00 AM,20-05-2026, 11:50:00 AM,CE,75100,Sell,20,379.8,429.8,,-1000
1174.2,20-05-2026, 11:45:00 AM,20-05-2026, 12:02:00 PM,PE,75100,Sell,20,386.4,386.4,,0
1175,21-05-2026, 9:45:00 AM,21-05-2026, 10:38:00 AM,,,,,,,17.99,926
1175.1,21-05-2026, 9:45:00 AM,21-05-2026, 10:38:00 AM,CE,75700,Sell,20,192.6,96.3,,1926
1175.2,21-05-2026, 9:45:00 AM,21-05-2026, 10:00:00 AM,PE,75700,Sell,20,226.8,276.8,,-1000
1176,21-05-2026, 11:45:00 AM,21-05-2026, 12:27:00 PM,,,,,,,17.81,905
1176.1,21-05-2026, 11:45:00 AM,21-05-2026, 12:27:00 PM,CE,75400,Sell,20,190.5,95.25,,1905
1176.2,21-05-2026, 11:45:00 AM,21-05-2026, 12:19:00 PM,PE,75400,Sell,20,142.7,192.7,,-1000
1177,22-05-2026, 9:45:00 AM,22-05-2026, 11:29:00 AM,,,,,,,18.25,-1000
1177.1,22-05-2026, 9:45:00 AM,22-05-2026, 9:58:00 AM,CE,75600,Sell,20,590.5,640.5,,-1000
1177.2,22-05-2026, 9:45:00 AM,22-05-2026, 11:29:00 AM,PE,75600,Sell,20,584,584,,0
1178,22-05-2026, 11:45:00 AM,22-05-2026, 11:48:00 AM,,,,,,,18.35,-1000
1178.1,22-05-2026, 11:45:00 AM,22-05-2026, 11:47:00 AM,CE,75700,Sell,20,604.2,654.2,,-1000
1178.2,22-05-2026, 11:45:00 AM,22-05-2026, 11:48:00 AM,PE,75700,Sell,20,523.55,523.55,,0
1179,25-05-2026, 9:45:00 AM,25-05-2026, 10:07:00 AM,,,,,,,16.65,-1000
1179.1,25-05-2026, 9:45:00 AM,25-05-2026, 10:07:00 AM,CE,76200,Sell,20,482.25,482.25,,0
1179.2,25-05-2026, 9:45:00 AM,25-05-2026, 9:49:00 AM,PE,76200,Sell,20,401.5,451.5,,-1000
1180,25-05-2026, 11:45:00 AM,25-05-2026, 1:04:00 PM,,,,,,,17.01,-1000
1180.1,25-05-2026, 11:45:00 AM,25-05-2026, 1:04:00 PM,CE,76300,Sell,20,453.15,453.15,,0
1180.2,25-05-2026, 11:45:00 AM,25-05-2026, 12:47:00 PM,PE,76300,Sell,20,382.7,432.7,,-1000
1181,26-05-2026, 9:45:00 AM,26-05-2026, 10:36:00 AM,,,,,,,15.8,-1030
1181.1,26-05-2026, 9:45:00 AM,26-05-2026, 10:36:00 AM,CE,76600,Sell,20,311.85,311.85,,0
1181.2,26-05-2026, 9:45:00 AM,26-05-2026, 9:56:00 AM,PE,76600,Sell,20,325.5,377,,-1030
1182,26-05-2026, 11:45:00 AM,26-05-2026, 1:45:00 PM,,,,,,,15.45,2027
1182.1,26-05-2026, 11:45:00 AM,26-05-2026, 1:45:00 PM,CE,76500,Sell,20,302.75,151.4,,3027
1182.2,26-05-2026, 11:45:00 AM,26-05-2026, 11:59:00 AM,PE,76500,Sell,20,270.2,320.2,,-1000
1183,27-05-2026, 9:45:00 AM,27-05-2026, 10:06:00 AM,,,,,,,15.98,-1000
1183.1,27-05-2026, 9:45:00 AM,27-05-2026, 10:06:00 AM,CE,76000,Sell,20,171.2,171.2,,0
1183.2,27-05-2026, 9:45:00 AM,27-05-2026, 9:47:00 AM,PE,76000,Sell,20,176.95,226.95,,-1000
1184,27-05-2026, 11:45:00 AM,27-05-2026, 12:29:00 PM,,,,,,,14.91,223
1184.1,27-05-2026, 11:45:00 AM,27-05-2026, 12:29:00 PM,CE,76100,Sell,20,122.35,61.2,,1223
1184.2,27-05-2026, 11:45:00 AM,27-05-2026, 11:59:00 AM,PE,76100,Sell,20,119.65,169.65,,-1000
1185,29-05-2026, 9:45:00 AM,29-05-2026, 12:14:00 PM,,,,,,,15.01,-1000
1185.1,29-05-2026, 9:45:00 AM,29-05-2026, 9:49:00 AM,CE,75800,Sell,20,695.7,745.7,,-1000
1185.2,29-05-2026, 9:45:00 AM,29-05-2026, 12:14:00 PM,PE,75800,Sell,20,492.3,492.3,,0
1186,29-05-2026, 11:45:00 AM,29-05-2026, 12:02:00 PM,,,,,,,14.83,-1000
1186.1,29-05-2026, 11:45:00 AM,29-05-2026, 11:54:00 AM,CE,75900,Sell,20,667.5,717.5,,-1000
1186.2,29-05-2026, 11:45:00 AM,29-05-2026, 12:02:00 PM,PE,75900,Sell,20,451.7,451.7,,0
1187,01-06-2026, 9:45:00 AM,01-06-2026, 10:11:00 AM,,,,,,,16.03,-1000
1187.1,01-06-2026, 9:45:00 AM,01-06-2026, 10:11:00 AM,CE,74900,Sell,20,567.2,567.2,,0
1187.2,01-06-2026, 9:45:00 AM,01-06-2026, 10:04:00 AM,PE,74900,Sell,20,443,493,,-1000
1188,01-06-2026, 11:45:00 AM,01-06-2026, 3:15:00 PM,,,,,,,16.26,3723
1188.1,01-06-2026, 11:45:00 AM,01-06-2026, 3:15:00 PM,CE,74800,Sell,20,587.75,351.6,,4723
1188.2,01-06-2026, 11:45:00 AM,01-06-2026, 11:59:00 AM,PE,74800,Sell,20,428,478,,-1000
1189,02-06-2026, 9:45:00 AM,02-06-2026, 9:54:00 AM,,,,,,,16.22,-1000
1189.1,02-06-2026, 9:45:00 AM,02-06-2026, 9:54:00 AM,CE,74000,Sell,20,487.95,487.95,,0
1189.2,02-06-2026, 9:45:00 AM,02-06-2026, 9:49:00 AM,PE,74000,Sell,20,341.6,391.6,,-1000
1190,02-06-2026, 11:45:00 AM,02-06-2026, 12:51:00 PM,,,,,,,15.98,2469
1190.1,02-06-2026, 11:45:00 AM,02-06-2026, 12:34:00 PM,CE,74100,Sell,20,445,495,,-1000
1190.2,02-06-2026, 11:45:00 AM,02-06-2026, 12:51:00 PM,PE,74100,Sell,20,346.95,173.5,,3469
1191,03-06-2026, 9:45:00 AM,03-06-2026, 10:05:00 AM,,,,,,,16.57,-1000
1191.1,03-06-2026, 9:45:00 AM,03-06-2026, 10:05:00 AM,CE,73800,Sell,20,440,440,,0
1191.2,03-06-2026, 9:45:00 AM,03-06-2026, 9:56:00 AM,PE,73800,Sell,20,304.7,354.7,,-1000
1192,03-06-2026, 11:45:00 AM,03-06-2026, 12:29:00 PM,,,,,,,16.74,-1000
1192.1,03-06-2026, 11:45:00 AM,03-06-2026, 12:29:00 PM,CE,73700,Sell,20,379.95,379.95,,0
1192.2,03-06-2026, 11:45:00 AM,03-06-2026, 12:03:00 PM,PE,73700,Sell,20,306.4,356.4,,-1000
1193,04-06-2026, 9:45:00 AM,04-06-2026, 10:19:00 AM,,,,,,,16.15,1160
1193.1,04-06-2026, 9:45:00 AM,04-06-2026, 9:49:00 AM,CE,74200,Sell,20,220.95,270.95,,-1000
1193.2,04-06-2026, 9:45:00 AM,04-06-2026, 10:19:00 AM,PE,74200,Sell,20,216,108,,2160
1194,04-06-2026, 11:45:00 AM,04-06-2026, 12:12:00 PM,,,,,,,16.06,-1000
1194.1,04-06-2026, 11:45:00 AM,04-06-2026, 12:12:00 PM,CE,74500,Sell,20,170.45,170.45,,0
1194.2,04-06-2026, 11:45:00 AM,04-06-2026, 11:54:00 AM,PE,74500,Sell,20,180.7,230.7,,-1000
1195,05-06-2026, 9:45:00 AM,05-06-2026, 10:04:00 AM,,,,,,,15.92,-1000
1195.1,05-06-2026, 9:45:00 AM,05-06-2026, 10:04:00 AM,CE,74600,Sell,20,722.55,722.55,,0
1195.2,05-06-2026, 9:45:00 AM,05-06-2026, 10:02:00 AM,PE,74600,Sell,20,572.25,622.25,,-1000
1196,05-06-2026, 11:45:00 AM,05-06-2026, 12:32:00 PM,,,,,,,15.8,-1000
1196.1,05-06-2026, 11:45:00 AM,05-06-2026, 12:19:00 PM,CE,74400,Sell,20,720.1,770.1,,-1000
1196.2,05-06-2026, 11:45:00 AM,05-06-2026, 12:32:00 PM,PE,74400,Sell,20,535.85,535.85,,0
1197,08-06-2026, 9:45:00 AM,08-06-2026, 9:55:00 AM,,,,,,,17.19,-1000
1197.1,08-06-2026, 9:45:00 AM,08-06-2026, 9:55:00 AM,CE,73600,Sell,20,645.3,645.3,,0
1197.2,08-06-2026, 9:45:00 AM,08-06-2026, 9:51:00 AM,PE,73600,Sell,20,545.8,595.8,,-1000
1198,08-06-2026, 11:45:00 AM,08-06-2026, 1:45:00 PM,,,,,,,16.94,-1000
1198.1,08-06-2026, 11:45:00 AM,08-06-2026, 12:24:00 PM,CE,73700,Sell,20,624.65,674.65,,-1000
1198.2,08-06-2026, 11:45:00 AM,08-06-2026, 1:45:00 PM,PE,73700,Sell,20,531.35,531.35,,0
1199,09-06-2026, 9:45:00 AM,09-06-2026, 12:35:00 PM,,,,,,,16,-1000
1199.1,09-06-2026, 9:45:00 AM,09-06-2026, 12:35:00 PM,CE,73800,Sell,20,447.45,447.45,,0
1199.2,09-06-2026, 9:45:00 AM,09-06-2026, 10:08:00 AM,PE,73800,Sell,20,423.1,473.1,,-1000
1200,09-06-2026, 11:45:00 AM,09-06-2026, 2:40:00 PM,,,,,,,16.16,3207
1200.1,09-06-2026, 11:45:00 AM,09-06-2026, 11:48:00 AM,CE,73600,Sell,20,457.65,507.65,,-1000
1200.2,09-06-2026, 11:45:00 AM,09-06-2026, 2:40:00 PM,PE,73600,Sell,20,420.75,210.4,,4207
1201,10-06-2026, 9:45:00 AM,10-06-2026, 10:54:00 AM,,,,,,,15.72,-1000
1201.1,10-06-2026, 9:45:00 AM,10-06-2026, 10:54:00 AM,CE,74300,Sell,20,369.8,369.8,,0
1201.2,10-06-2026, 9:45:00 AM,10-06-2026, 10:16:00 AM,PE,74300,Sell,20,336,386,,-1000
1202,10-06-2026, 11:45:00 AM,10-06-2026, 1:04:00 PM,,,,,,,15.54,-1000
1202.1,10-06-2026, 11:45:00 AM,10-06-2026, 1:04:00 PM,CE,74500,Sell,20,341.9,341.9,,0
1202.2,10-06-2026, 11:45:00 AM,10-06-2026, 12:28:00 PM,PE,74500,Sell,20,327,377,,-1000
1203,11-06-2026, 9:45:00 AM,11-06-2026, 9:58:00 AM,,,,,,,15.62,-1000
1203.1,11-06-2026, 9:45:00 AM,11-06-2026, 9:51:00 AM,CE,73700,Sell,20,190.05,240.05,,-1000
1203.2,11-06-2026, 9:45:00 AM,11-06-2026, 9:58:00 AM,PE,73700,Sell,20,174.15,174.15,,0
1204,11-06-2026, 11:45:00 AM,11-06-2026, 12:59:00 PM,,,,,,,15.54,480
1204.1,11-06-2026, 11:45:00 AM,11-06-2026, 11:48:00 AM,CE,74100,Sell,20,163.2,213.2,,-1000
1204.2,11-06-2026, 11:45:00 AM,11-06-2026, 12:59:00 PM,PE,74100,Sell,20,148,74,,1480
1205,12-06-2026, 9:45:00 AM,12-06-2026, 11:43:00 AM,,,,,,,14.87,-1000
1205.1,12-06-2026, 9:45:00 AM,12-06-2026, 11:43:00 AM,CE,74600,Sell,20,636.05,636.05,,0
1205.2,12-06-2026, 9:45:00 AM,12-06-2026, 10:05:00 AM,PE,74600,Sell,20,540,590,,-1000
1206,12-06-2026, 11:45:00 AM,12-06-2026, 1:28:00 PM,,,,,,,14.84,-1000
1206.1,12-06-2026, 11:45:00 AM,12-06-2026, 1:28:00 PM,CE,74700,Sell,20,577.65,577.65,,0
1206.2,12-06-2026, 11:45:00 AM,12-06-2026, 12:14:00 PM,PE,74700,Sell,20,569,619,,-1000
1207,15-06-2026, 9:45:00 AM,15-06-2026, 11:46:00 AM,,,,,,,14.2,-1000
1207.1,15-06-2026, 9:45:00 AM,15-06-2026, 10:48:00 AM,CE,76700,Sell,20,480.7,530.7,,-1000
1207.2,15-06-2026, 9:45:00 AM,15-06-2026, 11:46:00 AM,PE,76700,Sell,20,515.65,515.65,,0
1208,15-06-2026, 11:45:00 AM,15-06-2026, 3:15:00 PM,,,,,,,14.03,2754
1208.1,15-06-2026, 11:45:00 AM,15-06-2026, 3:15:00 PM,CE,76600,Sell,20,532.2,344.5,,3754
1208.2,15-06-2026, 11:45:00 AM,15-06-2026, 12:16:00 PM,PE,76600,Sell,20,460.45,510.45,,-1000
1209,16-06-2026, 9:45:00 AM,16-06-2026, 3:15:00 PM,,,,,,,13.75,2116
1209.1,16-06-2026, 9:45:00 AM,16-06-2026, 10:36:00 AM,CE,76500,Sell,20,415.15,465.15,,-1000
1209.2,16-06-2026, 9:45:00 AM,16-06-2026, 3:15:00 PM,PE,76500,Sell,20,356.45,200.65,,3116
1210,16-06-2026, 11:45:00 AM,16-06-2026, 3:15:00 PM,,,,,,,13.63,1655
1210.1,16-06-2026, 11:45:00 AM,16-06-2026, 1:24:00 PM,CE,76600,Sell,20,360.3,410.3,,-1000
1210.2,16-06-2026, 11:45:00 AM,16-06-2026, 3:15:00 PM,PE,76600,Sell,20,370.45,237.7,,2655
1211,17-06-2026, 9:45:00 AM,17-06-2026, 3:15:00 PM,,,,,,,13.43,3260
1211.1,17-06-2026, 9:45:00 AM,17-06-2026, 3:15:00 PM,CE,77100,Sell,20,292.7,264.85,,557
1211.2,17-06-2026, 9:45:00 AM,17-06-2026, 3:15:00 PM,PE,77100,Sell,20,335,199.85,,2703
1212,17-06-2026, 11:45:00 AM,17-06-2026, 3:15:00 PM,,,,,,,13.36,-284
1212.1,17-06-2026, 11:45:00 AM,17-06-2026, 3:15:00 PM,CE,77200,Sell,20,249.65,213.85,,716
1212.2,17-06-2026, 11:45:00 AM,17-06-2026, 12:01:00 PM,PE,77200,Sell,20,320.95,370.95,,-1000
1213,18-06-2026, 9:45:00 AM,18-06-2026, 10:39:00 AM,,,,,,,12.94,-1000
1213.1,18-06-2026, 9:45:00 AM,18-06-2026, 9:49:00 AM,CE,77200,Sell,20,150.65,200.65,,-1000
1213.2,18-06-2026, 9:45:00 AM,18-06-2026, 10:39:00 AM,PE,77200,Sell,20,148,148,,0
1214,18-06-2026, 11:45:00 AM,18-06-2026, 12:19:00 PM,,,,,,,13.13,477
1214.1,18-06-2026, 11:45:00 AM,18-06-2026, 12:08:00 PM,CE,77100,Sell,20,104.1,154.1,,-1000
1214.2,18-06-2026, 11:45:00 AM,18-06-2026, 12:19:00 PM,PE,77100,Sell,20,147.65,73.8,,1477
1215,19-06-2026, 9:45:00 AM,19-06-2026, 10:28:00 AM,,,,,,,13.31,-1000
1215.1,19-06-2026, 9:45:00 AM,19-06-2026, 10:15:00 AM,CE,76700,Sell,20,571.5,621.5,,-1000
1215.2,19-06-2026, 9:45:00 AM,19-06-2026, 10:28:00 AM,PE,76700,Sell,20,498.1,498.1,,0
1216,19-06-2026, 11:45:00 AM,19-06-2026, 1:48:00 PM,,,,,,,13.35,-1000
1216.1,19-06-2026, 11:45:00 AM,19-06-2026, 1:48:00 PM,CE,76600,Sell,20,586.75,586.75,,0
1216.2,19-06-2026, 11:45:00 AM,19-06-2026, 1:04:00 PM,PE,76600,Sell,20,463.7,513.7,,-1000
1217,22-06-2026, 9:45:00 AM,22-06-2026, 3:15:00 PM,,,,,,,13.02,-83
1217.1,22-06-2026, 9:45:00 AM,22-06-2026, 10:39:00 AM,CE,77100,Sell,20,459,509,,-1000
1217.2,22-06-2026, 9:45:00 AM,22-06-2026, 3:15:00 PM,PE,77100,Sell,20,374.3,328.45,,917
1218,22-06-2026, 11:45:00 AM,22-06-2026, 3:15:00 PM,,,,,,,12.88,631
1218.1,22-06-2026, 11:45:00 AM,22-06-2026, 3:15:00 PM,CE,77300,Sell,20,395.05,313.5,,1631
1218.2,22-06-2026, 11:45:00 AM,22-06-2026, 1:11:00 PM,PE,77300,Sell,20,395.95,445.95,,-1000
1219,23-06-2026, 9:45:00 AM,23-06-2026, 1:14:00 PM,,,,,,,12.56,2470
1219.1,23-06-2026, 9:45:00 AM,23-06-2026, 1:14:00 PM,CE,77100,Sell,20,347,173.5,,3470
1219.2,23-06-2026, 9:45:00 AM,23-06-2026, 11:46:00 AM,PE,77100,Sell,20,288.7,338.7,,-1000
1220,23-06-2026, 11:45:00 AM,23-06-2026, 1:31:00 PM,,,,,,,12.55,2000
1220.1,23-06-2026, 11:45:00 AM,23-06-2026, 1:31:00 PM,CE,77100,Sell,20,300,150,,3000
1220.2,23-06-2026, 11:45:00 AM,23-06-2026, 11:46:00 AM,PE,77100,Sell,20,298.65,348.65,,-1000
1221,24-06-2026, 9:45:00 AM,24-06-2026, 10:01:00 AM,,,,,,,13.8,-1000
1221.1,24-06-2026, 9:45:00 AM,24-06-2026, 10:01:00 AM,CE,76400,Sell,20,312.3,312.3,,0
1221.2,24-06-2026, 9:45:00 AM,24-06-2026, 9:50:00 AM,PE,76400,Sell,20,290.25,340.25,,-1000
1222,24-06-2026, 11:45:00 AM,24-06-2026, 1:10:00 PM,,,,,,,13.54,-1000
1222.1,24-06-2026, 11:45:00 AM,24-06-2026, 1:10:00 PM,CE,76900,Sell,20,324.05,324.05,,0
1222.2,24-06-2026, 11:45:00 AM,24-06-2026, 12:32:00 PM,PE,76900,Sell,20,259.45,309.45,,-1000
1223,25-06-2026, 9:45:00 AM,25-06-2026, 10:15:00 AM,,,,,,,12.9,579
1223.1,25-06-2026, 9:45:00 AM,25-06-2026, 9:51:00 AM,CE,77400,Sell,20,151.85,201.85,,-1000
1223.2,25-06-2026, 9:45:00 AM,25-06-2026, 10:15:00 AM,PE,77400,Sell,20,157.9,78.95,,1579
1224,25-06-2026, 11:45:00 AM,25-06-2026, 12:01:00 PM,,,,,,,12.81,-49
1224.1,25-06-2026, 11:45:00 AM,25-06-2026, 11:51:00 AM,CE,77500,Sell,20,155.65,205.65,,-1000
1224.2,25-06-2026, 11:45:00 AM,25-06-2026, 12:01:00 PM,PE,77500,Sell,20,95.1,47.55,,951
1225,29-06-2026, 9:45:00 AM,29-06-2026, 10:25:00 AM,,,,,,,13.6,-1000
1225.1,29-06-2026, 9:45:00 AM,29-06-2026, 10:25:00 AM,CE,77100,Sell,20,507.6,507.6,,0
1225.2,29-06-2026, 9:45:00 AM,29-06-2026, 9:57:00 AM,PE,77100,Sell,20,403.25,453.25,,-1000
1226,29-06-2026, 11:45:00 AM,29-06-2026, 3:15:00 PM,,,,,,,13.52,945
1226.1,29-06-2026, 11:45:00 AM,29-06-2026, 3:15:00 PM,CE,77000,Sell,20,440.35,343.1,,1945
1226.2,29-06-2026, 11:45:00 AM,29-06-2026, 11:55:00 AM,PE,77000,Sell,20,439.6,489.6,,-1000
1227,30-06-2026, 9:45:00 AM,30-06-2026, 11:26:00 AM,,,,,,,13.9,2813
1227.1,30-06-2026, 9:45:00 AM,30-06-2026, 10:05:00 AM,CE,76500,Sell,20,456.95,506.95,,-1000
1227.2,30-06-2026, 9:45:00 AM,30-06-2026, 11:26:00 AM,PE,76500,Sell,20,381.35,190.7,,3813
1228,30-06-2026, 11:45:00 AM,30-06-2026, 2:26:00 PM,,,,,,,13.41,-1000
1228.1,30-06-2026, 11:45:00 AM,30-06-2026, 2:26:00 PM,CE,76700,Sell,20,397.25,397.25,,0
1228.2,30-06-2026, 11:45:00 AM,30-06-2026, 2:04:00 PM,PE,76700,Sell,20,357.5,407.5,,-1000
1229,01-07-2026, 9:45:00 AM,01-07-2026, 12:08:00 PM,,,,,,,13.71,1881
1229.1,01-07-2026, 9:45:00 AM,01-07-2026, 10:00:00 AM,CE,76700,Sell,20,345.15,395.15,,-1000
1229.2,01-07-2026, 9:45:00 AM,01-07-2026, 12:08:00 PM,PE,76700,Sell,20,288.1,144.05,,2881
1230,01-07-2026, 11:45:00 AM,01-07-2026, 12:30:00 PM,,,,,,,13.4,-1000
1230.1,01-07-2026, 11:45:00 AM,01-07-2026, 12:08:00 PM,CE,77000,Sell,20,287.25,337.25,,-1000
1230.2,01-07-2026, 11:45:00 AM,01-07-2026, 12:30:00 PM,PE,77000,Sell,20,294.45,294.45,,0
1231,02-07-2026, 9:45:00 AM,02-07-2026, 10:07:00 AM,,,,,,,12.77,737
1231.1,02-07-2026, 9:45:00 AM,02-07-2026, 10:07:00 AM,CE,77400,Sell,20,173.75,86.9,,1737
1231.2,02-07-2026, 9:45:00 AM,02-07-2026, 10:04:00 AM,PE,77400,Sell,20,163.8,213.8,,-1000
1232,02-07-2026, 11:45:00 AM,02-07-2026, 12:18:00 PM,,,,,,,12.8,459
1232.1,02-07-2026, 11:45:00 AM,02-07-2026, 12:04:00 PM,CE,77200,Sell,20,117.65,167.65,,-1000
1232.2,02-07-2026, 11:45:00 AM,02-07-2026, 12:18:00 PM,PE,77200,Sell,20,145.95,73,,1459
1233,03-07-2026, 9:45:00 AM,03-07-2026, 3:15:00 PM,,,,,,,11.95,2472
1233.1,03-07-2026, 9:45:00 AM,03-07-2026, 3:15:00 PM,CE,78000,Sell,20,500,326.4,,3472
1233.2,03-07-2026, 9:45:00 AM,03-07-2026, 1:29:00 PM,PE,78000,Sell,20,421.55,471.55,,-1000
1234,03-07-2026, 11:45:00 AM,03-07-2026, 1:02:00 PM,,,,,,,11.84,-1000
1234.1,03-07-2026, 11:45:00 AM,03-07-2026, 12:09:00 PM,CE,78000,Sell,20,487.95,537.95,,-1000
1234.2,03-07-2026, 11:45:00 AM,03-07-2026, 1:02:00 PM,PE,78000,Sell,20,400.7,400.7,,0
